:020000040800F2
:100000000000082445430208853E02088D3E020890
:10001000953E02089D3E0208A53E02080000000031
:10002000000000000000000000000000D1C4010832
:10003000AD3E02080000000091C70108F9C70108A1
:100040009943020899430208994302089943020818
:100050009943020899430208994302089943020808
:10006000994302089943020899430208BD3E0208D9
:10007000413F020899430208994302089943020844
:1000800099430208994302089943020899430208D8
:1000900099430208994302089943020899430208C8
:1000A00099430208C53F0208994302089943020890
:1000B00099430208994302089943020899430208A8
:1000C0009943020899430208994302089943020898
:1000D00099430208D13F02080940020899430208E7
:1000E000994302089943020800000000994302085E
:1000F00099430208994302089943020841400208C3
:10010000994302088940020899430208994302086A
:100110009943020899430208994302089D40020846
:1001200099430208B1400208994302089943020822
:100130009943020899430208994302089943020827
:1001400099430208994302080000000000000000E3
:100150009943020899430208994302089943020807
:1001600099430208994302089943020899430208F7
:1001700099430208994302089943020800000000CD
:10018000994302089943020835410208994302083D
:10019000994302086D4102087B4102089943020815
:1001A00099430208994302089943020899430208B7
:1001B00099430208994302089943020899430208A7
:1001C0009943020899430208994302089943020897
:1001D0009943020899430208994302089943020887
:1001E0009943020899430208994302089943020877
:1001F0009943020899430208994302089943020867
:100200009943020899430208994302089943020856
:100210009943020899430208994302089943020846
:10022000994302089943020889410208000000002E
:100230009943020899430208994302089943020826
:10024000994302089D410208A94102089943020806
:100250009943020899430208994302089943020806
:1002600099430208994302089943020899430208F6
:1002700099430208994302089943020899430208E6
:1002800099430208994302089943020800000000BC
:0802900099430208994302089A
:1002A00010B5054C237833B9044B13B10448AFF3B0
:1002B00000800123237010BDE80700240000000027
:1002C00090E9020808B5034B1BB103490348AFF39B
:1002D000008008BD00000000EC07002490E902083F
:1002E00010F8012B11F8013B012A28BF9A42F7D0E0
:1002F000D01A7047034613F8012B002AFBD1181AB5
:1003000001387047000000000000000000000000FD
:1003100001F0FF01102A2BDB10F0070F08D010F8B6
:10032000013B013A8B422DD010F0070F42B3F6D1BA
:10033000F0B441EA012141EA014122F007047FF0D3
:1003400000070023F0E80256083C85EA010586EA2A
:10035000010685FA47F5A3FA87F586FA47F6A5FA66
:1003600087F68EB9EED1F0BC01F0FF0102F0070272
:1003700032B110F8013B013A83EA010313B1F8D11D
:100380000020704701387047002D06BF35460338FE
:10039000073815F0010F07D1013015F4807F02BF37
:1003A000013015F4C03F0130F0BC0138704700BF88
:1003B00053B94AB9002908BF00281CBF4FF0FF31CC
:1003C0004FF0FF3000F088B9ADF1080C6DE904CEB4
:1003D00000F006F8DDF804E0DDE9022304B0704720
:1003E0002DE9F047089D8E4604468846002B4AD1E9
:1003F0008A42174662D9B2FA82F64EB1C6F120039C
:1004000001FA06F820FA03F3B74043EA0808B440BB
:100410004FEA174E1FFA87FCB8FBFEF1230C0EFBC8
:10042000118843EA084301FB0CF29A4209D9FB18F0
:1004300001F1FF3080F0EA809A4240F2E780023911
:100440003B449A1AA3B2B2FBFEF00EFB102243EA21
:10045000024300FB0CFC9C4509D9FB1800F1FF325C
:1004600080F0D6809C4540F2D3803B44023840EA7D
:100470000140A3EB0C0300211DB1F3400022C5E9AC
:100480000032BDE8F0878B4205D90DB1C5E9000106
:1004900000210846F5E7B3FA83F1002946D17345F8
:1004A00002D3824200F20581841A6EEB030201201E
:1004B0009046002DE5D0C5E90048E2E7002A00F0AB
:1004C0009080B2FA82F6002E40F0A4808A1A030CC3
:1004D0004FEA174E80B2BCB20121B2FBFEFC0EFB0C
:1004E0001C2243EA024304FB0CF29A4207D9FB1890
:1004F0000CF1FF3802D29A4200F2E080C4469B1A07
:10050000B3FBFEF20EFB123340EA034302FB04F49A
:100510009C4207D9FB1802F1FF3002D29C4200F244
:10052000CA8002461B1B42EA0C40A5E7C1F1200627
:100530008B4022FA06F71F430EFA01F420FA06F365
:100540002EFA06FE4FEA1749234300FA01F81FFA74
:1005500087FCBEFBF9F01C0C09FB10EE44EA0E44CC
:1005600000FB0CFEA64502FA01F209D93C1900F184
:10057000FF3A80F09C80A64540F2998002383C44C6
:10058000A4EB0E041FFA83FEB4FBF9F309FB13443A
:100590004EEA044403FB0CFCA44508D93C1903F1C2
:1005A000FF3E80F08280A4457FD9023B3C4443EA71
:1005B0000040A4EB0C04A0FB02EC64457346E1464A
:1005C00062D35FD05DB1B8EB030264EB090404FAB7
:1005D00006F622FA01F31E43CC40C5E9006400216F
:1005E0004FE7B1FBF2FC010C41EA0E4180B240EA58
:1005F00001423B4638463C46B846BE462026B1FB43
:10060000F7F1A2EB080241EA0C4166E7014618E760
:1006100010462CE7C6F120022EFA02F3B740B14093
:1006200020FA02F24FEA174E0A43B3FBFEF8BCB2BF
:100630000EFB1833110C41EA034108FB04F9B040EA
:1006400089454FEA104380B23ED9791808F1FF3C42
:1006500001D289451FD8A1EB0901B1FBFEF909FBC5
:1006600004F80EFB191192B242EA0142424529D226
:10067000BA1809F1FF31C4D24245C2D2A9F1020130
:100680003A44BEE7F0459DD2BEEB02036CEB070C8B
:100690000138E14696E7A7EB09094944A8F1020CA5
:1006A000B1FBFEF909FB04F8DBE773467FE7504630
:1006B00066E70846FDE63B44023A33E7ACF1020C3C
:1006C0003B441CE749469CE7A1EB0901C446B1FB4A
:1006D000FEF909FB04F8C4E7704700BF80B582B09B
:1006E00000AF0123FB711C4B01221A701B480EF056
:1006F000F3FB10221A491B480EF046FD01F02AFFB9
:100700000346FB710EF0E0FC10F050F8002001F001
:10071000C3FC154A022100200EF012F9124A0021F2
:1007200000200EF00DF9104A012100200EF008F90A
:100730000D4A032100200EF003F90B4A042100208A
:100740000EF0FEF8084A052100200EF0F9F8FB79BA
:1007500018460837BD4680BD0408002400580040F4
:100760000010025800340140A8E9020880B500AF2B
:10077000044A022100200EF0E3F800F00BF900BF5C
:1007800080BD00BFBCE90208B0B588B004AF01234A
:10079000FB73204B02221A701F4A002100200EF02A
:1007A000CFF81CF0CBFD1CF0D1FB1CF0A1FE10F02B
:1007B000C7F80346FB7310F0C3F80346002B1DD1A6
:1007C000164A022100200DF0ADFF3B1D184610F027
:1007D00031F8BB7903F5FA63BB813B791C467B7921
:1007E0001D46BB89FA79397A787A02900191009294
:1007F0002A4621461A201CF0ADFD05E0054AFB7B88
:100800009370044B07221A70FB7B18461037BD46C5
:10081000B0BD00BF04080024D0E90208E8E90208DE
:1008200080B582B000AF204B03221A700123FB7108
:100830001E4A002100200EF083F805F049FC034613
:10084000FB71FB79002B0BD0194A042101200DF01C
:1008500069FF154AFB799370134B07221A7004E065
:10086000144A022100200DF05DFF07F07BFD0346D6
:10087000FB71FB79002B0BD00F4A042101200DF0F6
:1008800051FF094AFB799370074B07221A7004E065
:100890000A4A022100200DF045FF0EF0EFF9FB7926
:1008A00018460837BD4680BD04080024F8E9020850
:1008B00010EA02082CEA020848EA02085CEA020888
:1008C00080B582B000AF214B04221A700123FB7166
:1008D0001F4A002100200EF033F80FF0EFFA034614
:1008E000FB71FB79002B0BD01A4A042101200DF07B
:1008F00019FF164AFB799370144B07221A7004E013
:10090000154A022100200DF00DFF10221349144852
:100910000EF0A4FF0346FB71FB79002B0BD0114AAC
:10092000042101200DF0FEFE084AFB799370074B6D
:1009300007221A7004E00C4A022100200DF0F2FE9A
:10094000FB7918460837BD4680BD00BF0408002467
:1009500074EA02088CEA0208A4EA020800000258BD
:1009600000140058BCEA0208D4EA020880B500AFBF
:10097000064B05221A70054B06221A70044A002104
:1009800000200DF0DDFF0023184680BD0408002480
:10099000ECEA020880B500AF00F07CF900BF80BD32
:1009A00080B5C2B000AF07F58473A3F582731860F9
:1009B00007F58473A3F58473196007F58473A3F5B1
:1009C000847307F108001B68084A4FF480712CF00B
:1009D000B9FA07F108030122194605200EF054F870
:1009E00000BF07F58477BD4680BD00BF04EB020859
:1009F00080B5C0B000AF3B46084A4FF4807118463E
:100A00002CF0A0FA3B460122194605200EF03CF8D6
:100A100000BF07F58077BD4680BD00BF20EB020810
:100A200080B500AF032000F003F800BF80BD0000D8
:100A300080B483B000AF0346FB71FB79032B0BD866
:100A400001A252F823F000BF590A0008590A000811
:100A5000590A0008590A000800BF00BF0C37BD46FC
:100A60005DF8047B704700BF80B400AF03231846D5
:100A7000BD465DF8047B704780B483B000AF034689
:100A8000FB71064AFB791370054B00221A7000BFF8
:100A90000C37BD465DF8047B704700BF0708002493
:100AA0000808002480B400AF034B1B781846BD46ED
:100AB0005DF8047B704700BF0708002480B483B052
:100AC00000AF0346FB71FB795C2B06D10E4B1B7804
:100AD0000133DAB20C4B1A7002E00B4B00221A7091
:100AE000094B1B78092B07D9084B00221A70064BBB
:100AF00000221A70012300E0002318460C37BD467F
:100B00005DF8047B704700BF080800240708002434
:100B100080B483B000AF78607B68DB6903F040038A
:100B2000402B01D1012300E0002318460C37BD46BD
:100B30005DF8047B704780B483B000AF78607B6859
:100B4000DB6903F08003802B01D1012300E0002347
:100B500018460C37BD465DF8047B704780B483B0FF
:100B600000AF78600B46FB70FA787B689A6200BF32
:100B70000C37BD465DF8047B704780B483B000AF8E
:100B8000786039607B681A693B6813403A689A421A
:100B900001D1012300E0002318460C37BD465DF863
:100BA000047B704780B483B000AF786039607B68A5
:100BB0003A689A6100BF0C37BD465DF8047B704708
:100BC00080B483B000AF786039603B681A047B68FA
:100BD0009A6100BF0C37BD465DF8047B704700008A
:100BE00080B584B000AF0346FB71FB79FB73FB7BE0
:100BF0001946034801F064FE00BF1037BD4680BDB2
:100C00000010014080B584B000AF78600023FB6025
:100C100014E00E4AFB6852F8333079681846FFF743
:100C20005FFB0346002B06D1084AFB68DB00134438
:100C300001221A7106E0FB680133FB60FB68022B9E
:100C4000E7DD00BF00BF1037BD4680BDA80400240B
:100C500080B582B000AF78600B4A022100200DF011
:100C60006FFE00F043F80346002B07D0074A04212B
:100C700001200DF057FD064B02225A70002019F09A
:100C80006BFC00BFFDE700BF48EB02085CEB02080D
:100C90000C08002480B586B004AF0F4B02930F4BB5
:100CA00001930523009300234FF4A0620C490D48E3
:100CB00019F09FFA78607B68002B06D10A4A05215B
:100CC00001200DF02FFD00BFFDE719F073FE00BFFE
:100CD0000837BD4680BD00BF7C3000247C1C00244A
:100CE00084EB0208510C000894EB0208F0B5CFB079
:100CF00006AF012387F81731FFF746FD034687F853
:100D0000173197F81731002B05D0CC4A0521012067
:100D10000DF008FD04E0CA4A002100200DF002FD9C
:100D2000FFF77EFD034687F8173197F81731002B40
:100D300005D0C44A052101200DF0F4FC04E0C24AAC
:100D4000002100200DF0EEFCFFF7BAFD034687F806
:100D5000173197F81731002B05D0BC4A0521012027
:100D60000DF0E0FC04E0BA4A002100200DF0DAFCAE
:100D7000FFF7FCFD034687F8173197F81731002B72
:100D800005D0B44A052101200DF0CCFC04E0B24AA4
:100D9000002100200DF0C6FC07F030FA07F018FF24
:100DA00097F81731002B05D0AC4A052101200DF032
:100DB000B9FC04E0AA4A002100200DF0B3FC07F5BD
:100DC0009073A3F5887318464FF480731A46002178
:100DD0002CF0E8F90023C7F8103107F10803184692
:100DE0000FF028FDD7F8103107F11002D018D7F80E
:100DF0001031C3F5807107F59073A3F58C739B7860
:100E00009C4607F59073A3F58C735B781A4607F53B
:100E10009073A3F58C731B781C4607F59073A3F5AC
:100E20008C73DB781D4607F59073A3F58C731B79E3
:100E30001E4607F59073A3F58C735B7904930396B4
:100E40000295019400926346864A2CF07BF8024694
:100E5000D7F810311344C7F8103107F59073A3F297
:100E6000191300221A7007F59073A3F58D730022F1
:100E70001A7007F59073A3F21B1300221A707B1DE2
:100E8000BA1DF91D00200FF02FFDD7F8103107F122
:100E90001002D018D7F81031C3F5807107F59073A0
:100EA000A3F219131B781C4607F59073A3F58D73F5
:100EB0001B781A4607F59073A3F21B131B78019356
:100EC00000922346684A2CF03DF80246D7F81031CC
:100ED0001344C7F81031D7F8103107F11002D018B9
:100EE000D7F81031C3F58073604A19462CF02AF800
:100EF0000246D7F810311344C7F810310023C7F861
:100F00001C3117E000BF5A48FFF715FE0346002BBF
:100F1000F9D007F59073A3F58872D7F81C31134404
:100F20001B7819465248FFF719FED7F81C310133D8
:100F3000C7F81C3107F59073A3F58872D7F81C31F8
:100F400013441B78002BDDD100BF4948FFF7E0FDBB
:100F50000346002BF9D00023C7F8183117E000BF73
:100F60004448FFF7E8FD0346002BF9D007F59073DE
:100F7000A3F58872D7F8183113441B7819463D48F9
:100F8000FFF7ECFDD7F818310133C7F8183107F532
:100F90009073A3F58872D7F8183113441B78002B8F
:100FA000DDD100BF3348FFF7B3FD0346002BF9D076
:100FB0000AF0ECF830481FF029FC002301930123CC
:100FC000009300234FF420622C492D4819F075F945
:100FD0000346012B01D0012361E10023019301238A
:100FE000009300234FF420622649274819F065F941
:100FF0000346012B01D0012351E10023019301237A
:10100000009300234FF4A0622049214819F055F9BC
:101010000346012B01D0012341E100230193012369
:10102000009300234FF420721A491B4819F045F928
:101030000346012B32D0012331E100BFB0EB02089F
:10104000D0EB0208E4EB020804EC020814EC0208FE
:1010500034EC020844EC020860EC020874EC02086C
:1010600088EC020894EC0208C4EC0208E0EC0208E8
:1010700000100140004400406C08002414ED0208F8
:101080009D16000820ED02085116000830ED0208F8
:1010900099EC00083CED020835130008824801F085
:1010A0002FFA034600220192012200924FF420629F
:1010B0007E497F4819F001F90346012B01D0012335
:1010C000EDE07C4801F01CFA034600220192012267
:1010D00000924FF420627849784819F0EEF8034600
:1010E000012B01D00123DAE00023019301230093B7
:1010F00000234FF4A0627249724819F0DEF80346EB
:10110000012B01D00123CAE00023019301230093A6
:10111000002380226C496D4819F0CFF80346012B5B
:1011200001D00123BBE0002301930123009300239E
:1011300080226749674819F0C0F80346012B01D0A7
:101140000123ACE0002301930123009300234FF41B
:1011500020626149614819F0B0F80346012B01D0C3
:1011600001239CE0002301930123009300234FF40B
:1011700020625B495B4819F0A0F80346012B01D0BF
:1011800001238CE0002301930123009300234FF4FB
:1011900020625549554819F090F80346012B01D0BB
:1011A00001237CE0524801F0ABF903460022019292
:1011B000012200924FF420624E494F4819F07DF809
:1011C0000346012B01D0012369E000230193012391
:1011D000009300234FF420724849494819F06DF8F4
:1011E0000346012B01D0012359E000230193012381
:1011F000009300234FF480724249434819F05DF890
:101200000346012B01D0012349E000230193012370
:10121000009300234FF480723C493D4819F04DF88B
:101220000346012B01D0012339E000230193012360
:10123000009300234FF4A0623649374819F03DF877
:101240000346012B01D0012329E000230193012350
:10125000009300234FF480723049314819F02DF883
:101260000346012B01D0012319E000230193012340
:10127000009300234FF420722A492B4819F01DF8DF
:101280000346012B01D0012309E0012019F090FA57
:101290002649274801F0E2FD06F074FD00231846B8
:1012A00007F59277BD46F0BD004400404CED0208C2
:1012B000C5150008007800405CED0208E91400083C
:1012C00068ED02088113000878ED0208C9160008CD
:1012D00080ED0208FD16000888ED020869BB0008D1
:1012E00090ED020855BD000898ED0208E9BE00081F
:1012F00000100140A0ED0208D9130008B4ED020867
:1013000031170008C0ED02084D170008D4ED02089F
:10131000D1170008E8ED02087DC00008FCED0208C6
:10132000091800080CEE0208F5C10008E10B0008DE
:101330001008002480B582B000AF78600FF066F826
:101340000D4B1B6801330C4A13600B4B1B68B3F544
:10135000E15F0CD9084B00221A600FF0F1FA034646
:10136000002B04D10022054902200DF08DFB4FF423
:101370007A7019F01DFAE1E7C404002420EE020897
:1013800080B584B000AF7860114801F0FBFF0346E0
:10139000FB73FB7B032B02D0FB7B042B13D10C4B89
:1013A0001B6A012B09D104F0DFFE034609491846E8
:1013B00005F084F8064B00221A6204F0D5FE0346BD
:1013C000184604F0EAFF642019F0F2F9DCE700BFE8
:1013D0001008002430EE020880B586B000AF7860B7
:1013E0007B687B617B695B6E4FF0FF31184618F0BC
:1013F00099FA0346012B6DD162E0FFF753FB0346D8
:10140000FB73FB7B022B15D13B69DBB219463348DA
:1014100001F056FA3B69DBB21846FFF74FFB034673
:10142000002B4DD004F0A0FE03462D49184605F0D0
:1014300045F845E0FB7B042B1ED13B69DBB2184627
:10144000FFF73CFB0346002B06D004F08DFE03465D
:101450002349184605F032F804F086FE02463B693F
:10146000DBB21946104604F075FF04F07DFE03461A
:10147000184604F092FF23E01A4801F083FF034668
:10148000BB73BB7B032B02D0BB7B042B12D1154853
:1014900001F0D2FC04F068FE02463B69DBB219465B
:1014A000104604F057FF04F05FFE0346184604F0B0
:1014B00074FF05E03B69DBB219460A4801F0DEFD26
:1014C0007B691B68184601F035FB38613B69B3F155
:1014D000FF3F92D1012019F06BF983E700780040BB
:1014E00034EE02081008002480B588B000AF7860A0
:1014F0007B68FB61FB695B6E0021184618F012FAED
:101500000346012B56D1FFF7CDFA0346FB76FB7E4F
:10151000012B11D105E0BB68DBB21946274801F069
:10152000CFF9FB691B68184601F004FBB860BB6883
:10153000B3F1FF3FEFD13DE0FB7E022B11D105E07F
:10154000FB68DBB219461E4801F0BAF9FB691B685B
:10155000184601F0EFFAF860FB68B3F1FF3FEFD1F6
:1015600028E0FB7E032B11D105E03B69DBB2194675
:10157000124801F0A5F9FB691B68184601F0DAFA78
:1015800038613B69B3F1FF3FEFD113E0FB7E042BE1
:1015900010D105E07B69DBB21946094801F090F9EA
:1015A000FB691B68184601F0C5FA78617B69B3F1E5
:1015B000FF3FEFD1012019F0FBF89BE7004400400A
:1015C0000010014080B586B000AF78607B687B6119
:1015D0007B695B6E4FF0FF31184618F0A3F90346A4
:1015E000012B2CD1FFF75EFA0346FB74FB7C012B29
:1015F00011D105E0BB68DBB21946134801F060F970
:101600007B691B68184601F095FAB860BB68B3F1B6
:10161000FF3FEFD113E0FB7C032B10D105E0FB680B
:10162000DBB21946094801F04BF97B691B68184683
:1016300001F080FAF860FB68B3F1FF3FEFD10120C1
:1016400019F0B6F8C4E700BF00780040004400403D
:1016500080B584B000AF78600D48FFF7D3FAFFF78C
:1016600021FA0346FB73FB7B002B0CD1094801F0E8
:1016700082FA0346002B03D007481FF0F1FB02E07B
:1016800005481FF0EDFB012019F092F8E4E700BFD8
:101690003CEB0208004400406C08002480B584B094
:1016A00000AF78600748FFF7ADFAFFF7FBF9034694
:1016B000FB73FB7B002B01D107F0BCFA012019F072
:1016C00077F8EFE738EB020880B582B000AF7860BA
:1016D0004FF480710848FFF773FA4FF47A7019F0ED
:1016E00067F84FF480710448FFF75CFA4FF47A70A2
:1016F00019F05EF800BFEBE7000C025880B582B02D
:1017000000AF78604FF400710848FFF74BFA4FF4D0
:101710007A7019F04DF84FF400710448FFF750FA51
:101720004FF47A7019F044F800BFEBE7000C025850
:1017300080B582B000AF78600348FFF763FA642099
:1017400019F036F800BFF7E744EB020880B586B021
:1017500000AF786001237B6100233B6110E0194AF0
:101760003B69DB0013441B79002B06D100237B610E
:101770000022154903200DF087F93B6901333B61D5
:101780003B69022BEBDD7B69002B03D00F4B012261
:101790001A7002E00D4B00221A700023FB6008E073
:1017A000084AFB68DB00134400221A71FB6801330E
:1017B000FB60FB68022BF3DD4FF4FA7018F0F8FFC2
:1017C000C8E700BFA804002480EE0208C00400247B
:1017D00080B582B000AF78600A4B1B78DBB2002B7B
:1017E00001D00DF081FC0DF09BFC0346012B03D1D1
:1017F000C82018F0DDFFEFE74FF4167018F0D8FF9F
:10180000EAE700BFC004002480B588B000AF78606C
:101810004FF480612848FFF7B0F90346002B0CBF56
:1018200001230023DBB2FB7719F024FAB8610AF038
:101830008FF90346002B03D1642018F0B9FF39E07B
:101840004FF480611C48FFF798F90346002B0CBF4A
:1018500001230023DBB2FB7519F00CFA3861FA7D25
:10186000FB7F9A4204D0FB7DFB773B69BB611EE0A6
:101870003A69BB69D31AFB60FB7D002B0BD0FB6878
:10188000632B08D907F0FEF90120FFF7F5F80020D7
:101890000AF044F90BE0FB7D002B08D1FB68632BB9
:1018A00005D90020FFF7E8F800200AF037F90A20F0
:1018B00018F07EFFBBE700BF0010025880B483B071
:1018C00000AF78607B689B6903F00103012B01D1B5
:1018D000012300E0002318460C37BD465DF8047B69
:1018E000704780B483B000AF78607B689B6903F079
:1018F0000203022B01D1012300E0002318460C371C
:10190000BD465DF8047B704780B483B000AF78605B
:101910007B689B6903F00403042B01D1012300E0E1
:10192000002318460C37BD465DF8047B704780B431
:1019300083B000AF78607B689B6903F01003102BC5
:1019400001D1012300E0002318460C37BD465DF8A5
:10195000047B704780B483B000AF78607B689B697C
:1019600003F40043B3F5004F01D1012300E000234D
:1019700018460C37BD465DF8047B704780B483B0D1
:1019800000AF786039607B685B6823F400423B6895
:101990001A437B685A6000BF0C37BD465DF8047B74
:1019A0007047000080B487B000AFF860B9607A601B
:1019B0003B60BB68C3F309027B6803F400631A430E
:1019C0003B681B0403F47F031A433B6A1A437B6A98
:1019D000134323F000437B61FB685A687B6A5B0D0D
:1019E00003F48061064B0B43DB431A407B691A43C7
:1019F000FB685A6000BF1C37BD465DF8047B70472A
:101A0000FF7BFF0380B483B000AF78607B685B6AC4
:101A1000DBB218460C37BD465DF8047B704780B4D6
:101A200083B000AF78600B46FB70FA787B689A62EF
:101A300000BF0C37BD465DF8047B704780B588B0A9
:101A400002AFF8607B600B46FB721346BB720FF06F
:101A5000EBF838610DE00FF0E7F802463B69D31A66
:101A60000A2B06D9FB681B68184620F07BF9022375
:101A700096E0FB681B681846FFF76CFF0346002BD7
:101A8000E9D1FB681868FB7A590097F820300133D8
:101A90001A46454B01934FF0007300931346002202
:101AA000FFF780FF0FF0C0F8386117E0FB681B6894
:101AB0001846FFF73CFF0346002B01D001236FE0DF
:101AC0000FF0B2F802463B69D31A0A2B06D9FB681D
:101AD0001B68184620F046F9032361E0FB681B6889
:101AE0001846FFF7FEFE0346002BDFD0FB681B689D
:101AF000BA7A11461846FFF792FF0023FB752FE0D4
:101B00000FF092F8386117E0FB681B681846FFF782
:101B10000EFF0346002B01D0012341E00FF084F8B3
:101B200002463B69D31A0A2B06D9FB681B68184684
:101B300020F018F9032333E0FB681B681846FFF711
:101B4000D0FE0346002BDFD0FB681868FB7D7A6867
:101B500013441B781946FFF762FFFB7D0133FB75C9
:101B6000FA7D97F820309A42CAD30FF05DF83861B9
:101B70000DE00FF059F802463B69D31A0A2B06D93B
:101B8000FB681B68184620F0EDF8032308E0FB68AB
:101B90001B681846FFF792FE0346002BE9D000238E
:101BA00018461837BD4680BD0020008090B589B02A
:101BB00002AFF8607B600B46FB721346BB720FF0FE
:101BC00033F838610DE00FF02FF802463B69D31A65
:101BD0000A2B06D9FB681B68184620F0C3F80223BD
:101BE000B8E0FB681B681846FFF7B4FE0346002BFD
:101BF000E9D1FB681868FB7A5900584B0193002320
:101C0000009301230022FFF7CDFE0FF00DF838619D
:101C100017E0FB681B681846FFF789FE0346002B98
:101C200001D0012396E00EF0FFFF02463B69D31A74
:101C30000A2B06D9FB681B68184620F093F803238B
:101C400088E0FB681B681846FFF74BFE0346002B35
:101C5000DFD0FB681B68BA7A11461846FFF7DFFE33
:101C60000EF0E2FF386117E0FB681B681846FFF7CB
:101C70005EFE0346002B01D001236BE00EF0D4FF83
:101C800002463B69D31A0A2B06D9FB681B68184623
:101C900020F068F803235DE0FB681B681846FFF737
:101CA0000DFE0346002BDFD0FB681B6800211846A1
:101CB000FFF764FEFB681868FB7A5900FB7A5B004B
:101CC00043F001031C4697F82830254A01924FF053
:101CD000007200922246FFF765FE0EF0A5FF386104
:101CE0000023FB7530E00EF09FFF386117E0FB68C2
:101CF0001B681846FFF71BFE0346002B01D001238B
:101D000028E00EF091FF02463B69D31A0A2B06D950
:101D1000FB681B68184620F025F803231AE0FB68CF
:101D20001B681846FFF7F0FD0346002BDFD0FB6869
:101D30001968FB7D7A68D4180846FFF763FE0346EE
:101D40002370FB7D0133FB75FA7D97F828309A42AA
:101D5000C9D3002318461C37BD4690BD0020008023
:101D60000024008080B584B000AF78600023FB6061
:101D7000786800F095F8786800F00BF80346002BBF
:101D800002D06FF00303FB60FB6818461037BD46B6
:101D900080BD80B584B000AF78600023FB737868A5
:101DA00023F084FA0346002B01D00123FB73FB7B55
:101DB00018461037BD4680BD80B586B000AFF860CC
:101DC000B9607A603B603B687A68B968F86823F06C
:101DD00069FB0346002B03D06FF003037B6101E036
:101DE00000237B617B6918461837BD4680BD80B5EE
:101DF00086B000AFF860B9607A603B603B687A6893
:101E0000B968F86823F012FC0346002B03D06FF08A
:101E100003037B6101E000237B617B69184618376F
:101E2000BD4680BD80B582B000AF7860786824F090
:101E300011FA0346042B14BF01230023DBB218461A
:101E40000837BD4680BD80B584B000AF786039608A
:101E50003968786824F00EF80346002B03D06FF041
:101E60000303FB6001E00023FB60FB6818461037AA
:101E7000BD4680BD80B582B000AF7860786816F04E
:101E800039FE00BF0837BD4680BD80B582B000AFC7
:101E90007860786816F058FE00BF0837BD4680BDF0
:101EA00080B582B000AF7860786821F0D7FC00BFC1
:101EB0000837BD4680BD80B483B000AF78607B68D2
:101EC0001B6803F00103012B01D1012300E0002373
:101ED00018460C37BD465DF8047B704780B483B06C
:101EE00000AF78607B685B6903F00103012B01D1CF
:101EF000012300E0002318460C37BD465DF8047B43
:101F0000704780B483B000AF78607B685B6903F48E
:101F10008053B3F5805F01D1012300E00023184610
:101F20000C37BD465DF8047B704780B483B000AFCA
:101F300078607B6830331B78DBB218460C37BD46BF
:101F40005DF8047B704780B483B000AF78600B46C7
:101F5000FB707B682033FA781A7000BF0C37BD46DF
:101F60005DF8047B704780B586B000AFF8600B4623
:101F70007A60FB72F868FFF79EFF0346002B01D1E1
:101F8000012335E00EF050FE7861FB7A1946F868BF
:101F9000FFF7D9FF08E00EF047FE02467B69D31A2F
:101FA0000A2B01D9032323E0F868FFF7AAFF0346B1
:101FB000002BF0D00EF038FE786108E00EF034FE11
:101FC00002467B69D31A0A2B01D9032310E0F86873
:101FD000FFF784FF0346002BF0D07B68002B06D070
:101FE000F868FFF7A2FF03461A467B681A700023C1
:101FF00018461837BD4680BD80B584B000AF786004
:102000000B46FB707868FFF756FF0346002B01D1A3
:1020100001231BE00EF008FEF860FB781946786893
:10202000FFF791FF08E00EF0FFFD0246FB68D31AB0
:102030000A2B01D9032309E07868FFF762FF034602
:10204000002BF0D07868FFF770FF00231846103798
:10205000BD4680BD80B582B000AF0346FB71FB7901
:10206000002B10D1FB79002B06D14FF480620021A8
:1020700007482BF097F807E04FF4806200210548ED
:102080002BF090F800E000BF0837BD4680BD00BFD0
:1020900000F8003800FC003880B582B000AF03467D
:1020A000FB71FB79002B04D1FB791846FFF7D2FFB7
:1020B00000E000BF0837BD4680BD80B483B000AFEC
:1020C00078607B681B6843F001027B681A6000BF80
:1020D0000C37BD465DF8047B704780B483B000AF19
:1020E00078607B681B6823F001027B681A6000BF80
:1020F0000C37BD465DF8047B704780B483B000AFF9
:1021000078607B68DB6903F04003402B01D1012339
:1021100000E0002318460C37BD465DF8047B70478D
:1021200080B483B000AF78607B68DB6903F0800324
:10213000802B01D1012300E0002318460C37BD4657
:102140005DF8047B704780B489B000AF78607B682D
:10215000FB60FB6853E8003FBB60BB6843F01003C3
:10216000FB617B68FA69BA617B617969BA6941E8A8
:1021700000233B613B69002BE9D100BF00BF24373E
:10218000BD465DF8047B704780B489B000AF7860CD
:102190007B68FB60FB6853E8003FBB60BB6843F0B3
:1021A0008003FB617B68FA69BA617B617969BA690E
:1021B00041E800233B613B69002BE9D100BF00BF30
:1021C0002437BD465DF8047B704780B489B000AF0A
:1021D00078607B68FB60FB6853E8003FBB60BB68CE
:1021E00023F08003FB617B68FA69BA617B617969DE
:1021F000BA6941E800233B613B69002BE9D100BF8C
:1022000000BF2437BD465DF8047B704780B483B0BF
:1022100000AF78607B681B6803F08003802B01D1DE
:10222000012300E0002318460C37BD465DF8047B0F
:10223000704780B489B000AF78607B680833FB607A
:10224000FB6853E8003FBB60BB6843F04003FB61A1
:102250007B680833FA69BA617B617969BA6941E8D8
:1022600000233B613B69002BE7D100BF00BF24374F
:10227000BD465DF8047B704780B485B000AF7860E0
:1022800039603B68002B03D17B682833FB6002E098
:102290007B682433FB60FB6818461437BD465DF845
:1022A000047B704780B483B000AF78600B46FB704E
:1022B000FA787B689A6200BF0C37BD465DF8047BF4
:1022C0007047000080B485B000AF786039607B68EB
:1022D000FB600C4A3B6813441B781A46FB681344A6
:1022E0001B6808493A680A4412781146FA680A4499
:1022F00043F00103136000BF1437BD465DF8047B53
:10230000704700BF4478030880B485B000AF7860A0
:1023100039607B68FB600C4A3B6813441B781A46A3
:10232000FB6813441B6808493A680A44127811464E
:10233000FA680A4423F00103136000BF1437BD4656
:102340005DF8047B704700BF4478030880B487B011
:1023500000AFF860B9607A60FB687B610D4ABB68CA
:1023600013441B781A467B6913445A680A4B13407E
:102370000849BA680A44127811467A690A44114633
:102380007A6813434B6000BF1C37BD465DF8047B81
:10239000704700BF447803080000FFFF80B485B099
:1023A00000AF786039607B68FB60074A3B68134484
:1023B0001B781A46FB6813445B689BB218461437B7
:1023C000BD465DF8047B70474478030880B487B04D
:1023D00000AFF860B9607A60FB687B61074ABB6850
:1023E00013441B781A467B6913441A467B68D360F2
:1023F00000BF1C37BD465DF8047B70474478030876
:1024000080B487B000AFF860B9607A60FB687B6128
:10241000074ABB6813441B781A467B6913441A4663
:102420007B68936000BF1C37BD465DF8047B704736
:102430004478030880B485B000AF786039607B6869
:10244000FB600C4A3B6813441B781A46FB68134434
:102450001B6808493A680A4412781146FA680A4427
:1024600043F00803136000BF1437BD465DF8047BDA
:10247000704700BF4478030880B485B000AF78602F
:1024800039607B68FB600C4A3B6813441B781A4632
:10249000FB6813441B6808493A680A4412781146DD
:1024A000FA680A4443F00403136000BF1437BD46C2
:1024B0005DF8047B704700BF4478030880B485B0A2
:1024C00000AF786039607B68FB600C4A3B6813445E
:1024D0001B781A46FB6813441B6808493A680A448B
:1024E00012781146FA680A4443F01003136000BFE3
:1024F0001437BD465DF8047B704700BF447803087D
:1025000080B485B000AF78600023FB6015E010490F
:10251000FA6813465B019B1A9B000B441B687A68A0
:102520009A4207D1FA6813465B019B1A9B00084A3E
:10253000134406E0FB680133FB60FB68022BE6DD19
:10254000002318461437BD465DF8047B704700BF72
:10255000C8040024B0B584B002AF00237B6022E041
:10256000B5497A6813465B019B1A9B000B441B68B4
:102570001846FFF7B2FDB0497A6813465B019B1A13
:102580009B000B4468331868AB497A6813465B01BB
:102590009B1A9B000B446C331B681946FFF7B4FE73
:1025A0007B6801337B607B68022BD9DD4FF40063CD
:1025B0000093A24BA24A0121A2480EF0DCF94FF48D
:1025C00000630093A04BA14A0221A1480EF0D3F969
:1025D00003220021012016F056FE0346964A536658
:1025E000954B9C6E944BDD6E01219A48FFF744FE9B
:1025F00003461A4629462046FFF702FF8E4B9B6E84
:102600008D4AD16E8C4AB2F874201846FFF79EFEB0
:10261000894B9B6E884AD16E874A126F1846FFF726
:10262000D5FE854B9B6E844AD26E11461846FFF745
:1026300045FF814B9B6E804AD26E11461846FFF7CC
:10264000F9FE7D4B9B6E7C4AD26E11461846FFF711
:1026500013FF8048FFF7EDFD774B9B6E764AD26EF5
:1026600011461846FFF72EFE7A48FFF76CFD4FF42F
:1026700080530093784B794A052179480EF07BF915
:102680004FF480530093774B774A062177480EF03A
:1026900072F903220021012016F0F5FD0346664A77
:1026A000C2F8E030644BD3F8E440634BD3F8E85011
:1026B00001216F48FFF7E0FD03461A4629462046F0
:1026C000FFF79EFE5C4BD3F8E4305B4AD2F8E8108B
:1026D000594AB2F8F0201846FFF738FE564BD3F8A7
:1026E000E430554AD2F8E810534AD2F8EC201846A4
:1026F000FFF76CFE504BD3F8E4304F4AD2F8E82095
:1027000011461846FFF7DAFE4B4BD3F8E4304A4A3D
:10271000D2F8E82011461846FFF78CFE464BD3F856
:10272000E430454AD2F8E82011461846FFF7A4FEE7
:102730004F48FFF77EFD404BD3F8E4303E4AD2F8D5
:10274000E82011461846FFF7BDFD4948FFF7FBFC9E
:102750004FF440630093474B474A0B2147480EF024
:102760000AF94FF440630093454B464A0C21464812
:102770000EF001F903220021012016F084FD03462A
:102780002D4AC2F85C312C4BD3F860412A4BD3F868
:10279000645101213D48FFF76FFD03461A46294663
:1027A0002046FFF72DFE244BD3F86031224AD2F8A1
:1027B0006411214AB2F86C211846FFF7C7FD1E4B81
:1027C000D3F860311C4AD2F864111B4AD2F8682150
:1027D0001846FFF7FBFD184BD3F86031164AD2F8C4
:1027E000642111461846FFF769FE134BD3F8603198
:1027F000114AD2F8642111461846FFF71BFE0E4B12
:10280000D3F860310C4AD2F8642111461846FFF71C
:1028100033FE1E48FFF70DFD074BD3F86031064A23
:10282000D2F8642111461846FFF74CFD1748FFF710
:102830008AFC00233B6039E0C8040024D838002417
:1028400094EE0208CC040024D8400024A0EE020834
:10285000FC04002400100140D8580024ACEE02080B
:1028600048050024D8680024B8EE02087805002442
:1028700000440040D8840024C4EE0208C4050024AB
:10288000D8900024D0EE0208F4050024007800401F
:102890000A493A6813465B019B1A9B000B441B686C
:1028A0001846FFF70AFC3B6801333B603B68022B8C
:1028B000EEDD002318460837BD46B0BDC80400242D
:1028C00080B584B000AF78600B46FB707868FFF786
:1028D00017FEB860BB68002B1FD0134BFB6005E0F0
:1028E000FB68013BFB60FB68002B18D0BB683433EE
:1028F000FA78114618460EF071F8034683F001038A
:10290000DBB2002BECD17868FFF780FC0346002B8C
:1029100006D17868FFF738FC02E000BF00E000BF96
:102920001037BD4680BD00BF20A1070080B584B030
:1029300000AF786039607868FFF7E2FDF860FB6807
:10294000002B11D03B68002B0ED008E03B681B78B1
:1029500019467868FFF7B4FF3B6801333B603B687A
:102960001B78002BF2D100E000BF1037BD4680BDC0
:1029700080B584B000AF78607868FFF7C1FDF8607B
:10298000FB68002B42D0FB681B68DB6903F0020385
:10299000002B03D0FB681B6802221A62FB681B68CD
:1029A000DB6903F00403002B03D0FB681B680422DF
:1029B0001A62FB681B68DB6903F40033002B04D048
:1029C000FB681B684FF400321A627868FFF7A8FBB7
:1029D0000346002B1BD07868FFF718FC0346002B3A
:1029E00015D0FB68343307F10B02114618460EF080
:1029F0003BF80346002B05D0FB7A19467868FFF7B1
:102A000051FC04E07868FFF7E0FB00E000BF1037FE
:102A1000BD4680BD80B58AB000AF78600023BB6042
:102A20007868FFF76DFDB861BB69002B7CD0BB698E
:102A30009B6F7B61BB699A6EBB69DB6E1946104662
:102A4000FFF7ACFC03467B82BB69B3F874301A46CF
:102A50007B8AD31AFB60FA687B699A4265D0FA6870
:102A60007B699A4214D97B697B620CE0BB69181DB3
:102A7000BB691A6F7B6A13441B7819460DF0AEFFD1
:102A80007B6A01337B627A6AFB689A42EED32AE062
:102A90007B693B620CE0BB69181DBB691A6F3B6A1E
:102AA00013441B7819460DF099FF3B6A01333B62D2
:102AB000BB69B3F874301A463B6A9342EBD30023E8
:102AC000FB610CE0BB69181DBB691A6FFB691344FD
:102AD0001B7819460DF082FFFB690133FB61FA692F
:102AE000FB689A42EED3BB695B6E07F108021146A0
:102AF000184616F07DFDBB68002B07D00C4B4FF03D
:102B000080521A60BFF34F8FBFF36F8FBB69FA68B3
:102B10009A67BB699B6FBA69B2F87420934204D17B
:102B2000BB6900229A6700E000BF2837BD4680BD20
:102B300004ED00E080B584B000AF78607868FFF7FE
:102B4000DFFCF860FB68002B02D14FF0FF330EE092
:102B5000FB68043307F10B02114618460DF084FFA1
:102B60000346002B01D0FB7A01E04FF0FF331846FB
:102B70001037BD4680BD80B584B000AF78607868FE
:102B8000FFF7BEFCF860FB68002B01D1002305E0D5
:102B9000FB68043318460DF0E4FF0346184610376F
:102BA000BD4680BD80B584B000AF78607868FFF71F
:102BB000A7FCF860FB68002B01D1002306E0FB684E
:102BC000343318460DF091FF034600BF1846103706
:102BD000BD4680BD80B582B000AF78600B46FB700B
:102BE00000BF7868FFF79CFA0346002BF9D0FB780A
:102BF00019467868FFF756FB00BF7868FFF77DFA43
:102C00000346002BF9D000BF00BF0837BD4680BD8A
:102C100080B582B000AF786039603B68002B0ED081
:102C200008E03B681B7819467868FFF7D3FF3B68DC
:102C300001333B603B681B78002BF2D100E000BF02
:102C40000837BD4680BD000080B400AF034B1B8831
:102C50001846BD465DF8047B704700BFD89C002431
:102C600080B485B000AF78600D4BFB600CE07B68F2
:102C70005A1C7A601B781A46FB685340FB60FB685D
:102C8000084A02FB03F3FB607B681B78002BEED144
:102C9000FB6818461437BD465DF8047B704700BFDB
:102CA000C59D1C819301000180B485B000AF7860A0
:102CB00039607A683B685340FB60FB681B0CFA681C
:102CC0001343FB60FB681B0AFA681343FB60FB6855
:102CD000DBB2002B0CBF01230023DBB218461437F4
:102CE000BD465DF8047B704780B584B000AF786066
:102CF0007868FFF7B5FFF860054BBB60B968F86806
:102D0000FFF7D2FF034618461037BD4680BD00BF0F
:102D1000A37B47C580B584B000AF78600CF02AFA79
:102D2000F8600023FB7207F10B0201230021F86811
:102D30000CF017FB0346002B02D1FB7A102B07D9AE
:102D40001549786800F020F9144B01221A6020E040
:102D5000FB7A002B16D0FB7A114A0121F8680CF09F
:102D600000FB0346002B05D1FB7A1A460C4B0021D1
:102D700099540EE00849786800F006F9074B0122E3
:102D80001A6006E00449786800F0FEF8034B01225F
:102D90001A601037BD4680BDDCEE0208F09C0024AE
:102DA000DC9C002480B584B000AF78600E4B1B68BB
:102DB000012B0BD17868FFF753FFF8600B4BBB601A
:102DC000B968F868FFF770FF034609E008497868BA
:102DD000FDF786FA0346002B01D1012300E0002312
:102DE00018461037BD4680BDF09C0024A37B47C524
:102DF000DC9C002480B582B000AF78607B6893F8DB
:102E00002830042B10D17B685B6D5A1C7B685A6597
:102E10007B685B6D064A934206D3786800F068F8D9
:102E20000449786800F0B0F800BF0837BD4680BD9F
:102E3000E093040018EF020880B483B000AF78601C
:102E40007B6893F82830042B02D17B6800225A65F6
:102E500000BF0C37BD465DF8047B704780B582B07B
:102E600000AF786039607B683A689A657B680022B9
:102E70001A627B6800225A627B68002283F828204D
:102E80007B680022DA627B6800221A657B68002278
:102E90005A657B682022002118462AF083F97B6856
:102EA00030332022002118462AF07CF90B4978683B
:102EB00000F06AF80A49786800F066F8094978680D
:102EC00000F062F80849786800F05EF80749786811
:102ED00000F05AF800BF0837BD4680BD44EF020835
:102EE0004CEF020854EF020868EF020870EF020886
:102EF00080B582B000AF78607B6801221A627B687F
:102F000000225A627B68002283F828207B68002216
:102F1000DA627B6800221A657B6800225A657B684A
:102F20002022002118462AF03DF97B683033202208
:102F3000002118462AF036F90D49786800F024F887
:102F40000C49786800F020F80B49786800F01CF80C
:102F50000A49786800F018F80949786800F014F810
:102F60000849786800F010F800BF0837BD4680BDFA
:102F700044EF02084CEF020854EF020868EF020821
:102F800070EF020874EF020880B582B000AF78607D
:102F9000396007E07B689A6D3B68591C39601B7883
:102FA000184690473B681B78002BF3D100BF00BF49
:102FB0000837BD4680BD000080B582B000AF7860A4
:102FC0007B6893F82830002B37D17B68244918465A
:102FD000FDF786F90346002B0BD17B68012283F8AD
:102FE00028207B680022DA621E497868FFF7CCFF50
:102FF00031E07B681C491846FDF772F90346002B47
:103000000ED17868FFF786FE7B68022283F82820BD
:103010007B680022DA6213497868FFF7B5FF1AE08F
:1030200012497868FFF7B0FF11497868FFF7ACFFE5
:1030300010497868FFF7A8FF0DE07B6893F8283007
:10304000032B04D07B6893F82830042B03D10A4962
:103050007868FFF799FF00BF0837BD4680BD00BF05
:103060008CEF020894EF0208A0EF0208A8EF020814
:1030700070EF020874EF0208D4EF020880B582B046
:1030800000AF78600B46FB707B6893F82830012B0B
:1030900005D07B6893F82830022B40F0ED800A229F
:1030A000FB78934204D00D22FB78934240F0B68027
:1030B0007B681B6D7A681344002283F830207B689C
:1030C00093F82830012B38D17B6830331846FFF74E
:1030D0000BFE0346012B30D17B68032283F82820A6
:1030E0009A497868FFF750FF99497868FFF74CFFD5
:1030F00098497868FFF748FF94497868FFF744FFDC
:1031000095497868FFF740FF94497868FFF73CFFDE
:1031100093497868FFF738FF92497868FFF734FFE2
:1031200091497868FFF730FF8B497868FFF72CFFEB
:1031300086497868FFF728FF6CE07B6893F82830B1
:10314000022B38D17B6830331846FFF72BFE03463D
:10315000012B30D17B68042283F828207B497868D2
:10316000FFF712FF7A497868FFF70EFF7F4978680A
:10317000FFF70AFF75497868FFF706FF7649786818
:10318000FFF702FF75497868FFF7FEFE744978681B
:10319000FFF7FAFE73497868FFF7F6FE7249786820
:1031A000FFF7F2FE6C497868FFF7EEFE6749786832
:1031B000FFF7EAFE2EE07B68DB6A5A1C7B68DA6266
:1031C00062497868FFF7E0FE7B68DB6A032293427E
:1031D00014DB7B68002283F8282065497868FFF7B4
:1031E000D3FE5A497868FFF7CFFE58497868FFF751
:1031F000CBFE60497868FFF7C7FE0BE05E49786850
:10320000FFF7C2FE51497868FFF7BEFE5B49786858
:10321000FFF7BAFE7B6800221A6592E07F22FB78F6
:10322000934216D17B681B6D002B40F38A807B682C
:103230001B6D5A1E7B681A657B689B6D082098473A
:103240007B689B6D202098477B689B6D0820984782
:1032500077E07B681B6D1E2B73DC7B681B6D591C34
:103260007A6811657A681344FA7883F830207B68AD
:103270009B6D2A20984764E07B6893F82830032BE5
:1032800004D07B6893F82830042B04D13C4978683B
:10329000FFF77AFE56E00A22FB78934203D00D2214
:1032A000FB7893421CD17B685B6A7A680021D15419
:1032B0007B685B6A002B0ADD24497868FFF764FEAF
:1032C0007868FFF779FE7B6800225A623AE01F496E
:1032D0007868FFF759FE27497868FFF755FE31E017
:1032E0007F22FB7893421AD17B685B6A002B29DD31
:1032F0007B685B6A5A1E7B685A627B685B6A7A6885
:103300000021D1547B689B6D082098477B689B6D9A
:10331000202098477B689B6D0820984712E07B68C7
:103320005B6A1E2B0EDC7B685B6A591C7A685162F3
:103330007A68F978D1547B689B6DFA781046984783
:1033400000E000BF00BF0837BD4680BD70EF020837
:10335000E4EF020850F0020874F002089CF0020842
:10336000C4F00208ECF0020814F102083CF1020873
:1033700060F1020874EF02088CF1020894EF020871
:10338000B4F1020880B483B000AF78607B6893F832
:10339000283018460C37BD465DF8047B70470000A6
:1033A00080B400AFBFF34F8F00BF064BDB6803F460
:1033B000E0620449044B1343CB60BFF34F8F00BF5F
:1033C00000BFFDE700ED00E00400FA0580B483B023
:1033D00000AF786039607B683A689A6100BF0C374B
:1033E000BD465DF8047B704780B483B000AF786061
:1033F00039603B681A047B689A6100BF0C37BD4690
:103400005DF8047B704780B485B000AF03460A4680
:10341000FB8013467B7141F22103BB817B791BB298
:103420001B021AB2B7F9063053401BB2FB800023CF
:10343000FB7313E0B7F90630002B09DAB7F9063051
:103440005B001AB2B7F90C3053401BB2FB8002E0AC
:10345000FB885B00FB80FB7B0133FB73FB7B072B53
:10346000E8D9FB8818461437BD465DF8047B7047E1
:1034700080B5A8B002AFF860B9607A600121B86881
:1034800003F0DEF8C7F884000221B86803F0D8F82A
:10349000C7F880000023A7F89630D7F88430002BB7
:1034A00003D0D7F88030002B04D1A049F86803F08E
:1034B00005F838E1D7F8840029F040FBF8670022CE
:1034C0000021D7F8800029F071FCB867BB6F002B92
:1034D00003D0BB6FB3F5483F0ED907F110004FF48E
:1034E0004833934A642129F02DFD07F11003194652
:1034F000F86802F0E3FF16E1FDF7B6FA0346032B86
:103500001BD0FDF7B1FA0346022B08D0FDF7ACFA49
:103510000346012B01D1874B02E0874B00E0874B2C
:1035200007F11000864A642129F00CFD07F1100311
:103530001946F86802F0C2FFF5E00220FDF778FABC
:10354000FB6F032B6DD0FB6F032B00F39C80FB6F95
:10355000012B03D0FB6F022B2CD094E00023C7F883
:1035600090301AE0D7F8903087F87530D7F890305F
:10357000744A134497F875201A7097F87520B7F8B5
:10358000963011461846FFF73EFF0346A7F89630DF
:10359000D7F890300133C7F89030D7F89020BB6F40
:1035A0009A42DFD307F11000BB6F674A642129F00C
:1035B000C9FC70E00023C7F88C3025E0D7F88C10E8
:1035C000624BA3FB01239A0913465B0013445B0182
:1035D000CA1AD3B2203387F87630D7F88C30594ADC
:1035E000134497F876201A7097F87620B7F896303B
:1035F00011461846FFF707FF0346A7F89630D7F89D
:103600008C300133C7F88C30D7F88C20BB6F9A42CE
:10361000D4D307F11000BB6F4D4A642129F092FC0E
:1036200039E00023C7F8883020E029F08BFA034600
:103630005A42DBB2D2B258BF534287F87730D7F83C
:103640008830404A134497F877201A7097F877200B
:10365000B7F8963011461846FFF7D5FE0346A7F88F
:103660009630D7F888300133C7F88830D7F88820EB
:10367000BB6F9A42D9D307F11000BB6F354A642162
:1036800029F060FC07E03449F86802F017FF0320D6
:10369000FDF7CEF947E04FF47A7017F089F8012072
:1036A000FDF7C6F907F110031946F86802F006FFA6
:1036B000244A244B1B7807F1100000931346274A35
:1036C000642129F03FFC07F110031946F86802F065
:1036D000F5FEBB6F013B1B4A13441946BB6F013B10
:1036E000184A13441B7807F1100000930B461C4A3C
:1036F000642129F027FC07F110031946F86802F04D
:10370000DDFEB7F8963007F11000164A642129F063
:1037100019FC07F110031946F86802F0CFFE1249B0
:10372000F86802F0CBFE9837BD4680BD44FD020824
:1037300094FD0208BCFD0208C8FD0208D0FD020885
:10374000D8FD020800000030FCFD0208ABAAAAAABE
:103750002CFE02085CFE020880FE0208B0FE020891
:10376000D4FE0208F4FE02080CFF020880B5AAB0DD
:1037700002AFF860B9607A600121B86802F060FFBA
:10378000C7F884001023C7F880300023C7F89C30A6
:103790000023A7F89A30D7F88430002B04D17C4955
:1037A000F86802F08BFEEFE000220021D7F88400D9
:1037B00029F0FCFAF86707F11400FB6F754A6421E1
:1037C00029F0C0FB07F114031946F86802F076FEF1
:1037D000714A07F11400704B009313466F4A64213D
:1037E00029F0B0FB07F114031946F86802F066FEF1
:1037F0000023C7F89430ACE0674AD7F894301344FC
:1038000007F11400664A642129F09CFB07F11403B8
:103810001846FCF76FFD024607F114031344C7F87E
:1038200090300023C7F88C3030E0D7F89420D7F8D8
:103830008C301344584AD35C87F87B3007F114036B
:10384000D7F89020D31AC3F1640197F87B30554A1A
:10385000D7F8900029F076FBD7F890300333C7F8FB
:103860009030D7F89C300133C7F89C3097F87B2014
:10387000B7F89A3011461846FFF7C5FD0346A7F87A
:103880009A30D7F88C300133C7F88C30D7F88C20B9
:10389000D7F880309A4207D2D7F89420D7F88C30E6
:1038A0001344FA6F9A42C0D8D7F890305A1CC7F820
:1038B000902020221A70D7F890305A1CC7F8902018
:1038C0007C221A700023C7F8883020E0D7F89420B3
:1038D000D7F888301344304AD35C87F87A3097F8A9
:1038E0007A301F2B06D997F87A307E2B02D897F8BA
:1038F0007A1000E02E21D7F890305A1CC7F890209B
:103900000A461A70D7F888300133C7F88830D7F8DC
:103910008820D7F880309A4207D2D7F89420D7F879
:1039200088301344FA6F9A42D0D8D7F890300022EA
:103930001A7007F114031946F86802F0BFFD012060
:1039400016F036FFD7F89420D7F880301344C7F824
:103950009430D7F89420FB6F9A42FFF44DAFB7F83C
:103960009A3007F114000093D7F89C300E4A642176
:1039700029F0E8FA07F114031946F86802F09EFDF1
:103980000A49F86802F09AFDA037BD4680BD00BF25
:1039900010FF020838FF02080000003860FF02082C
:1039A00084FF020890FF020898FF02080CFF02083B
:1039B00080B5A0B000AFF860B9607A600121B86846
:1039C00002F03EFEF867FB6F002B04D13449F86823
:1039D00002F074FD60E03349F86FFCF781FC0346A8
:1039E000002B42D1FDF740F8034687F87B3097F86B
:1039F0007B30032B2AD801A252F823F00D3A00089D
:103A00001D3A00082D3A00083D3A000807F114035A
:103A1000254A6421184629F095FA1FE007F114039E
:103A2000224A6421184629F08DFA17E007F11403A1
:103A30001F4A6421184629F085FA0FE007F11403A4
:103A40001C4A6421184629F07DFA07E007F11403A7
:103A5000194A6421184629F075FA00BF07F11403CA
:103A60001946F86802F02AFD12E01449F86FFCF7D5
:103A700037FC0346002B07D10320FCF7D9FF104980
:103A8000F86802F01BFD03E00E49F86802F016FD2D
:103A90000D49F86802F012FD8037BD4680BD00BFB9
:103AA000D0FF0208F0FF0208F4FF02080800030834
:103AB0002000030834000308480003087CF60208CD
:103AC000600003087C0003080CFF020880B5A0B06A
:103AD00000AFF860B9607A600CF0E6F9F867FB6F48
:103AE0001B7D83F00103DBB2002B04D01749F8687B
:103AF00002F0E4FC27E00CF015FB034687F87B306E
:103B000097F87B30002B0DD107F11403104A642184
:103B1000184629F017FA07F114031946F86802F05D
:103B2000CDFC0CE007F114030A4A6421184629F081
:103B300009FA07F114031946F86802F0BFFC0649B8
:103B4000F86802F0BBFC8037BD4680BDAC000308BE
:103B5000D0000308F80003080CFF020890B5ABB0D2
:103B600004AFF860B9607A600121B86802F068FDBE
:103B7000C7F894000221B86802F062FDC7F890000F
:103B8000D7F89430002B03D0D7F89030002B04D115
:103B90003449F86802F092FC61E0D7F8940028F00C
:103BA000CDFF034687F88F3000220021D7F8900020
:103BB00029F0FCF8C7F888002B4A97F88F30D7F81F
:103BC000881018460CF0A8F9034687F8873097F854
:103BD0008730002B1ED107F1100318460CF038FA7D
:103BE0000346002B37D17A693B7C1946BB69B88BF9
:103BF000044607F1200002940193009113461B4AEA
:103C0000642129F09FF907F120031946F86802F0B2
:103C100055FC20E097F88730022B0ED197F88F30B3
:103C200007F12000124A642129F08CF907F12003E2
:103C30001946F86802F042FC0DE097F8873007F16A
:103C400020000C4A642129F07DF907F12003194670
:103C5000F86802F033FC0849F86802F02FFC9C3742
:103C6000BD4690BD1C010308000000304001030860
:103C700080010308A00103080CFF020880B5A4B06E
:103C800002AFF860B9607A600CF086FA034687F8F4
:103C9000873097F88730032B38D801A252F823F0E9
:103CA000033D0008C53C0008BB3C0008B13C0008CF
:103CB0001D49F86802F002FC2DE01C49F86802F08A
:103CC000FDFB28E007F1100318460CF0C1F903468C
:103CD000002B11D1BB8B1A46BB6907F12000009362
:103CE0001346134A642129F02DF907F120031946E0
:103CF000F86802F0E3FB0EE00E49F86802F0DEFB24
:103D000009E00D49F86802F0D9FB04E00B49F868B6
:103D100002F0D4FB00BF0A49F86802F0CFFB00BFF5
:103D20008837BD4680BD00BFC8010308D401030821
:103D3000E0010308100203083C0203084C020308D8
:103D40000CFF020880B5A6B002AFF860B9607A60D7
:103D50000121B86802F074FCC7F88400D7F88430F9
:103D6000002B04D13749F86802F0A8FB67E0002275
:103D70000021D7F8840029F019F8C7F880000BF06B
:103D800063FDF867FB6FDB7A83F00103DBB2002B86
:103D900004D02D49F86802F091FB50E02B4BD7F886
:103DA000801018460BF09CFD034687F87B3097F88F
:103DB0007B30002B31D10023A7F88E300023C7F8C9
:103DC000883012E0214AD7F8883013441A78B7F8BF
:103DD0008E3011461846FFF716FB0346A7F88E30C3
:103DE000D7F888300133C7F88830D7F88820D7F85B
:103DF00080309A42E6D3B7F88E3007F11400009372
:103E0000D7F88030124A642129F09CF807F1140396
:103E10001946F86802F052FB0DE097F87B3007F185
:103E200014000C4A642129F08DF807F11403194697
:103E3000F86802F043FB0849F86802F03FFB90374E
:103E4000BD4680BD5C0203088802030800000038FC
:103E5000AC020308D80203080CFF020880B588B042
:103E600000AFF860B9607A6007F11403074A0A21CD
:103E7000184629F067F807F114031946F86802F0AC
:103E80001DFB00BF2037BD4680BD00BFFC020308FC
:103E9000F0B5B3B006AFF860B9607A600121B868D8
:103EA00002F0CEFBC7F8AC000221B86802F0C8FBF4
:103EB000C7F8A8000321B86802F0C2FBC7F8A40045
:103EC0000421B86802F0BCFBC7F8A0000521B8685F
:103ED00002F0B6FBC7F89C000621B86802F0B0FB00
:103EE000C7F89800D7F8AC30002B13D0D7F8A8301B
:103EF000002B0FD0D7F8A430002B0BD0D7F8A03070
:103F0000002B07D0D7F89C30002B03D0D7F898307F
:103F1000002B0DD107F11803624A6421184629F0DD
:103F200011F807F118031946F86802F0C7FAB6E06D
:103F3000D7F8AC0028F002FEC7F89400D7F8A80024
:103F400028F0FCFDC7F89000D7F8A40028F0F6FD93
:103F5000C7F88C00D7F8A00028F0F0FDC7F888005B
:103F6000D7F89C0028F0EAFDC7F88400D7F898003D
:103F700028F0E4FDC7F88000D7F89430002B03DB6D
:103F8000D7F89430172B04DD4749F86802F096FA09
:103F900085E0D7F89030002B03DBD7F890303B2B2F
:103FA00004DD4249F86802F089FA78E0D7F88C30ED
:103FB000002B03DBD7F88C303B2B04DD3C49F86841
:103FC00002F07CFA6BE0D7F88830002B03DDD7F8DD
:103FD00088301F2B04DD3749F86802F06FFA5EE085
:103FE000D7F88430002B03DDD7F884300C2B04DDA8
:103FF0003149F86802F062FA51E0D7F88030002BBE
:1040000003DBD7F88030632B04DD2C49F86802F01D
:1040100055FA44E0D7F89430DBB2FB74D7F890300F
:10402000DBB23B75D7F88C30DBB27B75D7F88830C4
:10403000DBB23B74D7F88430DBB27B74D7F88030C6
:10404000DBB2BB7407F1100318460CF009FC0AF050
:1040500061FFF86707F110031946F86F0AF0B0FF27
:10406000FB7C1E463B7D7A7D397C787C0446B87C9F
:10407000054607F1180004950394029101920093FC
:1040800033460F4A642128F05DFF07F118031946F3
:10409000F86802F013FA0B49F86802F00FFAB43727
:1040A000BD46F0BD04030308440303087803030876
:1040B000AC030308E00303081004030844040308E6
:1040C0008C0403080CFF0208F0B5B7B006AFF86027
:1040D000B9607A600121B86802F0B2FAC7F8BC0092
:1040E000D7F8BC30002B0DD107F14803C84A642132
:1040F000184628F027FF07F148031946F86802F030
:10410000DDF982E1C349D7F8BC00FCF7E9F80346C2
:10411000002B3FD10AF0FEFEC7F8AC0007F14003C8
:104120001946D7F8AC000AF0FFFE0346002B2CD14D
:1041300007F13E031946D7F8AC000AF085FF97F85F
:1041400043309C4697F8443097F8452097F8401044
:1041500097F84100044697F842000546B7F93E003B
:10416000064607F1480005960495039402910192D2
:1041700000936346A84A642128F0E4FE07F148034F
:104180001946F86802F09AF93BE1A449F86802F090
:1041900095F936E1A249D7F8BC00FCF7A1F803462F
:1041A000002B26D107F1380318460CF043FB97F893
:1041B0003B301E4697F83C3097F83D2097F8381072
:1041C00097F83900044697F83A00054607F1480089
:1041D000049503940291019200933346914A64211D
:1041E00028F0B0FE07F148031946F86802F066F9B6
:1041F00007E18D49D7F8BC00FCF772F80346002BA5
:104200002ED100237B63002387F83330002387F807
:104210003230002387F8313007F1310307F13202E1
:1042200007F1330107F134000CF05EFB97F83330EF
:104230001C4697F8323097F83120796BC9B207F1F4
:1042400048000291019200932346784A642128F0A5
:1042500079FE07F148031946F86802F02FF9D0E01B
:104260007349D7F8BC00FCF73BF80346002B12D18A
:104270000CF02CFBC7F8B00007F14800D7F8B030BD
:104280006C4A642128F05EFE07F148031946F8687D
:1042900002F014F9B5E06849D7F8BC00FCF720F843
:1042A0000346002B40F0A0800AF034FEC7F8B800A7
:1042B00007F128031946D7F8B8000AF035FE03467F
:1042C000002B2CD107F116031946D7F8B8000AF0D5
:1042D000BBFE97F82B309C4697F82C3097F82D2092
:1042E00097F8281097F82900044697F82A00054601
:1042F000B7F91600064607F14800059604950394A1
:104300000291019200936346434A642128F01AFE09
:1043100007F148031946F86802F0D0F803E047496E
:10432000F86802F0CBF807F1200318460CF082FA87
:1043300097F823301E4697F8243097F8252097F8F1
:10434000201097F82100044697F82200054607F14F
:104350004800049503940291019200933346314A38
:10436000642128F0EFFD07F148031946F86802F0D0
:10437000A5F80023FB610023FB760023BB76002316
:104380007B7607F1190307F11A0207F11B0107F108
:104390001C000CF0A9FAFB7E1C46BB7E7A7EF969F4
:1043A000C9B207F1480002910192009323461F4AC7
:1043B000642128F0C7FD07F148031946F86802F0A8
:1043C0007DF80CF083FAC7F8B40007F14800D7F87D
:1043D000B430184A642128F0B5FD07F148031946A6
:1043E000F86802F06BF80CE007F14803144A642106
:1043F000184628F0A7FD07F148031946F86802F0AF
:104400005DF81049F86802F059F8C437BD46F0BDB0
:10441000BC040308E8040308F00403083805030893
:10442000540503085C05030898050308A005030864
:10443000D4050308DC050308EC050308F0050308B0
:10444000080603080CFF0208F0B5A9B006AFF86033
:10445000B9607A600121B86802F0F2F8C7F8840008
:10446000D7F88430002B0DD107F118032F4A6421AF
:10447000184628F067FD07F118031946F86802F09E
:104480001DF850E000220021D7F8840028F08EFCAF
:10449000C7F88000D7F88030254A93420DD807F13D
:1044A0001800244B244A642128F04CFD07F118031E
:1044B0001946F86802F002F835E0D7F880000CF0F1
:1044C000E5F9D7F880201D4B134407F1100211467F
:1044D00018460BF013FF0AF01DFDF86707F11003F3
:1044E0001946F86F0AF06CFDFB7C1E463B7D7A7D19
:1044F000397C787C0446B87C054607F118000495A1
:10450000039402910192009333460D4A642128F0EE
:1045100019FD07F118031946F86801F0CFFF0949A2
:10452000F86801F0CBFF8C37BD46F0BD40060308AC
:104530007F436D3880436D385C06030880BC92C7AA
:104540008C0403080CFF020880B5A4B002AFF86029
:10455000B9607A600121B86802F072F8C7F8840087
:104560000221B86802F06CF8C7F88000D7F88430F0
:10457000002B03D0D7F88030002B0DD107F11403A6
:10458000254A6421184628F0DDFC07F1140319467A
:10459000F86801F093FF3CE000220021D7F8840086
:1045A00028F08AFB0346A7F87E3000220021D7F8C6
:1045B000800028F081FB0346DBB2FB740AF0DAFDD1
:1045C000B867B7F87E1007F113020123B86F0AF03D
:1045D00039FE0346002B0AD1B7F87E30FA7C07F18A
:1045E000140000920D4A642128F0ACFC07E0B7F8F3
:1045F0007E3007F114000A4A642128F0A3FC07F179
:1046000014031946F86801F059FF0649F86801F0EB
:1046100055FF8837BD4680BD7C060308A006030809
:10462000C00603080CFF020880B5A4B002AFF86012
:10463000B9607A600121B86802F002F8C7F8840016
:10464000D7F88430002B0DD107F11803224A6421DA
:10465000184628F077FC07F118031946F86801F0AE
:104660002DFF35E000220021D7F8840028F024FB3C
:104670000346A7F882300023FB750AF07BFDF8673C
:10468000B7F8821007F117020123F86F0AF069FEEC
:104690000346002B0AD1B7F88230FA7D07F11800E3
:1046A00000920E4A642128F04DFC07E0B7F88230F2
:1046B00007F118000A4A642128F044FC07F11803A6
:1046C0001946F86801F0FAFE0649F86801F0F6FEAE
:1046D0008837BD4680BD00BFDC060308F806030826
:1046E000180703080CFF020880B584B000AFF8601B
:1046F000B9607A60F86804F01DF80449F86801F0C0
:10470000DDFE00BF1037BD4680BD00BF0CFF0208B4
:1047100080B586B000AFF860B9607A6003F04AFDFA
:104720001DF04AFB0D49F86801F0C8FE03F01AFEBF
:104730000346FB75FB7D002B04D00949F86801F0A6
:10474000BDFE03E00749F86801F0B8FE0649F868C5
:1047500001F0B4FE00BF1837BD4680BD3407030822
:104760004C070308600703080CFF020880B584B0FB
:1047700000AFF860B9607A601DF014FB03F02CFD07
:104780000549F86801F09AFE0449F86801F096FEC0
:1047900000BF1037BD4680BD7C0703080CFF020830
:1047A00080B5A6B000AFF860B9607A600121B86842
:1047B00001F046FFC7F894000221B86801F040FFFD
:1047C000C7F89000D7F89430002B03D0D7F890307A
:1047D000002B04D11149F86801F070FE1BE0D7F8F6
:1047E0009020D7F89410F86803F0B8FE0346002B29
:1047F0000DD107F11000D7F89430094A802128F034
:10480000A1FB07F110031946F86801F057FE0549AE
:10481000F86801F053FE9837BD4680BD9407030841
:10482000B40703080CFF020880B5A8B000AFF86019
:10483000B9607A600121B86801F002FFC7F89C00F6
:104840000221B86801F0FCFEC7F89800D7F89C3048
:10485000002B03D0D7F89830002B04D11C49F868FE
:1048600001F02CFE31E0D7F89800FBF743FDC7F8C4
:104870009400D7F89430B3F5005F04D91549F8686F
:1048800001F01CFE21E0D7F89420D7F89810D7F853
:104890009C0003F057FD0346002B0ED107F11400D6
:1048A000D7F89C300C4A802128F04CFB07F1140308
:1048B0001946F86801F002FE03E00849F86801F0C3
:1048C000FDFD0749F86801F0F9FDA037BD4680BD40
:1048D00094070308CC070308B4070308E807030894
:1048E0000CFF020880B586B000AFF860B9607A604E
:1048F0000121B86801F0A4FE78617B69002B04D126
:104900000749F86801F0DAFD07E07969F86803F013
:104910004BFD0449F86801F0D1FD1837BD4680BD54
:10492000000803080CFF020880B584B000AFF860EF
:10493000B9607A6080210B48FEF756FD642015F0BF
:1049400037FF80210748FEF741FD0749F86801F06D
:10495000B5FD0649F86801F0B1FD00BF1037BD464E
:1049600080BD00BF00180258180803080CFF020899
:1049700080B584B000AFF860B9607A604FF48071A0
:104980000748FEF723FD0749F86801F097FD06493F
:10499000F86801F093FD00BF1037BD4680BD00BF31
:1049A00000180258340803080CFF020880B584B0D0
:1049B00000AFF860B9607A604FF480710748FEF785
:1049C00013FD0749F86801F079FD0649F86801F020
:1049D00075FD00BF1037BD4680BD00BF00180258EE
:1049E0005C0803080CFF020880B586B000AFF860D1
:1049F000B9607A600121B86801F022FE78617B69B4
:104A0000002B04D11E49F86801F058FD35E01D491E
:104A10007869FBF765FC0346002B07D11A49F86853
:104A200001F04CFD0120FCF727F822E017497869D6
:104A3000FBF756FC0346002B07D11549F86801F037
:104A40003DFD0220FCF718F813E012497869FBF7E6
:104A500047FC0346002B07D10F49F86801F02EFDF3
:104A60000020FCF709F804E00C49F86801F026FD85
:104A700003E00B49F86801F021FD1837BD4680BD01
:104A800084080308A8080308AC080308DC08030826
:104A9000E008030810090308180903084C09030873
:104AA0000CFF020880B586B000AFF860B9607A608C
:104AB0000121B86801F0C4FD78617B69002B04D145
:104AC0001E49F86801F0FAFC34E01D497869FBF7EB
:104AD00007FC0346002B07D10320FBF7CDFF194944
:104AE000F86801F0EBFC21E017497869FBF7F8FB67
:104AF0000346002B07D10420FBF7BEFF1349F868DB
:104B000001F0DCFC12E012497869FBF7E9FB03468F
:104B1000002B07D10020FBF7AFFF0E49F86801F02A
:104B2000CDFC03E00C49F86801F0C8FC0B49F868BB
:104B300001F0C4FC1837BD4680BD00BF84090308DE
:104B4000A8080308A4090308DC080308EC09030803
:104B50002C0A0308300A0308600A03080CFF020845
:104B600080B588B000AFF860B9607A600121B8689C
:104B700001F066FDB861BB69002B04D11649F868E5
:104B800001F09CFC25E0B869FBF7B4FB78610D21CE
:104B90001248FDF795FE0023FB610AE0BA69FB6944
:104BA00013441B7819460D48FDF78AFEFB69013353
:104BB000FB61FA697B699A42F0D30D210748FDF742
:104BC0007FFE0749F86801F079FC0649F86801F0B2
:104BD00075FC2037BD4680BD940A0308007800406C
:104BE000B00A03080CFF020880B584B000AFF8607B
:104BF000B9607A600949F86801F060FC0849F86812
:104C000001F05CFC0749F86801F058FC0649F868B7
:104C100001F054FC00BF1037BD4680BD040B0308F3
:104C2000280B0308480B03080CFF020890B5ADF2EF
:104C3000544D04AF07F58863A3F23443186007F5B9
:104C40008863A3F58763196007F58863A3F23C4383
:104C50001A601623C7F8343416F01CF8C7F830046D
:104C600007F11400D7F83034734A4FF4807128F0FC
:104C700069F907F1140207F58863A3F2344311467A
:104C8000186801F01BFC07F58A730022D7F834146A
:104C9000184616F00BF8C7F82C04D7F82C34002B64
:104CA00010D107F58863A3F234436449186801F012
:104CB00005FC07F58863A3F234436149186801F0E5
:104CC000FDFBB4E007F11400D7F82C345D4A4FF433
:104CD000807128F037F907F1140207F58863A3F211
:104CE00034431146186801F0E9FB07F58863A3F225
:104CF00034435549186801F0E1FB07F58863A3F2D6
:104D000034435249186801F0D9FB0023C7F83C34FA
:104D100077E007F58863A3F54B71D7F83C24134679
:104D2000DB0013449B000B440C331B78042B21D86D
:104D300001A252F823F000BF4D4D0008554D000868
:104D40005D4D0008654D00086D4D0008404BC7F8EB
:104D5000383413E03F4BC7F838340FE03E4BC7F808
:104D600038340BE03D4BC7F8383407E03C4BC7F80C
:104D7000383403E03B4BC7F8383400BF07F588638D
:104D8000A3F54B71D7F83C241346DB0013449B007A
:104D90000B4404331C6807F58863A3F54B71D7F8FF
:104DA0003C241346DB0013449B000B44103319686A
:104DB00007F58863A3F54B70D7F83C241346DB0056
:104DC00013449B00034420331B6807F11400029333
:104DD0000191D7F8383400932346234A4FF4807169
:104DE00028F0B0F807F1140207F58863A3F2344302
:104DF0001146186801F062FBD7F83C340133C7F85C
:104E00003C34D7F83C24D7F82C349A4281D307F5A8
:104E10008863A3F234430D49186801F04FFB07F58E
:104E20008863A3F234430649186801F047FB07F290
:104E30004447BD4690BD00BF640B0308840B0308C4
:104E40000CFF0208A80B0308BC0B0308EC0B0308BB
:104E5000180C0308200C0308280C0308300C030866
:104E6000380C0308400C0308480C030880B582B0D6
:104E700000AF78600348FEF73BF800BF0837BD4637
:104E800080BD00BF1008002490B587B002AFF86065
:104E9000B9607A601349F86801F010FB124B1B6887
:104EA000002B0AD1114B00930023002264211048EB
:104EB00016F086FF03460C4A13600B4B1B68002B51
:104EC0000BD0094B1C6815F0D5FE02460023009359
:104ED00000230121204616F0CFFF00BF1437BD4646
:104EE00090BD00BF600C0308F49C00246D4E0008C8
:104EF000700C030880B58AB000AFF860B9607A60C2
:104F00000121B86801F09CFB78627B6A002B04D118
:104F10002949F86801F0D2FA4AE02848FEF732FA47
:104F2000034687F8233097F82330032B3BD1786A68
:104F3000FBF7E0F9F861FB69102B04D92049F86808
:104F400001F0BCFA34E00AF015F9B861FB69DBB294
:104F5000FB7507F1170201230021B8690AF072F905
:104F60000346002B04D01749F86801F0A7FA1FE0A8
:104F7000FB69002B0ED0FB699BB27A6A0121B869EC
:104F80000AF060F90346002B04D00F49F86801F0DD
:104F900095FA0DE00D49F86801F090FA0C49F868AF
:104FA00001F08CFA04E00B49F86801F087FA00BFC1
:104FB0002837BD4680BD00BF7C0C030810080024C4
:104FC000A00C0308C80C0308F40C0308180D030810
:104FD0000CFF02083C0D030880B596B000AFF860E6
:104FE000B9607A600121B86801F02AFB7865194937
:104FF000F86801F063FA7B6D002B0BD11649F86855
:1050000001F05CFAF86803F011F81449F86801F04F
:1050100055FA16E00A220021786D27F0C7FE3865A0
:1050200007F110003B6D0E4A402127F08BFF07F17E
:1050300010031946F86801F041FAF968386D03F079
:1050400029F80849F86801F039FA00BF5837BD4619
:1050500080BD00BF6C0D0308840D0308940D030888
:10506000A40D03080CFF020880B584B000AFF860FF
:10507000B9607A60FEF794F980B59EB000AFF86031
:10508000B9607A6003F0FEFD07F11403094A642158
:10509000184627F057FF07F114031946F86801F086
:1050A0000DFA0549F86801F009FA00BF7837BD46E6
:1050B00080BD00BFB80D03080CFF020880B5A0B08A
:1050C00000AFF860B9607A600121B86801F0B8FA01
:1050D000F867FB6F002B0DD107F11403144A64210C
:1050E000184627F02FFF07F114031946F86801F05E
:1050F000E5F919E000220021F86F27F057FEB867A4
:10510000B86F03F0FBFD07F11400BB6F094A64217F
:1051100027F018FF07F114031946F86801F0CEF9DB
:105120000549F86801F0CAF98037BD4680BD00BF67
:10513000D40D0308FC0D03080CFF020890B5A5B0C0
:1051400004AFF860B9607A6003F028FE07F1140339
:1051500018460BF06FFB3B7D1C46FB7D3A7E797E4B
:1051600007F11C000291019200932346084A642132
:1051700027F0E8FE07F11C031946F86801F09EF9D4
:105180000449F86801F09AF900BF8437BD4690BD24
:10519000280E03080CFF0208F0B5BFB008AFF86096
:1051A000B9607A60002387F8D7300023C7F8D03081
:1051B00015E0D7F8D0309BB201339BB21946B868DE
:1051C00001F03EFA0246D7F8D0309B00D8333B447A
:1051D00043F8C82CD7F8D0300133C7F8D030D7F80F
:1051E000D030072BE5DD0023C7F8CC301BE0D7F823
:1051F000CC309B00D8333B4453F8C83C002B0DD136
:1052000007F13003534A9621184627F09BFE07F119
:1052100030031946F86801F051F997E0D7F8CC301F
:105220000133C7F8CC30D7F8CC30072BDFDD0023B3
:10523000C7F8C83033E0D7F8C8309B00D8333B44B8
:1052400053F8C83C00220021184627F0AFFD034662
:1052500087F8C73097F8C730012B0ED907F1300017
:10526000D7F8C8303C4A962127F06CFE07F130038E
:105270001946F86801F022F968E097F8C720D7F8D6
:10528000C83002FA03F35AB297F9D73013435BB22E
:1052900087F8D730D7F8C8300133C7F8C830D7F807
:1052A000C830072BC7DD97F8D730184603F0C6FD86
:1052B00097F8D7E097F8D73003F001033B6097F8F1
:1052C000D7205208D2B202F0010297F8D71089080D
:1052D000C9B201F0010197F8D700C008C0B200F0D0
:1052E000010097F8D7402409E4B204F0010497F8CC
:1052F000D7506D09EDB205F0010597F8D760B609F2
:10530000F6B206F0010697F8D7C04FEADC1C5FFA48
:105310008CFC0CF0010307F1300C07930696059501
:1053200004940390029101923B68009373460B4AE8
:105330009621604627F006FE07F130031946F8680B
:1053400001F0BCF80649F86801F0B8F8DC37BD4652
:10535000F0BD00BF540E0308900E0308CC0E0308E6
:105360000CFF0208F0B5DFB00AAF07F5A873A3F58C
:105370009E73186007F5A873A3F5A073196007F56D
:10538000A873A3F5A2731A6007F5A873A3F5A07319
:105390000121186801F054F9C7F84C0107F5A8730A
:1053A000A3F5A0730221186801F04AF9C7F8480173
:1053B00007F5A873A3F5A0730321186801F040F95D
:1053C000C7F8440107F5A873A3F5A0730421186872
:1053D00001F036F9C7F8400107F5A873A3F5A073EB
:1053E0000521186801F02CF9C7F83C0107F5A873EE
:1053F000A3F5A0730621186801F022F9C7F8380157
:1054000007F5A873A3F5A0730721186801F018F930
:10541000C7F8340107F5A873A3F5A073082118682D
:1054200001F00EF9C7F8300107F5A873A3F5A073D2
:105430000921186801F004F9C7F82C0107F5A873D1
:10544000A3F5A0730A21186801F0FAF8C7F828013B
:10545000D7F84C31002B23D0D7F84831002B1FD080
:10546000D7F84431002B1BD0D7F84031002B17D090
:10547000D7F83C31002B13D0D7F83831002B0FD0A0
:10548000D7F83431002B0BD0D7F83031002B07D0B0
:10549000D7F82C31002B03D0D7F82831002B12D1AC
:1054A00007F11803644A4FF48071184627F04AFD4B
:1054B00007F1180207F5A873A3F59E731146186843
:1054C00000F0FCFFB3E000220021D7F84C0127F0E8
:1054D0006DFC0346A7F8263100220021D7F84801C9
:1054E00027F064FC0346A7F8243100220021D7F8F6
:1054F000440127F05BFC0346A7F82231002200217B
:10550000D7F8400127F052FC034687F821310022EA
:105510000021D7F83C0127F049FC034687F82031E9
:1055200000220021D7F8380127F040FC034687F815
:105530001F3100220021D7F8340127F037FC034641
:1055400087F81E3100220021D7F8300127F02EFC09
:10555000034687F81D3100220021D7F82C0127F0DF
:1055600025FC0346A7F81A3100220021D7F82801AC
:1055700027F01CFC034687F8193197F82141B7F84A
:105580002221B7F82411B7F8260197F819310593AD
:10559000B7F81A31049397F81D31039397F81E3129
:1055A000029397F81F31019397F820310093234617
:1055B00003F086FCB7F826E1B7F82431BB60B7F8F2
:1055C000222197F8211197F8200197F81F4197F8A9
:1055D0001E5197F81D61B7F81A317B6097F819C111
:1055E000634607F1180C08937B68079306960595A8
:1055F0000494039002910192BB68009373460F4A92
:105600004FF48071604627F09DFC07F1180207F502
:10561000A873A3F59E731146186800F04FFF07F5B5
:10562000A873A3F59E730649186800F047FF07F5B5
:10563000AA77BD46F0BD00BF4C0F0308CC0F03088E
:105640000CFF020880B584B000AFF860B9607A60E2
:1056500003F0BCFC0549F86800F030FF0449F86825
:1056600000F02CFF00BF1037BD4680BD1C100308A2
:105670000CFF020880B584B000AFF860B9607A60B2
:1056800003F0E2FC0549F86800F018FF0449F868E7
:1056900000F014FF00BF1037BD4680BD381003086E
:1056A0000CFF020880B5A4B002AFF860B9607A6060
:1056B0000121B86800F0C4FFC7F884000221B8686F
:1056C00000F0BEFFC7F880000321B86800F0B8FF03
:1056D000F867D7F88430002B06D0D7F88030002B3D
:1056E00002D0FB6F002B0DD107F11003254A642176
:1056F000184627F027FC07F110031946F86800F058
:10570000DDFE3BE000220021D7F8840027F04EFBAD
:105710000346A7F87A3000220021D7F8800027F04E
:1057200045FB034687F8793000220021F86F27F007
:105730003DFB0346A7F87630B7F8762097F8791046
:10574000B7F87A30184603F0BDFCB7F87A1097F82E
:105750007930B7F8762007F11000019200930B46DC
:10576000094A642127F0EEFB07F110031946F86897
:1057700000F0A4FE0549F86800F0A0FE8837BD4699
:1057800080BD00BF54100308981003080CFF0208E6
:1057900080B584B000AFF860B9607A6003F0EEFCC9
:1057A0000549F86800F08AFE0449F86800F086FEB2
:1057B00000BF1037BD4680BDD41003080CFF02089F
:1057C00080B584B000AFF860B9607A6003F014FD72
:1057D0000549F86800F072FE0449F86800F06EFEB2
:1057E00000BF1037BD4680BDF81003080CFF02084B
:1057F00080B5B0B004AFF860B9607A600121B868D4
:1058000000F01EFFC7F8AC000221B86800F018FFD6
:10581000C7F8A8000321B86800F012FFC7F8A40079
:105820000421B86800F00CFFC7F8A000D7F8AC302E
:10583000002B0BD0D7F8A830002B07D0D7F8A43016
:10584000002B03D0D7F8A030002B0DD107F11403A3
:105850002B4A8021184627F075FB07F114031946DF
:10586000F86800F02BFE47E000220021D7F8AC00DA
:1058700027F09CFAC7F89C0000220021D7F8A80066
:1058800027F094FA0346A7F89A3000220021D7F8AF
:10589000A40027F08BFA0346A7F8983000220021D5
:1058A000D7F8A00027F082FA0346A7F89630B7F899
:1058B0009630B7F89820B7F89A10D7F89C0003F004
:1058C000D9FCB7F89A30B7F89820B7F8961007F1D6
:1058D0001400029101920093D7F89C30094A80216C
:1058E00027F030FB07F114031946F86800F0E6FDD5
:1058F0000549F86800F0E2FDB037BD4680BD00BF45
:105900001C110308541103080CFF020880B5A0B055
:1059100000AFF860B9607A600121B86800F090FECD
:10592000F867FB6F002B0DD107F11403164A6421B1
:10593000184627F007FB07F114031946F86800F032
:10594000BDFD1EE000220021F86F27F02FFA03466C
:1059500087F87B3097F87B30184603F003FD97F803
:105960007B3007F11400094A642127F0EBFA07F1B4
:1059700014031946F86800F0A1FD0549F86800F025
:105980009DFD8037BD4680BDA0110308C8110308E6
:105990000CFF020880B5A0B000AFF860B9607A6073
:1059A0000121B86800F04CFEF867FB6F002B0DD1A9
:1059B00007F11403164A6421184627F0C3FA07F1C9
:1059C00014031946F86800F079FD1EE0002200215A
:1059D000F86F27F0EBF9034687F87B3097F87B30B8
:1059E000184603F005FD97F87B3007F11400094ACB
:1059F000642127F0A7FA07F114031946F86800F0AC
:105A00005DFD0549F86800F059FD8037BD4680BD51
:105A1000F8110308181203080CFF020880B584B0BF
:105A200000AFF860B9607A6003F028FD0549F868B6
:105A300000F044FD0449F86800F040FD00BF103755
:105A4000BD4680BD401203080CFF020880B584B03B
:105A500000AFF860B9607A6003F04EFD0549F86860
:105A600000F02CFD0449F86800F028FD00BF103755
:105A7000BD4680BD601203080CFF020880B5A0B0CF
:105A800000AFF860B9607A600121B86800F0D8FD15
:105A9000F867FB6F002B0DD107F11403164A642140
:105AA000184627F04FFA07F114031946F86800F07A
:105AB00005FD1EE000220021F86F27F077F903466C
:105AC00087F87B3097F87B30184603F053FD97F842
:105AD0007B3007F11400094A642127F033FA07F1FB
:105AE00014031946F86800F0E9FC0549F86800F06D
:105AF000E5FC8037BD4680BD7C1203089C1203087C
:105B00000CFF020880B5A0B000AFF860B9607A6001
:105B10000121B86800F094FDF867FB6F002B0DD1F0
:105B200007F11403164A6421184627F00BFA07F10F
:105B300014031946F86800F0C1FC1EE000220021A1
:105B4000F86F27F033F9034687F87B3097F87B30FE
:105B5000184603F055FD97F87B3007F11400094A09
:105B6000642127F0EFF907F114031946F86800F0F3
:105B7000A5FC0549F86800F0A1FC8037BD4680BD52
:105B8000C01203089C1203080CFF020880B5A0B0E5
:105B900000AFF860B9607A600121B86800F050FD8C
:105BA000F867FB6F002B0DD107F11403164A64212F
:105BB000184627F0C7F907F114031946F86800F0F2
:105BC0007DFC1EE000220021F86F27F0EFF803466D
:105BD00087F87B3097F87B30184603F057FD97F82D
:105BE0007B3007F11400094A642127F0ABF907F173
:105BF00014031946F86800F061FC0549F86800F0E4
:105C00005DFC8037BD4680BDE41203081013030815
:105C10000CFF020880B5A0B000AFF860B9607A60F0
:105C20000121B86800F00CFDF867FB6F002B0DD167
:105C300007F11403164A6421184627F083F907F187
:105C400014031946F86800F039FC1EE00022002118
:105C5000F86F27F0ABF8034687F87B3097F87B3076
:105C6000184603F059FD97F87B3007F11400094AF4
:105C7000642127F067F907F114031946F86800F06A
:105C80001DFC0549F86800F019FC8037BD4680BD51
:105C900044130308681303080CFF020880B584B09E
:105CA00000AFF860B9607A6003F07CFD0549F868E0
:105CB00000F004FC0449F86800F000FC00BF103755
:105CC000BD4680BD941303080CFF020880B5A2B046
:105CD00002AFF860B9607A600121B86800F0B0FCEA
:105CE000F8670221B86800F0ABFCB867FB6F002BC7
:105CF00002D0BB6F002B0DD107F110031E4A6421A7
:105D0000184627F01FF907F110031946F86800F04C
:105D1000D5FB2DE000220021F86F27F047F803465D
:105D200087F8773000220021B86F27F03FF803464C
:105D300087F8763097F8762097F87730114618462E
:105D400003F06EFD97F8772097F8763007F1100092
:105D500000931346094A642127F0F4F807F1100371
:105D60001946F86800F0AAFB0549F86800F0A6FBA0
:105D70008037BD4680BD00BFB0130308D8130308A9
:105D80000CFF020880B5A2B002AFF860B9607A607B
:105D90000121B86800F054FCF8670221B86800F0EF
:105DA0004FFCB867FB6F002B02D0BB6F002B0DD1EF
:105DB00007F110031E4A6421184627F0C3F807F1C3
:105DC00010031946F86800F079FB2DE0002200214D
:105DD000F86F26F0EBFF034687F8773000220021AA
:105DE000B86F26F0E3FF034687F8763097F8762001
:105DF00097F877301146184603F062FD97F8772040
:105E000097F8763007F1100000931346094A642191
:105E100027F098F807F110031946F86800F04EFBD8
:105E20000549F86800F04AFB8037BD4680BD00BFD9
:105E300010140308381403080CFF020880B59EB044
:105E400000AFF860B9607A6003F08AFD07F11403CF
:105E5000094A6421184627F075F807F1140319461A
:105E6000F86800F02BFB0549F86800F027FB00BF3D
:105E70007837BD4680BD00BF701403080CFF0208D0
:105E800080B59EB000AFF860B9607A60BB68002B47
:105E900003D0BB681B78002B0DD107F11403144A03
:105EA0006421184627F04EF807F114031946F868E4
:105EB00000F004FB19E0B868FAF71CFA0346DBB2FD
:105EC0001946B86803F08CFD07F11400BB68094A55
:105ED000642127F037F807F114031946F86800F039
:105EE000EDFA0549F86800F0E9FA7837BD4680BD5B
:105EF00088140308A41403080CFF020880B584B0BA
:105F000000AFF860B9607A6005F0E4FB07F024FBAD
:105F10000349F86800F0D2FA00BF1037BD4680BDD3
:105F20000CFF020880B584B000AFF860B9607A60F9
:105F300005F04EFB0349F86800F0C0FA00BF1037C7
:105F4000BD4680BD0CFF020880B586B000AFF8608A
:105F5000B9607A600023FB7510E0FB7D184617F0EE
:105F6000C3F8FB7D0021184617F016F9FB7D0121CF
:105F7000184617F011F9FB7D0133FB75FB7D012BF2
:105F8000EBD90449F86800F099FA00BF1837BD460C
:105F900080BD00BF0CFF0208F0B59DB006AFF860F1
:105FA000B9607A6007F1500318460AF043FC97F88D
:105FB0005030184697F851301C4697F852301D461D
:105FC00097F8533097F8542097F8551002910192A2
:105FD00000932B46224601461B2017F0BBF997F889
:105FE00050301E4697F8513097F8522097F85310CA
:105FF00097F85400044697F85500054607F110003D
:10600000049503940291019200933346084A40217B
:1060100026F098FF07F110031946F86800F04EFAD1
:106020000449F86800F04AFA00BF5C37BD46F0BD8D
:10603000CC1403080CFF020880B596B002AFF860DC
:10604000B9607A60FCF700FE03461A4607F11000BB
:10605000782300931346094A402126F073FF07F185
:1060600010031946F86800F029FA0549F86800F0AD
:1060700025FA00BF5037BD4680BD00BFFC140308A1
:106080000CFF020880B400AF024B1846BD465DF815
:10609000047B70474C78030880B400AF3E23184659
:1060A000BD465DF8047B704780B584B000AF786072
:1060B0000B46FB70FB78FB73FB7B19460348FCF730
:1060C000FFFB00BF1037BD4680BD00BF0010014080
:1060D00080B582B000AF00F053F878607B681D4A4D
:1060E000DA607B684FF400621A827B6810229A8023
:1060F0007B684022DA807B6880221A817B682022BC
:106100005A817B6801229A747B68134A1A60FFF7F0
:10611000B9FF02467B685A61FFF7BEFF03461A4685
:106120007B681A83786800F086F803460B4A136090
:106130000A4B1B68002B01D1012307E0074B1B68AA
:10614000074A1A60074B01221A70002318460837C5
:10615000BD4680BDF89C002418150308F8A400244F
:10616000A9600008FCA4002480B400AF034B1B68A6
:106170001846BD465DF8047B704700BFF8A40024B4
:1061800080B400AF114B40229A80104B4022DA803D
:106190000E4B80221A810D4B0022DA600B4B00223D
:1061A0001A820A4B08225A81084B01229A74074B23
:1061B000074A1A60054B00221A83044B00225A61D9
:1061C000024B1846BD465DF8047B704700A50024CD
:1061D0004815030880B485B000AF78607B685B69C0
:1061E000002B02D17B685B8900E00023FB817B6888
:1061F0009B8803339A087B68DB8803339B081A4427
:106200007B681B8903339B08D118FA8913465B000E
:106210001344DB0003339B08CA18FB8903339B0834
:10622000134412339BB29B009BB218461437BD46F1
:106230005DF8047B704780B588B000AF78600023BC
:10624000FB617868FFF7C6FF0346BB610023FB755F
:106250007B68DB68002B05D07B681B8A1A46BB690C
:10626000934201D9002371E07B68DB683B61BA6926
:106270000021386926F096FF3B69FB613B691033CA
:106280003B61FB693A69DA603B6938333B61FB6922
:10629000DB68FB60FB683A691A617B689B880333A3
:1062A00023F003033A6913443B61FB683A69DA61FE
:1062B0007B68DB88033323F003033A6913443B61B3
:1062C0007B685A69FB685A627B681A8BFB689A85FF
:1062D0007B681A8BFB68DA85FB683A695A607B68D1
:1062E0001A89FB681A81FB7D002B08D0FB6893F8A4
:1062F000333043F00403DAB2FB6883F833207B6861
:106300009B7C002B08D0FB6893F8333043F02003CC
:10631000DAB2FB6883F833207B689A88FB681A83BB
:10632000FB6800229A82FB680022DA827B68DA88A6
:10633000FB685A84FB68002283F832207B681A6865
:10634000FB681A60FB6800229A86FB6918462037B2
:10635000BD4680BD80B584B000AF78600B46FB7051
:106360007B68DB68FB60FB681033FA7811461846DF
:1063700000F08AFF034683F00103DBB2002B08D054
:10638000FB6893F8333043F00103DAB2FB6883F81B
:10639000332000BF1037BD4680BD80B584B000AF4C
:1063A00078607B681B68002B00F083807B68DB686B
:1063B000FB60FB6893F8333003F00203002B55D1E8
:1063C000FB6893F8333043F00203DAB2FB6883F8DA
:1063D0003320FB681B681946786800F07EFE45E0B4
:1063E000FB681033184600F027FF0346FB72FB687A
:1063F00093F8333003F00803002B05D0FB7A1946DD
:10640000786800F0F5F92AE0FB6893F832301B2B2E
:106410000CD1FB7A5B2B09D1FB6893F8333043F046
:106420000803DAB2FB6883F8332018E0FB7A1846D9
:1064300000F0AAFE0346002B05D0FB7A19467868C7
:1064400000F086FA0BE0FB7A184600F0BDFE03462A
:10645000002B04D0FB7A1946786800F027FA786898
:1064600000F012FDFB68FA7A83F83220FB681033E3
:10647000184600F0C0FE0346002BB1D1FB6893F82C
:10648000333003F00103002B14D0FB6800221A8480
:10649000FB68DB69FA68128C134400221A70FB68EF
:1064A00093F8333023F00103DAB2FB6883F833202A
:1064B00000E000BF1037BD4680BD000080B584B04D
:1064C00000AF786039607B681B68002B3ED07B682A
:1064D000DB68FB60FB689B8E7B81FB6893F8333045
:1064E00003F01003002B02D1786800F0C1FDFB68B7
:1064F0007A899A863968786800F0EFFD154B1B6839
:106500001946786800F0E9FDFB6893F8333003F032
:106510001003002B1BD1FB681B681946786800F03C
:10652000DCFDFB68DB691946786800F0D6FDFB6886
:106530001A8CFB681A86FB689B8E002219467868C5
:1065400000F0ECFD786800F09FFC00E000BF103721
:10655000BD4680BD3C06002480B588B000AF7860A1
:106560007B68002B66D0354BFB600023FB77002354
:10657000BB770023BB6100237B6147E07B6901336C
:106580007B61BB7F002B02D00023BB7729E0FB7C23
:106590005C2B02D10123BB7738E0FB7C222B10D18E
:1065A000FB7F002B14BF01230023DBB283F0010328
:1065B000DBB2FB77FB7F03F00103FB770023FB7467
:1065C0000FE0FB7F83F00103DBB2002B09D0FB7CE3
:1065D0001946F86826F0FDFD0346002B01D0002384
:1065E000FB74FB7C002B09D1BB69002B0EDDBB6962
:1065F000013B7A6813441B78002B07D0BB697A688B
:106600001344FA7C1A70BB690133BB617B697A68F9
:1066100013441B78FB74FB7C002BAFD1BB697A68F9
:10662000134400221A70BB6901337A6813440022B4
:106630001A7000E000BF2037BD4680BD4C1503082E
:1066400080B584B000AF78600B467B807B881946AC
:10665000786800F020FF0346FB81FB894FF6FF724C
:10666000934203D0FB897A68134400E00023184664
:106670001037BD4680BD80B584B000AF78600B4652
:106680007B807B881946786800F005FF0346FB8114
:10669000FB894FF6FF72934203D0FB897A6813445B
:1066A00000E0002318461037BD4680BD80B485B099
:1066B00000AF78607B68002B03D07B681B78002BD1
:1066C00001D1002319E00023FB6001237B81FB68DB
:1066D0007A6813441B78002B09D1FB6801337A6870
:1066E00013441B78002B06D07B8901337B81FB6828
:1066F0000133FB60EBE700BF7B8918461437BD46CA
:106700005DF8047B7047000080B586B000AF78600C
:106710000B46FB707B68DB683B613B699B89002B08
:106720005FD0FB78002B05D03B695A893B699B8978
:106730009A4256D0FB7883F00103DBB2002B03D0E2
:106740003B695B89002B4CD0786800F091FC3B6979
:106750001B681946786800F0C0FCFB78002B06D057
:106760003B695B8901339AB23B695A8105E03B6919
:106770005B89013B9AB23B695A813B691A1D3B69AF
:106780005B891946104600F00DFE78617B69002B8D
:1067900001D1164B7B617869F9F7ACFD0346FB81AB
:1067A0003B69DB69FA897969184626F0A6FD3B69E1
:1067B000DA69FB89134400221A703B69FA891A844A
:1067C0003B69DB691946786800F087FC3B691A8CE5
:1067D0003B691A863B6900229A86786800F054FB70
:1067E00000E000BF1837BD4680BD00BF501503084C
:1067F00090B585B000AF78600B46FB707B68DB68B6
:10680000FB60FB783F2B48D9FB787E2B45D8FB6893
:1068100093F8333023F00803DAB2FB6883F83320AF
:10682000FB78412B02D0FB78422B09D1FB78412B1E
:106830000CBF01230023DBB219467868FFF764FF21
:10684000FB78432B0FD1FB689B8E002B0BD0FB6892
:106850009B8E013B9AB2FB689A86124B1B681946C5
:10686000786800F03AFCFB78442B16D1FB689B8ECD
:106870001C46FB68DB691846F9F73CFD03469C4261
:106880000BD2FB689B8E01339AB2FB689A86064B4B
:106890001B681946786800F020FC00BF1437BD461D
:1068A00090BD00BF400600244406002480B584B09B
:1068B00000AF78600B46FB707B68DB68FB60FB68B1
:1068C0001B8C0233FA68528C93423BDAFB68DB691B
:1068D0001846F9F70FFD0246FB689B8ED31ABB6082
:1068E000FB68DA69BB680133D018FB68DA69BB68FA
:1068F000D118FB689B8E01331A4626F039FCFB68E1
:106900001B8C01339AB2FB681A84FB681B8E01331F
:106910009AB2FB681A86FB68DA69BB681344FA7896
:106920001A70FB689B8E002B05D0084B1B6819461C
:10693000786800F0D2FB7B681B68FA7811467868AB
:10694000984700E000BF1037BD4680BD50060024C8
:1069500080B584B000AF78600B46FB707B68DB6865
:10696000FB60FB6893F832300D2B02D1FB780A2BC9
:1069700078D0FB6893F832300A2B02D1FB780D2BCC
:1069800070D0FB780D2B02D0FB780A2B29D17868C8
:1069900000F0DCFA354B1B681946786800F09DFB67
:1069A000FB681B8C002B02D0786800F065F8FB6850
:1069B00000221A84FB68DB69FA68128C13440022F7
:1069C0001A70FB6800221A86FB6800225A81FB6855
:1069D00000229A86FB681B681946786800F07DFBE8
:1069E00041E0FB78082B02D0FB787F2B33D1FB688A
:1069F0001B8C1A46FB689B8ED31A002B2BDD1C4B7D
:106A00001B681946786800F068FB1A4B1B6819462A
:106A1000786800F062FBFB68DB691846F9F76AFCEE
:106A20000246FB689B8ED31ABB60FB68DA69BB68C1
:106A3000013BD018FB68DA69BB68D118FB689B8EF4
:106A400001331A4626F094FBFB681B8C013B9AB27B
:106A5000FB681A8407E0FB78092B04D1786800F002
:106A600075FA00E000BF1037BD4680BD3C0600242B
:106A7000440600245406002490B58FB000AF78601F
:106A80007B68DB68BB61012387F8373000233B63F9
:106A90000DE0BB69DA693B6B13441B78202B03D0F4
:106AA000002387F8373008E03B6B01333B63BB6959
:106AB0001B8C1A463B6B9342EBDB97F83730002B6D
:106AC00040F0FA80BB691A1DBB69DB6919461046A4
:106AD00000F004FC0023FB620023BB62002387F864
:106AE000273000233B6230E0BB69DA693B6A13441C
:106AF0001B78FB75FB7D202B0FD1BB6A002B05D1CA
:106B0000BB69DA693B6A134400221A70FB6A002BE6
:106B100018D0012387F8273014E0FB6A002B05D139
:106B2000BB69DA693B6A1344FB620BE0BB6A002B6A
:106B300008D197F82730002B04D0BB69DA693B6A8B
:106B40001344BB623B6A01333B62BB691B8C1A4630
:106B50003B6A9342C8DBBB69DA69BB691B8C0133B2
:106B6000134400221A70FB6A002B00F0A780002358
:106B7000FB6172E0BB69596AFA6913465B00134412
:106B8000DB000B445B681946F86AF9F7A9FB03467A
:106B9000002B5FD1BB69596AFA6913465B00134445
:106BA000DB000B445B69002B5ED0BB69596AFA6954
:106BB00013465B001344DB000B441B7B002B02D00D
:106BC000B86AFFF7C9FCBB6993F8333043F0100390
:106BD000DAB2BB6983F83320BB6A002B1AD039497B
:106BE000B86AF9F77DFB0346002B06D03649B86A30
:106BF000F9F776FB0346002B0CD1BB69596AFA6999
:106C000013465B001344DB000B441946786800F020
:106C10005DF815E0BB69596AFA6913465B001344D5
:106C2000DB000B445C69BB69596AFA6913465B0077
:106C30001344DB000B441B691A46B96A7868A04705
:106C4000BB6993F8333023F01003DAB2BB6983F8E1
:106C5000332034E0FB690133FB61BB699B8D1A462D
:106C6000FB69934286DB00E000BF7B685B68002B1A
:106C70001DD0FB6AFB60BB6A3B61BB6993F8333094
:106C800043F01003DAB2BB6983F833207B685B689A
:106C900007F10C02114678689847BB6993F83330C6
:106CA00023F01003DAB2BB6983F8332007E0F96AF6
:106CB000786801F045F802E000BF00E000BF3C3713
:106CC000BD4690BD541503085815030880B582B021
:106CD00000AF786039603B689B68002B10D07B6800
:106CE0001B680921786898473B689B681946786853
:106CF00000F0F3F9044B1B681946786800F0EDF9D1
:106D000000BF0837BD4680BD3C06002480B58EB06C
:106D100000AFF860B9607A6000233B610023BB825A
:106D20000023FB827868F9F7E5FA7862BB68DB68D4
:106D30003B623B6A9B8D002B02D07B6A002B08D103
:106D4000FB681A4607F1100393E8030082E803008A
:106D500095E000237B6383E03B6A596A7A6B1346B4
:106D60005B001344DB000B445B68FB61F869F9F7D7
:106D7000C1FAB8613B6A9A6A7B6B13441A783B6A22
:106D8000996A7B6B0B4422F00102D2B21A70BA6985
:106D90007B6A9A425ED3012387F833300023FB627B
:106DA00010E07A68FB6A13441A78F969FB6A0B44AD
:106DB0001B789A4203D0002387F8333006E0FB6A41
:106DC0000133FB62FA6A7B6A9A42EAD397F833305E
:106DD00083F00103DBB2002B3ED13B6A9A6A7B6BE6
:106DE00013441A783B6A996A7B6B0B4442F00102A8
:106DF000D2B21A70FB8A002B04D0BB8A1A46BB6938
:106E0000934202D2BB699BB2BB82FB8A01339BB225
:106E1000FB82FB8A012B02D1FB693B611DE03B6ACF
:106E20001B8CBB6210E03A69BB6A13441A78F9699B
:106E3000BB6A0B441B789A4203D0BB6A9BB2BB82ED
:106E40000BE0BB6A0133BB62BB8A1A46BB6A934242
:106E5000E9D302E000BF00E000BF7B6B01337B633E
:106E60003B6A9B8D1A467B6B9342FFF675AFFB68BE
:106E70001A4607F1100393E8030082E80300F8685C
:106E80003837BD4680BD000080B588B000AF78605F
:106E90007B68DB687B617B6993F8333003F0200308
:106EA000002B4AD07B69DA6907F10C037968184630
:106EB000FFF72CFF7B8A002B02D17B691B8C3B8266
:106EC000204B1B681946786800F007F97B699B8E98
:106ED00001221946786800F021F97B691B8CFB615F
:106EE0000BE07B681B68F968FA690A44127811465E
:106EF00078689847FB690133FB613B8A1A46FB6956
:106F00009342EED33B8ABB6107E07B681B6820217C
:106F100078689847BB690133BB617B691B8E1A4651
:106F2000BB699342F1D33A8A7B691A86064B1B6888
:106F30001946786800F0D1F800E000BF2037BD4660
:106F400080BD00BF480600244C06002480B588B0F0
:106F500000AF78607B68DB68BB61BB69DA6907F109
:106F60000C0379681846FFF7D1FE7B8A002B78D096
:106F70007B8A012B04D03A8ABB691B8C9A4231D997
:106F8000BB69DB69F9683A8A184626F0B6F97B8A4C
:106F9000012B09D1BB69DB693A8A134420221A709C
:106FA0003B8A01339BB23B82BB69DB693A8A13445B
:106FB00000221A70BB69DB69BA69128C1146BA6982
:106FC000928E8A1A13441946786800F086F83A8A35
:106FD000BB691A84BB691A8CBB691A86BB6900221B
:106FE0009A863FE0786800F043F80023FB6121E0D7
:106FF000BB699A6AFB6913441B7803F00103002BF9
:1070000014D0BB69596AFA6913465B001344DB006C
:107010000B445B687B617969786800F05EF8134B1C
:107020001B681946786800F058F800E000BFFB695B
:107030000133FB61BB699B8D1A46FB699342D7DB29
:10704000BB691B681946786800F047F8BB69DB69C3
:107050001946786800F041F8BB691A8CBB691A863A
:1070600000E000BF2037BD4680BD00BF3C060024C5
:1070700090B587B000AF78607B68DB683B613B69A7
:107080001B8E1C463B691B681846F9F733F903460B
:107090002344FB607B681B680D21786898470023B8
:1070A0007B6107E07B681B682021786898477B69D3
:1070B00001337B617A69FB689A42F3D37B681B6872
:1070C0000D21786898473B6900221A863B690022A7
:1070D0009A8600BF1C37BD4690BD80B584B000AF16
:1070E000786039603868F9F705F9B8600023FB600B
:1070F0000BE07B681B683968FA680A44127811460D
:1071000078689847FB680133FB60FA68BB689A426D
:10711000EFD300BF00BF1037BD4680BD80B586B03D
:1071200000AF78600B467B8013467B707B88002B1A
:1071300020D007F10C0300221A605A601A727B7883
:10714000002B04D00D4B1B6802331B7803E00C4B63
:107150001B6802331B78FB757A88FB7D07F10C00F6
:10716000084925F025FF07F10C0319467868FFF759
:10717000B4FF00E000BF1837BD4680BD40060024C4
:10718000440600246015030880B483B000AF0346B2
:10719000FB71FB790D2B0BD0FB790A2B08D0FB7907
:1071A000082B05D0FB79092B02D0FB797F2B01D16D
:1071B000012300E0002303F00103DBB218460C3783
:1071C000BD465DF8047B704780B483B000AF0346D2
:1071D000FB71FB791F2B04D9FB797E2B01D801238E
:1071E00000E0002303F00103DBB218460C37BD4674
:1071F0005DF8047B704780B483B000AF78607B6833
:10720000DA887B689B889A4206D37B68DA887B6839
:107210009B88D31A9BB209E07B681A897B689B889C
:10722000D31A9AB27B68DB8813449BB218460C379A
:10723000BD465DF8047B704780B485B000AF7860D0
:107240000023FB737B689A887B68DB889A4214D0A2
:107250007B681B687A68928813441B78FB737B6891
:107260009B8801339BB27A681289B3FBF2F101FB70
:1072700002F29B1A9AB27B689A80FB7B18461437FD
:10728000BD465DF8047B704780B485B000AF786080
:107290000B46FB707B68DB8801339BB27A681289EE
:1072A000B3FBF2F101FB02F29B1AFB817B689B8826
:1072B000FA899A420BD07B681B687A68D28813449B
:1072C000FA781A707B68FA89DA80012300E00023DB
:1072D00018461437BD465DF8047B704780B588B00A
:1072E00000AF786039603868F9F704F8B8617B68F6
:1072F0009B881A46BB6901339A4201D200234DE0B4
:107300003968786800F06AF824E07B681B891946C0
:10731000786800F047F878617869F8F7EBFF386132
:107320007B681B687A69D31A1A463B691344013398
:10733000FB617B689B881A46FB69D31AFB60BB69BB
:107340000133FA689A420AD27B681B89013B9AB2E0
:107350007B681A817B681B89002BD6D100E000BFB7
:107360007B681B89002B0AD07B681A68BB690133D4
:10737000D0187B681B68FA69194625F0F9FE7B680E
:107380001868BB6901331A46396825F0B6FF7B6877
:107390001B8901339AB27B681A8101231846203772
:1073A000BD4680BD80B582B000AF78600B467B8063
:1073B0007B88002B04D07B681B897A889A4201D98C
:1073C000002307E07B681B687A8811461846FFF7A0
:1073D00037F9034618460837BD4680BD80B586B0EC
:1073E00000AF786039603B68002B4CD07B681B890C
:1073F000002B48D000237B6101237B8213E07B6854
:107400001B687A8A11461846FFF735F978613968A2
:107410007869F8F765FF0346002B0AD000237B61EB
:107420007B8A01337B827B681B897A8A9A42E6D900
:1074300000E000BF7B69002B27D07B681B89013BE4
:107440009AB27B681A817A8A7B681B8901339A42D7
:107450001DD07869F8F74EFFF8607B689B88194665
:10746000FB6801337A691A447B681B68D31ACB1A0C
:10747000BB60FB6801337A691344BA6819467869BE
:1074800025F076FE04E000BF02E000BF00E000BF90
:107490001837BD4680BD80B485B000AF78600B461C
:1074A0007B807B68002B02D07B88002B02D14FF6BB
:1074B000FF7328E00023FB810123BB81BA897B880D
:1074C0009A4213D0FB897A6813441B78002B09D1A8
:1074D000BB890133BB81FB8901337A6813441B7874
:1074E000002B05D0FB890133FB81E7E700BF00E0FB
:1074F00000BFFB897A6813441B78002B01D0FB89FD
:1075000001E04FF6FF7318461437BD465DF8047B63
:10751000704780B586B000AFF860B9607A6000232C
:107520007B6110E07B699B00BA6813441B681946B5
:10753000F868F8F7D5FE0346002B01D17B6908E017
:107540007B6901337B617A697B689A42EADB4FF0A1
:10755000FF3318461837BD4680BD000080B586B0A1
:1075600000AFF860B9607A60B868F8F7C3FE034608
:107570003B61B968F868FFF7B0FD00237B6106E066
:107580000849F868FFF7A9FD7B6901337B617A68D8
:107590003B69D31A7A699A42F2DB00BF00BF183701
:1075A000BD4680BD4C1503082DE9F04395B000AFF2
:1075B000F860B9607A60FB68DB687B637B6B9B8DEE
:1075C000002B0AD18249F868FFF787FD814B1B68C1
:1075D0001946F868FFF781FDA3E1B868FFF766F880
:1075E00003467B867B8E002B40F0E2806B461E4676
:1075F0002023BB62BB6A013B7B62BB6A00229846C8
:1076000091464FF000024FF000034FEA491343EA5E
:10761000D8634FEA4812BB6A00221C4615464FF059
:1076200000024FF000036B0143EAD4636201BB6ABE
:107630009B000733DB08DB00ADEB030D6B46033328
:107640009B089B003B620023FB640023BB6423E098
:107650007B6B596ABA6C13465B001344DB000B4426
:107660001B68BB61BB69002B13D0FA6C396AB8691F
:10767000FFF74FFF78617B69002B0ADAFA6CBB6A6F
:107680009A4206DAFB6C5A1CFA643A6AB96942F803
:107690002310BB6C0133BB647B6B9B8D1A46BB6CA8
:1076A0009342D5DB00237B647BE04B49F868FFF70E
:1076B00014FD3B6A7A6C53F822301946F868FFF7DC
:1076C0000CFD4649F868FFF708FD424B1B68194658
:1076D000F868FFF702FD00233B6453E07B6B596AB7
:1076E0003A6C13465B001344DB000B441B68FB61E0
:1076F000FB69002B43D03B6A7A6C53F82230194661
:10770000F869F8F7EDFD0346002B38D13449F868E5
:10771000FFF7E3FC7B6B596A3A6C13465B0013443A
:10772000DB000B445B681C221946F868FFF716FF64
:107730002C49F868FFF7D1FC7B6B596A3A6C134609
:107740005B001344DB000B449B68002B0DD07B6B6C
:10775000596A3A6C13465B001344DB000B449B6888
:107760001946F868FFF7B9FC03E01F49F868FFF70E
:10777000B4FC184B1B681946F868FFF7AEFC3B6C6D
:1077800001333B647B6B9B8D1A463B6C9342A5DBBC
:10779000104B1B681946F868FFF79FFC7B6C0133A0
:1077A0007B647A6CFB6C9A42FFF67FAFB546B8E01B
:1077B0007B8E012B40F0AB800121B868FEF740FFC3
:1077C000F862002387F83F300023BB638CE000BFE2
:1077D000681503083C060024801503088415030877
:1077E0008815030890150308941503087B6B596AE4
:1077F000BA6B13465B001344DB000B441B68002B81
:107800006ED07B6B596ABA6B13465B001344DB0086
:107810000B445B68F96A1846F8F762FD0346002BD3
:107820005FD1012387F83F304049F868FFF755FCE6
:107830007B6B596ABA6B13465B001344DB000B4445
:107840005B681946F868FFF748FC394B1B68194616
:10785000F868FFF742FC3749F868FFF73EFC7B6B9E
:10786000596ABA6B13465B001344DB000B441B6878
:107870001946F868FFF731FC2D4B1B681946F8686C
:10788000FFF72BFC7B6B596ABA6B13465B00134402
:10789000DB000B449B68002B17D02749F868FFF7E3
:1078A0001CFC7B6B596ABA6B13465B001344DB000C
:1078B0000B449B681946F868FFF70FFC1C4B1B68CC
:1078C0001946F868FFF709FC15E01C49F868FFF74E
:1078D00004FC174B1B681946F868FFF7FEFB0AE02B
:1078E00000BFBB6B0133BB637B6B9B8D1A46BB6BCD
:1078F0009342FFF67BAF97F83F3083F00103DBB292
:10790000002B0ED0F96AF86800F01AFA09E00C4969
:10791000F868FFF7E2FB064B1B681946F868FFF7AB
:10792000DCFB5437BD46BDE8F08300BFA01503085B
:107930003C060024AC150308B81503089415030889
:10794000C01503082DE9F04397B000AFF860B960A7
:107950007A60FB68DB68FB63FB6B9B8D002B0AD1B5
:107960009349F868FFF7B9FB924B1B681946F86812
:10797000FFF7B3FBCFE1B868FEF798FE03467B87BD
:107980007B8F002B40F005816B461E462023FB6257
:10799000FB6A013BBB62FB6A0022984691464FF0AE
:1079A00000024FF000034FEA491343EAD8634FEA5D
:1079B0004812FB6A00221C4615464FF000024FF0A9
:1079C00000036B0143EAD4636201FB6A9B00073347
:1079D000DB08DB00ADEB030D6B4603339B089B001C
:1079E0007B6200237B6500233B6533E0FB6B596AB8
:1079F0003A6D13465B001344DB000B441B68BB610C
:107A0000BB69002B06D06C49B869F8F769FC0346DE
:107A1000002B1BD1BB69002B01D0BB6900E0674B79
:107A20007B617A6D796A7869FFF773FD38613B692C
:107A3000002B0CDA7A6DFB6A9A4208DA7B6D5A1CCD
:107A40007A657A6A796942F8231000E000BF3B6DDD
:107A500001333B65FB6B9B8D1A463B6D9342C5DB47
:107A60007B6D002B0BD15249F868FFF736FB514B69
:107A70001B681946F868FFF730FBB5464BE1002359
:107A8000FB647FE04E49F868FFF727FB7B6AFA6CDE
:107A900053F822301946F868FFF71FFB4949F86888
:107AA000FFF71BFB434B1B681946F868FFF715FBF4
:107AB0000023BB6457E0FB6B596ABA6C13465B004A
:107AC0001344DB000B441B683B623B6A002B01D074
:107AD0003B6A00E0394BFB617B6AFA6C53F8223059
:107AE0001946F869F8F7FCFB0346002B38D13649F4
:107AF000F868FFF7F2FAFB6B596ABA6C13465B0041
:107B00001344DB000B445B681C221946F868FFF73E
:107B100025FD2E49F868FFF7E0FAFB6B596ABA6C4D
:107B200013465B001344DB000B449B68002B0DD015
:107B3000FB6B596ABA6C13465B001344DB000B44C1
:107B40009B681946F868FFF7C8FA03E02049F8680F
:107B5000FFF7C3FA174B1B681946F868FFF7BDFA21
:107B6000BB6C0133BB64FB6B9B8D1A46BB6C9342B1
:107B7000A1DB104B1B681946F868FFF7AEFAFB6CE7
:107B80000133FB64FA6C7B6D9A42FFF67BAFB5461E
:107B9000C1E07B8F012B40F0B4800121B868FEF773
:107BA0004FFD7863002387F8473000233B6495E05E
:107BB000F01503083C0600241416030818160308E1
:107BC0008015030884150308881503089015030819
:107BD00094150308FB6B596A3A6C13465B00134417
:107BE000DB000B445B68796B1846F8F779FB0346BA
:107BF000002B70D1FB6B596A3A6C13465B0013443F
:107C0000DB000B441B683B633B6B002B06D04449F5
:107C1000386BF8F765FB0346002B5BD1012387F82F
:107C200047304049F868FFF758FAFB6B596A3A6CDD
:107C300013465B001344DB000B445B681946F8688D
:107C4000FFF74BFA384B1B681946F868FFF745FAFF
:107C50003649F868FFF741FA3B6B002B01D03B6BCC
:107C600000E0334B1946F868FFF737FA2E4B1B68D4
:107C70001946F868FFF731FAFB6B596A3A6C1346FC
:107C80005B001344DB000B449B68002B17D0294991
:107C9000F868FFF722FAFB6B596A3A6C13465B00EF
:107CA0001344DB000B449B681946F868FFF715FA8C
:107CB0001D4B1B681946F868FFF70FFA15E01E49BF
:107CC000F868FFF70AFA184B1B681946F868FFF7BF
:107CD00004FA0AE000BF3B6C01333B64FB6B9B8DF5
:107CE0001A463B6C9342FFF675AF97F8473083F026
:107CF0000103DBB2002B0ED0796BF86800F020F89E
:107D000009E00E49F868FFF7E8F9074B1B681946C8
:107D1000F868FFF7E2F95C37BD46BDE8F08300BFC5
:107D200014160308A01503083C060024AC1503082C
:107D300018160308B8150308941503082416030839
:107D400080B582B000AF786039600B497868FFF782
:107D5000C4F939687868FFF7C0F908497868FFF70F
:107D6000BCF9074B1B6819467868FFF7B6F900BFE6
:107D70000837BD4680BD00BF5416030868160308C7
:107D80003C06002480B500AF0B4B0C4A1A600C4B2C
:107D90000A4A1A600B4B00221A60012011F005FB01
:107DA0000346094A1360084B1B68002B01D100BF32
:107DB000FDE700BF80BD00BF580600240000002082
:107DC0005C0600241CA5002420A5002480B487B0F4
:107DD00000AF786039603B68802B01D980233B601D
:107DE0003B68FF2B01D9FF233B603B680133FB60FD
:107DF000424B1A68424B1B689A4207D8404B1A689C
:107E00003E4B1B68D31AC3F5004304E03B4B1A6892
:107E10003B4B1B68D31A7B6131E0384B1B681B78E6
:107E2000FB72364B1A68FB7A01331344334A1360F2
:107E3000324B1B68334A934208D3304B1B68314A9C
:107E40009B1A1A46304B13442C4A13602F4B1B6865
:107E5000013B2E4A1360294B1A68294B1B689A4232
:107E600007D8274B1A68254B1B68D31AC3F5004364
:107E700004E0224B1A68224B1B68D31A7B617A6993
:107E8000FB689A4203D2214B1B68002BC5D11C4BC7
:107E90001B685A1C1A490A603A68D2B21A70184B09
:107EA0001B68184A934202D3154B174A1A600023E5
:107EB0003B6114E07A683B691A44114B1B68591CFA
:107EC0000F48016012781A700D4B1B680D4A9342DF
:107ED00002D30B4B0C4A1A603B6901333B613A6990
:107EE0003B689A42E6D3094B1B680133074A13608B
:107EF00000BF1C37BD465DF8047B70475C0600245C
:107F00005806002400800020000000201CA500244A
:107F100080B584B000AF78607868F8F7EBF9F86066
:107F2000F9687868FFF752FF00BF1037BD4680BD83
:107F300080B582B000AF78600D4B1B68002B13D06A
:107F40000B4B1B684FF0FF31184611F0EBFC03465A
:107F5000012B09D17868FFF7DBFF054B1868002378
:107F60000022002111F03AFA00BF0837BD4680BD5B
:107F700020A5002480B5A6B000AF786039607B688A
:107F80001B681B7887F893307B681B685A1C7B68DA
:107F90001A607B681B68234A934202D37B68224A9B
:107FA0001A6097F99330002B02DB97F8933000E0CA
:107FB0008023C7F88C300023C7F894301BE07B681F
:107FC0001B68197807F10802D7F8943013440A4661
:107FD0001A707B681B685A1C7B681A607B681B6878
:107FE000104A934202D37B680F4A1A60D7F8943044
:107FF0000133C7F89430D7F89420D7F88C309A42E0
:10800000DDD307F10802D7F88C30134400221A7030
:1080100007F1080319463868FEF750FA00BF983791
:10802000BD4680BD008000200000002080B584B0E7
:1080300000AF7860144B1B68002B20D0124B1B68DC
:108040004FF0FF31184611F06DFC0346012B16D19D
:108050000E4B1B68FB6005E007F10C0379681846BE
:10806000FFF788FFFA680A4B1B689A42F4D1064B67
:10807000186800230022002111F0B0F900E000BFD1
:108080001037BD4680BD00BF20A500245C0600243B
:108090005806002480B588B000AF78603960314B55
:1080A0001B68002B59D02F4B1B684FF0FF3118462F
:1080B00011F038FC0346012B4FD12B4B1B687A681B
:1080C0009A4202D9284B1B687B607B68002B07D142
:1080D000244B186800230022002111F07FF93DE0B5
:1080E000214B1A687B68D31A7B61204B1B68FB60AD
:1080F0000023FB6115E0FB681B78FB74FA68FB7CCE
:1081000001331344FB60FB68194A934206D3FB68B2
:10811000174A9B1A1A46174B1344FB60FB6901333D
:10812000FB61FA697B699A42E5D30023BB6108E0F1
:1081300007F10C0339681846FFF71CFFBB690133D0
:10814000BB61BA697B689A42F2D3064B1868002378
:108150000022002111F042F900E000BF2037BD46A7
:1081600080BD00BF20A500241CA500245C060024BF
:10817000008000200000002080B483B000AF786051
:1081800039607B683A689A6100BF0C37BD465DF87C
:10819000047B704780B483B000AF786039603B687F
:1081A0001A047B689A6100BF0C37BD465DF8047BFA
:1081B0007047000080B500AF4FF400410448FFF75E
:1081C000DBFF10210348FFF7D7FF00BF80BD00BFD2
:1081D00000100258000C025880B500AF4FF4004167
:1081E0000448FFF7D7FF10210348FFF7D3FF00BF74
:1081F00080BD00BF00100258000C025880B500AFCF
:10820000012011F0D2F80346084A1360074B1B689F
:10821000002B05D101220649042006F035FC04E0BC
:1082200001220449002006F02FFC80BD28A500246F
:108230009C160308C016030880B5ADF51E7D00AF7F
:1082400007F51E73A3F51B73186007F51E73A3F5DE
:108250001C73196007F51E73A3F51D731A6007F5EB
:108260001E73A3F51B731B68002B0DD007F51E733F
:10827000A3F51C731B68002B06D007F51E73A3F52E
:108280001D731B68002B01D1012353E02C4B1B688D
:108290004FF4FA71184611F045FB0346012B01D04B
:1082A000022347E0012387F8773207F51E73A3F511
:1082B0001B7307F11800322219680DF051FD0346B7
:1082C00087F8763297F87632002B2AD107F114031B
:1082D00007F51E72A2F51D7207F51E71A1F51C713E
:1082E00007F11800126809680EF08BFA034687F848
:1082F000763207F1180318460EF01CFE97F8763216
:10830000002B0ED107F51E73A3F519731B6807F533
:108310001E72A2F51D7212689A4202D1002387F8DC
:108320007732074B186800230022002111F056F81D
:1083300097F87732184607F51E77BD4680BD00BF17
:1083400028A5002480B584B000AFF860B9607A60D9
:108350007A68B968F868FFF76FFF03461846103768
:10836000BD4680BD80B582B000AF10F07BFC786068
:108370000B49786810F068FA0346002B0BD10122F4
:10838000074908480DF076FC03463B603B68002B2C
:1083900001D0012300E0002318460837BD4680BD08
:1083A00024A500240000002490B5ADF55D7D02AF4A
:1083B00007F55A73A3F55973186007F55A73A3F5B7
:1083C0005A73196007F55A73A3F558731F335B0985
:1083D0005C015D4B1B684FF47A71184611F0A2FAEC
:1083E0000346012B0AD007F55A73A3F55973574971
:1083F0001868FEF763F84FF0FF33A0E007F55A73F3
:10840000A3F55A7307F58470012219680DF0A8FCD2
:10841000034687F8673397F86733002B21D097F826
:10842000672307F55A73A3F55A7307F18400009286
:108430001B68474A802124F085FD07F1840207F577
:108440005A73A3F5597311461868FEF737F83E4B77
:10845000186800230022002110F0C0FF4FF0FF3306
:108460006DE007F55A73A3F559733A491868FEF79A
:1084700025F860220021204624F094FE07F582733F
:1084800007F584705F2221460EF014F8034687F842
:10849000673397F86733002B26D097F8672307F5E3
:1084A0005A73A3F55A7307F1840000921B682A4A95
:1084B000802124F047FD07F1840207F55A73A3F5E4
:1084C000597311461868FDF7F9FF07F584731846CC
:1084D0000EF030FD1C4B186800230022002110F024
:1084E0007DFF4FF0FF332AE007F55A73A3F51973A8
:1084F0001B680022E25407F55A73A3F5597321460D
:108500001868FDF7DBFF07F55A73A3F519731B68AD
:10851000002BAED107F55A73A3F559730D491868AE
:10852000FDF7CCFF07F5847318460EF003FD064BEC
:10853000186800230022002110F050FF0023184685
:1085400007F55B77BD4690BD28A50024E416030817
:10855000001703081C1703082017030890B5ADF592
:10856000417D02AF07F53E73A3F53B73186007F535
:108570003E73A3F53C73196007F53E73A3F53D7395
:108580001A60674B1B684FF47A71184611F0CAF9EC
:108590000346012B0AD007F53E73A3F53B736149EF
:1085A0001868FDF78BFF4FF0FF33B4E007F53E731B
:1085B000A3F53C7307F19800322219680DF0D0FB47
:1085C000034687F8F73297F8F732002B21D097F857
:1085D000F72207F53E73A3F53C7307F118000092EC
:1085E0001B68514A802124F0ADFC07F1180207F501
:1085F0003E73A3F53B7311461868FDF75FFF484BC8
:10860000186800230022002110F0E8FE4FF0FF332D
:1086100081E007F53E73A3F53D731B68002B58D02E
:1086200007F53E73A3F53D731B681B78002B50D0F4
:1086300007F53E73A3F53D731868F7F75BFE044634
:1086400007F1140307F53E72A2F53D7107F198009A
:10865000224609680EF0D5F8034687F8F73297F8F6
:10866000F732002B0ED107F53E73A3F53D73186862
:10867000F7F740FE024607F53E73A3F539731B6812
:108680009A4226D097F8F72207F53E73A3F53C737C
:1086900007F1180000921B68244A802124F052FC44
:1086A00007F1180207F53E73A3F53B7311461868EE
:1086B000FDF704FF07F1980318460EF03BFC184B3A
:1086C000186800230022002110F088FE4FF0FF33CD
:1086D00021E007F1980318460EF02CFC104B1868A7
:1086E00000230022002110F079FE07F53E73A3F568
:1086F0003C7307F118001B680D4A802124F022FC0E
:1087000007F1180207F53E73A3F53B73114618688D
:10871000FDF7D4FE0023184607F53F77BD4690BD10
:1087200028A50024E41603083C170308641703086F
:108730008417030880B5ADF5427D02AF07F540739D
:10874000A3F53F731860574BC7F8FC32564B1B68B4
:108750004FF47A71184611F0E5F80346012B08D062
:1087600007F54073A3F53F7350491868FDF7A6FE5F
:1087700093E007F10800D7F8FC324D4A4FF4C0717E
:1087800024F0E0FB07F1080207F54073A3F53F73FF
:1087900011461868FDF792FE07F52A73D7F8FC1208
:1087A00018460EF0F6FB034687F8FB3297F8FB32CB
:1087B000002B55D107F5C47207F52A7311461846E8
:1087C0000EF031FD034687F8FB3297F8FB32002BA1
:1087D00040D107F54073A3F5BC739B7E002B39D0C5
:1087E00007F54073A3F5BC731B7B03F01003002B4C
:1087F00014D007F5C4731A3307F108002D4A4FF45B
:10880000C07124F09FFB07F1080207F54073A3F540
:108810003F7311461868FDF751FECBE707F540732B
:10882000A3F5BC73D3E9002307F5C4731A3307F12A
:1088300008000092204A4FF4C07124F083FB07F136
:10884000080207F54073A3F53F7311461868FDF75A
:1088500035FEAFE707F52A7318460EF0B9FC15E0B0
:1088600097F8FB3207F108000093D7F8FC32134A5F
:108870004FF4C07124F066FB07F1080207F540735E
:10888000A3F53F7311461868FDF718FE064B1868EC
:1088900000230022002110F0A1FD07F54077BD461E
:1088A00080BD00BF24A5002428A50024E4160308E9
:1088B000A0170308B8170308C4170308DC17030838
:1088C00080B586B000AF08F001F87861381D7B698B
:1088D000094A102124F036FB3B1D1846F7F70AFD24
:1088E00002463B1D19460548FFF7A6FC03461846FD
:1088F0001837BD4680BD00BFFC17030800180308E9
:1089000080B5ADF51E7D00AF07F51E73A3F51E7390
:1089100000221A6007F0DAFFC7F8740207F11803A3
:1089200001222A4918460DF01BFA034687F87332D4
:1089300097F87332002B01D0002341E03B1D07F173
:10894000080107F118000F220DF0B4FD034687F867
:10895000733207F1180318460EF0ECFA97F87332E9
:10896000002B06D107F51E73A3F51D731B68002BA2
:1089700001D1002324E007F51E73A3F51D731B68C6
:1089800007F51E72A2F51C720021D1543A4607F178
:1089900008030F49184624F02DFB0346012B01D094
:1089A00000230DE007F51E73A3F51E731B68D7F8AF
:1089B0007422D31A074A93428CBF01230023DBB2EF
:1089C000184607F51E77BD4680BD00BF0018030896
:1089D000FC17030880F4030080B5ADF5067D00AFF9
:1089E00001223F49002006F04FF83E4B1B6841F240
:1089F0008831184610F096FF0346012B06D001225D
:108A00003949042006F040F8022363E00022374988
:108A100000200DF02FF907F50673A3F50573022268
:108A20001A7007F50673A3F5057300225A7007F54F
:108A30000673A3F5057300225A6007F50673A3F5C4
:108A4000057300229A6007F50673A3F505730022EB
:108A5000DA6007F11402391D4FF4007323480EF059
:108A600087FD034687F8173297F81732002B1FD17E
:108A700001221E491E480DF0FDF8034687F8173203
:108A800097F81732002B0DD101221A49002005F06A
:108A9000FBFF144B186800230022002110F09EFCFD
:108AA000002317E001221449042005F0EDFF09E03E
:108AB00001221249042005F0E7FF01220B490C486E
:108AC0000DF0D8F8074B186800230022002110F0A1
:108AD00085FC0123184607F50677BD4680BD00BF1B
:108AE0001018030828A500244018030824A5002412
:108AF0000000002478180308B0180308E0180308E1
:108B000080B584B000AF03463960FB711346BB717A
:108B1000104B1B6807F10C010022184611F008F8F1
:108B20000346012B12D17B7BFA799A420ED1094B75
:108B30001B6807F10C010022184610F00BFE064BD3
:108B4000186800230022002110F048FC00BF1037F5
:108B5000BD4680BD40A700243CA7002480B59CB042
:108B600002AF104B1B6807F164010022184610F099
:108B7000F1FD0346012B10D197F864301A4697F89F
:108B80006530384600931346074A642124F0DAF929
:108B90003B4619460548F9F7C9FE00BF6837BD4690
:108BA00080BD00BF40A700240C190308004400400A
:108BB00080B582B000AF786001220449042005F03E
:108BC00063FF00BF0837BD4680BD00BF44190308DE
:108BD00080B500AF0021114815F004FB10490F4883
:108BE00015F04DFB03220021012010F04CFB034641
:108BF0000C4A1360002202210A2010F044FB0346B5
:108C0000094A136015F018FC084815F0B7FB084A2C
:108C10000021002005F086FD00BF80BD2CA50024AA
:108C2000B18B00083CA7002440A70024018B00085A
:108C30005419030880B582B000AF0FE00F48F9F770
:108C400079FF78607B68002B08DB7B68DBB2FB7008
:108C5000FB1C012219460A4815F020FB0748F9F7CA
:108C60008AFF0346002BE9D100220021044815F0B9
:108C700015FB00BF0837BD4680BD00BF007800402F
:108C80002CA5002480B582B000AFFF233B713A1DB4
:108C900001230021144815F053FB00233B700123EE
:108CA0007B70124B1868394600234FF0FF3210F0EA
:108CB00095FB0F4B1B684FF47A71184610F032FE8B
:108CC0000346012B05D100220A49022005F0DCFEF3
:108CD00006E000220849042005F0D6FEFFF73EFF1B
:108CE00000BF0837BD4680BD2CA5002440A7002446
:108CF0003CA70024681903088819030880B584B0CC
:108D000000AF78600023FB607B681B0EDBB2FB7357
:108D10007B681B0CDBB2BB737B681B0ADBB27B730B
:108D20007B68DBB23B7307F10C0204230221154878
:108D300015F006FB144B1B883B81144B186807F198
:108D4000080100234FF0FF3210F048FB104B1B6866
:108D50004FF47A71184610F0E5FD0346012B05D15A
:108D600000220C49022005F08FFE06E000220A498D
:108D7000042005F089FEFFF7F1FE00BF1037BD4665
:108D800080BD00BF2CA50024E419030840A70024DF
:108D90003CA70024A4190308C819030880B586B0AD
:108DA00000AF07F11003184607F044FD07F1080370
:108DB00000221A601A713B7C3B72FB7C7B723B7D0C
:108DC000BB727B7DFB72FF233B7307F10802052317
:108DD0000421144815F0B4FA134B1B88BB80134BC5
:108DE0001868391D00234FF0FF3210F0F7FA104BCE
:108DF0001B684FF47A71184610F094FD0346012B5E
:108E000005D100220B49022005F03EFE06E00022BB
:108E10000949042005F038FEFFF7A0FE00BF18370F
:108E2000BD4680BD2CA50024281A030840A70024B5
:108E30003CA70024E81903080C1A030880B584B085
:108E400000AF0346FB71FB793B7307F10C02012372
:108E50000821154815F074FA144B1B883B81144BFC
:108E6000186807F1080100234FF0FF3210F0B6FA3E
:108E7000104B1B684FF47A71184610F053FD0346EF
:108E8000012B05D100220C49022005F0FDFD06E072
:108E900000220A49042005F0F7FDFFF75FFE00BF3E
:108EA0001037BD4680BD00BF2CA500246C1A0308F6
:108EB00040A700243CA700242C1A0308501A0308DA
:108EC00090B589B000AF0446084611461A462346BD
:108ED000FB800346BB800B467B8013467B7007F10B
:108EE000100300221A605A609A60C3F80B20FB88B6
:108EF0001B0A9BB2DBB23B74FB88DBB27B74BB8882
:108F00001B0A9BB2DBB2BB74BB88DBB2FB747B88F1
:108F10001B0A9BB2DBB23B757B88DBB27B757B782F
:108F2000BB7597F83030FB7597F834303B7697F87F
:108F300038307B7697F83C30BB76B7F840301B0A68
:108F40009BB2DBB2FB76B7F84030DBB23B7797F8E9
:108F500044307B77FF23BB7707F110020F230A21F0
:108F6000144815F0EDF9144B1B88BB81134B18689E
:108F700007F10C0100234FF0FF3210F02FFA104BD5
:108F80001B684FF47A71184610F0CCFC0346012B95
:108F900005D100220B49022005F076FD06E00022F3
:108FA0000949042005F070FDFFF7D8FD00BF243704
:108FB000BD4690BD2CA50024B41A030840A7002488
:108FC0003CA70024701A0308941A030880B582B0E5
:108FD00000AFFF233B713A1D01230C21144815F00B
:108FE000AFF9144B1B883B80134B1868394600239C
:108FF0004FF0FF3210F0F2F9104B1B684FF47A710A
:10900000184610F08FFC0346012B05D100220C49B5
:10901000022005F039FD06E000220A49042005F08F
:1090200033FDFFF79BFD00BF0837BD4680BD00BF85
:109030002CA50024001B030840A700243CA7002403
:10904000B81A0308E01A030880B582B000AFFF2306
:109050003B713A1D01230E21144815F071F9144B90
:109060001B883B80134B1868394600234FF0FF32B2
:1090700010F0B4F9104B1B684FF47A71184610F0D9
:1090800051FC0346012B05D100220C49022005F0BA
:10909000FBFC06E000220A49042005F0F5FCFFF77E
:1090A0005DFD00BF0837BD4680BD00BF2CA5002474
:1090B000481B030840A700243CA70024041B030806
:1090C000281B030880B586B000AF0346FB800B4623
:1090D0007B7113467B8007F1100300221A609A808F
:1090E000FB881B0A9BB2DBB23B74FB88DBB27B7450
:1090F0007B79BB747B881B0A9BB2DBB2FB747B88D9
:10910000DBB23B75FF237B7507F1100206231021AC
:10911000144815F015F9144B1B88BB81134B1868C4
:1091200007F10C0100234FF0FF3210F057F9104BFC
:109130001B684FF47A71184610F0F4FB0346012BBC
:1091400005D100220B49022005F09EFC06E000221A
:109150000949042005F098FCFFF700FD00BF18370F
:10916000BD4680BD2CA50024A01B030840A70024F9
:109170003CA700244C1B0308781B030880B582B071
:1091800000AFFF233B713A1D01231221144815F053
:10919000D7F8144B1B883B80134B186839460023C3
:1091A0004FF0FF3210F01AF9104B1B684FF47A7130
:1091B000184610F0B7FB0346012B05D100220C49DD
:1091C000022005F061FC06E000220A49042005F0B7
:1091D0005BFCFFF7C3FC00BF0837BD4680BD00BF86
:1091E0002CA50024FC1B030840A700243CA7002456
:1091F000A41B0308D41B030880B582B000AFFF2373
:109200003B713A1D01231421144815F099F8144BB1
:109210001B883B80134B1868394600234FF0FF3200
:1092200010F0DCF8104B1B684FF47A71184610F000
:1092300079FB0346012B05D100220C49022005F0E1
:1092400023FC06E000220A49042005F01DFCFFF77C
:1092500085FC00BF0837BD4680BD00BF2CA500249B
:10926000541C030840A700243CA70024001C03084A
:109270002C1C030880B588B000AFF8600846114682
:109280001A4603467B810B463B811346FB8007F160
:10929000140300221A605A60C3F80720FB681B0EF3
:1092A000DBB23B75FB681B0CDBB27B75FB681B0AF2
:1092B000DBB2BB75FB68DBB2FB757B891B0A9BB21B
:1092C000DBB23B767B89DBB27B763B891B0A9BB2A8
:1092D000DBB2BB763B89DBB2FB76FB881B0A9BB219
:1092E000DBB23B77FB88DBB27B77FF23BB7707F1F1
:1092F00014020B231621154815F022F8144B1B8875
:109300003B82144B186807F1100100234FF0FF3225
:1093100010F064F8104B1B684FF47A71184610F087
:1093200001FB0346012B05D100220C49022005F068
:10933000ABFB06E000220A49042005F0A5FBFFF77D
:109340000DFC00BF2037BD4680BD00BF2CA500240A
:10935000A41C030840A700243CA70024581C0308B1
:10936000801C030880B584B000AF0346FB71002366
:10937000BB81FB793B73FF237B7307F10C02022354
:109380001821154814F0DCFF144B1B883B81144B4B
:10939000186807F1080100234FF0FF3210F01EF8A3
:1093A000104B1B684FF47A71184610F0BBFA034655
:1093B000012B05D100220C49022005F065FB06E0D7
:1093C00000220A49042005F05FFBFFF7C7FB00BF3E
:1093D0001037BD4680BD00BF2CA50024F01C03083B
:1093E00040A700243CA70024A81C0308D01C0308A5
:1093F00080B584B000AF0346FB710023BB81FB79CD
:109400003B73FF237B7307F10C0202231A211548DB
:1094100014F096FF144B1B883B81144B186807F11E
:10942000080100234FF0FF320FF0D8FF104B1B68EC
:109430004FF47A71184610F075FA0346012B05D1E6
:1094400000220C49022005F01FFB06E000220A4919
:10945000042005F019FBFFF781FB00BF1037BD4664
:1094600080BD00BF2CA50024301D030840A70024A8
:109470003CA70024F41C0308141D030880B582B027
:1094800000AFFF233B713A1D01231C21144814F047
:1094900057FF144B1B883B80134B18683946002339
:1094A0004FF0FF320FF09AFF104B1B684FF47A71A8
:1094B000184610F037FA0346012B05D100220C495B
:1094C000022005F0E1FA06E000220A49042005F036
:1094D000DBFAFFF743FB00BF0837BD4680BD00BF86
:1094E0002CA50024801D030840A700243CA70024CD
:1094F000341D03085C1D030880B582B000AFFF2354
:109500003B713A1D01231E21144814F019FF144B1E
:109510001B883B80134B1868394600234FF0FF32FD
:109520000FF05CFF104B1B684FF47A71184610F077
:10953000F9F90346012B05D100220C49022005F060
:10954000A3FA06E000220A49042005F09DFAFFF77D
:1095500005FB00BF0837BD4680BD00BF2CA5002419
:10956000C41D030840A700243CA70024841D030851
:10957000A81D030880B584B000AF0346FB7100232B
:10958000BB81FB793B73FF237B7307F10C02022342
:109590002021154814F0D4FE144B1B883B81144B3A
:1095A000186807F1080100234FF0FF320FF016FF93
:1095B000104B1B684FF47A71184610F0B3F903464C
:1095C000012B05D100220C49022005F05DFA06E0CE
:1095D00000220A49042005F057FAFFF7BFFA00BF3E
:1095E0001037BD4680BD00BF2CA50024FC1D03081C
:1095F00040A700243CA70024C81D0308E41D03085D
:1096000080B584B000AF0346FB710023BB81FB79BA
:109610003B73FF237B7307F10C02022322211548C1
:1096200014F08EFE144B1B883B81144B186807F115
:10963000080100234FF0FF320FF0D0FE104B1B68E3
:109640004FF47A71184610F06DF90346012B05D1DD
:1096500000220C49022005F017FA06E000220A4910
:10966000042005F011FAFFF779FA00BF1037BD4664
:1096700080BD00BF2CA500243C1E030840A7002489
:109680003CA70024001E0308201E030880B584B0F8
:1096900000AF0346FB710023BB81FB793B73FF23C3
:1096A0007B7307F10C0202232821154814F048FEB1
:1096B000144B1B883B81144B186807F108010023E9
:1096C0004FF0FF320FF08AFE104B1B684FF47A7197
:1096D000184610F027F90346012B05D100220C494A
:1096E000022005F0D1F906E000220A49042005F025
:1096F000CBF9FFF733FA00BF1037BD4680BD00BF7E
:109700002CA500248C1E030840A700243CA700249D
:10971000401E0308681E030880B584B000AF0346EE
:10972000FB710023BB81FB793B73FF237B7307F144
:109730000C0202232A21154814F002FE144B1B8848
:109740003B81144B186807F1080100234FF0FF32EA
:109750000FF044FE104B1B684FF47A71184610F05E
:10976000E1F80346012B05D100220C49022005F047
:109770008BF906E000220A49042005F085F9FFF77D
:10978000EDF900BF1037BD4680BD00BF2CA50024F9
:10979000D41E030840A700243CA70024901E030801
:1097A000B41E030880B582B000AFFF233B713A1DA1
:1097B00001232C21144814F0C3FD144B1B883B805B
:1097C000134B1868394600234FF0FF320FF006FEA6
:1097D000104B1B684FF47A71184610F0A3F803463B
:1097E000012B05D100220C49022005F04DF906E0BD
:1097F00000220A49042005F047F9FFF7AFF900BF3E
:109800000837BD4680BD00BF2CA50024201F0308DB
:1098100040A700243CA70024D81E0308001F03080B
:1098200080B584B000AF03460A46FB711346BB7196
:1098300007F10C0300210A461A800A469A70FB7948
:109840003B73BB797B73FF23BB7307F10C020323CC
:109850002E21154814F074FD144B1B883B81144BCA
:10986000186807F1080100234FF0FF320FF0B6FD32
:10987000104B1B684FF47A71184610F053F80346EA
:10988000012B05D100220C49022005F0FDF806E06D
:1098900000220A49042005F0F7F8FFF75FF900BF3E
:1098A0001037BD4680BD00BF2CA50024601F0308F3
:1098B00040A700243CA70024241F0308441F0308DA
:1098C00080B584B000AF03460A46FB711346BB71F6
:1098D00007F10C0300210A461A800A469A70FB79A8
:1098E0003B73BB797B73FF23BB7307F10C0203232C
:1098F0003021154814F024FD144B1B883B81144B78
:10990000186807F1080100234FF0FF320FF066FDE1
:10991000104B1B684FF47A71184610F003F8034699
:10992000012B05D100220C49022005F0ADF806E01C
:1099300000220A49042005F0A7F8FFF70FF900BF3D
:109940001037BD4680BD00BF2CA50024A01F030812
:1099500040A700243CA70024641F0308841F0308B9
:1099600080B582B000AF00233B71FF233B713A1DED
:1099700001233221144814F0E3FC144B1B883B8074
:10998000134B1868394600234FF0FF320FF026FDC5
:10999000104B1B684FF47A7118460FF0C3FF034653
:1099A000012B05D100220C49022005F06DF806E0DC
:1099B00000220A49042005F067F8FFF7CFF800BF3E
:1099C0000837BD4680BD00BF2CA50024DC1F03085E
:1099D00040A700243CA70024A41F0308C41F0308B9
:1099E00080B584B000AF78600B46FB70FB787A6876
:1099F0003621154814F0A4FC144B1B88BB81144B72
:109A0000186807F10C0100234FF0FF320FF0E6FC5D
:109A1000104B1B684FF47A7118460FF083FF034612
:109A2000012B05D100220C49022005F02DF806E09B
:109A300000220A49042005F027F8FFF78FF800BF3D
:109A40001037BD4680BD00BF2CA50024542003085C
:109A500040A700243CA70024142003083820030852
:109A600080B588B000AF7860396007F118031846F8
:109A700006F0E0FE07F1100300221A601A713B7E27
:109A80003B74FB7E7B743B7FBB747B7FFB74FF234B
:109A90003B7507F11002052304211C4814F050FC0B
:109AA0001B4B1B88BB811B4B186807F10C01002363
:109AB0004FF0FF320FF092FC174B1B684FF47A7196
:109AC00018460FF02FFF0346012B13D10022134934
:109AD000022004F0D9FF7B68002B09D03B68002BE3
:109AE00006D064223968786814F0BCFC034609E0AB
:109AF000012307E000220A49042004F0C5FFFFF714
:109B00002DF8002318462037BD4680BD2CA5002423
:109B1000281A030840A700243CA70024E8190308DA
:109B20000C1A030880B586B000AF0346B9607A60AE
:109B3000FB73FB7B3B7507F11402012308211C48D2
:109B400014F0FEFB1B4B1B883B821B4B186807F174
:109B5000100100234FF0FF320FF040FC174B1B6841
:109B60004FF47A7118460FF0DDFE0346012B13D136
:109B700000221349022004F087FFBB68002B09D0A4
:109B80007B68002B06D064227968B86814F06AFC00
:109B9000034609E0012307E000220A49042004F0FB
:109BA00073FFFEF7DBFF002318461837BD4680BD64
:109BB0002CA500246C1A030840A700243CA700240D
:109BC0002C1A0308501A030890B589B000AF044658
:109BD000084611461A462346FB800346BB800B46C7
:109BE0007B8013467B7007F1100300221A605A60D5
:109BF0009A60C3F80B20FB881B0A9BB2DBB23B7454
:109C0000FB88DBB27B74BB881B0A9BB2DBB2BB74E4
:109C1000BB88DBB2FB747B881B0A9BB2DBB23B7553
:109C20007B88DBB27B757B78BB7597F83030FB7532
:109C300097F834303B7697F838307B7697F83C309D
:109C4000BB76B7F840301B0A9BB2DBB2FB76B7F8A5
:109C50004030DBB23B7797F844307B77FF23BB770C
:109C600007F110020F230A211C4814F069FB1C4B5A
:109C70001B88BB811B4B186807F10C0100234FF0B8
:109C8000FF320FF0ABFB184B1B684FF47A7118468C
:109C90000FF048FE0346012B13D100221349022086
:109CA00004F0F2FEBB6C002B09D0FB6C002B06D03D
:109CB0006422F96CB86C14F0D5FB034609E001236B
:109CC00007E000220A49042004F0DEFEFEF746FF0A
:109CD000002318462437BD4690BD00BF2CA50024A4
:109CE000B41A030840A700243CA70024701A0308F4
:109CF000941A030880B584B000AF78603960FF2300
:109D00003B7307F10C0201230C211C4814F018FBD3
:109D10001B4B1B883B811B4B186807F10801002374
:109D20004FF0FF320FF05AFB174B1B684FF47A715C
:109D300018460FF0F7FD0346012B13D100221349FB
:109D4000022004F0A1FE7B68002B09D03B68002BA9
:109D500006D064223968786814F084FB034609E071
:109D6000012307E000220A49042004F08DFEFEF7DB
:109D7000F5FE002318461037BD4680BD2CA50024F3
:109D8000001B030840A700243CA70024B81A0308BE
:109D9000E01A030880B588B000AF7B600346FB8102
:109DA0000B467B7313467B8107F1180300221A6070
:109DB0009A80FB891B0A9BB2DBB23B76FB89DBB244
:109DC0007B767B7BBB767B891B0A9BB2DBB2FB7607
:109DD0007B89DBB23B77FF237B7707F118020623F1
:109DE00010211C4814F0ACFA1B4B1B88BB821B4B88
:109DF000186807F1140100234FF0FF320FF0EEFA5C
:109E0000174B1B684FF47A7118460FF08BFD034611
:109E1000012B13D100221349022004F035FE7B6888
:109E2000002B09D0BB6A002B06D06422B96A78687F
:109E300014F018FB034609E0012307E000220A4959
:109E4000042004F021FEFEF789FE00231846203787
:109E5000BD4680BD2CA50024A01B030840A70024FC
:109E60003CA700244C1B0308781B030880B584B072
:109E700000AF78603960FF233B7307F10C020123C8
:109E800012211C4814F05CFA1B4B1B883B811B4BB6
:109E9000186807F1080100234FF0FF320FF09EFA17
:109EA000174B1B684FF47A7118460FF03BFD0346C1
:109EB000012B13D100221349022004F0E5FD7B6839
:109EC000002B09D03B68002B06D0642239687868E3
:109ED00014F0C8FA034609E0012307E000220A490A
:109EE000042004F0D1FDFEF739FE00231846103798
:109EF000BD4680BD2CA50024FC1B030840A7002400
:109F00003CA70024A41B0308D41B030880B588B019
:109F100000AFF860084611461A4603467B810B469F
:109F20003B811346FB8007F1140300221A605A603C
:109F3000C3F80720FB681B0EDBB23B75FB681B0CEC
:109F4000DBB27B75FB681B0ADBB2BB75FB68DBB25F
:109F5000FB757B891B0A9BB2DBB23B767B89DBB24C
:109F60007B763B891B0A9BB2DBB2BB763B89DBB2BB
:109F7000FB76FB881B0A9BB2DBB23B77FB88DBB22C
:109F80007B77FF23BB7707F114020B2316211C48B4
:109F900014F0D6F91B4B1B883B821B4B186807F14A
:109FA000100100234FF0FF320FF018FA174B1B6817
:109FB0004FF47A7118460FF0B5FC0346012B13D10C
:109FC00000221349022004F05FFDBB6A002B09D078
:109FD000FB6A002B06D06422F96AB86A14F042FAD0
:109FE000034609E0012307E000220A49042004F0A7
:109FF0004BFDFEF7B3FD002318462037BD4680BD5C
:10A000002CA50024A41C030840A700243CA700247E
:10A0100098200308BC20030880B586B000AF034633
:10A02000B9607A60FB730023BB82FB7B3B75FF2327
:10A030007B7507F11402022318211C4814F080F9E3
:10A040001B4B1B883B821B4B186807F11001002338
:10A050004FF0FF320FF0C2F9174B1B684FF47A71C3
:10A0600018460FF05FFC0346012B13D10022134961
:10A07000022004F009FDBB68002B09D07B68002B8F
:10A0800006D064227968B86814F0ECF9034609E058
:10A09000012307E000220A49042004F0F5FCFEF742
:10A0A0005DFD002318461837BD4680BD2CA5002451
:10A0B000F01C030840A700243CA70024A81C0308A8
:10A0C000D01C030880B586B000AF0346B9607A6043
:10A0D000FB730023BB82FB7B3B75FF237B7507F182
:10A0E000140202231A211C4814F02AF91B4B1B8866
:10A0F0003B821B4B186807F1100100234FF0FF3221
:10A100000FF06CF9174B1B684FF47A7118460FF07B
:10A1100009FC0346012B13D100221349022004F04D
:10A12000B3FCBB68002B09D07B68002B06D06422EF
:10A130007968B86814F096F9034609E0012307E04E
:10A1400000220A49042004F09FFCFEF707FD0023CB
:10A1500018461837BD4680BD2CA50024301D0308C5
:10A1600040A700243CA70024F41C0308141D030886
:10A1700080B584B000AF7860396000233B73FF2363
:10A180003B7307F10C0201231C211C4814F0D8F882
:10A190001B4B1B883B811B4B186807F108010023F0
:10A1A0004FF0FF320FF01AF9174B1B684FF47A711A
:10A1B00018460FF0B7FB0346012B13D100221349B9
:10A1C000022004F061FC7B68002B09D03B68002B67
:10A1D00006D064223968786814F044F9034609E02F
:10A1E000012307E000220A49042004F04DFCFEF799
:10A1F000B5FC002318461037BD4680BD2CA50024B1
:10A20000801D030840A700243CA70024D820030891
:10A210000021030880B584B000AF78603960002366
:10A220003B73FF233B7307F10C0201231E211C48E3
:10A2300014F086F81B4B1B883B811B4B186807F1F9
:10A24000080100234FF0FF320FF0C8F8174B1B68CE
:10A250004FF47A7118460FF065FB0346012B13D1BA
:10A2600000221349022004F00FFC7B68002B09D068
:10A270003B68002B06D064223968786814F0F2F845
:10A28000034609E0012307E000220A49042004F004
:10A29000FBFBFEF763FC002318461037BD4680BD6C
:10A2A0002CA50024C41D030840A700243CA70024BB
:10A2B000841D0308A81D030880B586B000AF0346BF
:10A2C000B9607A60FB730023BB82FB7B3B75FF2385
:10A2D0007B7507F11402022320211C4814F030F88A
:10A2E0001B4B1B883B821B4B186807F11001002396
:10A2F0004FF0FF320FF072F8174B1B684FF47A7172
:10A3000018460FF00FFB0346012B13D1002213490F
:10A31000022004F0B9FBBB68002B09D07B68002B3E
:10A3200006D064227968B86814F09CF8034609E006
:10A33000012307E000220A49042004F0A5FBFEF7F0
:10A340000DFC002318461837BD4680BD2CA50024FF
:10A35000FC1D030840A700243CA70024C81D0308D7
:10A36000E41D030880B586B000AF0346B9607A608B
:10A37000FB730023BB82FB7B3B75FF237B7507F1DF
:10A380001402022322211C4813F0DAFF1B4B1B8806
:10A390003B821B4B186807F1100100234FF0FF327E
:10A3A0000FF01CF8174B1B684FF47A7118460FF02A
:10A3B000B9FA0346012B13D100221349022004F0FD
:10A3C00063FBBB68002B09D07B68002B06D064229E
:10A3D0007968B86814F046F8034609E0012307E0FD
:10A3E00000220A49042004F04FFBFEF7B7FB0023CC
:10A3F00018461837BD4680BD2CA500243C1E030816
:10A4000040A700243CA70024001E0308201E0308C8
:10A4100080B584B000AF7860396000233B73FF23C0
:10A420003B7307F10C02012326211C4813F088FF1F
:10A430001B4B1B883B811B4B186807F1080100234D
:10A440004FF0FF320EF0CAFF174B1B684FF47A71C2
:10A4500018460FF067FA0346012B13D10022134967
:10A46000022004F011FB7B68002B09D03B68002B15
:10A4700006D064223968786813F0F4FF034609E0D7
:10A48000012307E000220A49042004F0FDFAFEF748
:10A4900065FB002318461037BD4680BD2CA500245F
:10A4A000C021030840A700243CA70024742103080E
:10A4B0009C21030880B586B000AF0346B9607A607E
:10A4C000FB730023BB82FB7B3B75FF237B7507F18E
:10A4D0001402022328211C4813F032FF1B4B1B8857
:10A4E0003B821B4B186807F1100100234FF0FF322D
:10A4F0000EF074FF174B1B684FF47A7118460FF07B
:10A5000011FA0346012B13D100221349022004F053
:10A51000BBFABB68002B09D07B68002B06D06422F5
:10A520007968B86813F09EFF034609E0012307E04D
:10A5300000220A49042004F0A7FAFEF70FFB0023CB
:10A5400018461837BD4680BD2CA500248C1E030874
:10A5500040A700243CA70024C4210308F0210308DD
:10A5600080B586B000AF0346B9607A60FB73002304
:10A57000BB82FB7B3B75FF237B7507F11402022333
:10A580002A211C4813F0DCFE1B4B1B883B821B4B13
:10A59000186807F1100100234FF0FF320EF01EFF84
:10A5A000174B1B684FF47A7118460FF0BBF903463E
:10A5B000012B13D100221349022004F065FABB6875
:10A5C000002B09D07B68002B06D064227968B8681C
:10A5D00013F048FF034609E0012307E000220A497F
:10A5E000042004F051FAFEF7B9FA00231846183790
:10A5F000BD4680BD2CA50024D41E030840A700241E
:10A600003CA70024901E0308B41E030880B584B044
:10A6100000AF7860396000233B73FF233B7307F181
:10A620000C0201232C211C4813F08AFE1B4B1B88B3
:10A630003B811B4B186807F1080100234FF0FF32E4
:10A640000EF0CCFE174B1B684FF47A7118460FF0D2
:10A6500069F90346012B13D100221349022004F0AB
:10A6600013FA7B68002B09D03B68002B06D06422CC
:10A670003968786813F0F6FE034609E0012307E025
:10A6800000220A49042004F0FFF9FEF767FA0023CC
:10A6900018461037BD4680BD2CA50024201F030896
:10A6A00040A700243CA70024D81E0308001F03086D
:10A6B00080B584B000AF7860396000233B73FF231E
:10A6C0003B7307F10C02012334211C4813F038FEC0
:10A6D0001B4B1B883B811B4B186807F108010023AB
:10A6E0004FF0FF320EF07AFE174B1B684FF47A7171
:10A6F00018460FF017F90346012B13D10022134916
:10A70000022004F0C1F97B68002B09D03B68002BC4
:10A7100006D064223968786813F0A4FE034609E085
:10A72000012307E000220A49042004F0ADF9FEF7F6
:10A7300015FA002318461037BD4680BD2CA500240D
:10A740001020030840A700243CA70024E01F0308B2
:10A75000FC1F030880B400AFBFF34F8F00BF064B50
:10A76000DB6803F4E0620449044B1343CB60BFF39E
:10A770004F8F00BF00BFFDE700ED00E00400FA05C9
:10A7800080B483B000AF786039607B681A693B6839
:10A7900013403A689A4201D1012300E00023184691
:10A7A0000C37BD465DF8047B7047000080B483B071
:10A7B00000AF0346FB71FB79092B2BD801A252F89D
:10A7C00023F000BFEDA70008F1A70008F5A70008D7
:10A7D000F9A70008FDA7000801A8000805A80008BF
:10A7E00009A800080DA8000811A800080D4B12E0E8
:10A7F0000D4B10E00D4B0EE00D4B0CE00D4B0AE045
:10A800000D4B08E00D4B06E00D4B04E00D4B02E054
:10A810000D4B00E00D4B18460C37BD465DF8047B30
:10A82000704700BF142203081C22030834220308C7
:10A83000482203085C2203087022030880220308D0
:10A8400090220308A4220308B8220308CC2203089C
:10A85000F0B58BB006AF786039607B681B0CFB737A
:10A860007B681B0ABB737B687B733B681B0C3B7369
:10A870003B681B0AFB723B68BB72FB7B4FF4616257
:10A8800002FB03F1BA7B13461B019B1A9B00CA18FB
:10A890007B7B13441A461A4B1A603B7B4FF4616270
:10A8A00002FB03F1FA7A13461B019B1A9B00CA189C
:10A8B000BB7A13441A46124B5A60114B00221A728B
:10A8C0000F4B00225A720E4B01229A72FD7BBE7B07
:10A8D00097F80DC00A4B1B683A7BF97AB87A084C96
:10A8E0006468049403900291019200936346324697
:10A8F0002946044806F0A4F900BF1437BD46F0BD50
:10A9000088920124DC22030880B584B000AF3B1D8F
:10A91000184605F08FFFFB791A464FF4616303FB7D
:10A9200002F23B7A19460B461B015B1A9B0013444B
:10A930007A7A1344FB60FB6818461037BD4680BD29
:10A9400080B584B000AF3B1D184605F073FFBB799E
:10A950001A46124B03FB02F27B791946104B01FB9E
:10A9600003F31A443B7919460E4B01FB03F31A44D7
:10A97000FB7919464FF4616301FB03F31A443B7AF8
:10A9800019460B461B015B1A9B0013447A7A134449
:10A99000FB60FB6818461037BD4680BD8033E1017F
:10A9A000008D27008051010080B588B002AF78602B
:10A9B0007B68B3F1FF3F08D1FFF7A6FFF860F968A5
:10A9C0001D4806F03DF9FB6832E07B681B0CFB7507
:10A9D0007B681B0ABB757B687B75FB7D172B05D8D5
:10A9E000BB7D3B2B02D87B7D3B2B09D9F97DBA7D02
:10A9F0007B7D124806F024F9FFF786FF034617E037
:10AA0000FB7D4FF4616202FB03F1BA7D13461B012B
:10AA10009B1A9B00CA187B7D13443B61F97DBA7D6C
:10AA2000787D3B6900930346054806F009F93B69C8
:10AA300018461837BD4680BD382303087423030821
:10AA4000B423030880B485B000AFF860B9607A60C1
:10AA50003B60FB68194AA2FB0323D90A184BA3FBEE
:10AA600001231A0913465B001344DB00CA1AD2B251
:10AA7000BB681A70FA68114BA3FB0213DB0A4FF490
:10AA8000616101FB03F3D31A0E4AA2FB03235B09A6
:10AA9000DAB27B681A70F9680A4BA3FB01235A09E2
:10AAA00013461B019B1A9B00CA1AD2B23B681A704C
:10AAB00000BF1437BD465DF8047B7047C5B3A29153
:10AAC000ABAAAAAA8988888890B58DB002AFF86031
:10AAD000B9607A60FB68002B07D07B68B3F5967F7E
:10AAE00003D37B685B4A934204D95B4806F0A8F81D
:10AAF0000023ABE0BB68594A934205D9B96858486E
:10AB000006F09EF80023A1E04FF411620021F868DE
:10AB100022F048FBFB687A68C3F80429FFF7F4FECB
:10AB2000B861504806F08CF8B9684F4806F088F8CC
:10AB300079684E4806F084F8B9694D4806F080F807
:10AB4000BB687B6200237B8437E07A6A7B681344AE
:10AB5000404A934206D93F4B7A68796A454806F0E5
:10AB60006FF82EE07B8CDB00FA6813447B617B6915
:10AB70007A6A1A607B69191D7B695A1D7B690633E5
:10AB8000786AFFF75FFF798C7B691B7918467B69D0
:10AB90005B791C467B699B791A467B691B6801932C
:10ABA000009223460246344806F04AF87B8C013373
:10ABB0007B847A6A7B6813447B627B8CB3F5907FDD
:10ABC000C3D3FB687A8CA3F80029FB680022A3F8A2
:10ABD0000229FB68012283F80C297B8C194627483F
:10ABE00006F02EF8002387F821300023FB831AE0BB
:10ABF000FA8BFB6853F83230BA699A4210D8FB6876
:10AC0000FA8BA3F80229012387F82130F98BFA8BFC
:10AC1000FB6853F832301A46194806F011F806E07E
:10AC2000FB8B0133FB83FA8B7B8C9A42E0D397F842
:10AC3000213083F00103DBB2002B06D0114805F070
:10AC4000FFFFFB680022A3F80229012318462C37D6
:10AC5000BD4690BD805101004C2403087F51010086
:10AC60008C240308CC240308F424030818250308C3
:10AC700034250308582503089C250308D02503081C
:10AC8000FC2503083C26030880B586B000AF786039
:10AC90007B68002B0CD07B6893F80C3983F00103A0
:10ACA000DBB2002B04D17B68B3F80039002B01D153
:10ACB000002332E0FFF728FE78617B68B3F80229B1
:10ACC0007B68B3F800399A420DD27B68B3F8023939
:10ACD000DB007A6813443B613B691B687A699A42DE
:10ACE00001D3012319E07B68B3F80239002B13D19B
:10ACF0007B68B3F80039002B0ED07B68FB60FB68E3
:10AD00001B687A699A4207D3FB681B683C337A69EF
:10AD10009A4201D8012300E0002318461837BD46A7
:10AD200080BD000090B589B004AF786039607B6861
:10AD3000002B4BD07B6893F80C3983F00103DBB216
:10AD4000002B43D17B68B3F80039002B3ED07B68E1
:10AD5000B3F802297B68B3F800399A4237D27B688E
:10AD6000B3F80239DB007A681344FB60FB681B7997
:10AD70001846FB685B791C46FB689B791946FB68A3
:10AD80001B687A68B2F80229029201930091234667
:10AD9000024639680F4805F053FF7B68B3F8023963
:10ADA00001339AB27B68A3F802297B68B3F80229C1
:10ADB0007B68B3F800399A4209D33968064805F030
:10ADC0003FFF7B680022A3F8022900E000BF143790
:10ADD000BD4690BD9C260308F4260308F0B591B04B
:10ADE00004AF786039607B68002B00F0F7803B6827
:10ADF000002B00F0F380FFF787FD386207F10C03AA
:10AE0000184605F017FD3968764805F019FF7B688C
:10AE100093F80C39002B01D0734B00E0734B1946AB
:10AE2000734805F00DFF7B68D3F804197B68D3F8ED
:10AE30000439704AA2FB03235B091A466E4805F0E9
:10AE4000FFFE7B68D3F8083919466C4805F0F8FE18
:10AE50007B68B3F800391946694805F0F1FE7B6854
:10AE6000B3F802391946674805F0EAFEBB7B1C4679
:10AE70007B7B1D463B7B1E46FB7B1A463B7C194673
:10AE80007B7C18463B6A0393029001910092334603
:10AE90002A4621465C4805F0D3FE7B68B3F80239A8
:10AEA000033B9BB2FB857B68B3F8023903339BB24B
:10AEB000BB85B7F92E30002B01DA0023FB85B7F9EB
:10AEC0002C307A68B2F80029934205DB7B68B3F82E
:10AED0000039013B9BB2BB85FB8D7B853EE0B7F91A
:10AEE0002A30DB007A6813447B61484B7B62B7F9F8
:10AEF0002A307A68B2F80229934202D1444B7B622D
:10AF000010E0B7F92A307A68B2F80229934202DADF
:10AF1000404B7B6206E07B691B683A6A9A4201D328
:10AF20003D4B7B62B7F92A107B691B791C467B6914
:10AF30005B791D467B699B7918467B691B687A6A39
:10AF40000292019300902B462246344805F078FE89
:10AF5000B7F92A309BB201339BB27B85B7F92A201F
:10AF6000B7F92C309A42BADD7B68B3F802297B68C6
:10AF7000B3F800399A422DD27B68B3F802391A46E9
:10AF80007B6853F83230FB610023BB613A6AFB698E
:10AF90009A420ED8FA693B6AD31ABB61BB69154A5B
:10AFA000A2FB03235B091A46B9691D4805F048FE58
:10AFB00015E0FA693B6AD21A1A4B1344BB61BB69AC
:10AFC0000C4AA2FB03235B091A46B969164805F02F
:10AFD00037FE04E0154805F033FE00E000BF3437CB
:10AFE000BD46F0BD4427030864270308682703080B
:10AFF0006C2703088988888880270308F4240308BD
:10B00000A8270308C0270308D82703082028030817
:10B010002428030830280308402803084C28030884
:10B020007C28030880510100B0280308E4280308A5
:10B0300080B485B000AF0346FB71FB79022B15D8B5
:10B04000FA7941F61C331344DB000B4A13440433F2
:10B05000FB60FB6800221A70FB6800225A80FB68C4
:10B0600000221A71FB6801229A7100E000BF1437B8
:10B07000BD465DF8047B704748A7002480B586B0C4
:10B0800002AF03460A46FB711346BB71FB79022BE4
:10B090006DD8FA7941F61C331344DB00374A134468
:10B0A0000433FB60BB79022B2ED0022B62DC002B19
:10B0B00002D0012B57D05DE0FB685B8801339AB268
:10B0C000FB685A80FB6800221A71FB79002B50D173
:10B0D000FB685A88FB79294944F64C0000FB03F3CE
:10B0E000194441F20A030B441B889A4241D3234B73
:10B0F00003F56043012283F8282BFB6803221A70B2
:10B100001F4805F09DFD34E0FB681B790133DAB27E
:10B11000FB681A71FB681A79FB685B799A4213D352
:10B12000FB6805221A70154B03F56043D3F8383BD2
:10B130000133124A02F56042C2F8383BFB791946E6
:10B14000104805F07DFD15E0F979FB685B881A462B
:10B15000FB681B791846FB685B79009303460A4835
:10B1600005F06EFD06E0FB6802221A7002E000BFE7
:10B1700000E000BF1037BD4680BD00BF48A70024D7
:10B18000202903085C2903089429030880B582B0AC
:10B1900000AF4EF63C320021384822F003F801207F
:10B1A0000EF003F90346354A02F56042C2F81C3B33
:10B1B0000322002101200EF066F803462F4A02F513
:10B1C0006042C2F8203B0322002101200EF05BF810
:10B1D00003462A4A02F56042C2F8243B274B03F596
:10B1E0006043D3F81C3B002B0DD0244B03F5604388
:10B1F000D3F8203B002B06D0204B03F56043D3F857
:10B20000243B002B03D11E4805F01AFD33E0002338
:10B210007B6010E019497A6841F61C331344DB0067
:10B220000B4403225A727B68DBB21846FFF700FF1B
:10B230007B6801337B607B68022BEBDD06F072F8E4
:10B24000034683F00103DBB2002B03D00D4805F069
:10B25000F7FC10E00C4805F0F3FC02F029FC034673
:10B26000002B03D0094805F0EBFC02E0084805F08C
:10B27000E7FC00F0FDF80837BD4680BD48A7002474
:10B28000D4290308142A0308502A03087C2A030837
:10B29000B82A030880B586B000AF0346B9607A606B
:10B2A000FB73FB7B022B09D8BB68002B06D07B68A5
:10B2B000002B03D07B68B3F5805F04D9304805F0DC
:10B2C000BFFC002357E0FB7B44F64C0202FB03F378
:10B2D0002C4A13447B617B6908337A68B968184645
:10B2E00022F00BF87B697A685A607B6903F10800E9
:10B2F0007B6959687A6941F2080313441A4605F0DC
:10B300000FFE0346FB7497F91330002B0BD0FB7B29
:10B3100097F9132019461C4805F092FC7B6900221E
:10B320001A70002327E07B6901221A70FB7B184604
:10B33000FFF77EFEF97B7B6903F580535B891A4634
:10B34000124805F07DFCFB7B7A68B968184606F068
:10B3500043F80346BB74BB7C002B05D1FB7B19462D
:10B360000B4805F06DFC05E0FB7BBA7C19460948EB
:10B3700005F066FC012318461837BD4680BD00BFA6
:10B380005C2B030848A700249C2B0308E02B030830
:10B39000242C0308602C030880B582B000AF184B42
:10B3A0001B7883F00103DBB2002B03D0154805F0B6
:10B3B00047FC22E0124B03F56043012283F8292B5E
:10B3C0000F4B03F56043002283F8282B00237B609A
:10B3D00007E07B68DBB21846FFF72AFE7B68013383
:10B3E0007B607B68022BF4DD054B03F550430122A3
:10B3F00083F8E428044805F023FC0837BD4680BDE7
:10B4000048A70024AC2C0308DC2C030880B582B0CC
:10B4100000AF134B03F56043002283F8292B002370
:10B420007B6007E07B68DBB21846FFF701FE7B68B4
:10B4300001337B607B68022BF4DD4FF41162002145
:10B44000084821F0AFFE4FF411620021064821F0B8
:10B45000A9FE064805F0F4FB00BF0837BD4680BDD5
:10B4600048A700244480012454890124002D0308A6
:10B4700080B58AB000AF284805F0E2FB3B1D1846B6
:10B4800006F092FB002387F8273000233B620DE093
:10B4900007F10C023B6A13441B78002B03D00123F5
:10B4A00087F8273005E03B6A01333B623B6A022B99
:10B4B000EEDD97F8273083F00103DBB2002B04D0D8
:10B4C000164805F0BDFB002322E0154805F0B8FB47
:10B4D000144806F043FA0346FB77FB7F032B04D1A5
:10B4E000114805F0ADFB012312E0FB7F002B09D0D2
:10B4F000FB7F032219460D4805F0A2FB00F01AF865
:10B50000012305E00A4805F09BFB00F013F8002337
:10B5100018462837BD4680BD242D03085C2D03083E
:10B52000A02D030848A70024E82D0308202E0308B7
:10B530005C2E030880B588B000AF1E4805F080FB84
:10B540003B46184606F030FB0023FB7729E0FB7FE3
:10B55000194A44F64C0101FB03F313441B7883F0B2
:10B560000103DBB2002B19D0144BBB61FB7F022B14
:10B570000CD0022B0DDC002B02D0012B03D008E0F5
:10B580000F4BBB6106E00F4BBB6103E00E4BBB6191
:10B5900000E000BFB9690D4805F052FBFB7F0133A5
:10B5A000FB77FB7F022BD2D900BF00BF2037BD46FF
:10B5B00080BD00BFA02E030848A700242028030850
:10B5C000D42E0308DC2E0308E02E0308E42E030823
:10B5D00080B584B000AF224805F032FB0123FB7335
:10B5E0000023BB732DE0BB7B184606F06BF90346C6
:10B5F000FB71FB79002B21D01A4BBB60BB7B022B6C
:10B600000CD0022B0DDC002B02D0012B03D008E064
:10B61000154BBB6006E0154BBB6003E0144BBB60F1
:10B6200000E000BFFB791846FFF7C0F803461A4652
:10B63000B968104805F004FB0023FB73BB7B0133A2
:10B64000BB73BB7B022BCED9FB7B002B02D00A48FD
:10B6500005F0F6FAFB7B18461037BD4680BD00BFEB
:10B66000442F030820280308D42E0308DC2E0308E7
:10B67000E02E0308782F0308A82F030880B584B0B4
:10B6800000AFF8607A601A460B46FB7213463B81A6
:10B69000FB7A312B02D0FB7A322B06D13A89FB7A26
:10B6A0007968184602F098FF05E03A89FB7A7968D4
:10B6B000184600F01BF81037BD4680BD80B400AFBF
:10B6C000034B1B78DBB21846BD465DF8047B704720
:10B6D00044A7002480B400AF034B01221A7000BFBE
:10B6E000BD465DF8047B704744A7002480B584B054
:10B6F00000AF0346B9607A60FB73384B01221A70C1
:10B70000FB7BFA2B60DCF02B04DA042B2CDC002B07
:10B710001CDC59E0F03B0A2B56D801A252F823F06A
:10B720006FB7000879B7000883B70008C9B70008E9
:10B73000C9B70008C9B70008C9B70008C9B70008E9
:10B74000C9B70008C9B700088DB70008013B032B33
:10B750003AD801A252F823F097B70008A1B7000821
:10B76000ABB70008BFB70008402B23D02CE07968A6
:10B77000B86800F037F82DE07968B86800F068F82C
:10B7800028E07968B86800F099F823E07968B8682B
:10B7900000F0CAF81EE07968B86800F0E3F819E034
:10B7A0007968B86800F028F914E07968B86800F0A2
:10B7B00083F90FE07968B86800F046F90AE0796823
:10B7C000B86800F091F905E0FB7B1946044805F0E4
:10B7D00037FA00BF00BF1037BD4680BD44A7002424
:10B7E000E42F030880B582B000AF78603960002391
:10B7F0000022A021124815F087FA3968114805F097
:10B800001FFA3A6879680020FFF744FD0346002BD1
:10B8100012D00D4B1B7843F00103DAB20A4B1A70B9
:10B820000A4805F00DFA084B1B780F2B04D1FFF7DF
:10B83000B3FD054B00221A7000BF0837BD4680BD1E
:10B840006C0800241830030845A70024483003087A
:10B8500080B582B000AF7860396000230022A1215A
:10B86000124815F051FA3968114805F0E9F93A68BB
:10B8700079680120FFF70EFD0346002B12D00D4B17
:10B880001B7843F00203DAB20A4B1A700A4805F03B
:10B89000D7F9084B1B780F2B04D1FFF77DFD054B23
:10B8A00000221A7000BF0837BD4680BD6C08002416
:10B8B0007830030845A70024A830030880B582B07B
:10B8C00000AF7860396000230022A221124815F0F1
:10B8D0001BFA3968114805F0B3F93A687968022013
:10B8E000FFF7D8FC0346002B12D00D4B1B7843F01A
:10B8F0000403DAB20A4B1A700A4805F0A1F9084BA2
:10B900001B780F2B04D1FFF747FD054B00221A705F
:10B9100000BF0837BD4680BD6C080024D83003083E
:10B9200045A700240831030880B582B000AF7860D5
:10B93000396000230022AA21074815F0E5F90748DD
:10B9400005F07EF9064B00221A70FFF75FFD00BF7D
:10B950000837BD4680BD00BF6C080024383103089D
:10B9600045A70024B0B58AB004AF786039600023E1
:10B97000002211211E4815F0C7F97B681B78FB7364
:10B980007B6801331B783B747B6802331B787B74C4
:10B990007B6803331B783B737B6804331B787B73B2
:10B9A0007B6805331B78BB7307F10C03184604F062
:10B9B00057FF03F0AFFA786107F10C031946786975
:10B9C00003F0FEFAFB7B18463B7C1C467B7C1D4645
:10B9D0003B7B7A7BB97B0291019200932B462246F6
:10B9E0000146044805F02CF900BF1837BD46B0BD2C
:10B9F0006C0800245C31030880B582B000AF786029
:10BA000039600023002212210C4815F07DF90C4802
:10BA100005F016F90B4B1B7843F00803DAB2094B1B
:10BA20001A70084B1B780F2B04D1FFF7B5FC054BA0
:10BA300000221A7000BF0837BD4680BD6C08002484
:10BA40009831030845A70024B0B58AB004AF7860E8
:10BA5000396007F11003184604F0ECFEFB7C3B72E2
:10BA60003B7D7B727B7DBB723B7CFB727B7C3B7343
:10BA7000BB7C7B7307F10802062341210C4815F0BB
:10BA800043F9FB7C18463B7D1C467B7D1D463B7C79
:10BA90007A7CB97C0291019200932B4622460146A2
:10BAA000044805F0CDF800BF1837BD46B0BD00BF53
:10BAB0006C080024BC31030880B582B000AF786008
:10BAC0003960002300221321054815F01DF90548AF
:10BAD00005F0B6F8C8200EF06BFEFEF73BFE00BF87
:10BAE0006C0800240032030880B582B000AF786093
:10BAF0003960002300221421064815F005F9064894
:10BB000005F09EF8012000F009F800BF0837BD4697
:10BB100080BD00BF6C0800242C32030880B483B0C1
:10BB200000AF0346FB71FB79002B14BF01230023F8
:10BB3000DBB21A46054B1A70044B1B78DBB2184671
:10BB40000C37BD465DF8047B704700BF849201242A
:10BB500080B400AF034B1B78DBB21846BD465DF8DE
:10BB6000047B70478492012480B588B000AF786070
:10BB70000FF080F80346BB606E4B03F5604393F80B
:10BB8000293B83F00103DBB2002B06D007F1080349
:10BB9000642118460EF084FDCAE0664B03F560434D
:10BBA000D3F81C3B0A2118460DF0BCFE0346012BBE
:10BBB00040F0B8800023FB770023BB775D4B03F593
:10BBC000604393F8283B83F00103DBB2002B2FD0B6
:10BBD000584B03F5504393F8E438012B28D1554BCB
:10BBE000BB61554B7B61BB691B78002B20D07B6907
:10BBF0005A88BB6903F580535B899A4218D27B69E6
:10BC00005B881A461346DB001344DB0041F208024E
:10BC10001A44BB69134404333B613969002000F0C6
:10BC20005FFB0346FB73FB7B19460020FFF726FAF8
:10BC3000404B03F5604393F8283B002B0ED03D4B5F
:10BC400003F5804393F84C38002B07D03B48FFF7AF
:10BC50001BF80346002B01D0012300E00023BB7337
:10BC6000BB7B03F00103BB73324B03F5604393F8D6
:10BC7000283B002B0ED02F4B03F5104393F8983040
:10BC8000002B07D02E48FEF7FFFF0346002B01D004
:10BC9000012300E000237B737B7B03F001037B73B4
:10BCA000BB7B002B02D17B7B002B11D0BB7B002BFD
:10BCB00005D024492148FFF735F80123FB777B7B2A
:10BCC000002B05D020491E48FFF72CF80123BB7735
:10BCD000184B03F56043D3F81C0B0023002200210E
:10BCE0000DF07CFBFB7F002B0CD0184804F0A8FF64
:10BCF000104B03F56043D3F8200B002300220021F2
:10BD00000DF06CFBBB7F002B0CD0114804F098FFAA
:10BD1000084B03F56043D3F8240B002300220021D5
:10BD20000DF05CFB07F10803642118460EF0B8FC27
:10BD300022E700BF48A700242C800124448001246E
:10BD400054890124DC2E0308E02E0308583203082E
:10BD50008032030880B586B000AF78605B4B03F596
:10BD60006043D3F8203B4FF0FF3118460DF0DAFD69
:10BD70000346012BF2D1554B03F56043D3F81C3B2E
:10BD80004FF47A7118460DF0CDFD0346012BE5D135
:10BD90004F4B7B614F4B3B614F4804F051FF3B6978
:10BDA00001221A703B6900225A803B6900221A71F5
:10BDB00053E03B695B881A461346DB001344DB0003
:10BDC00041F208021A447B6913440433FB60F968AA
:10BDD000012000F085FA0346FB72FB7A002B09D1A3
:10BDE0003B695B8801339AB23B695A803B69002208
:10BDF0001A7132E0FB7A022B2CD13B691B7901339B
:10BE0000DAB23B691A713B691A793B695B799A42EC
:10BE100014D32E4B03F56043D3F8383B01332B4A40
:10BE200002F56042C2F8383B3B695B8819462B48F3
:10BE300004F006FF0120FFF7FBF81CE03B695B887C
:10BE400019463B691B791A463B695B79244804F023
:10BE5000F7FE02E0FB7A012B0CD03B695A887B6924
:10BE600003F580535B899A4205D23B691B78012B0D
:10BE70009FD000E000BF3B695A887B6903F580537F
:10BE80005B899A4216D33B6903221A700F4B03F564
:10BE90006043D3F8303B01330C4A02F56042C2F8EC
:10BEA000303B0A4B03F56043D3F8303B19460D484D
:10BEB00004F0C6FE054B03F56043D3F81C0B0023CA
:10BEC000002200210DF08AFA48E700BF48A70024AD
:10BED00094EF002434800124A8320308D4320308EC
:10BEE000183303084833030880B586B000AF786084
:10BEF0005B4B03F56043D3F8243B4FF0FF3118460A
:10BF00000DF010FD0346012BF2D1554B03F56043B4
:10BF1000D3F81C3B4FF47A7118460DF003FD03462D
:10BF2000012BE5D14F4B7B614F4B3B614F4804F0F8
:10BF300087FE3B6901221A703B6900225A803B69E7
:10BF400000221A7153E03B695B881A461346DB00F6
:10BF50001344DB0041F208021A447B6913440433A2
:10BF6000FB60F968022000F0BBF90346FB72FB7A24
:10BF7000002B09D13B695B8801339AB23B695A8037
:10BF80003B6900221A7132E0FB7A022B2CD13B690B
:10BF90001B790133DAB23B691A713B691A793B6943
:10BFA0005B799A4214D32E4B03F56043D3F8383BA8
:10BFB00001332B4A02F56042C2F8383B3B695B888B
:10BFC00019462B4804F03CFE0220FFF731F81CE034
:10BFD0003B695B8819463B691B791A463B695B796B
:10BFE000244804F02DFE02E0FB7A012B0CD03B69C3
:10BFF0005A887B6903F580535B899A4205D23B6975
:10C000001B78012B9FD000E000BF3B695A887B69F9
:10C0100003F580535B899A4216D33B6903221A7059
:10C020000F4B03F56043D3F8343B01330C4A02F560
:10C030006042C2F8343B0A4B03F56043D3F8343B0B
:10C0400019460D4804F0FCFD054B03F56043D3F899
:10C050001C0B0023002200210DF0C0F948E700BFAF
:10C0600048A70024E03701243C80012484330308DE
:10C07000B0330308F433030824340308F0B597B051
:10C0800006AF7860002387F83F3040F6B8300EF0F6
:10C090008FFB4D4B1B78DBB283F00103DBB2002B2F
:10C0A00040F08F80494B03F56043D3F81C3B64217B
:10C0B00018460DF037FC0346012BE6D1FCF720FCB7
:10C0C0000346002B11D0424804F0BAFDFCF784FC73
:10C0D0000346002B06D1002387F83F303D4804F08B
:10C0E000AFFD02E03C4804F0ABFD97F83F3083F031
:10C0F0000103DBB2002B0ED0FCF7E2FB0346002B62
:10C1000006D1012387F83F30344804F099FD02E05E
:10C11000334804F095FD40213248FEF731FB0346D9
:10C12000002B3ED064200EF043FB40212D48FEF74B
:10C1300027FB0346002B34D02B4804F081FD07F188
:10C140003803184604F076FB97F83A301E4697F805
:10C15000393097F8382097F83B1097F83C000446A0
:10C1600097F83D00054607F10800049503940291F5
:10C170000192009333461D4A302120F0E3FE07F17F
:10C1800008031A460021002001F0C4FC0F4B03F500
:10C190006043D3F81C0B0023002200210DF01EF990
:10C1A00010E0134804F04CFD10F006FF074B03F5B8
:10C1B0006043D3F81C0B0023002200210DF00EF980
:10C1C00063E700BF61E700BF8592012448A7002410
:10C1D00060340308A4340308D4340308103503087A
:10C1E0003C3503080004025868350308B0350308DD
:10C1F000D435030880B586B000AF78600EF03AFD04
:10C200000346FB6007F10C0347F2305118460EF06D
:10C2100047FA2E4B9B7A83F00103DBB2002B52D1FD
:10C22000FEF772FB78617B693B2B05D8274B002218
:10C230001A72264B00225A72244B1B7A83F0010398
:10C24000DBB2002B14D0214B1B687A699A420FD3C2
:10C250001E4B1B683C337A699A4209D21C4804F091
:10C26000EFFC15F09FFDFBF7B7FF184B01221A7288
:10C27000164B5B7A83F00103DBB2002BC2D0134B69
:10C280005B687A699A42BDD3104B5B683C337A692C
:10C290009A42B7D20F4804F0D3FCFBF78BFF15F09E
:10C2A0008BFDFCF75FF80346FB74FB7C002B03D08F
:10C2B000094804F0C5FC02E0084804F0C1FC034B47
:10C2C00001225A729EE700BF9CE700BF88920124BA
:10C2D000183603083436030850360308703603084E
:10C2E00080B582B000AF03463960FB71FB79022B49
:10C2F00010D0022B13DC002B02D0012B05D00EE056
:10C30000386800F011F803460AE0386800F0EAFCEB
:10C31000034605E0386800F029FF034600E00223E9
:10C3200018460837BD4680BD2DE9F043A9B008AFD7
:10C3300078607B689B8819467B689B791A46B2486F
:10C3400004F07EFC7B689B790B2B1FDC002B40F3F9
:10C350009484013B0A2B00F2908401A252F823F04E
:10C360009DC300081BC500089DC50008CDC6000878
:10C370001FC900087BCC000891C9000887CA0008C3
:10C380007BCC0008C1CA0008CDCB0008FF2B40F0D1
:10C3900074849E4804F054FC00F07CBC7B6803F17C
:10C3A00008007B68D97907F16803002204F0E8FCF3
:10C3B0000346002B33D17B6803F108007B68D979F1
:10C3C00007F16403012204F0DBFC0346002B26D1B5
:10C3D0007B6803F108007B68D97907F160030222CA
:10C3E00004F0CEFC0346002B19D17B6803F1080052
:10C3F0007B68D97907F15C03032204F0C1FC034692
:10C40000002B0CD17B6803F108007B68D97907F118
:10C410005803042204F0B4FC0346002B02D002238C
:10C4200000F039BC7B6E3A6E11461846FEF710FAE2
:10C43000BB6E1846FEF7B8FA7867754B03F5604394
:10C440001A467B6FC2F82C3B714B03F56043012207
:10C4500083F82A2B7B6E1B0C87F873307B6E1B0ACC
:10C4600087F872307B6E87F871303B6E1B0C87F853
:10C4700070303B6E1B0A87F86F303B6E87F86E306A
:10C48000796F644804F0DCFB97F8731097F872201A
:10C4900097F87130604804F0D3FB97F8701097F864
:10C4A0006F2097F86E305D4804F0CAFBFB6D1946AB
:10C4B0005B4804F0C5FBBB6D19465A4804F0C0FB4D
:10C4C000FB6D1A46796F5848FEF7FEFA0346002BBB
:10C4D00011D0564804F0B4FB55495348FEF77EFC92
:10C4E0007B6F0533BA6D19465248FEF7EDFA0346E5
:10C4F000002B0DD004E0504804F0A2FB0223CAE355
:10C500004E4804F09DFB4E494A48FEF767FCC1E3E4
:10C510004C4804F095FB0223BDE37B6803F108005F
:10C520007B68D97907F15703002204F029FC034600
:10C53000002B0CD17B6803F108007B68D97907F1E7
:10C540005003012204F01CFC0346002B01D00223FF
:10C55000A1E397F85730002B06D197F857301946CA
:10C56000394804F06DFB10E097F85730012B06D1E5
:10C5700097F857301946354804F062FB05E097F804
:10C5800057301946324804F05BFB97F8573019468C
:10C590003B6D1A462F4804F053FB7BE3002387F8DA
:10C5A0007F30002387F84B30002387F87E3071E01E
:10C5B0007B6803F108007B68D97907F14A0397F893
:10C5C0007E2004F0DDFB0346002B07D097F87E3079
:10C5D0001946214804F034FB02235CE397F84A3003
:10C5E000012B09D997F87E3097F84A2019461B4845
:10C5F00004F026FB02234EE397F87E1097F84A30AA
:10C60000002B2FD0164B2EE098360308CC360308AB
:10C6100048A70024EC3603082C37030874370308B6
:10C62000BC370308F4370308448001242C3803087E
:10C63000DC2E03085489012470380308B03803083D
:10C64000E02E0308F4380308343903086839030876
:10C65000A0390308D4390308103A0308503A0308F4
:10C66000A83A0308BC4B1A46BC4804F0E9FA97F80C
:10C670004A301A4697F87E3002FA03F35AB297F915
:10C680007F3013435BB287F87F3097F87E300133F9
:10C6900087F87E3097F87E30072B89D907F14B0257
:10C6A00007F14C0197F87F301846FDF73BFA034637
:10C6B000002B06D097F84B301946A94804F0C0FA71
:10C6C000E8E2A84804F0BCFA0223E4E27B6803F144
:10C6D00008007B68D97907F14803002204F050FB79
:10C6E0000346002B74D17B6803F108007B68D9797D
:10C6F00007F14603012204F043FB0346002B67D1F8
:10C700007B6803F108007B68D97907F144030222B2
:10C7100004F036FB0346002B5AD17B6803F1080076
:10C720007B68D97907F13F03032204F029FB034614
:10C73000002B4DD17B6803F108007B68D97907F1A4
:10C740003E03042204F01CFB0346002B40D17B680F
:10C7500003F108007B68D97907F13D03052204F055
:10C760000FFB0346002B33D17B6803F108007B6885
:10C77000D97907F13C03062204F002FB0346002BA3
:10C7800026D17B6803F108007B68D97907F1420361
:10C79000072204F0F5FA0346002B19D17B6803F158
:10C7A00008007B68D97907F14103082204F0E8FA10
:10C7B0000346002B0CD17B6803F108007B68D97914
:10C7C00007F14003092204F0DBFA0346002B01D0F5
:10C7D000022360E2B7F848301946B7F846301A46E7
:10C7E000B7F84430604804F02BFA97F83F30194608
:10C7F00097F83E301A465D4804F022FA97F83D302B
:10C80000194697F83C301A46594804F019FAB7F817
:10C810004230194697F841301A4697F8403055484B
:10C8200004F00EFA002387F83730B7F848C0B7F89D
:10C8300046E0B7F8448097F83F9097F83E3097F875
:10C84000402097F83D1097F83C00B7F8424097F821
:10C85000415007F13706079607F138060696059509
:10C86000049403900291019200934B464246714614
:10C870006046FDF7A9F90346002B0BD097F8373037
:10C8800019463D4804F0DCF997F83730022B40F0A8
:10C89000FC8104E0394804F0D3F90223FBE197F866
:10C8A00038303F2B00F0F181002387F837303448CF
:10C8B00004F0C6F9B7F848C0B7F846E0B7F84480C6
:10C8C00097F83F9097F83E3097F8402097F83D1042
:10C8D00097F83C00B7F8424097F8415007F1370607
:10C8E000079607F138060696059504940390029181
:10C8F000019200934B46424671466046FDF764F94B
:10C900000346002B06D097F8373019461A4804F032
:10C9100097F9BAE1194804F093F90223BBE11948E9
:10C9200004F08EF9002387F8333007F1330207F162
:10C93000340311461846FDF7DDF90346002B06D0F7
:10C9400097F833301946104804F07AF9A2E10F48FD
:10C9500004F076F902239EE1B03A0308BC3A0308DA
:10C96000E83A0308183B0308403B03087C3B0308F4
:10C97000AC3B0308E03B0308243C0308583C030895
:10C98000803C0308B83C0308DC3C0308103D030866
:10C990007B6803F108007B68D97907F13003002236
:10C9A00004F0EEF90346002B19D17B6803F108006F
:10C9B0007B68D97907F12D03012204F0E1F90346E0
:10C9C000002B0CD17B6803F108007B68D97907F153
:10C9D0002E03022204F0D4F90346002B01D00223D7
:10C9E00059E13B8E194697F82D301A46FB8DAC481D
:10C9F00004F026F9002387F82730388E97F82D1099
:10CA0000FA8D07F1280407F1270300932346FDF769
:10CA1000C1F90346002B0BD097F827301946A148DF
:10CA200004F00EF997F82730022B40F0308104E033
:10CA30009D4804F005F902232DE197F828303F2B9B
:10CA400000F02581002387F82730984804F0F8F893
:10CA5000388E97F82D10FA8D07F1280407F1270377
:10CA600000932346FDF796F90346002B06D097F86E
:10CA7000273019468B4804F0E3F808E18A4804F0AF
:10CA8000DFF8022307E18A4804F0DAF8002387F888
:10CA9000233007F1230207F1240311461846FDF75E
:10CAA000E5F90346002B06D097F823301946814854
:10CAB00004F0C6F8EEE0804804F0C2F80223EAE091
:10CAC0007B6803F108007B68D97907F11C03002219
:10CAD00004F056F90346002B26D17B6803F10800C9
:10CAE0007B68D97907F11A03012204F049F903465A
:10CAF000002B19D17B6803F108007B68D97907F115
:10CB00001803022204F03CF90346002B0CD17B6889
:10CB100003F108007B68D97907F11603032204F0BA
:10CB20002FF90346002B01D00223B4E0F9697B8B77
:10CB30001A463B8B1846FB8A009303465F4804F075
:10CB40007FF80023FB74F869798B3A8BFC8A07F134
:10CB50001303019307F1140300932346FDF7D6F95D
:10CB60000346002B09D0FB7C1946554804F068F8B1
:10CB7000FB7C022B40F08D8004E0524804F060F80A
:10CB8000022388E03B7D3F2B00F083800023FB7471
:10CB90004D4804F055F8F869798B3A8BFC8A07F117
:10CBA0001303019307F1140300932346FDF7AEF935
:10CBB0000346002B05D0FB7C1946414804F040F8A1
:10CBC00067E0404804F03CF8022364E07B6803F12E
:10CBD00008007B68D97907F11203002204F0D0F82D
:10CBE0000346002B26D17B6803F108007B68D979C6
:10CBF00007F11103012204F0C3F80346002B19D1F9
:10CC00007B6803F108007B68D97907F10E030222E3
:10CC100004F0B6F80346002B0CD17B6803F1080042
:10CC20007B68D97907F10C03032204F0A9F80346C5
:10CC3000002B01D002232EE0244BBB67BB7C022BD0
:10CC40000CD0022B0DDC002B02D0012B03D008E00E
:10CC50001F4BBB6705E01F4BBB6702E01E4BBB676A
:10CC600000BF7B7C1A46FB891946BB8900930B46A3
:10CC7000B96F1A4803F0E4FF0CE07B689B79194612
:10CC8000174803F0DDFF022305E000BF02E000BF0C
:10CC900000E000BF002318468437BD46BDE8F0839E
:10CCA0003C3D0308903D0308CC3D0308FC3D0308D0
:10CCB000403E03086C3E0308A83E0308DC3E030820
:10CCC000383F0308683F0308903F0308CC3F030840
:10CCD000D43F0308D83F0308E03F0308E83F0308B8
:10CCE00038400308F0B5A1B006AF78607B689B8838
:10CCF00019467B689B791A46C44803F0A1FF7B68FC
:10CD00009B79113B042B00F20F8201A252F823F011
:10CD100025CD000887CD000837CE0008E7CE0008F3
:10CD200021CF00087B6803F108007B68D97907F1FF
:10CD30004403002204F024F80346002B01D0022310
:10CD4000FEE17B6C1946B24803F07AFFB14803F06C
:10CD500077FF002387F83F3007F13F0207F14003D8
:10CD600011461846FCF77CFE0346002B06D097F8C8
:10CD70003F301946A84803F063FFE0E1A74803F0FD
:10CD80005FFF0223DCE17B6803F108007B68D9794F
:10CD900007F13E03002203F0F3FF0346002B01D00E
:10CDA0000223CDE197F83E3019469D4803F048FF35
:10CDB000002387F83B3097F83E3007F13B0207F13C
:10CDC0003C011846FDF728F90346002B0BD097F8D5
:10CDD0003B301946934803F033FF97F83B30022B62
:10CDE00040F0AA8104E0904803F02AFF0223A7E163
:10CDF00097F83C303F2B00F09F81002387F83B30B1
:10CE00008A4803F01DFF97F83E3007F13B0207F117
:10CE10003C011846FDF700F90346002B06D097F8B1
:10CE20003B3019467F4803F00BFF85E17E4803F055
:10CE300007FF022384E17B6803F108007B68D9794E
:10CE400007F13A03002203F09BFF0346002B01D0B9
:10CE5000022375E197F83A301946754803F0F0FE61
:10CE6000002387F8373097F83A3007F1370207F197
:10CE700038011846FDF726F90346002B0BD097F82A
:10CE8000373019466B4803F0DBFE97F83730022B3A
:10CE900040F0548104E0684803F0D2FE02234FE1E1
:10CEA00097F838303F2B00F04981002387F837305E
:10CEB000624803F0C5FE97F83A3007F1370207F1F0
:10CEC00038011846FDF7FEF80346002B06D097F808
:10CED00037301946574803F0B3FE2FE1564803F0A8
:10CEE000AFFE02232CE1564803F0AAFE002387F888
:10CEF000333007F1330207F1340311461846FDF7CA
:10CF000037F90346002B06D097F8333019464948C5
:10CF100003F096FE13E1484803F092FE02230FE16E
:10CF20000DF0A8FEF86546F2A813BB6500237B66EA
:10CF3000002387F863300DF09DFE78657A6DFB6DF8
:10CF4000D31ABA6D9A4205D8B96D3E4803F078FEFF
:10CF50000223F5E080213C48FDF712FC0346002B3C
:10CF600027D197F8633083F00103DBB2002B05D0A3
:10CF70007B6D7B66012387F863301DE07A6D7B6EE5
:10CF8000D31A632B18D9314803F05AFE00BF30483A
:10CF900003F056FE002387F82F3007F12F0207F128
:10CFA000300311461846FDF735F90346002B1FD014
:10CFB00006E0002387F86330012004F0CBF8BAE7DD
:10CFC00097F82F301946234803F03AFE97F830308F
:10CFD0001BB21B021AB297F831301BB213431BB2BB
:10CFE000A7F85230B7F85230B3F5807F38D904E053
:10CFF000194803F025FE0223A2E0B7F85230194683
:10D00000164803F01DFE02239AE000BF5C400308AF
:10D0100090400308F44003082441030854410308E6
:10D020007C410308B8410308EC4103081842030897
:10D030005042030880420308AC420308D042030870
:10D04000044303083C4303080004025884430308D4
:10D05000B0430308D84303080844030830440308D6
:10D06000B7F852301946384803F0EAFD07F12803B3
:10D07000184603F0DFFB354BFB64354BFB6497F838
:10D080002A3097F8292097F8281097F82B000446A3
:10D0900097F82C00054697F82D00064607F1080082
:10D0A000059604950394029101920093FB6C294A22
:10D0B00020211FF047FF0023A7F84A300023A7F8DC
:10D0C0004A3000BFB7F84A20B7F852309A4227D208
:10D0D000B7F84A3007F1080219461F4803F0B0FDBF
:10D0E00007F10802B7F84A301946002000F012FD97
:10D0F000034687F8493097F84930002B04D1174888
:10D1000003F09EFD00231BE097F84930184601F01C
:10D11000F7F903461946124803F092FD02230FE087
:10D12000104803F08DFD0AE07B689B7919460E4894
:10D1300003F086FD022303E000BF00E000BF0023F0
:10D1400018466C37BD46F0BD5C4403082028030830
:10D150008444030890440308B0440308E0440308EF
:10D16000244503085C4503088C45030880B58AB054
:10D1700000AF78607B689B8819467B689B791A466C
:10D18000AD4803F05DFD7B689B79262B16DC212BD7
:10D19000C0F23D81213B052B00F2398101A252F8FA
:10D1A00023F000BFC5D10008EFD1000895D20008D8
:10D1B00033D300087BD30008D9D30008FB2B00F041
:10D1C000EC8024E17B6803F108007B68D97907F1E2
:10D1D0002403002203F0D4FD0346002B01D00223D8
:10D1E00025E17B6A1946954803F02AFD1EE17B681C
:10D1F00003F108007B68D97907F12303002203F0CB
:10D20000BFFD0346002B01D0022310E197F8233025
:10D2100019468B4803F014FD0023FB7797F8233061
:10D2200007F11F0207F120011846FDF743F90346F5
:10D23000002B09D0FB7F1946824803F001FDFB7FDC
:10D24000022B40F0EC8004E07F4803F0F9FC02235D
:10D25000EDE097F820303F2B00F0E1800023FB77D2
:10D260007A4803F0EDFC97F8233007F11F0207F12D
:10D2700020011846FDF71EF90346002B05D0FB7F61
:10D280001946704803F0DCFCC9E06F4803F0D8FC95
:10D290000223CCE07B6803F108007B68D97907F1B1
:10D2A0001E03002203F06CFD0346002B01D0022375
:10D2B000BDE0BB7F1946664803F0C2FC0023FB7645
:10D2C000BB7F07F11B0207F11C011846FDF748F967
:10D2D0000346002B09D0FB7E19465E4803F0B0FCE4
:10D2E000FB7E022B40F09D8004E05B4803F0A8FC2D
:10D2F00002239CE03B7F3F2B00F093800023FB76D2
:10D30000564803F09DFCBB7F07F11B0207F11C018F
:10D310001846FDF725F90346002B05D0FB7E19467C
:10D320004C4803F08DFC7CE04B4803F089FC022361
:10D330007DE07B6803F108007B68D97907F11A0367
:10D34000002203F01DFD0346002B01D002236EE0F6
:10D35000BB7E1946424803F073FCBB7E3B7607F167
:10D360001802012350213F4813F0CEFC0346002B46
:10D3700059D13D4803F064FC58E03C4803F060FCA0
:10D38000002300225121374813F0BEFC0346002B36
:10D390004BD1374803F054FC47E07B6803F10800A9
:10D3A0007B68D97907F11403002203F0E9FC0346F6
:10D3B000002B01D002233AE07B6919462D4803F087
:10D3C0003FFC2D4803F03CFC7B69184603F0C2FE8D
:10D3D0002A4803F035FC29E0294803F031FC0023FA
:10D3E000FB7307F10F0207F1100311461846FDF712
:10D3F0000DF90346002B05D0FB7B1946214803F0AD
:10D400001FFC13E0204803F01BFC02230FE07B68A5
:10D410009B7919461D4803F013FC022307E000BF67
:10D4200004E000BF02E000BF00E000BF0023184698
:10D430002837BD4680BD00BFB0450308E44503085A
:10D440004C4603088C460308C4460308F446030808
:10D450003047030868470308A0470308CC47030880
:10D46000084803086C0800243C4803086C4803087B
:10D470009C480308C4480308F048030814490308FB
:10D480003449030870490308A8490308D849030828
:10D4900080B485B000AF0346FB71FB79022B01D944
:10D4A000002328E00023FB60FB79012B02D0022B34
:10D4B00003D005E0134BFB6004E0134BFB6001E07D
:10D4C000002318E0FB6893F80C3983F00103DBB20A
:10D4D000002B07D1FB68B3F80229FB68B3F80039C9
:10D4E0009A4201D3002306E0FB68B3F802391A46DA
:10D4F000FB6853F8323018461437BD465DF8047B9C
:10D50000704700BF448001245489012480B584B051
:10D5100000AF0346FB71FB791846FFF7B9FFF860CF
:10D52000FB68002B01D100230FE0FDF7EDF9B86097
:10D53000BA68FB689A4203D8FA68BB68D31A04E059
:10D54000FA68BB68D21A034B134418461037BD461D
:10D5500080BD00BF80510100B0B598B004AFAA4BA8
:10D5600007F118041D460FCD0FC495E8030084E8A9
:10D570000300A64A07F10C0307CA83E80700FDF77A
:10D58000DFF9B8643B1D184603F054F9A04803F0D6
:10D5900057FBBB7918467B791C463B791D46FB79C6
:10D5A0003A7A797A0291019200932B4622460146FB
:10D5B000984803F045FBB96C974803F041FB974B43
:10D5C00003F5604393F8293B002B01D0944B00E016
:10D5D000944B1946944803F033FB904B03F560439A
:10D5E00093F8283B002B01D08D4B00E08D4B194662
:10D5F0008E4803F025FB8E4B1B78DBB2002B01D04D
:10D600008C4B00E08C4B19468C4803F019FB834B84
:10D6100003F5604393F82A3B002B08D07F4B03F5BA
:10D620006043D3F82C3B1946854803F009FB854835
:10D6300003F006FB844B9B7A002B00F08280824B28
:10D640001B68824AA2FB0323DB0A87F847307E4B24
:10D650001A687E4BA3FB0213DB0A4FF4616101FBE6
:10D6600003F3D31A7A4AA2FB03235B0987F84630F7
:10D67000754B1968764BA3FB01235A0913461B010E
:10D680009B1A9B00CA1A134687F845306E4B5B689D
:10D690006E4AA2FB0323DB0A87F844306A4B5A68C0
:10D6A0006A4BA3FB0213DB0A4FF4616101FB03F336
:10D6B000D31A674AA2FB03235B0987F84330624B06
:10D6C0005968634BA3FB01235A0913461B019B1A9C
:10D6D0009B00CA1A134687F842305E4803F0B0FA3E
:10D6E00097F8471097F8462097F84500564B1B6867
:10D6F00000930346584803F0A3FA97F8441097F8AC
:10D70000432097F84200504B5B6800930346534810
:10D7100003F096FA4C4B1B7A002B01D0404B00E0F3
:10D72000404B19464E4803F08BFA474B5B7A002B6F
:10D7300001D03B4B00E03B4B19464A4803F080FACE
:10D7400002E0494803F07CFA0023FB640CE1FA6C28
:10D7500041F61C331344DB00304A13440433FB63AB
:10D76000FB6CDBB2184604F057F8034687F83B30F1
:10D77000FB6C9B0050333B4453F8443C19463B48F8
:10D7800003F05EFA254AFB6C44F64C0101FB03F3FF
:10D7900013441B78002B01D0214B00E0214B19468C
:10D7A000334803F04DFA97F83B30002B01D01C4B67
:10D7B00000E01C4B19462F4803F042FAFB6B1B7824
:10D7C0009B0050333B4453F8383C19462A4803F039
:10D7D00037FAFB6B5B881946284803F031FAFB6B7C
:10D7E0001B791946FB6B5B791A46254803F028FA2A
:10D7F000FB6C012B79D1234B3B633B6B93F80C39CA
:10D80000002B41D0064B40E0284E0308404E030851
:10D81000FC490308244A0308644A030848A7002473
:10D8200064270308682703088C4A0308B04A0308E2
:10D8300085920124A83A0308B03A0308D44A0308A1
:10D84000F84A03082C4B030888920124C5B3A2911F
:10D85000898888885C4B0308704B0308984B030841
:10D86000C04B0308D84B0308F04B0308044C0308D3
:10D87000204C0308384C0308504C0308604C030844
:10D88000784C0308448001245C4B19465C4803F043
:10D89000D7F93B6B93F80C39002B62D03B6BB3F894
:10D8A00000391946574803F0CBF93B6BB3F80239FE
:10D8B0001946554803F0C4F93B6BD3F804391946AF
:10D8C000524803F0BDF9FB6CDBB21846FFF7E0FDF0
:10D8D0000446FB6CDBB21846FFF718FE03461A46F7
:10D8E00021464B4803F0ACF93BE0FB6C022B38D1EE
:10D8F000484B7B637B6B93F80C39002B01D0464B74
:10D9000000E03E4B19463E4803F09AF97B6B93F8D2
:10D910000C39002B25D07B6BB3F8003919463948F8
:10D9200003F08EF97B6BB3F802391946364803F0E1
:10D9300087F97B6BD3F804391946344803F080F932
:10D94000FB6CDBB21846FFF7A3FD0446FB6CDBB2B1
:10D950001846FFF7DBFD03461A4621462C4803F024
:10D960006FF9FB6C0133FB64FB6C022B7FF7EFAEAE
:10D970002A4803F065F92A4B03F56043D3F8303B9E
:10D980001946284803F05CF9254B03F56043D3F8AA
:10D99000343B1946244803F053F9214B03F5604307
:10D9A000D3F8383B1946214803F04AF9204803F0E0
:10D9B00047F904F037F91A4B03F5604393F808323E
:10D9C000002B06D01B4803F03BF91B491B48FDF711
:10D9D00005FA134B03F5604393F8183B002B06D070
:10D9E000174803F02DF917490A48FDF7F7F91648CB
:10D9F00003F026F900BF5037BD46B0BD68270308C5
:10DA0000904C0308A8270308B04C03081825030806
:10DA1000C84C03085489012464270308EC4C03080C
:10DA200048A70024084D03081C4D0308304D030887
:10DA3000484D0308744D0308DC2E0308448001247C
:10DA40009C4D0308E02E0308C44D030880B483B046
:10DA500000AF786039607B681A693B6813403A68A8
:10DA60009A4201D1012300E0002318460C37BD463D
:10DA70005DF8047B704780B483B000AF7860396094
:10DA80007B683A689A6100BF0C37BD465DF8047B3D
:10DA9000704780B483B000AF786039603B681A0487
:10DAA0007B689A6100BF0C37BD465DF8047B704708
:10DAB00080B500AF4FF4804200210E481FF072FB8A
:10DAC0004FF400510C48FFF7E4FF0C4B00221A60A2
:10DAD0000B4B00221A600B4B00221A600A4B0022EB
:10DAE0001A700A4B00221A70094803F0A9F80023A3
:10DAF000184680BD0000003800100258949201249E
:10DB0000989201249C920124A0920124A1920124C4
:10DB10004C4E030880B584B000AF03463A60FB71F9
:10DB20000B46BB803B68002B02D0FB79022B01D94E
:10DB300008232CE0FB79184600F02AFD0146BB883B
:10DB40001A46154803F07CF8B988FB793A681846FC
:10DB500000F02CF80346FB73FB7B002B08D10F4B26
:10DB60001B6801330D4A13600D4803F069F80DE09E
:10DB70000C4B1B6801330B4A1360FB7B184600F00B
:10DB8000BFFC03461946084803F05AF8FB7B1846C9
:10DB90001037BD4680BD00BF7C4E0308949201241F
:10DBA000B44E030898920124EC4E030880B5A0B04F
:10DBB00000AF03463A60FB710B46BB800023A7F819
:10DBC00078300023A7F87E3007F12003BA88F8796F
:10DBD000396800F04DFC002387F87D30FB79022B7B
:10DBE00014BF0123002387F87730BB881946C0484B
:10DBF00003F026F80023FB76FB79022B37D0022BAB
:10DC00004CDC002B02D0012B1AD047E0BB88DBB2E2
:10DC100007F11B0207F11C011846FCF74DFB0346F8
:10DC200083F00103DBB2002B3AD0BB881946B14820
:10DC300003F006F897F87D30013387F87D301EE158
:10DC400007F11B0207F11C0311461846FCF7E0FB25
:10DC5000034683F00103DBB2002B23D0A64802F079
:10DC6000EFFF97F87D30013387F87D3007E107F14A
:10DC70001B0207F11C0311461846FCF719FD034669
:10DC800083F00103DBB2002B0ED09C4802F0D8FFDA
:10DC900097F87D30013387F87D30F0E000BF04E075
:10DCA00000BF02E000BF00E000BF954802F0C8FFDF
:10DCB00040F6B83000F040FB0346002B04D09148FA
:10DCC00002F0BEFF01231AE297F87D3001331A46B5
:10DCD0004FF480418C4802F0B3FF8C4B4FF48041ED
:10DCE000184601F0FDFD0346002B04D0884802F0E1
:10DCF000A7FF032303E2874802F0A2FF4FF400517D
:10DD00008548FFF7B8FE0CF0B5FF386740F6B8332A
:10DD1000FB6614E00CF0AEFF02463B6FD31AFA6EBE
:10DD20009A4209D87D4802F08BFF4FF400517A489F
:10DD3000FFF7AFFE0123E2E1012003F00BFA4FF4FD
:10DD400080417548FFF782FE0346002BE2D14FF475
:10DD500000517148FFF79DFE714802F071FF97F87E
:10DD60007730002B00F091806E4802F069FF0023AD
:10DD7000FB75FB79002B17D1BB88DBB207F11702CB
:10DD800007F118011846FCF7EDFA034683F001038A
:10DD9000DBB2002B22D0644802F052FF97F87D30AE
:10DDA000013387F87D306AE0FB79012B16D107F14A
:10DDB000170207F1180311461846FCF729FB034622
:10DDC00083F00103DBB2002B08D0574802F038FF84
:10DDD00097F87D30013387F87D3050E0FB7D022BD2
:10DDE00008D0524802F02CFF97F87D30013387F8B5
:10DDF0007D3044E03B7E1BB21B021AB27B7E1BB21D
:10DE000013431BB2A7F878304FF480413F4800F02D
:10DE1000EEFA0346A7F87E30B7F87820B7F87E30E0
:10DE20009A4225D0B7F87830B7F87E201946404896
:10DE300002F006FF3F4B1B6801333E4A136097F820
:10DE40007D30013387F87D3097F87D30022B0AD87A
:10DE500097F87D3003221946374802F0F1FE64201E
:10DE600003F078F90BE0354802F0EAFE042346E1BE
:10DE7000B7F87E301946324802F0E2FE05E097F826
:10DE80007D30022B7FF6B1AE00E000BF07F120032A
:10DE90004FF480421D491846FAF7CEF9034687F839
:10DEA0007C3097F87C30022B10D1264802F0C8FE57
:10DEB0000A2003F04FF907F120034FF48042134981
:10DEC0001846FAF7B9F9034687F87C3097F87C30A2
:10DED000002B3FD097F87C30022B01D11A4B00E089
:10DEE0001A4B19461A4802F0ABFE052307E100BFA2
:10DEF000E84F030824500308605003089C500308AF
:10DF0000D45003080C5103083451030800000038B2
:10DF100080510308A851030800100258FC5103085F
:10DF20004852030884520308B4520308E852030815
:10DF30001C5303089C920124685303089C53030854
:10DF4000CC530308F85303082C5403083C5403082B
:10DF500048540308002387F87B306B4802F070FEBA
:10DF60006A4B4FF48041184602F096F80346002BA6
:10DF700004D0674802F064FE0623C0E0654802F062
:10DF80005FFE654B00221A70644B00221A70FB7909
:10DF9000022B54D0022B63DC002B02D0012B2BD0A0
:10DFA0005EE0BB881B0A9BB2DBB23B74BB88DBB272
:10DFB0007B7497F87730002B02D0B7F87E3000E002
:10DFC0000023A7F86830B7F868301B0A9BB2DBB2B1
:10DFD000BB74B7F86830DBB2FB7407F1100204239E
:10DFE00021214F4812F090FE0346002B3AD14D48B4
:10DFF00002F026FE062382E097F87730002B02D04D
:10E00000B7F87E3000E00023A7F86A30B7F86A302E
:10E010001B0A9BB2DBB23B73B7F86A30DBB27B738F
:10E0200007F10C02022322213D4812F06DFE034647
:10E03000002B19D13B4802F003FE06235FE00023CA
:10E040003B7207F1080201232321354812F05CFEE0
:10E050000346002B0AD1334802F0F2FD06234EE0BE
:10E0600000BF04E000BF02E000BF00E000BF2E4898
:10E0700002F0E6FD0CF0FEFD786640F6B8333B6634
:10E080000FE00CF0F7FD02467B6ED31A3A6E9A420F
:10E0900004D8264802F0D4FD072330E00A2003F01C
:10E0A00059F81D4B1B78DBB283F00103DBB2002B68
:10E0B000E7D11A4B1B78DBB2002B04D01C4802F0CE
:10E0C000BFFD00231BE097F87B3001330322194684
:10E0D000184802F0B5FD97F87B30013387F87B30A4
:10E0E000642003F037F80C4B00221A7097F87B304D
:10E0F000022B7FF632AF104802F0A2FD072318462C
:10E100008037BD4680BD00BF74540308000000384E
:10E11000AC540308D8540308A0920124A19201240E
:10E120006C0800240C550308385503087C55030877
:10E13000B44E0308B0550308EC55030880B598B0F9
:10E1400000AFF860B9607A60BB68002B04D15F480B
:10E1500002F076FD0823B5E007F114030022F96808
:10E16000022000F085F907F114031946584802F01F
:10E1700067FD07F114037A68B9681846FAF75CF886
:10E18000034687F85F3097F85F30022B0FD1514874
:10E1900002F056FD0A2002F0DDFF07F114037A6851
:10E1A000B9681846FAF748F8034687F85F3097F8D9
:10E1B0005F30002B0CD097F85F30022B01D1464B1B
:10E1C00000E0464B1946464802F03AFD052379E047
:10E1D000002387F85E30434802F032FDBB6879685F
:10E1E000184601F059FF0346002B04D03E4802F0C8
:10E1F00027FD062366E03D4802F022FD3C4B00224D
:10E200001A703C4B00221A70FF233B7407F1100276
:10E2100001232321384812F077FD0346002B04D157
:10E22000364802F00DFD06234CE0354802F008FDAB
:10E230000CF020FDB86540F6B8337B650FE00CF0BC
:10E2400019FD0246BB6DD31A7A6D9A4204D82D4847
:10E2500002F0F6FC072335E00A2002F07BFF244B96
:10E260001B78DBB283F00103DBB2002BE7D1214B3B
:10E270001B78DBB2002B07D007F1140319462248A4
:10E2800002F0DEFC00231DE097F85E30013303222C
:10E2900019461E4802F0D4FC97F85E30013387F827
:10E2A0005E30642002F056FF114B00221A7097F87E
:10E2B0005E30022B8FD907F114031946144802F07F
:10E2C000BFFC072318466037BD4680BD20560308B3
:10E2D00058560308F85303082C5403083C54030809
:10E2E0004854030874540308AC540308D854030872
:10E2F000A0920124A19201246C0800240C5503086B
:10E30000385503087C55030884560308B0550308A4
:10E31000C056030880B500AF4FF480410548FFF7B1
:10E3200095FB0346002B14BF01230023DBB21846E4
:10E3300080BD00BF001002582DE9B04F84B000AF7F
:10E3400078600CF097FCF8607B6800229846914654
:10E3500042464B464FF000004FF00001590141EAA0
:10E36000D261500102460B46B2EB080463EB09058B
:10E370004FF000024FF00003AB0043EA9473A20099
:10E3800014461D4614EB080A45EB090B4FF000023A
:10E390004FF000034FEACB0343EA5A734FEACA0235
:10E3A00092469B46504659464FF47A724FF000030E
:10E3B000F1F7FEFF02460B461346BB600CE00CF083
:10E3C00059FC0246FB68D31ABA689A4201D8032363
:10E3D00008E00A2002F0BEFEFFF79CFF0346002B78
:10E3E000EDD1002318461037BD46BDE8B08F80B48C
:10E3F00087B000AF786039600023FB8241F22103CF
:10E40000BB8100233B6128E07A683B6913441B7899
:10E410001BB21B021AB2B7F9163053401BB2FB8273
:10E420000023FB7313E0B7F91630002B09DAB7F9B4
:10E4300016305B001AB2B7F90C3053401BB2FB82A6
:10E4400002E0FB8A5B00FB82FB7B0133FB73FB7BFF
:10E45000072BE8D93B6901333B613A693B689A4233
:10E46000D2D3FB8A18461C37BD465DF8047B704743
:10E4700080B588B002AFB9607B600346FB7313467A
:10E48000BB81194B7B61FB7B022B1ED0022B27DC4F
:10E49000002B02D0012B0DD022E0144B7B61BB89F5
:10E4A0007A6901920093BB68114A402178681EF096
:10E4B00049FD15E00F4B7B617B690093BB680E4AF9
:10E4C000402178681EF03EFD0AE00C4B7B617B69C1
:10E4D0000093BB68084A402178681EF033FD00BFF6
:10E4E00000BF1837BD4680BDF8560308FC56030828
:10E4F00004570308145703081C570308245703083C
:10E5000080B483B000AF0346FB71FB79082B25D89C
:10E5100001A252F823F000BF3DE5000841E50008E4
:10E520005DE5000845E5000849E500084DE50008FF
:10E5300051E5000855E5000859E500080B4B0EE0D1
:10E540000B4B0CE00B4B0AE00B4B08E00B4B06E0CF
:10E550000B4B04E00B4B02E00B4B00E00B4B18465F
:10E560000C37BD465DF8047B704700BF2C5703088D
:10E5700034570308445703085457030864570308E3
:10E580007857030890570308A4570308B4570308A3
:10E5900080B483B000AF0346FB71FB79022B0AD035
:10E5A000022B0ADC002B02D0012B02D005E0064B27
:10E5B00004E0064B02E0064B00E0064B18460C3721
:10E5C000BD465DF8047B7047C4570308CC57030869
:10E5D000D4570308D857030880B584B000AF03466A
:10E5E000B9607A60FB73FB7B312B02D0322B0AD0EF
:10E5F00013E00F4802F024FB0E4B01221A700E4B61
:10E6000001221A700FE00D4802F01AFB094B01229B
:10E610001A70094B00221A7005E0FB7B1946084866
:10E6200002F00EFB00BF00BF1037BD4680BD00BF2B
:10E630004C580308A0920124A192012478580308A1
:10E64000B058030880B483B000AF78607B68DB69A2
:10E6500003F04003402B01D1012300E000231846C2
:10E660000C37BD465DF8047B704780B483B000AFC3
:10E6700078607B68DB6903F08003802B01D1012384
:10E6800000E0002318460C37BD465DF8047B704758
:10E6900080B483B000AF78600B46FB70FA787B687B
:10E6A0009A6200BF0C37BD465DF8047B70470000DE
:10E6B00080B483B000AF0346FB71FB79052B1BD8F8
:10E6C00001A252F823F000BFE1E60008E5E60008E9
:10E6D000E9E60008EDE60008F1E60008F5E60008C6
:10E6E000094B0AE0094B08E0094B06E0094B04E03E
:10E6F000094B02E0094B00E0094B18460C37BD46B8
:10E700005DF8047B704700BFE8580308F45803081D
:10E71000005903080C590308185903082459030821
:10E720003059030880B5A8B000AF03463A60FB71CA
:10E730000B46BB71BB79052B00F2EE8001A252F8AB
:10E7400023F000BF5DE700085DE700085DE7000813
:10E750005DE700085DE700085DE7000800BF0023F3
:10E76000C7F89430FB79002B01D06D4B00E06D4B66
:10E77000C7F89030D7F8943007F10C02D018D7F8CA
:10E780009430C3F18001D7F89030674A1EF0DAFB6D
:10E790000246D7F894301344C7F89430BB79184632
:10E7A000FFF786FFC7F88C00D7F8943007F10C020A
:10E7B000D018D7F89430C3F18001D7F88C305B4A79
:10E7C0001EF0C0FB0246D7F894301344C7F89430CB
:10E7D000D7F8943007F10C02D018D7F89430C3F171
:10E7E00080013B68524A1EF0ADFB0246D7F89430D8
:10E7F0001344C7F894300023C7F89C3015E000BFDD
:10E800004C48FFF732FF0346002BF9D007F10C020A
:10E81000D7F89C3013441B7819464648FFF738FF59
:10E82000D7F89C300133C7F89C3007F10C02D7F8B9
:10E830009C3013441B78002BE1D100BF3D48FFF70B
:10E8400001FF0346002BF9D00023C7F89430D7F816
:10E85000943007F10C02D018D7F89430C3F180013E
:10E86000D7F89030304A1EF06DFB0246D7F894304E
:10E870001344C7F89430D7F8943007F10C02D0183D
:10E88000D7F89430C3F18001D7F88C302A4A1EF0B3
:10E8900059FB0246D7F894301344C7F89430D7F8A0
:10E8A000943007F10C02D018D7F89430C3F18001EE
:10E8B0003B681F4A1EF046FB0246D7F894301344CB
:10E8C000C7F894300023C7F8983015E000BF1B4804
:10E8D000FFF7CBFE0346002BF9D007F10C02D7F867
:10E8E000983013441B7819461448FFF7D1FED7F827
:10E8F00098300133C7F8983007F10C02D7F89830F8
:10E9000013441B78002BE1D100BF0C48FFF79AFE9F
:10E910000346002BF9D000E000BFA037BD4680BD04
:10E920003C590308445903084C590308505903083B
:10E9300064590308004400406C590308001001406A
:10E9400080B5A6B000AF03463A60FB710B46BB71C1
:10E95000BB79052B00F2878001A252F823F000BF9B
:10E9600079E9000879E9000879E9000879E90008FF
:10E9700079E9000879E9000800BF0023C7F8903062
:10E98000FB79002B01D03A4B00E03A4BC7F88C30B2
:10E99000D7F8903007F10802D018D7F89030C3F1BB
:10E9A0008001D7F88C30344A1EF0CCFA0246D7F8F2
:10E9B00090301344C7F89030BB791846FFF778FEC3
:10E9C000C7F88800D7F8903007F10802D018D7F8B8
:10E9D0009030C3F18001D7F88830284A1EF0B2FA8F
:10E9E0000246D7F890301344C7F89030D7F89030EB
:10E9F00007F10802D018D7F89030C3F180013B68C6
:10EA00001F4A1EF09FFA0246D7F890301344C7F809
:10EA100090300023C7F8943015E000BF1948FFF785
:10EA200024FE0346002BF9D007F10802D7F89430F2
:10EA300013441B7819461348FFF72AFED7F8943081
:10EA40000133C7F8943007F10802D7F89430134423
:10EA50001B78002BE1D100BF0A48FFF7F3FD034606
:10EA6000002BF9D000E000BF9837BD4680BD00BF45
:10EA70003C590308445903084C59030850590308EA
:10EA80006459030800440040F0B5AFB006AF034638
:10EA9000B9607A60FB730023C7F89C3007F1140358
:10EAA000184601F0C7FED7F89C3007F11C02D018B9
:10EAB000D7F89C30C3F18001BB7D9C467B7D3A7DBD
:10EAC000FC7D3D7E7E7E0496039502940192009328
:10EAD0006346454A1EF036FA0246D7F89C30134486
:10EAE000C7F89C300023FB740023BB7400237B74A5
:10EAF00007F1110307F1120207F11301002001F0E1
:10EB0000F3FED7F89C3007F11C02D018D7F89C30E0
:10EB1000C3F18001FB7C1C46BB7C7A7C0192009394
:10EB20002346324A1EF00EFA0246D7F89C301344B0
:10EB3000C7F89C30D7F89C3007F11C02D418D7F8DE
:10EB40009C30C3F18005FB7B1846FFF7B1FD0346FF
:10EB5000274A294620461EF0F5F90246D7F89C3090
:10EB60001344C7F89C30D7F89C3007F11C02D0182A
:10EB7000D7F89C30C3F180011E4B1F4A1EF0E2F90A
:10EB80000246D7F89C301344C7F89C30D7F89C3025
:10EB900007F11C02D018D7F89C30C3F18001BB6884
:10EBA000164A1EF0CFF90246D7F89C301344C7F836
:10EBB0009C307B68002B0ED0114B1B6807F11C02A8
:10EBC00011461846F4F724F80D4B1B680D491846FA
:10EBD000F4F71EF804E007F11C031846F9F7A8F94A
:10EBE00000BFA437BD46F0BD80590308A4590308EF
:10EBF000B4590308B8590308BC590308C459030899
:10EC000060060024C859030880B483B000AF0346EF
:10EC1000FB71FB79052B1BD801A252F823F000BF32
:10EC200039EC00083DEC000841EC000845EC000818
:10EC300049EC00084DEC0008094B0AE0094B08E0DC
:10EC4000094B06E0094B04E0094B02E0094B00E0E8
:10EC5000094B18460C37BD465DF8047B704700BF72
:10EC6000CC590308D8590308E4590308F05903089C
:10EC7000FC590308085A0308145A030880B500AF6A
:10EC80000022412110200AF0FEFA0346014A1360D7
:10EC900000BF80BDA4920124F0B5BFB006AF78607C
:10ECA000654B1B6807F198014FF0FF3218460AF0D8
:10ECB00051FD0346012BF3D10023C7F8DC3007F1E7
:10ECC0001003184601F0B6FDD7F8DC3007F1180242
:10ECD000D018D7F8DC30C3F180031E46BB7C9C46BD
:10ECE0007B7C3A7CF97C3C7D7D7D0495039402918C
:10ECF000019200936346514A31461EF023F90246C1
:10ED0000D7F8DC301344C7F8DC300023FB60002365
:10ED1000FB720023BB7200237B7207F1090307F12A
:10ED20000A0207F10B0107F10C0001F0DDFDFB68A1
:10ED3000002B1BD0D7F8DC3007F11802D018D7F819
:10ED4000DC30C3F180031D46FB68FA7AB97A7C7A1D
:10ED50000294019100923A4A29461EF0F3F80246C5
:10ED6000D7F8DC301344C7F8DC3019E0D7F8DC30D2
:10ED700007F11802D018D7F8DC30C3F18003194628
:10ED8000FB7A1C46BB7A7A7A0192009323462D4A7D
:10ED90001EF0D8F80246D7F8DC301344C7F8DC3050
:10EDA000D7F8DC3007F11802D418D7F8DC30C3F1FB
:10EDB00080031D4697F898301846FFF725FF034655
:10EDC000214A294620461EF0BDF80246D7F8DC301D
:10EDD0001344C7F8DC30D7F8DC3007F11802D0183C
:10EDE000D7F8DC30C3F180031946184B184A1EF0DF
:10EDF000A9F80246D7F8DC301344C7F8DC30D7F85E
:10EE0000DC3007F11802D018D7F8DC30C3F18003EA
:10EE1000194607F1980301330E4A1EF093F8024693
:10EE2000D7F8DC301344C7F8DC3007F11803184674
:10EE3000F9F77EF834E700BFA4920124205A0308B2
:10EE4000445A0308585A0308685A03086C5A0308BE
:10EE5000705A0308785A030880B483B000AF0346A1
:10EE6000FB71FB791B09DBB21A46920013445B006D
:10EE7000DAB2FB7903F00F03DBB21344DBB21846BE
:10EE80000C37BD465DF8047B7047000080B483B04A
:10EE900000AF0346FB71FB790E4AA2FB0323DB089C
:10EEA000DBB25BB21B0158B2FA790A4BA3FB021327
:10EEB000D9080B469B000B445B00D31ADBB25BB254
:10EEC00003435BB2DBB218460C37BD465DF8047BEA
:10EED000704700BFCDCCCCCC80B483B000AF78609D
:10EEE0000A4A7B681360094B01229A72074B102271
:10EEF000DA72074B054A1A60054B56221A71044B09
:10EF000018460C37BD465DF8047B7047B09201246B
:10EF1000A892012480B400AF024B1846BD465DF8AC
:10EF2000047B7047A892012480B586B002AF786058
:10EF300039607B6818687B68197907F10803072234
:10EF400000920822F2F732FE0346FB73FB7B002B94
:10EF500001D0FB7B30E03B7A1846FFF77DFF03468C
:10EF60001A463B685A717B7A1846FFF775FF0346CD
:10EF70001A463B681A71BB7A1846FFF76DFF0346C5
:10EF80001A463B68DA70FB7A1846FFF765FF0346BE
:10EF90001A463B681A707B7B1846FFF75DFF0346F5
:10EFA0001A463B685A70BB7B1846FFF755FF03466D
:10EFB0001A463B689A70002318461037BD4680BD3C
:10EFC00080B586B002AF786039603B685B791846DF
:10EFD000FFF75CFF03463B723B681B791846FFF75F
:10EFE00055FF03467B723B68DB781846FFF74EFF00
:10EFF0000346BB723B681B781846FFF747FF034682
:10F00000FB720120FFF742FF03463B733B685B78CE
:10F010001846FFF73BFF03467B733B689B78184617
:10F02000FFF734FF0346BB737B6818687B68197968
:10F0300007F10803072200920822F2F7FFFC0346BB
:10F0400018461037BD4680BD80B586B002AF7860E7
:10F0500039607B6818687B68197907F10E03012213
:10F0600000922022F2F7A2FD0346FB73FB7B002BEC
:10F0700001D0FB7B07E0BB7B3C3BDBB25BB21A46BB
:10F080003B681A80002318461037BD4680BD80B407
:10F0900083B000AF786039607B683A689A6100BFDE
:10F0A0000C37BD465DF8047B704780B483B000AF79
:10F0B000786039603B681A047B689A6100BF0C373E
:10F0C000BD465DF8047B704780B500AF044B00225D
:10F0D0001A7080210348FFF7E8FF0023184680BD1F
:10F0E000C0920124000C025880B500AF0A4B1B7877
:10F0F000002B07D1084B01221A7080210748FFF727
:10F10000C6FF06E0044B00221A7080210348FFF777
:10F11000CCFF00BF80BD00BFC0920124000C02588C
:10F1200080B400AF034B1B781846BD465DF8047BE6
:10F13000704700BFC092012480B483B000AF7860F4
:10F1400039607B683A689A6100BF0C37BD465DF84C
:10F15000047B704780B483B000AF786039603B684F
:10F160001A047B689A6100BF0C37BD465DF8047BCA
:10F170007047000080B400AF024B1846BD465DF8F2
:10F18000047B7047C492012480B584B000AFF8605E
:10F19000B9601346FB80094AFB681360074ABB68E5
:10F1A0005360064AFB881381FB881946B868FFF74D
:10F1B000C3FF00BF1037BD4680BD00BFC49201240D
:10F1C00080B584B000AF78607B685A687B681B8923
:10F1D00019461046FFF7BEFF7B681B6806211846DC
:10F1E000F2F70AFF0346FB737B685A687B681B894A
:10F1F00019461046FFF7A0FFFB7B18461037BD46A7
:10F2000080BD80B584B000AF78607B685A687B6849
:10F210001B8919461046FFF79DFF7B681B68042178
:10F220001846F2F7E9FE0346FB737B685A687B6871
:10F230001B8919461046FFF77FFFFB7B18461037E6
:10F24000BD4680BD80B588B000AFF860B9607A6017
:10F250007B80BB681B0CDBB23B75BB681B0ADBB257
:10F260007B75BB68DBB2BB75F868FFF7A9FF034687
:10F27000FB75FB7D002B01D0FB7D6EE0FB685A68BF
:10F28000FB681B8919461046FFF764FFFB681B6883
:10F2900002211846F2F7B0FE0346FB75FB7D002BFA
:10F2A00009D0FB685A68FB681B8919461046FFF7AE
:10F2B00043FFFB7D51E00023FB611BE0FB68186806
:10F2C00007F11402FB6913441B781946F2F794FE08
:10F2D0000346FB75FB7D002B09D0FB685A68FB6871
:10F2E0001B8919461046FFF727FFFB7D35E0FB69B8
:10F2F0000133FB61FB69022BE0DD0023BB611AE0F7
:10F30000FB681868BB697A6813441B781946F2F7E2
:10F3100073FE0346FB75FB7D002B09D0FB685A6822
:10F32000FB681B8919461046FFF706FFFB7D14E0BA
:10F33000BB690133BB617B88BA699A42E0DBFB6839
:10F340005A68FB681B8919461046FFF7F5FEF868F6
:10F35000FFF757FF0346FB75FB7D18462037BD4678
:10F3600080BD80B588B000AFF860B9607A607B80FE
:10F37000BB681B0CDBB23B74BB681B0ADBB27B7443
:10F38000BB68DBB2BB74FB685A68FB681B89194613
:10F390001046FFF7DFFEFB681B6803211846F2F7F3
:10F3A0002BFE0346FB77FB7F002B09D0FB685A68D6
:10F3B000FB681B8919461046FFF7BEFEFB7F4CE039
:10F3C0000023BB611BE0FB68186807F11002BB69F2
:10F3D00013441B781946F2F70FFE0346FB77FB7FB9
:10F3E000002B09D0FB685A68FB681B891946104638
:10F3F000FFF7A2FEFB7F30E0BB690133BB61BB6955
:10F40000022BE0DD00237B611AE0FB6818687B6952
:10F410007A6813441A460021F2F7A5FD0346FB77EC
:10F42000FB7F002B09D0FB685A68FB681B891946D3
:10F430001046FFF781FEFB7F0FE07B6901337B61A4
:10F440007B887A699A42E0DBFB685A68FB681B8913
:10F4500019461046FFF770FEFB7F18462037BD4661
:10F4600080BD80B483B000AF78607B681B6843F0D8
:10F4700001027B681A6000BF0C37BD465DF8047B53
:10F48000704780B483B000AF78607B681B6823F05E
:10F4900001027B681A6000BF0C37BD465DF8047B33
:10F4A000704780B483B000AF78607B681B6843F41A
:10F4B00000727B681A6000BF0C37BD465DF8047BA4
:10F4C000704780B483B000AF78607B689B6843F47A
:10F4D00080427B689A6000BF0C37BD465DF8047BB4
:10F4E000704780B483B000AF78607B689B6823F47A
:10F4F00080427B689A6000BF0C37BD465DF8047B94
:10F50000704780B483B000AF78607B689B6843F439
:10F5100000427B689A6000BF0C37BD465DF8047BF3
:10F52000704780B483B000AF78607B689B6823F439
:10F5300000427B689A6000BF0C37BD465DF8047BD3
:10F54000704780B483B000AF786039607B683A68F8
:10F550009A6100BF0C37BD465DF8047B704780B4EC
:10F5600083B000AF786039603B681A047B689A61A9
:10F5700000BF0C37BD465DF8047B704780B485B092
:10F5800000AF786039607B68FB600C4A3B681344CD
:10F590001B781A46FB6813441B6808493A680A44FA
:10F5A00012781146FA680A4443F00103136000BF61
:10F5B0001437BD465DF8047B704700BF1C7E03080E
:10F5C00080B485B000AF786039607B68FB600C4A1E
:10F5D0003B6813441B781A46FB6813441B680849B0
:10F5E0003A680A4412781146FA680A4423F0010383
:10F5F000136000BF1437BD465DF8047B704700BF41
:10F600001C7E030880B485B000AF786039607B68E9
:10F61000FB60084A3B6813441B781A46FB68134496
:10F620001A6844F21003134018461437BD465DF8BB
:10F63000047B70471C7E030880B487B000AFF8607D
:10F64000B9607A60FB687B610D4ABB6813441B7824
:10F650001A467B6913445A680A4B13400849BA6832
:10F660000A44127811467A690A4411467A681343AB
:10F670004B6000BF1C37BD465DF8047B704700BF80
:10F680001C7E03080000FFFF80B487B000AFF86065
:10F69000B9607A603B60FB687B613B6A102B14D1D8
:10F6A000174ABB6813441B781A467B6913441A46F1
:10F6B0007B68D360124ABB6813441B781A467B6987
:10F6C00013441A463B68936013E00D4ABB68134429
:10F6D0001B781A467B6913441A467B689360084A74
:10F6E000BB6813441B781A467B6913441A463B686F
:10F6F000D36000BF1C37BD465DF8047B704700BF78
:10F700001C7E030880B485B000AFF860B9607A60F1
:10F71000BA680A4B13449B001B6823F0FF02B968C8
:10F72000064B0B449B0019467B6813430B6000BFDC
:10F730001437BD465DF8047B704700BF0096001685
:10F7400080B483B000AF78607B681B6803F002036D
:10F75000022B01D1012300E0002318460C37BD46DF
:10F760005DF8047B704780B483B000AF78607B683D
:10F770001B6803F00803082B01D1012300E00023DC
:10F7800018460C37BD465DF8047B704780B483B0E3
:10F7900000AF78607B6802225A6000BF0C37BD461C
:10F7A0005DF8047B704780B483B000AF78607B68FD
:10F7B00008225A6000BF0C37BD465DF8047B7047D5
:10F7C00080B485B000AF786039607B68FB600C4A1C
:10F7D0003B6813441B781A46FB6813441B680849AE
:10F7E0003A680A4412781146FA680A4443F0020360
:10F7F000136000BF1437BD465DF8047B704700BF3F
:10F800001C7E030880B485B000AF786039607B68E7
:10F81000FB600C4A3B6813441B781A46FB68134490
:10F820001B6808493A680A4412781146FA680A4483
:10F8300043F00803136000BF1437BD465DF8047B36
:10F84000704700BF1C7E030880B400AF024B18460F
:10F85000BD465DF8047B7047D492012480B584B026
:10F8600000AFF860B9601346FB801A4BDB7A002BBF
:10F8700001D000232AE0174AFB681360154ABB68D1
:10F880005360144AFB88138103220021012009F0F0
:10F89000FAFC0346104A13600F4B1B68002B01D182
:10F8A000012313E000210D48FFF78AFF00210B48D8
:10F8B000FFF7A8FFFB881946B868FFF742FE054B23
:10F8C0000122DA72034B00229A7200231846103785
:10F8D000BD4680BDD4920124D09201240054025828
:10F8E00080B584B002AF786039605A4BDB7A83F020
:10F8F0000103DBB2002B01D00123A7E0554B01220D
:10F900009A7201215448FFF77DFE03460093534B42
:10F91000534A01215048FFF7B7FE3A6801214E488B
:10F92000FFF78AFE00214C48FFF76CFE0346009368
:10F930007B684C4A00214848FFF7A6FE3A68002140
:10F940004548FFF779FE0B2200214348FFF7DAFE16
:10F95000404B5B683F4A128911461846FFF7FFFD8E
:10F960003C4B1B681846FFF7ACFD00213A48FFF7F7
:10F9700005FE384B1B681846FFF7C3FD01213648CA
:10F98000FFF7FCFD334B1B681846FFF76AFD314B50
:10F990001B681846FFF785FD334B1B684FF47A71DF
:10F9A000184609F0BFFF0346012B23D001212A4846
:10F9B000FFF706FE00212848FFF702FE254B1B68D3
:10F9C0001846FFF78EFD234B1B681846FFF7A9FD6D
:10F9D000204B1B681846FFF754FD1E4B5B681D4A01
:10F9E000128911461846FFF7ACFD0020F1F720F808
:10F9F00001232BE001211848FFF7E2FD0021164802
:10FA0000FFF7DEFD134B1B681846FFF76AFD114B2D
:10FA10001B681846FFF785FD0E4B1B681846FFF75D
:10FA200030FD0C4B5B680B4A128911461846FFF7F4
:10FA300088FD084B9B7A022B04D10120F0F7F8FFD8
:10FA4000002303E00020F0F7F3FF012318460837F6
:10FA5000BD4680BDD49201240054025820140058A1
:10FA6000FFFF003830140058D092012480B483B0D6
:10FA700000AF0346FB71044AFB79937200BF0C3759
:10FA8000BD465DF8047B7047D492012480B582B0F6
:10FA900000AF2248FFF754FE0346002B19D01F4841
:10FAA000FFF774FE0220FFF7E1FF00237B601C4B91
:10FAB0001B683A1D1146184609F09AFD7B68002B19
:10FAC00007D0184B4FF080521A60BFF34F8FBFF32F
:10FAD0006F8F1248FFF747FE0346002B19D00F48DF
:10FAE000FFF761FE0320FFF7C1FF00233B600C4BD3
:10FAF0001B683A461146184609F07AFD3B68002B10
:10FB000007D0084B4FF080521A60BFF34F8FBFF3FE
:10FB10006F8F00BF0837BD4680BD00BF005402583C
:10FB2000D092012404ED00E080B483B000AF78608F
:10FB30007B681B6843F001027B681A6000BF0C37CA
:10FB4000BD465DF8047B704780B483B000AF786039
:10FB50007B681B6823F001027B681A6000BF0C37CA
:10FB6000BD465DF8047B704780B483B000AF786019
:10FB70007B689B6843F400427B689A6000BF0C3747
:10FB8000BD465DF8047B704780B483B000AF7860F9
:10FB90007B689B6823F400427B689A6000BF0C3747
:10FBA000BD465DF8047B704780B485B000AF7860D7
:10FBB00039607B68FB600C4A3B6813441B781A462B
:10FBC000FB6813441B6808493A680A4412781146D6
:10FBD000FA680A4443F00103136000BF1437BD46BE
:10FBE0005DF8047B704700BF247E030880B485B0B5
:10FBF00000AF786039607B68FB600C4A3B68134457
:10FC00001B781A46FB6813441B6808493A680A4483
:10FC100012781146FA680A4423F00103136000BF0A
:10FC20001437BD465DF8047B704700BF247E03088F
:10FC300080B487B000AFF860B9607A60FB687B6120
:10FC40000D4ABB6813441B781A467B6913441B6832
:10FC500023F4C0420849BB680B441B7819467B69F2
:10FC60000B4419467B6813430B6000BF1C37BD462D
:10FC70005DF8047B704700BF247E030880B487B022
:10FC800000AFF860B9607A60FB687B610D4ABB68C1
:10FC900013441B781A467B6913445A680A4B134075
:10FCA0000849BA680A44127811467A690A4411462A
:10FCB0007A6813434B6000BF1C37BD465DF8047B78
:10FCC000704700BF247E03080000FFFF80B487B0A8
:10FCD00000AFF860B9607A603B60FB687B613B6AAB
:10FCE000402B14D1174ABB6813441B781A467B6912
:10FCF00013441A467B68D360124ABB6813441B78CE
:10FD00001A467B6913441A463B68936013E00D4A18
:10FD1000BB6813441B781A467B6913441A467B68F8
:10FD20009360084ABB6813441B781A467B691344E6
:10FD30001A463B68D36000BF1C37BD465DF8047BA4
:10FD4000704700BF247E030880B487B000AFF8601E
:10FD5000B9607A60FB687B61074ABB6813441B7813
:10FD60001A467B6913441A467B68936000BF1C37B0
:10FD7000BD465DF8047B7047247E030880B483B0E1
:10FD800000AF78607B684FF00062DA6000BF0C372C
:10FD9000BD465DF8047B704780B483B000AF7860E7
:10FDA0007B684FF00072DA6000BF0C37BD465DF82B
:10FDB000047B704780B485B000AF786039607B68A1
:10FDC000FB600C4A3B6813441B781A46FB681344DB
:10FDD0001B6808493A680A4412781146FA680A44CE
:10FDE00043F00403136000BF1437BD465DF8047B85
:10FDF000704700BF247E030880B485B000AF7860F0
:10FE000039607B68FB600C4A3B6813441B781A46D8
:10FE1000FB6813441B6808493A680A441278114683
:10FE2000FA680A4443F01003136000BF1437BD465C
:10FE30005DF8047B704700BF247E030880B485B062
:10FE400000AF03460A46FB8013467B7141F2210353
:10FE5000BB817B791BB21B021AB2B7F90630534043
:10FE60001BB2FB800023FB7313E0B7F90630002BB5
:10FE700009DAB7F906305B001AB2B7F90C30534013
:10FE80001BB2FB8002E0FB885B00FB80FB7B013345
:10FE9000FB73FB7B072BE8D9FB8818461437BD465C
:10FEA0005DF8047B7047000080B400AF024B184639
:10FEB000BD465DF8047B7047E092012480B500AF39
:10FEC000124B1B7D002B01D000231DE000220721D7
:10FED0000F48FFF7ADFE0F4A07210D48FFF734FF2B
:10FEE00007210B48FFF788FF07210948FFF762FF4A
:10FEF000F0F796FD054B00229A74044B01221A7507
:10FF0000024B00221A700023184680BDE0920124A3
:10FF1000000002402050014080B588B000AF034689
:10FF2000B9607A60FB73474B1B7D83F00103DBB242
:10FF3000002B01D0012380E0F0F796FD0346032B50
:10FF400001D0012379E0FB7B032B01D9012374E06D
:10FF5000BB68002B08D0BB683B4A934204D8BB68FF
:10FF60005B00B3F5483F01D9012366E00220F0F7BA
:10FF70005FFD344B00229A74FB7B002B59D1002388
:10FF8000FB837B687B610023BB612BE0BB692F4A4D
:10FF9000A2FB0312991A49080A44520A40F2E931B5
:10FFA00001FB02F29A1A13467B82BB695B007A69F5
:10FFB00013447A8A1A807B8ADAB2FB8B1146184680
:10FFC000FFF73CFF0346FB837B8A1B0A9BB2DAB236
:10FFD000FB8B11461846FFF731FF0346FB83BB69D5
:10FFE0000133BB61BA69BB689A42CFD3154AFB7B28
:10FFF0001371144ABB689360BB685B00114AD360FD
:020000040801F1
:10000000104AFB8B13820F4B01229A740D4BDB6855
:100010001946786800F040F80346002B04D0002011
:10002000F0F706FD012308E00120F0F701FD0023B1
:1000300003E00320F0F7FCFC022318462037BD46FE
:1000400080BD00BFE0920124A08601007BD2E105C3
:1000500090B482B000AF78600E4B1B7D83F001033B
:10006000DBB2002B06D10B4B9B7C83F00103DBB290
:10007000002B01D0012307E07A68064B14460433B5
:100080000FCB84E80F00002318460837BD4690BC0C
:10009000704700BFE092012480B584B002AF786061
:1000A00039601C4B1B7D83F00103DBB2002B01D0B8
:1000B00001232AE007211848FFF798FD1748FFF7AA
:1000C00063FD1648FFF740FD1348FFF757FE12483F
:1000D000FFF762FE40230093114B7A6807210E4818
:1000E000FFF7F4FD3A6807210B48FFF7C7FD0B48FF
:1000F000FFF71AFD0948FFF737FD07210648FFF70C
:1001000053FD044B00221A70002318460837BD46E1
:1001100080BD00BFE0920124000002400050014079
:100120002050014080B500AF104B1B7D83F00103D0
:10013000DBB2002B01D0012316E007210C48FFF7AA
:1001400055FD0C48FFF720FD0948FFF717FE08484A
:10015000FFF722FE054B00221A70044B00229A740E
:100160000320F0F765FC0023184680BDE0920124CF
:10017000000002400050014080B483B000AF03464D
:10018000FB71044AFB79137000BF0C37BD465DF864
:10019000047B7047E092012480B500AFF0F764FC67
:1001A0000346184680BD000080B483B000AF03460C
:1001B000FB80FB8803F003039BB2002B1AD1FB8862
:1001C000104AA2FB03125209642101FB02F29B1A9E
:1001D0009BB2002B0CD1FB880A4AA2FB0312D20966
:1001E0004FF4C87101FB02F29B1A9BB2002B01D1A4
:1001F000012300E00023DBB218460C37BD465DF852
:10020000047B70471F85EB5180B582B000AF034679
:100210000A46FB711346BB80FB79022B07D1BB88D2
:100220001846FFF7C1FF03461C33DBB203E0FB793E
:10023000013B034AD35C18460837BD4680BD00BF6A
:100240002C7E030880B586B000AF786000237B6108
:100250007B689B7803F5FA63FB814FF4FA637B823A
:100260000DE07B8A1846FFF79FFF034603F26D13EC
:100270001A467B6913447B617B8A01337B827A8ACD
:10028000FB899A42EDD301237B740DE0FA897B7CD4
:1002900011461846FFF7B8FF03461A467B69134418
:1002A0007B617B7C01337B747B685B787A7C9A42D0
:1002B000ECD37B681B781A467B691344013B7B6156
:1002C0007B690D4A03FB02F27B68DB7819464FF429
:1002D000616301FB03F31A447B681B7919460B46E3
:1002E0001B015B1A9B0013447A6852791344184629
:1002F0001837BD4680BD00BF8051010080B586B073
:1003000000AF786039607B683C4AA2FB03231B0C7A
:100310007B617B68394AA2FB0312120C384901FB4E
:1003200002F29B1AFB60FB68364AA2FB0323DB0A3E
:10033000DAB23B68DA70FB68324AA2FB0312D20AD7
:100340004FF4616101FB02F29B1AFB60FB682E4ACD
:10035000A2FB03235B09DAB23B681A71F9682A4BE6
:10036000A3FB01235A0913461B019B1A9B00CA1ABF
:10037000D2B23B685A714FF4FA637B827B8A18468B
:10038000FFF712FF034603F26D137B817B897A69C5
:100390009A4207D37B897A69D31A7B617B8A0133BE
:1003A0007B82EBE700BF7B8ADBB23033DAB23B689B
:1003B0009A7001237B747A8A7B7C11461846FFF77A
:1003C00023FF03467B727B7A7A699A4207D37B7A52
:1003D0007A69D31A7B617B7C01337B74EBE700BFC6
:1003E0003B687A7C5A707B69DBB20133DAB23B68D6
:1003F0001A7000BF1837BD4680BD00BF07452EC22A
:1004000080510100C5B3A2918988888890B585B0D4
:1004100000AF944B5B790133DAB2924B5A71914B36
:100420005B793B2B4CD98F4B00225A718D4B1B793A
:100430000133DAB28B4B1A718A4B1B793B2B3FD9B4
:10044000884B00221A71874BDB780133DAB2854B77
:10045000DA70844BDB78172B32D9824B0022DA70AA
:10046000804B1B780133DAB27E4B1A707D4B1C78BF
:100470007C4B5B787B4A927811461846FFF7C4FEA6
:1004800003469C421CD9774B01221A70754B5B784E
:100490000133DAB2734B5A70724B5B780C2B0FD965
:1004A000704B01225A706F4B9B780133DAB26D4B5F
:1004B0009A706C4B9B78632B02D96A4B00229A701E
:1004C000694B9B790133DAB2674B9A71664B9B7922
:1004D0003B2B21D9644B00229A71634B5B7901332A
:1004E000DAB2614B5A71604B5B793B2B14D95E4B8E
:1004F00000225A715C4B1B790133DAB25A4B1A71E4
:10050000594B1B79172B07D9574B00221A71564BA1
:100510001B680133544A136000F0D8F9B860514B9E
:100520005A79524B1B789A4214BF01230023DBB245
:10053000FB714C4B1A794E4B1B789A4214BF012326
:100540000023DBB2BB71474BDA784A4B1B789A42E7
:1005500014BF01230023DBB27B710023FB7309E18D
:10056000FA7B1346DB0013449B00434A13443B6071
:100570003B681B78002B00F0F3803B68DB69002BA5
:1005800000F0EE803B685B78022B5ED0022B00F31C
:10059000EE80002B02D0012B32D0E8E0FB79002B5B
:1005A00000F0E0802F4BDA783B689B789A4240F06D
:1005B000D9802C4B1A793B68DB789A4240F0D28084
:1005C000284B5A793B681B799A4240F0CB803B68B4
:1005D000DB693A68126A104698473B685B69002BF2
:1005E00000F0C0803B689B695A1E3B689A613B687B
:1005F0009B69002B40F0B6803B6800221A70B1E086
:100600003B68DB68BA68D21A3B689B689A42C0F0C4
:10061000AB803B68DB693A68126A104698473B68D2
:10062000BA68DA603B685B69002B00F09D803B682C
:100630009B695A1E3B689A613B689B69002B40F09E
:1006400093803B6800221A708EE03B681B7C022B73
:100650005CD0022B00F38A80002B0FD0012B31D00D
:1006600084E000BF64060024609401246A0600242C
:100670006B0600246C060024F89201247B79002B81
:1006800068D0464BDA783B689B789A4262D13B68E7
:10069000DB693A68126A104698473B689A783B686B
:1006A0005A743B685B69002B54D03B689B695A1EA7
:1006B0003B689A613B689B69002B4BD13B680022E9
:1006C0001A7047E0BB79002B46D0344B1A793B684F
:1006D000DB789A4240D13B68DB693A68126A10467F
:1006E00098473B68DA783B685A743B685B69002B33
:1006F00032D03B689B695A1E3B689A613B689B6994
:10070000002B29D13B6800221A7025E0FB79002BD1
:1007100024D0224B5A793B681B799A421ED13B6800
:10072000DB693A68126A104698473B681A793B6859
:100730005A743B685B69002B10D03B689B695A1E5A
:100740003B689A613B689B69002B07D13B6800229C
:100750001A7003E000BF09E000BF07E000BF05E03A
:1007600000BF04E000BF02E000BF00E000BFFB7B71
:100770000133FB73FB7B092B7FF6F2AE074B5A79F3
:10078000074B1A70054B1A79064B1A70034BDA782F
:10079000054B1A7000BF1437BD4690BD6406002497
:1007A0006A0600246B0600246C06002480B582B023
:1007B00000AF1D4B00229A701B4B01225A701A4B3E
:1007C00001221A70184B0022DA70174B00221A719E
:1007D000154B00225A71154B00221A60134B002250
:1007E0001A71124B00225A71104B00229A714FF469
:1007F000B47200210E481CF0D5FC0023FB710BE005
:10080000FA790B491346DB0013449B000B4400228A
:100810001A70FB790133FB71FB79092BF0D900BF0A
:1008200000BF0837BD4680BD6406002460940124E3
:10083000F892012480B483B000AF78607B68002B0D
:1008400006D07B68054A1068186092889A8000E09C
:1008500000BF0C37BD465DF8047B7047640600247A
:1008600080B483B000AF78607B68002B06D0064B65
:100870007A681068186092889A8000E000BF0C3790
:10088000BD465DF8047B70476406002480B584B0E3
:1008900000AF78607B680B4A93420ED97A680A4BA6
:1008A000134407F1080211461846FFF727FD07F128
:1008B00008031846FFF7D4FF00E000BF1037BD461D
:1008C00080BD00BF7F436D3880BC92C780B500AF4C
:1008D0000348FFF7B7FC0246024B1344184680BD9D
:1008E0006406002480436D3880B485B000AFF860A2
:1008F000B9607A603B60FB68002B03D00F4B1A682D
:10090000FB681A60BB68002B03D00C4B1A79BB68DC
:100910001A707B68002B03D0084B5A797B681A70D9
:100920003B68002B03D0054B9A793B681A7000BFD7
:100930001437BD465DF8047B704700BF6094012406
:1009400080B584B000AFFEF7E5FAF8600123FB72D2
:100950003B1D1946F868FEF7E7FA0346FB72FB7A7F
:10096000002B03D13B1D1846FFF77AFFFB7A184690
:100970001037BD4680BD80B588B000AFF860B96063
:100980007A603B60FB68BA681A60FB6804331F2218
:10099000796818461CF02AFCFB68002283F82320A3
:1009A000FB683A685A62FB683A8D1A85FB682A33FD
:1009B000FB610023FB82FA8AFB69BFF35B8F1A801D
:1009C000FB682C33BB610023BB82BA8ABB69BFF3CF
:1009D0005B8F1A8000BF2037BD4680BD80B48BB0CE
:1009E00000AF78600B46FB707B682A333B623B6A42
:1009F0001B889BB2FB81FB890133FB847B681B8DC9
:100A0000FA8C9A4201D10023FB847B682C33FB6172
:100A1000FB691B88BFF35B8F9BB2BB81BB897B8368
:100A2000FA8C7B8B9A4218D07B685B6A7A682A3290
:100A30007A617A69128892B27A817A891344FA7853
:100A40001A707B682A333B61FB8C3B813A893B6996
:100A5000BFF35B8F1A80012300E0002318462C3778
:100A6000BD465DF8047B704780B48BB000AF786002
:100A700039607B682C333B623B6A1B889BB27B826C
:100A80007B8AFB847B682A33FB61FB691B88BFF38D
:100A90005B8F9BB23B823B8A7B837A8BFB8C9A4237
:100AA0001CD07B685A6AFB8C13441A783B681A7016
:100AB000FB8C0133FB847B681B8DFA8C9A4201D13D
:100AC0000023FB847B682C337B61FB8CFB81FA89E0
:100AD0007B69BFF35B8F1A80012300E00023184677
:100AE0002C37BD465DF8047B704780B489B000AFF9
:100AF00078607B682A33FB61FB691B88BFF35B8FDF
:100B00009BB23B823B8A7B837B682C337B617B6916
:100B10001B889BB2FB81FB897B827A8B7B8A9A4202
:100B200004D17B681B8D013B9BB214E07A8B7B8ADE
:100B30009A4206D27A8A7B8BD31A9BB2013B9BB234
:100B400009E07B681A8D7B8A13449AB27B8BD31A97
:100B50009BB2013B9BB218462437BD465DF8047B2F
:100B6000704780B489B000AF78607B682A33FB613E
:100B7000FB691B88BFF35B8F9BB23B823B8A7B8305
:100B80007B682C337B617B691B889BB2FB81FB8973
:100B90007B827A8B7B8A9A4214BF01230023DBB2CB
:100BA00018462437BD465DF8047B704780B483B097
:100BB00000AF78607B686FF001021A6100BF0C37EC
:100BC000BD465DF8047B704780B483B000AF7860A9
:100BD0007B681B6903F00103012B01D1012300E0B5
:100BE000002318460C37BD465DF8047B70470000B3
:100BF00080B500AF0948FFF7E7FF0346002B0AD096
:100C00000648FFF7D3FF064B1B680133044A136005
:100C10000448F2F7EFF800BF80BD00BF00000140BC
:100C2000689401241008002480B400AF034B1B68B3
:100C30001846BD465DF8047B704700BF68940124E8
:100C40000FB490B5D1B004AF07F1090307F10A0260
:100C500007F10B0107F10C00FFF746FE07F598734B
:100C6000A3F592731A6807F59873A3F225131B78FE
:100C7000194607F59873A3F593731B781C4607F57F
:100C80009873A3F227131B7807F1100002930194C5
:100C900000911346174A20211CF054F907F5A2725F
:100CA00007F59873A3F596731A6007F59873A3F583
:100CB000967307F130001B68D7F840214FF480711C
:100CC0001CF038FA07F1100319460B48F1F72EFE15
:100CD00007F1300319460848F1F728FE074906488E
:100CE000F1F724FE00BF07F59A77BD46BDE89040B6
:100CF00004B070477C5A030800100140945A03085E
:100D000080B487B000AF786039600023FB82002395
:100D10003B6129E07A683B6913441B781BB21B02D4
:100D20001AB2B7F9163053401BB2FB820023FB7393
:100D300014E0B7F91630002B09DAB7F916305B006A
:100D40001AB241F2210353401BB29BB202E0FB8A6C
:100D50005B009BB2FB82FB7B0133FB73FB7B072BAE
:100D6000E7D93B6901333B613A693B689A42D1D389
:100D7000FB8A18461C37BD465DF8047B70470000AF
:100D800080B586B000AFF8607B600B46FB721346FF
:100D9000BB72FB7A002B02D16FF00103BCE0FB6851
:100DA0001B787B75BA7A7B7D9A4202D34FF0FF3372
:100DB000B2E00123FB750023BB75A6E0FB7D5A1C46
:100DC000FB7A9A4202DB6FF00103A5E0FB7DFA6833
:100DD00013441B783B75FB7D0133FA6813441B7881
:100DE000FB74FB7D0233FB75FA7DFB7C1A44FB7AB6
:100DF0009A4202DD6FF001038EE0BA7DBB7A9A421F
:100E00007CD13B7D013B042B75D801A252F823F025
:100E1000250E0108410E0108750E0108BB0E0108E0
:100E2000D90E0108FB7C012B02D06FF0020373E0A6
:100E3000FB7DFA6813441A787B681A7000236BE014
:100E4000FB7C022B02D06FF0020365E0FB7D0133D7
:100E5000FA6813441B781BB21B021AB2FB7DF968B7
:100E60000B441B781BB213431BB29AB27B681A80E7
:100E7000002351E0FB7C042B02D06FF002034BE017
:100E8000FB7D0333FA6813441B781A06FB7D02339B
:100E9000F9680B441B781B041A43FB7D0133F96886
:100EA0000B441B781B021343FA7DF9680A4412783D
:100EB0001A437B681A6000232EE0FB7C042B02D0CF
:100EC0006FF0020328E0FB7DFA6813441B681A46A2
:100ED0007B681A6000231FE0FB7DFA681344FA7CEC
:100EE000194678681CF009FAFB7C7A6813440022E2
:100EF0001A70002310E06FF003030DE0FA7DFB7C15
:100F00001344FB75BB7D0133BB75BA7D7B7D9A4273
:100F1000FFF454AF4FF0FF3318461837BD4680BD7D
:100F200080B58AB000AFF860B9607A60BB680D2BFD
:100F300005D87B48FFF784FE6FF00203ECE0FB6806
:100F4000FB61FB691B68774A934208D0FB691B6809
:100F500019467548FFF774FE6FF00103DCE0FB698A
:100F6000DB88C82B08D9FB69DB8819466F48FFF777
:100F700067FE4FF0FF33CFE00821F868FFF7C0FEAF
:100F800003467B83FB691B897A8B9A420AD0FB69F3
:100F90001B8919467B8B1A466548FFF751FE4FF0B7
:100FA000FF33B9E0BB68023BFA6813441B883B83FC
:100FB000BB68023B1946F868FFF7A2FE0346FB82B6
:100FC0003A8BFB8A9A4208D03B8BFA8A19465948D9
:100FD000FFF736FE4FF0FF339EE0FB69DA887B684F
:100FE0005A800C237B627B6A0A2B04D00A237B6223
:100FF0005148FFF725FE00237B8486E07B6A03F1DE
:101000000802BB68023B9A4208D97B8C013319461F
:101010004A48FFF715FE6FF004037DE07A8C134613
:10102000DB001344DB007A68134404333B61FA6845
:101030007B6A13441A683B691A607B6A0433FA6856
:1010400013441A883B699A807B6A0633FA68134412
:101050001A783B699A717B6A0733FA6813441A78E5
:101060003B69DA717B6A08337B623B691B68344AEF
:1010700093420AD07B8C591C3B691B681A46314845
:10108000FFF7DEFD6FF0030346E03B69DB79402BA1
:101090000AD97B8C591C3B69DB791A462A48FFF731
:1010A000CFFD6FF0050337E03B69DB791A467B6AB9
:1010B0001A44BB68023B9A4208D97B8C013319461B
:1010C0002248FFF7BDFD6FF0050325E03B6903F102
:1010D0000800FA687B6AD1183B69DB791A461CF074
:1010E0000CF93B69DB791A467B6A13447B623B69E6
:1010F0009B8819463B699B791A463B69DB79144802
:10110000FFF79EFD7B8C01337B847B685B887A8C48
:101110009A42FFF473AF002318462837BD4680BDBE
:10112000985A0308ADDEDEC0C85A0308F85A03080F
:101130001C5B0308585B0308945B0308D85B030837
:10114000EFBEADDE085C0308385C0308685C03088A
:10115000A05C03082DE9B04F82B000AF78607968D9
:1011600000200C460546204629464FF0000A4FF065
:10117000000B4FEA411B4BEAD06B4FEA401A504636
:101180005946021B61EB05034FF000004FF00001D0
:10119000990041EA9271900002460B4612EB040856
:1011A00043EB05094FF000024FF000034FEAC9037B
:1011B00043EA58734FEAC80290469946404649466A
:1011C0004FF47A724FF00003EFF7F2F802460B4645
:1011D0001346184609F0ECFA00BF0837BD46BDE8D3
:1011E000B08F80B487B000AF786039600023FB8295
:1011F00041F22103BB8100233B6125E07A683B6912
:1012000013441B781B029AB2FB8A5340FB820023D3
:10121000FB7313E0B7F91630002B09DAB7F9163073
:101220005B001AB2B7F90C3053401BB2FB8202E0EC
:10123000FB8A5B00FB82FB7B0133FB73FB7B072B91
:10124000E8D93B6901333B613A693B689A42D5D39F
:10125000FB8A18461C37BD465DF8047B704780B496
:1012600083B000AF0346FB71FB79022B0CD0022B3D
:101270000DDC002B02D0012B03D008E04FF47033BB
:1012800006E04FF4753303E04FF47A3300E00023B7
:1012900018460C37BD465DF8047B704780B483B0B8
:1012A00000AF0346FB71FB79022B0CD0022B0DDC47
:1012B000002B02D0012B03D008E044F64E1306E0C9
:1012C00044F24C4303E044F2413300E0002318466B
:1012D0000C37BD465DF8047B7047000080B483B0D6
:1012E00000AF0346FB71FB79022B0AD0022B0ADC0C
:1012F000002B02D0012B02D005E0064B04E0064B88
:1013000002E0064B00E0064B18460C37BD465DF880
:10131000047B7047D05C0308D85C0308DC5C0308DE
:10132000E05C030880B500AF102200211F481BF0CD
:1013300039FFFDF71FFF03461C4A53601B4B5B68D8
:10134000002B04D11A48FFF77BFC00232CE0174B3D
:1013500001221A70154B01221A72144B0022DA6016
:101360001448FFF76DFC1448FFF76AFC4FF4703126
:101370001248FFF765FC4FF4A053114A4FF4703147
:101380001048FFF75DFC4FF4A0530F4A4FF475313E
:101390000E48FFF755FC4FF4A0530D4A4FF47A3135
:1013A0000C48FFF74DFC0123184680BD6C940124C6
:1013B000E85C03081C5D0308485D0308705D0308D2
:1013C000FFD303008C5D0308FFE70300B85D03084B
:1013D000FFFB0300E45D030880B58CB000AF03465B
:1013E000B9607A60FB736A4B1B7883F00103DBB250
:1013F000002B04D06748FFF723FC0123C4E0FB7BEC
:10140000022B02D8BB68002B04D16348FFF718FCFD
:101410000223B9E07B68092B04D97B6841F2F832DA
:10142000934208D941F2F8330A2279685B48FFF702
:1014300007FC0323A8E0FB7B1846FFF710FFF862C8
:10144000FB7B1846FFF72AFF03467B85FB7B18468C
:10145000FFF744FF78627A68796A5148FFF7F0FB3A
:101460007B8D1B0A9BB2DBB23B767B8DDBB27B763E
:101470007B681B0EDBB2BB767B681B0CDBB2FB769A
:101480007B681B0ADBB23B777B68DBB27B7707F1BB
:10149000180306211846FFF7A4FE03467B847968EB
:1014A000B868FFF79EFE03461A467B8C53407B8448
:1014B0007B8C1B0A9BB2DBB23B757B8CDBB27B75F2
:1014C000796A3848FFF7BCFBF96A3748FFF7B8FB81
:1014D0007B8D19463548FFF7B3FB79683448FFF731
:1014E000AFFB7B8C19463348FFF7AAFB284B5868A3
:1014F00007F118020623F96AFDF7A4FE034687F8F0
:10150000213097F82130002B07D097F82130194669
:101510002948FFF795FB072336E01D4B5868FB6A07
:10152000991D7B689BB2BA68FDF78CFE034687F86D
:10153000213097F82130002B07D097F82130194639
:101540001E48FFF77DFB07231EE0114B5868FA6A1F
:101550007B681344991D07F114020223FDF772FE04
:10156000034687F8213097F82130002B07D097F8F1
:10157000213019461248FFF763FB072304E0796A1C
:101580001048FFF75DFB002318463037BD4680BD8D
:101590006C940124105E0308405E03086C5E03082F
:1015A000B05E0308EC5E0308105F03082C5F0308BD
:1015B000445F03085C5F0308705F0308B45F0308BF
:1015C000F85F03083860030880B590B002AFB960D7
:1015D0007A603B600346FB737F4B1B7883F001030B
:1015E000DBB2002B04D07D48FFF72AFB0123EEE09D
:1015F000FB7B022B05D8BB68002B02D03B68002B7D
:1016000004D17748FFF71CFB0223E0E0FB7B184680
:10161000FFF725FE7863FB7B1846FFF73FFE034686
:101620007B86FB7B1846FFF759FEF8627A6BF96AF6
:101630006C48FFF705FB684B586807F11802062352
:10164000796BFDF78EFE034687F82B3097F82B3029
:10165000002B07D097F82B3019466348FFF7F0FAB4
:101660000623B4E03B7E1BB21B021AB27B7E1BB288
:1016700013431BB23B853A8D7B8E9A4207D03A8D3D
:101680007B8EF96A5948FFF7DBFA04239FE0BB7EA3
:101690001A06FB7E1B041A433B7F1B0213437A7F0F
:1016A00013437B627B6A092B04D97B6A41F2F832CF
:1016B00093420AD941F2F83300930A237A6AF96A0D
:1016C0004B48FFF7BDFA032381E07A6A7B689A42B0
:1016D00007D97B687A6AF96A4648FFF7B1FA0823A6
:1016E00075E0F96A4448FFF7ABFA3B8D1946434869
:1016F000FFF7A6FA796A4248FFF7A2FA364B586814
:101700007B6B991D7B6A9BB2BA68FDF72AFE034684
:1017100087F82B3097F82B30002B07D097F82B3019
:1017200019463848FFF78CFA062350E02A4B5868D0
:101730007A6B7B6A1344991D07F114020223FDF7AB
:1017400010FE034687F82B3097F82B30002B07D07C
:1017500097F82B3019462C48FFF772FA062336E02B
:101760003B7D1BB21B021AB27B7D1BB213431BB223
:101770007B8407F1180306211846FFF732FD034664
:101780003B84796AB868FFF72CFD03461A463B8C08
:1017900053403B847A8C3B8C9A4207D07A8C3B8CAA
:1017A000F96A1A48FFF74CFA052310E03B687A6A99
:1017B0001A60F96A1648FFF743FA796A1048FFF78A
:1017C0003FFA7B8C19461348FFF73AFA0023184674
:1017D0003837BD4680BD00BF6C940124105E0308FD
:1017E000405E030870600308B0600308F4600308FB
:1017F0003C6103087C610308BC6103082C5F03089B
:10180000445F0308E461030830620308746203085C
:10181000C0620308F062030880B588B000AF0346D9
:10182000FB71274B1B7883F00103DBB2002B02D145
:10183000FB79022B01D900233EE0FB791846FFF724
:101840000EFDF861FB791846FFF728FD03467B8300
:101850001B4B586807F108020623F969FDF781FD63
:1018600003467B767B7E002B01D0002324E03B7A6D
:101870001BB21B021AB27B7A1BB213431BB2FB8250
:10188000FA8A7B8B9A4201D0002315E0BB7A1A06B4
:10189000FB7A1B041A433B7B1B0213437A7B1343E3
:1018A0003B613B69092B04D93B6941F2F832934211
:1018B00001D9002300E0012318462037BD4680BD32
:1018C0006C94012480B586B000AF0346FB711F4BBA
:1018D0001B7883F00103DBB2002B01D0012330E041
:1018E000FB79022B01D902232BE0FB791846FFF785
:1018F000B6FC7861FB791846FFF7F0FC386139696E
:101900001348FFF79DF907F1080300221A609A8037
:101910000E4B586807F1080206237969FDF792FC1F
:101920000346FB73FB7B002B06D0FB7B1946094863
:10193000FFF786F9072304E039690748FFF780F9C4
:10194000002318461837BD4680BD00BF6C940124A3
:10195000106303083C6303088063030880B5ADF59A
:10196000A05D86B000AF07F58363A3F2144318604F
:101970007E4B1B7883F00103DBB2002B06D17B4B3F
:101980001B7A83F00103DBB2002B04D07848FFF709
:1019900057F90023E3E07748FFF752F9734BDB6810
:1019A00019467548FFF74CF9002341F214423A44B6
:1019B000136016E04FF47A70FFF7CCFBF9F77EFE68
:1019C0000346002B04D06D48FFF73AF90023C6E028
:1019D00041F214433B441B68013341F214423A4440
:1019E0001360624BDB6841F214423A4412689A4237
:1019F000E0D36348FFF724F9002341F213423A444D
:101A00001370002341F212423A4413707DE041F218
:101A100012433B441B781846FFF760FC41F20C432D
:101A20003B44186041F212433B441B781846FFF7D1
:101A3000F3FE0346002B58D0524B03F5A05303F19D
:101A400018033B44504941F218420A44D11941F26B
:101A500012423A44107841F2F832FFF7B5FD0346DE
:101A600041F20B423A44137041F20B433B441B7862
:101A7000002B2DD107F58363A3F20C431A68424B68
:101A800003F5A05303F118033B4441F212413944DA
:101A900008781946F9F7FEFB0346002B10D041F2F7
:101AA00013433B441B78013341F213423A44137011
:101AB00041F20C433B4419683448FFF7C1F81BE07E
:101AC00041F20C433B4419683148FFF7B9F813E081
:101AD00041F20B433B441B781A4641F20C433B4412
:101AE00019682C48FFF7ACF806E041F20C433B4480
:101AF00019682948FFF7A4F841F212433B441B78C8
:101B0000013341F212423A44137041F212433B4412
:101B10001B78022B7FF67BAF41F213433B441B78CB
:101B2000032B05D11D48FFF78BF8F9F735FC12E0C0
:101B300041F213433B441B78002B09D041F213437D
:101B40003B441B78032219461548FFF779F802E059
:101B50001448FFF775F841F213433B441B781846CD
:101B600007F5A0571837BD4680BD00BF6C9401240F
:101B7000B0630308E86303081864030850640308AB
:101B80008C640308F4EBFFFFF8EBFFFFD464030859
:101B9000086503084065030880650308B465030809
:101BA000086603085C66030890B585B000AF7860EE
:101BB0007B68002B30D01822002178681BF0F2FAE5
:101BC000174B1A787B681A70154B1A7A7B685A7013
:101BD000134BDA687B685A600023FB730CE0FC7BD4
:101BE000FB7B1846FFF718FE03461A467B68234422
:101BF0001A72FB7B0133FB73FB7B022BEFD97B68F3
:101C00004FF47032DA607B684FF4A0521A617B683F
:101C100041F2F8325A6100E000BF1437BD4690BD72
:101C20006C94012480B58AB000AF3B1D1846FFF7C5
:101C3000BBFF2F48FFF704F83B79002B01D02D4B59
:101C400000E02D4B19462D48FEF7FAFF7B79002B5B
:101C500001D0284B00E0284B19462948FEF7F0FF39
:101C6000BB6819462748FEF7EBFF3B691946264833
:101C7000FEF7E6FF7B6919462448FEF7E1FFBB69E2
:101C800019462348FEF7DCFF2248FEF7D9FF002360
:101C900087F8273020E097F827301846FFF71EFB1B
:101CA000386297F827301846FFF7D9FAF86197F8A5
:101CB000273028333B4413F81C3C002B01D0164A34
:101CC00000E0164AFB69396A1548FEF7B9FF97F834
:101CD0002730013387F8273097F82730022BDAD9DD
:101CE0001048FEF7ADFF00BF2837BD4680BD00BFDE
:101CF000B0660308D8660308DC660308E0660308DC
:101D0000006703082867030854670308806703080F
:101D1000AC670308D867030800680308086803086D
:101D2000146803082868030880B584B000AF034630
:101D3000FB7106F033FDF860FB79FA689B001344F1
:101D40005B685B68FA79F9680A44127A104698472A
:101D50000346FB72FB7A18461037BD4680BD80B53E
:101D600084B000AF0346FB710023FB7306F016FD41
:101D7000B860FB79BA68D35C002B14D1FB79BA68E0
:101D80009B0013445B681B68FA79B9680A44127AAD
:101D9000104698470346FB73FB7B002B03D1FB796E
:101DA000BA680121D154FB7B18461037BD4680BD6F
:101DB00090B587B000AFB9607A603B600346FB73B3
:101DC00006F0ECFC7861FB7B7A699B0013445B684E
:101DD0009C68FB7B7A691344187A3B687A68B96817
:101DE000A0470346FB74FB7C18461C37BD4690BDDC
:101DF00090B587B000AFB9607A603B600346FB7373
:101E000006F0CCFC7861FB7B7A699B0013445B682D
:101E1000DC68FB7B7A691344187A3B687A68B96896
:101E2000A0470346FB74FB7C18461C37BD4690BD9B
:101E300080B584B000AF03463A60FB710B46BB71BE
:101E400006F0ACFCF860FB79FA689B0013445B6811
:101E50001B69FA79F9680A44107AB9793A6898479F
:101E60000346FB72FB7A18461037BD4680BD80B42E
:101E700000AF00231846BD465DF8047B704780B470
:101E800085B000AF78607B6801331B78FB81B7F9C0
:101E90000E301B021AB27B681B781BB213431BB2B5
:101EA000FB81FB8918461437BD465DF8047B7047FB
:101EB00080B485B000AF78607B6803331B78FB602B
:101EC000FB681B027A68023212781343FB60FB68DE
:101ED0001B027A68013212781343FB60FB681B0215
:101EE0007A6812781343FB60FB6818461437BD46C6
:101EF0005DF8047B70472DE9B00F9DB000AF7866A8
:101F00007B6E07331B78DBB200229A469346C7E903
:101F10001AABD7E91A234FF000004FF00001190265
:101F200041EA126110027B6E06331B78DBB200229D
:101F30001C46154640EA040841EA0509C7E91A8922
:101F4000D7E91A234FF000004FF00001190241EACF
:101F5000126110027B6E05331B78DBB20022BB6579
:101F6000FA65D7E9164523460343BB622B460B436C
:101F7000FB62D7E90A34C7E91A34D7E91A234FF0CC
:101F800000004FF00001190241EA126110027B6E5D
:101F900004331B78DBB200223B657A65D7E9144530
:101FA000234603433B622B460B437B62D7E908344D
:101FB000C7E91A34D7E91A234FF000004FF00001A7
:101FC000190241EA126110027B6E03331B78DBB207
:101FD0000022BB64FA64D7E9124523460343BB6180
:101FE0002B460B43FB61D7E90634C7E91A34D7E91E
:101FF0001A234FF000004FF00001190241EA12616C
:1020000010027B6E02331B78DBB200223B647A64E1
:10201000D7E91045234603433B612B460B437B61C5
:10202000D7E90434C7E91A34D7E91A014FF000029E
:102030004FF000030B0243EA10630202796E013194
:102040000978C9B20020B963F863D7E90E45214683
:102050001143B96029461943F960D7E90234C7E949
:102060001A34D7E91A014FF000024FF000030B02B7
:1020700043EA10630202796E0978C9B2002039631D
:102080007863D7E90C452146114339602946194345
:102090007960D7E90034C7E91A34D7E91A23104622
:1020A00019467437BD46BDE8B00F704780B483B0A1
:1020B00000AF78600B467B807B685A1C7A607A8818
:1020C000D2B21A707B881B0A7B807B685A1C7A60AC
:1020D0007A88D2B21A7000BF0C37BD465DF8047B17
:1020E000704780B483B000AF786039607B685A1C59
:1020F0007A603A68D2B21A703B681B0A3B607B6810
:102100005A1C7A603A68D2B21A703B681B0A3B606C
:102110007B685A1C7A603A68D2B21A703B681B0A14
:102120003B607B685A1C7A603A68D2B21A7000BF72
:102130000C37BD465DF8047B704780B485B000AFB6
:10214000F860C7E90023FB685A1CFA603A781A70F5
:10215000D7E900014FF000024FF00003020A42EA03
:1021600001620B0AC7E90023FB685A1CFA603A783F
:102170001A70D7E900014FF000024FF00003020A85
:1021800042EA01620B0AC7E90023FB685A1CFA60A5
:102190003A781A70D7E900014FF000024FF00003BF
:1021A000020A42EA01620B0AC7E90023FB685A1CD3
:1021B000FA603A781A70D7E900014FF000024FF048
:1021C0000003020A42EA01620B0AC7E90023FB6826
:1021D0005A1CFA603A781A70D7E900014FF00002F1
:1021E0004FF00003020A42EA01620B0AC7E900232A
:1021F000FB685A1CFA603A781A70D7E900014FF070
:1022000000024FF00003020A42EA01620B0AC7E92A
:102210000023FB685A1CFA603A781A70D7E900016B
:102220004FF000024FF00003020A42EA01620B0A7B
:10223000C7E90023FB685A1CFA603A781A7000BF9D
:102240001437BD465DF8047B704780B483B000AF9F
:102250000346FB71FB79002B01D0002300E0002333
:1022600018460C37BD465DF8047B704780B483B0D8
:1022700000AF0346FB71FB79002B01D0002300E087
:10228000002318460C37BD465DF8047B704780B5C7
:1022900086B000AF78607B681B687B617B695A1CE5
:1022A0007A611B787B827B8ADBB21846FFF7CDFF11
:1022B0000346002B15D07B695A1C7A611B787B740E
:1022C0007B7C1846FFF7D2FF0346002B02D14FF06C
:1022D000FF331DE07B8A1B029AB27B7C9BB21344C6
:1022E0007B827B8A002B0DD07B8A40F252311846CC
:1022F00006F0FCFC03467B827B8A002B02D14FF068
:10230000FF3305E07B8AFB607B687A691A60FB68B3
:1023100018461837BD4680BD80B586B000AFF8605E
:10232000B9607A6040F25231F86806F0A5FC0346C5
:10233000FB82FB8AFF2B14D97B68012B01D8002379
:102340001EE0FB8A1B0A99B2BB685A1CBA60CAB26B
:102350001A70BB685A1CBA60FA8AD2B21A70022389
:102360000EE0FB8A002B02D07B68002B01D10023FA
:1023700006E0BB685A1CBA60FA8AD2B21A7001230E
:1023800018461837BD4680BD80B584B000AF786070
:1023900039607B689B78184606F096FDF860FB680C
:1023A000002B16D03B68002B13D0012006F08CFDCB
:1023B000F860FB68002B07D07B689A78074B1A708F
:1023C000074B02221A7004E07B689B78184606F0DF
:1023D00095FDFB6818461037BD4680BDC5940124A5
:1023E000C494012480B582B000AF78600B46FB70C6
:1023F0007B68002B1FD0FB780C2B1CD0FB780B2BA1
:1024000019D0FB780F2B16D00D4B1B78DBB2022BAB
:102410000CD17B689A780B4B1B78DBB29A4205D1C2
:10242000074B01221A70012006F068FD7B689B783B
:10243000184606F063FD00BF0837BD4680BD00BFEB
:10244000C4940124C594012480B485B000AF7860A1
:1024500039600023BB600023FB6029E0274AFB684A
:102460001B0113441B68002B1DD0244AFB681B0171
:1024700013441A687B681B689A4216D11F4AFB688E
:102480001B01134404331A687B689B689A420CD181
:102490001A4AFB681B01134408331A687B681B6BDC
:1024A0009A4202D107E00123BB60FB680133FB6065
:1024B000FB68032BD2D9FB68042B09D1BB68002B26
:1024C00004D13B68022B01D0122310E000230EE060
:1024D0003B68002B08D1094AFB681B0113440C33ED
:1024E0001B68B3F5807F01D1102300E0002318465C
:1024F0001437BD465DF8047B704700BF8494012407
:1025000080B483B000AF00237B6002E07B680133BE
:102510007B607B68032B06D8094A7B681B01134448
:102520001B68002BF2D17B68042B14BF012300230E
:10253000DBB218460C37BD465DF8047B704700BF20
:102540008494012480B485B000AF786039600023A2
:10255000FB601FE0414AFB681B0113441A687B685B
:102560001B689A4213D13D4AFB681B011344043394
:102570001A687B689B689A4209D1384AFB681B013C
:10258000134408331A687B681B6B9A4206D0FB68B9
:102590000133FB60FB68032BDCD900E000BFFB6864
:1025A000042B32D10023FB6002E0FB680133FB60A7
:1025B000FB68032B06D8294AFB681B0113441B68E0
:1025C000002BF2D1FB68042B01D100233FE07B6894
:1025D0001A682249FB681B010B441A607B689A68E1
:1025E0001E49FB681B010B4404331A607B681A6B9D
:1025F0001A49FB681B010B4408331A60174AFB6831
:102600001B0113440C3300221A603B68002B09DDC8
:10261000124AFB681B0113440C331B68002B01D0CA
:10262000002314E03B68002B07D10C4AFB681B0118
:1026300013440C331B68013301E04FF480730749E6
:10264000FA6812010A440C321360FB680133184621
:102650001437BD465DF8047B704700BF84940124A5
:1026600080B485B000AF78607B68013B7B607B689D
:10267000032B25D8174A7B681B0113440C331B68B6
:10268000FB60FB68B3F5807F01D10023FB60FB6832
:10269000002B02D0FB68013BFB600E4A7B681B01EC
:1026A00013440C33FA681A60FB68002B05D1094A01
:1026B0007B681B01134400221A600023FB7201E0B7
:1026C0000223FB72FB7A18461437BD465DF8047B83
:1026D000704700BF8494012480B485B000AF786057
:1026E0000023FB6010E00D4AFB681B0113441B68CC
:1026F0007A689A4205D1094AFB681B0113440022FB
:102700001A60FB680133FB60FB68032BEBD900BF49
:1027100000BF1437BD465DF8047B704784940124E4
:1027200080B584B000AF78600023FB737B681B79B1
:10273000002B2CD07B6858787B6803F14C017B68B8
:102740009A6C0123FFF754FB0346002B1DD17B68D5
:1027500000221A717B689A6C7B689B6BD21A7B682B
:102760001B6B9A4213D27B68DB78022B0FD17B68FC
:1027700058787B6803F14C017B689A6C7B681B6B13
:102780001A440123FFF734FB01E00123FB73FB7BB9
:1027900018461037BD4680BD80B584B000AF786064
:1027A00039600023FB737B689B6C3A689A421BD0AC
:1027B0007868FFF7B5FF0346FB73FB7B002B13D153
:1027C0007B6858787B6803F14C0101233A68FFF776
:1027D000EFFA0346002B04D04FF0FF333B60012398
:1027E000FB737B683A689A64FB7B18461037BD46DA
:1027F00080BD000080B584B000AF78607868FFF7D6
:102800008FFF0346FB73FB7B002B58D17B681B7843
:10281000032B48D17B685B79012B44D17B684C3317
:102820004FF40072002118461AF0BCFC7B684C3350
:1028300003F5FF734AF655211846FFF737FC7B680E
:102840004C3321491846FFF74CFC7B684C3303F5A9
:10285000F2731E491846FFF744FC7B684C3303F5BE
:10286000F4727B689B6919461046FFF73AFC7B6857
:102870004C3303F5F6727B685B6919461046FFF727
:1028800030FC7B685B6B5A1C7B689A647B68587869
:102890007B6803F14C017B689A6C0123FFF7A8FA6F
:1028A0007B6800225A717B685B7800220021184601
:1028B000FFF7BEFA0346002B01D00123FB73FB7B1D
:1028C00018461037BD4680BD525261417272416157
:1028D00080B483B000AF786039603B68023B3B60F6
:1028E0007B68DB6A023B3A689A4201D3002308E026
:1028F0007B681A6C7B685B8919463B6801FB03F3B4
:10290000134418460C37BD465DF8047B7047000041
:1029100080B588B000AF7860396079680968B961BE
:102920003968012904D9B969C96A3868884202D36B
:102930000123FB610CE14FF0FF31F961B9690978BE
:102940000139032900F2F88001A050F821F000BFFE
:1029500061290108E72901081D2A0108572A0108F1
:102960003B68FB60FB685B08FA681344FB60BB696B
:102970009A6BFB685B0A13441946B869FFF70CFFB2
:102980000346002B40F0DB80FB685A1CFA60C3F35F
:102990000803BA69134493F84C30BB60BB699A6B67
:1029A000FB685B0A13441946B869FFF7F5FE034656
:1029B000002B40F0C680FB68C3F30803BA691344D8
:1029C00093F84C301B02BA681343BB603B6803F0BA
:1029D0000103002B02D0BB681B0902E0BB68C3F3F4
:1029E0000B03FB61B4E0BB699A6B3B681B0A1344A1
:1029F0001946B869FFF7D0FE0346002B40F0A380CC
:102A0000BB6903F14C023B685B0003F4FF731344A2
:102A10001846FFF734FA0346FB6199E0BB699A6BED
:102A20003B68DB0913441946B869FFF7B5FE034656
:102A3000002B40F08A80BB6903F14C023B689B008D
:102A400003F4FE7313441846FFF732FA034623F0EB
:102A50007043FB617CE07968D1E90401014303D054
:102A600079688968002903D17968C979002960D11A
:102A7000796889683868411A79617968D1E904010F
:102A8000421E41F1FF334FF000004FF00001500AA9
:102A900040EAC350590A0246BB695B89B2FBF3F3B3
:102AA0003B617B68DB79022B0ED17A693B699A42E4
:102AB0000AD87A693B699A4202D03B68013301E047
:102AC0006FF00043FB6143E07B68DB79032B08D1A7
:102AD0007B689B697A699A4203D23B680133FB6148
:102AE00036E07B68DB79022B23D07B68DB69002B27
:102AF00003D06FF00043FB612AE0BB699A6B3B682F
:102B0000DB0913441946B869FFF746FE0346002B5C
:102B10001DD1BB6903F14C023B689B0003F4FE73BB
:102B200013441846FFF7C4F9034623F00043FB6142
:102B30000EE00123FB610BE00123FB6108E000BF15
:102B400006E000BF04E000BF02E000BF00E000BFFD
:102B5000FB6918462037BD4680BD00BF90B589B0DF
:102B600000AFF860B9607A600223FB77BB68012B85
:102B700040F2DD80FB68DB6ABA689A4280F0D78059
:102B8000FB681B78042B00F3D280032B80F2938028
:102B9000012B02D0022B6ED0C9E0BB68BB61BB69C0
:102BA0005B08BA691344BB61FB689A6BBB695B0A3B
:102BB00013441946F868FFF7EFFD0346FB77FB7FE8
:102BC000002B40F0AD80FB6803F14C02BB69591C3F
:102BD000B961C3F3080313447B61BB6803F00103CD
:102BE000002B0DD07B691B785BB203F00F035AB248
:102BF0007B685BB21B015BB213435BB2DBB201E0EB
:102C00007B68DBB27A691370FB6801221A71FB687A
:102C10009A6BBB695B0A13441946F868FFF7BCFD61
:102C20000346FB77FB7F002B7CD1FB6803F14C0252
:102C3000BB69C3F3080313447B61BB6803F0010362
:102C4000002B03D07B681B09DBB20EE07B691B788D
:102C50005BB223F00F035AB27B681B0A5BB203F02E
:102C60000F035BB213435BB2DBB27A691370FB688C
:102C700001221A715BE0FB689A6BBB681B0A134464
:102C80001946F868FFF788FD0346FB77FB7F002BAA
:102C90004AD1FB6803F14C02BB685B0003F4FF738D
:102CA00013447A6892B211461846FFF7FFF9FB68A1
:102CB00001221A713BE0FB689A6BBB68DB09134485
:102CC0001946F868FFF768FD0346FB77FB7F002B8A
:102CD0002CD1FB681B78042B12D07B6823F0704446
:102CE000FB6803F14C02BB689B0003F4FE731344C2
:102CF0001846FFF7DDF8034603F0704323437B607B
:102D0000FB6803F14C02BB689B0003F4FE731344A1
:102D100079681846FFF7E5F9FB6801221A7106E0A9
:102D200000BF04E000BF02E000BF00E000BFFB7F87
:102D300018462437BD4690BD80B58AB000AFF86014
:102D4000B9607A60BB68023BBB60FB68DB6A023B30
:102D5000BA689A4201D30023BB60BB68FB61FB6980
:102D6000BB6100237B61FB685A6CFB691B0B13443E
:102D70001946F868FFF710FD0346002B02D04FF00C
:102D8000FF3351E0FB69DB08C3F308033B62FB69D7
:102D900003F00703012202FA03F387F82730FA68E9
:102DA0003B6A13444C331A7897F827301340FB746E
:102DB00097F827305B0087F82730FB690133FB6108
:102DC000FB68DB6A023BFA699A4207D30023FB6186
:102DD000002387F827304FF400733B62FB7C002B05
:102DE00009D17B6901337B617A697B689A4206D19C
:102DF000BB69023318E0FB69BB6100237B61FA69A0
:102E0000BB689A4201D100230EE097F82730002BCF
:102E1000C5D1012387F827303B6A01333B623B6A07
:102E2000B3F5007FBBD39EE718462837BD4680BD6B
:102E300080B588B000AFF860B9607A603B60BB686D
:102E4000023BBB60FB685A6CBB681B0B13447B6185
:102E5000BB68DB08C3F30803BB61BB6803F007036F
:102E6000012202FA03F3FB777B695A1C7A61194647
:102E7000F868FFF791FC0346002B01D001233DE0E9
:102E8000FA68BB6913444C331A78FB7F1340DBB2FA
:102E9000002B14BF01230023DBB21A463B68934288
:102EA00001D102232AE0FA68BB6913444C331A7833
:102EB000FB7F5340D9B2FA68BB6913444C330A46CE
:102EC0001A70FB6801221A717B68013B7B607B688A
:102ED000002B01D1002311E0FB7F5B00FB77FB7F20
:102EE000002BCDD10123FB77BB690133BB61BB69EB
:102EF000B3F5007FC4D30023BB61B5E71846203784
:102F0000BD4680BD80B586B000AF78607B68DB7958
:102F1000032B21D17B689B687B617B689B693B614C
:102F200014E07B6818687B6901331A467969FFF7FA
:102F300015FE0346FB73FB7B002B01D0FB7B0CE0F3
:102F40007B6901337B613B69013B3B613B69002B42
:102F5000E7D17B680022DA71002318461837BD4696
:102F600080BD80B586B000AFF860B9607A6020E0BF
:102F7000FB681868FB68DB69BA68D31A591CFB68E0
:102F8000DB69012B05D9FB68DB69BA68D31A023308
:102F900000E07B681A46FFF7E1FD0346FB75FB7D09
:102FA000002B01D0FB7D09E0FB68DB695A1EFB6842
:102FB000DA61FB68DB69002BDAD100231846183789
:102FC000BD4680BD80B58AB000AFF860B9607A6058
:102FD0000023FB77FB681B68BB61BB687B62BB6837
:102FE0003B62BB68012B04D9BB69DB6ABA689A42B1
:102FF00001D30223C4E07B68002B14D0BB691B788B
:10300000042B03D1FB68DB79022B0CD04FF0FF328D
:103010007968B869FFF7A2FD0346FB77FB7F002BB9
:1030200001D0FB7FACE0B968F868FFF771FC78610C
:103030007B69002B55D07B69012B01D102239FE0D6
:103040007B69B3F1FF3F01D1012399E0BB691B7894
:10305000042B0BD00022B968B869FFF77FFD034647
:10306000FB77FB7F002B01D0FB7F89E0BB699A696E
:10307000BB69DB6A023B9A420BD2BB699B695A1C53
:10308000BB699A61BB695B7943F00103DAB2BB6942
:103090005A713B6A01337A699A4202D17B693B6279
:1030A00017E0BB691B78042B0FD13A6A7B6AD31AED
:1030B0005A1C0023796AB869FFF7BAFE0346FB770A
:1030C000FB7F002B01D0FB7F5AE07B693B623B6AB0
:1030D0007B627B69BB60BB69DB6ABA689A42A2D338
:1030E00000E000BFBB691B78042B48D17B68002B34
:1030F00003D1FB680022DA7141E0FB68DB79002B29
:1031000029D1FB689B68BB6017E0B968F868FFF7D6
:10311000FFFB78617B69012B01D8022330E07B69DA
:10312000B3F1FF3F01D101232AE0BB6801337A6983
:103130009A4207D1BB680133BB60BA687B689A4288
:10314000E3D100E000BFBA687B689A4217D1FB6800
:103150000222DA7113E0FB68DB79032B0FD1FB68E5
:103160009B687A689A420AD3FB689A68FB689B69F5
:1031700013447A689A4202D8FB680222DA7100236B
:1031800018462837BD4680BD80B588B000AF78604E
:1031900039607B681B683B613B68002B0DD13B6944
:1031A0005B69BB61BB69002B04D03B69DB6ABA6910
:1031B0009A421BD30123BB6118E039687868FFF796
:1031C000A7FBF860FB68012B01D8012313E1FB6822
:1031D000B3F1FF3F01D1FB680DE13B69DB6AFA689F
:1031E0009A4201D2FB6806E13B68BB613B699B697F
:1031F000002B01D10023FEE03B691B78042B65D135
:103200000122B9693869FFF797FDF861FB69002B66
:1032100003D0FB69B3F1FF3F01D1FB69EBE0012370
:103220000122F9693869FFF703FE0346FB75FB7D50
:10323000022B01D10123DEE0FB7D012B02D14FF0F7
:10324000FF33D8E03B68002B03D17B680222DA71A0
:1032500011E07B68DB79022B0DD1BB690133FA6980
:103260009A4208D07B689B68BA69D21A7B689A61D7
:103270007B680322DA717B68DB79022B00F098808F
:103280003B680133FA699A420BD17B68DB69002BFA
:1032900003D07B68DB69013300E002237A68D361E5
:1032A00086E07B68DB69002B02D17B680122DA6152
:1032B000FA6939687868FFF754FE0346FB75FB7DB1
:1032C000002B75D17B680122DA6171E00023FB617C
:1032D000BA693B689A4229D1BB690133FB613B69FA
:1032E000DB6AFA699A4201D30223FB61F9697868C3
:1032F000FFF70EFBF860FB68012B03D0FB68B3F10E
:10330000FF3F01D1FB6876E0FB68002B0ED03B69E4
:103310005B69FB60FB68012B06D93B69DB6AFA68D5
:103320009A4201D2FB68BB610023FB61FB69002B61
:1033300029D1BB69FB61FB690133FB613B69DB6A36
:10334000FA699A4207D30223FB61FA69BB699A4280
:1033500001D900234FE0F9697868FFF7D9FAF860DE
:10336000FB68002B0ED0FB68012B03D0FB68B3F188
:10337000FF3F01D1FB683EE0FA69BB699A42DAD1AE
:10338000002338E000BF4FF0FF32F9693869FFF7DA
:10339000E5FB0346FB75FB7D002B09D13B68002B49
:1033A00006D0FA6939683869FFF7D8FB0346FB7520
:1033B000FB7D002B16D13B69FA695A613B699A691A
:1033C0003B69DB6A023B9A4204D83B699B695A1EFF
:1033D0003B699A613B695B7943F00103DAB23B696F
:1033E0005A7107E0FB7D012B02D14FF0FF3300E063
:1033F0000123FB61FB6918462037BD4680BDB0B58F
:1034000088B000AFF860C7E90023FB681B687B61E8
:10341000FB681B6D0433BB61D7E900234FF000004C
:103420004FF00001500A40EAC350590A7B695B899A
:103430009BB200221C46154622462B46ECF7B8FFED
:1034400002460B461346FB61BB691A1DBA611B6835
:103450003B613B69002B01D1002310E0FA693B6915
:103460009A4207D3FA693B69D31AFB61BB690433FB
:10347000BB61E9E700BFBB691A68FB6913441846E2
:103480002037BD46B0BD80B586B000AF78603960EA
:103490007868FFF745F90346002B01D0012336E099
:1034A00039687868FFF714FA38617B683A699A647A
:1034B0007B684C334FF400720021184619F072FEFD
:1034C0007B684C33FB600123BB6000237B6103E01E
:1034D0007A69BB6813447B617B685B891A467B69A8
:1034E00093420BD27B6858783A697B691A44BB686F
:1034F000F968FEF77DFC0346002BE9D07B685B8909
:103500001A467B69934214BF01230023DBB218469D
:103510001837BD4680BD80B586B000AF7860396091
:103520007B681B683B613B691B78042B02D14FF021
:10353000805201E04FF400123B689A4204D93B6884
:1035400003F01F03002B01D0022366E07B683A687A
:103550001A637B689B687B617B69002B09D13B699F
:103560001B78022B05D93B69DB6B7B617B680022F2
:10357000DA717B69002B0CD13B685B093A691289CF
:10358000934201D3022348E03B69DA6B7B689A637C
:1035900029E03B695B895B02FB6019E07B68796924
:1035A0001846FFF7B5F978617B69B3F1FF3F01D1A8
:1035B000012332E07B69012B04D93B69DB6A7A691C
:1035C0009A4201D3022328E03A68FB68D31A3B6091
:1035D0003A68FB689A42E1D279693869FFF778F96D
:1035E00002467B689A637B687A695A637B689B6B47
:1035F000002B01D1022310E07B689A6B3B685B0AC9
:103600001A447B689A633B6903F14C023B68C3F33D
:1036100008031A447B68DA63002318461837BD464E
:1036200080BD80B586B000AF786039607B681B686C
:103630003B617B681B6B2033FB603B691B78042B71
:1036400002D14FF0805201E04FF40012FB689A4221
:1036500002D87B6800229A637B689B6B002B01D1A8
:1036600004237FE0FB68C3F30803002B6DD17B6864
:103670009B6B5A1C7B689A637B685B6B002B0AD13F
:10368000FB685B093A69128993425ED37B6800222A
:103690009A63042366E0FB685B0A3A695289013A3F
:1036A0001340002B51D17A687B685B6B194610463A
:1036B000FFF72EF978617B69012B01D8022351E0D5
:1036C0007B69B3F1FF3F01D101234BE03B69DB6A2A
:1036D0007A699A422FD33B68002B04D17B68002281
:1036E0009A6304233EE07A687B685B6B1946104658
:1036F000FFF74AFD78617B69002B01D1072331E098
:103700007B69012B01D102232CE07B69B3F1FF3FE0
:1037100001D1012326E079693869FFF7B4FE034639
:10372000002B01D001231DE07B68DB7943F004030B
:10373000DAB27B68DA717B687A695A6379693869C9
:10374000FFF7C6F802467B689A637B68FA681A63DB
:103750003B6903F14C02FB68C3F308031A447B681E
:10376000DA63002318461837BD4680BD80B586B0A1
:1037700000AF786039607B681B68FB600021786867
:10378000FFF7C9FE0346FB75FB7D002B40D10023EC
:103790003B617B689B6B1946F868FEF7FDFF0346AB
:1037A000FB75FB7D002B32D1FB681B78042B08D105
:1037B0007B68DB6B1B785BB2DB43DBB2DB09DBB224
:1037C0000FE07B68DB6B1B78E52B04D07B68DB6B41
:1037D0001B78002B01D1012300E0002303F001033B
:1037E000DBB2002B07D03B6901333B613A693B6890
:1037F0009A4202D10CE000233B6101217868FFF777
:1038000010FF0346FB75FB7D002BC2D000E000BF1C
:10381000FB7D042B01D10723FB75FB7D1846183770
:10382000BD4680BD80B584B000AF786039603B682C
:103830001A331846FEF723FB0346FB607B681B78B0
:10384000032B09D13B6814331846FEF718FB0346D7
:103850001B04FA681343FB60FB6818461037BD462B
:1038600080BD80B584B000AFF860B9607A60BB6895
:103870001A337A6892B211461846FEF717FCFB68B5
:103880001B78032B09D1BB6803F114027B681B0C66
:103890009BB219461046FEF709FC00BF1037BD4623
:1038A00080BD000090B587B000AF786039603B689C
:1038B0001A331846FEF7E3FA0346002B01D0002323
:1038C00058E03B681B7803F03F035A1E13465B0029
:1038D00013449B0013447B610123FB8100233B6164
:1038E00032E0264A3B6913441B781A463B6813446E
:1038F0001846FEF7C4FA0346BB81FB89002B19D09A
:103900007B69FF2B11D8BB89184605F01DFA0446C8
:103910007B695A1C7A615B007A6813441B881846DD
:1039200005F012FA03469C4201D0002322E0BB8935
:10393000FB8106E0BB894FF6FF72934201D0002362
:1039400018E03B6901333B613B690C2BC9D93B68EB
:103950001B7803F04003002B0BD0FB89002B08D011
:103960007B695B007A6813441B88002B01D000231D
:1039700000E0012318461C37BD4690BD387E030881
:1039800080B586B000AF786039603B681A3318465E
:10399000FEF775FA0346002B01D0002350E03B6888
:1039A0001B7823F040035A1E13465B0013449B0010
:1039B00013447B610123FB8100233B6128E0224A01
:1039C0003B6913441B781A463B6813441846FEF7BC
:1039D00056FA0346BB81FB89002B0FD07B69FF2B76
:1039E00001D900232CE0BB89FB817B695A1C7A61D9
:1039F0005B007A681344FA891A8006E0BB894FF6A7
:103A0000FF72934201D000231AE03B6901333B610E
:103A10003B690C2BD3D93B681B7803F04003002B88
:103A20000DD0FB89002B0AD07B69FF2B01D9002325
:103A300006E07B695B007A68134400221A80012348
:103A400018461837BD4680BD387E030880B588B05B
:103A500000AFF860B96011461A460B46FB71134679
:103A6000BB71BB680D33BA791A70BB680B330F2278
:103A70001A70BB680C3300221A70BB681A3300211D
:103A80001846FEF713FBFB795A1E13465B001344DE
:103A90009B001344FB610023FB820023BB61FB8A74
:103AA0004FF6FF72934207D0FB695A1CFA615B0024
:103AB000FA6813441B88FB82174ABB6913441B78BE
:103AC0001A46BB681344FA8A11461846FEF7EEFA06
:103AD000FB8A002B02D14FF6FF73FB82BB690133D7
:103AE000BB61BB690C2BDAD9FB8A4FF6FF7293429C
:103AF00006D0FB695B00FA6813441B88002B03D1D6
:103B0000FB7943F04003FB71BB68FA791A7000BF80
:103B10002037BD4680BD00BF387E030880B58CB01D
:103B200000AFF860B9607A603B600B22B968F86852
:103B300019F0E3FB3B68052B29D93B68FB6120E0CA
:103B40007B689A1C7A601B887B840023BB6215E02B
:103B5000FB695A007B8C03F001031344FB617B8CEF
:103B60005B087B84FB6903F48033002B03D0FA6984
:103B70003C4B5340FB61BB6A0133BB62BB6A0F2BFA
:103B8000E6D97B681B88002BDAD1FB693B600723F1
:103B9000BB623B68DBB203F00F03DBB2303387F864
:103BA0002F303B681B093B6097F82F30392B04D925
:103BB00097F82F30073387F82F30BB6A5A1EBA6246
:103BC00030333B4497F82F2003F81C2CBB6A002BA2
:103BD00002D03B68002BDCD107F11402BB6A13440E
:103BE0007E221A7000237B6214E0FA687B6A134419
:103BF0001B781846FEF729FB0346002B07D0BB6A4B
:103C0000013B7A6A9A4210D07B6A01337B627B6AFD
:103C100001337B627A6ABB6A9A4207D2FA687B6A8E
:103C200013441B78202BE0D100E000BFBB6A072BB8
:103C300007D8BB6A5A1CBA6230333B4413F81C1CC9
:103C400000E020217B6A5A1C7A62FA6813440A4613
:103C50001A707B6A072BE9D900BF00BF3037BD4619
:103C600080BD00BF2110010080B485B000AF786036
:103C70000023FB730B23BB60FB7BDAB25208DB0132
:103C80001343DAB27B68591C79601B781344FB73C9
:103C9000BB68013BBB60BB68002BEDD1FB7B1846CA
:103CA0001437BD465DF8047B704780B487B000AF21
:103CB00078607B6801331B7801335B01FB60002374
:103CC0007B8200237B6115E07B69022B03D17B693A
:103CD00001337B610BE07B8A9AB25208DB0313430A
:103CE0009BB279687A690A44127813447B827B69B3
:103CF00001337B617A69FB689A42E5D37B8A184677
:103D00001C37BD465DF8047B704780B584B000AFBA
:103D100078600023FB811BE0BB89184605F014F88E
:103D20000346BB81FB899AB25208DB0313439AB264
:103D3000BB89DBB29BB21344FB81FB899AB2520868
:103D4000DB0313439AB2BB891B0A9BB21344FB816A
:103D50007B689A1C7A601B88BB81BB89002BDBD1F6
:103D6000FB8918461037BD4680BD80B483B000AFD4
:103D700003463960FB713B684FEA7302FB791344D9
:103D80003B603B6818460C37BD465DF8047B7047C6
:103D900090B587B000AF78607B681B681B69FB60DB
:103DA0007B681A687B689B6B19461046FEF7F4FC2B
:103DB0000346FB75FB7D002B01D0FB7DA9E07B68F2
:103DC000DB6B1B78852B01D00223A2E07B68DB6BC9
:103DD00020221946F86819F090FAFB6801331B7825
:103DE00001335B01BB60BB685F2B03D9BB68B3F5D4
:103DF000187F01D902238CE000217868FFF711FCBD
:103E00000346FB75FB7D042B01D10223FB75FB7D73
:103E1000002B01D0FB7D7CE07B681A687B689B6B84
:103E200019461046FEF7B8FC0346FB75FB7D002BD8
:103E300001D0FB7D6DE07B68DB6B1B78C02B01D074
:103E4000022366E0FB6803F120007B68DB6B202225
:103E5000194619F052FAFB6823331B782C332F4A8A
:103E6000A2FB0323DB085B01BA689A4201D202235A
:103E70004FE040233B6100217868FFF7D2FB034607
:103E8000FB75FB7D042B01D10223FB75FB7D002B11
:103E900001D0FB7D3DE07B681A687B689B6B19460F
:103EA0001046FEF779FC0346FB75FB7D002B01D025
:103EB000FB7D2EE07B68DB6B1B78C12B01D00223DE
:103EC00027E03B69B3F5187F08D2FA683B69D01840
:103ED0007B68DB6B2022194619F00FFA3B6920330F
:103EE0003B613A69BB689A42C5D33B69B3F5187F19
:103EF0000ED8F868FFF7D9FE03461C46FB6802336C
:103F00001846FDF7BCFF03469C4201D0022300E0A7
:103F1000002318461C37BD4690BD00BF898888889D
:103F200080B582B000AF786039607B681B6934333C
:103F30001846FDF7BDFF02463B689A607B681B6927
:103F400038331846FDF7D7FF02460B463968C1E9FA
:103F500004237B681B6921331B7803F00203DAB268
:103F60003B68DA713B680022DA6100BF0837BD4662
:103F700080BDB0B584B000AF78603960396808683A
:103F8000796808603968086A796888603968496AB8
:103F9000C8B27968C8713968496A00200C4605467C
:103FA00024F0FF0200237968C1E904237B68002222
:103FB000DA613B689A6A7B68DA647B68DB6C194675
:103FC0007868FFF7A8FA0346FB73FB7B002B04D14C
:103FD0007868FFF7DDFE0346FB73FB7B184610375E
:103FE000BD46B0BD90B587B000AF78607B681B68F8
:103FF0001B69FB60FB689C1CF868FFF756FE0346D4
:1040000019462046FEF752F8FB6801331B7801334E
:104010003B617B68DB6C19467868FFF77CFA0346E6
:10402000FB7526E07B681A687B689B6B1946104617
:10403000FEF7B2FB0346FB75FB7D002B1DD17B68B1
:10404000DB6B2022F968184619F057F97B681B686A
:1040500001221A713B69013B3B613B69002B0ED089
:10406000FB682033FB6000217868FFF7DAFA03462B
:10407000FB75FB7D002BD5D002E000BF00E000BF48
:10408000FB7D002B02D0FB7D012B01D1FB7D00E0ED
:10409000022318461C37BD4690BD90B585B000AFD1
:1040A0007860396040220021786819F07BF87B68DD
:1040B00085221A707B682033C0221A704023FB606F
:1040C0000023FB72FB7ABB7201233B81FB685A1C05
:1040D000FA607A681344C1221A70FB685A1CFA60AD
:1040E0007A68134400221A703B89002B0BD0BB7AEC
:1040F0005B003A6813441B883B813B89002B02D04C
:10410000BB7A0133BB727A68FB6813443A89114663
:104110001846FDF7CBFFFB680233FB60FB6803F03A
:104120001F03002BE0D1FB7A0133FB72BB7A5B00EB
:104130003A6813441B88002BC8D17B682333BA7AB2
:104140001A707B680133FA7A0132D2B21A707B6836
:1041500003F124043868FFF7D8FD034619462046CA
:10416000FDF7A4FF00BF1437BD4690BD80B586B0F3
:1041700000AF786039600423FB757B681B683B6186
:10418000FF237B75FF233B75A6E07B689B6B19467D
:104190003869FEF701FB0346FB75FB7D002B40F001
:1041A000A1807B68DB6B1B78BB75BB7D002B02D1CC
:1041B0000423FB759DE03B691B78042B1FD13B68F2
:1041C000002B03D0BB7D832B7DD192E0BB7D852B63
:1041D00079D17B681A6B7B68DA647868FFF7D8FD61
:1041E0000346FB75FB7D002B7ED13B691B690433C5
:1041F0001B7803F03F03DAB27B689A7174E07B6846
:10420000DB6B0B331B7803F03F03FB737B68FA7B9C
:104210009A71BB7DE52B0ED0BB7D2E2B0BD0FB7B8B
:1042200023F02003082B0CBF01230023DBB21A4626
:104230003B68934202D0FF237B7544E0FB7B0F2B4E
:104240002FD1BB7D03F04003002B0DD07B68DB6BCF
:104250005B7B3B75BB7D23F04003BB75BB7D7B75F2
:104260007B681A6B7B68DA64BA7D7B7D9A4215D1D4
:104270007B68DB6B0D331B783A7D9A420ED13B692C
:10428000DA687B68DB6B19461046FFF779FB03465B
:10429000002B03D07B7D013BDBB200E0FF237B756D
:1042A00011E07B7D002B09D17B68DB6B1846FFF7A3
:1042B000DBFC03461A463B7D934217D07B684FF0E8
:1042C000FF32DA6412E000217868FFF7AAF90346AA
:1042D000FB75FB7D002B0BD17B689B6B002B7FF468
:1042E00054AF06E000BF04E000BF02E000BF00E002
:1042F00000BFFB7D002B02D07B6800229A63FB7D10
:1043000018461837BD4680BD90B589B000AF7860BB
:104310007B681B68FB6000217868FFF7FCF80346A8
:10432000FB77FB7F002B01D0FB7F12E1FB681B7842
:10433000042B64D1FB68DB681846FFF7E6FC0346F4
:104340003B814FE0FB681B6924331846FDF797FD5E
:1043500003461A463B89934243D1FB681B6993F895
:104360002330FB7640237B6100233B6128E07B699F
:1043700003F01F03002B02D17B6902337B61FB68D2
:104380001A697B6913441846FDF779FD0346184600
:1043900004F0DAFC0446FB68DA683B695B0013440E
:1043A0001B88184604F0D0FC03469C420CD1FB7ECF
:1043B000013BFB767B6902337B613B6901333B61E7
:1043C000FB7E002BD3D100E000BFFB7E002B09D188
:1043D000FB68DA683B695B0013441B88002B0BD039
:1043E00000E000BF00217868FFF7C0FE0346FB77BE
:1043F000FB7F002BA6D000E000BFFB7FA9E0FF23DE
:104400003B773B7F7B777B684FF0FF32DA647B68DA
:104410009B6B1946F868FEF7BFF90346FB77FB7FF5
:10442000002B40F090807B68DB6B1B78BB77BB7FF9
:10443000002B02D10423FB778AE07B68DB6B0B3314
:104440001B7803F03F03FB727B68FA7A9A71BB7F9B
:10445000E52B07D0FB7A03F00803002B09D0FB7A89
:104460000F2B06D0FF237B777B684FF0FF32DA6497
:104470005EE0FB7A0F2B36D17B6893F84B3003F06C
:104480004003002B54D1BB7F03F04003002B0DD021
:104490007B68DB6B5B7B3B77BB7F23F04003BB77A9
:1044A000BB7F7B777B681A6B7B68DA64BA7F7B7F24
:1044B0009A4215D17B68DB6B0D331B783A7F9A42A9
:1044C0000ED1FB68DA687B68DB6B19461046FFF794
:1044D000E9F90346002B03D07B7F013BDBB200E010
:1044E000FF237B7724E07B7F002B09D17B68DB6B8C
:1044F0001846FFF7B9FB03461A463B7F934224D088
:104500007B6893F84B3003F00103002B0AD17B68E2
:10451000D86B7B6840330B22194618F019FE03460E
:10452000002B14D0FF237B777B684FF0FF32DA64D7
:1045300000217868FFF775F80346FB77FB7F002BB7
:104540003FF465AF04E000BF02E000BF00E000BF41
:10455000FB7F18462437BD4690BD00002DE9B043CF
:10456000A0B000AF78607B681B68FB667B6893F83F
:104570004B3003F0A003002B01D0062394E100236D
:104580007B6702E07B6F01337B67FB6EDA687B6FD2
:104590005B0013441B88002BF4D1FB6E1B78042BAB
:1045A00040F0A6807B6F0E33A54AA2FB0323DB08F5
:1045B00002333B67396F7868FFF7D8F8034687F80E
:1045C0007F3097F87F30002B02D097F87F306BE177
:1045D0007B681A6B3B6F013B5B01D21A7B68DA6424
:1045E0007B68DB7903F00403002B77D07B68DB79F1
:1045F00023F00403DAB27B68DA717B681846FEF7B1
:1046000081FC034687F87F3097F87F30002B02D07B
:1046100097F87F3048E178687B685B6B4FF0FF323A
:104620001946FEF79EFC034687F87F3097F87F30E7
:10463000002B02D097F87F3036E17B689B68002B17
:104640004CD07A6807F1080311461846FFF791FC31
:10465000034687F87F3097F87F30002B02D097F819
:104660007F3021E17B68D3E90423F96E498949024F
:1046700000200C46054612EB040843EB05097B6855
:10468000C3E90489FB6E1B6903F138017B68D3E938
:1046900004230846FDF751FDFB6E1B6903F1280159
:1046A0007B68D3E904230846FDF747FD7B68DA7988
:1046B000FB6E1B69213342F00102D2B21A7007F17E
:1046C00008031846FFF78EFC034687F87F3097F8FB
:1046D0007F30002B02D097F87F30E5E0FB6E1A693F
:1046E000FB6EDB6819461046FFF7D7FC0023DBE0C2
:1046F0007B6803F1400207F15C031068516892681F
:1047000007C397F8673003F00103002B33D07B68B1
:10471000402283F84B200123BB6716E07B6803F13E
:104720004000FB6EDA6807F15C01BB6FFFF7F6F93A
:104730007868FFF7E9FD034687F87F3097F87F3008
:10474000002B06D1BB6F0133BB67BB6F632BE5D971
:1047500000E000BFBB6F642B01D10723A4E097F8F2
:104760007F30042B02D097F87F309DE097F86720C8
:104770007B6883F84B2097F8673003F00203002B27
:1047800007D07B6F0C332F4AA2FB03239B08013316
:1047900000E001233B67396F7868FEF7E7FF0346C7
:1047A00087F87F3097F87F30002B4ED13B6F013B6D
:1047B0003B673B6F002B48D07B681A6B3B6F5B01FC
:1047C000D31A19467868FEF7A6FE034687F87F30AD
:1047D00097F87F30002B38D17B6840331846FFF7BD
:1047E00043FA034687F86B307B689B6B1946F86E7B
:1047F000FDF7D2FF034687F87F3097F87F30002B14
:1048000022D1FB6ED8687B68D96B3B6FDAB297F820
:104810006B30FFF71BF9FB6E01221A7100217868DB
:10482000FEF7FFFE034687F87F3097F87F30002BB6
:104830000BD13B6F013B3B673B6F002BD4D104E0B6
:10484000898888884FECC44E00BF97F87F30002BD2
:1048500028D17B689B6B1946F86EFDF79DFF0346D8
:1048600087F87F3097F87F30002B1BD17B68DB6B9C
:1048700020220021184618F095FC7B68D86B7B68D5
:1048800040330B22194618F038FD7B6893F84B2013
:104890007B68DB6B0C3302F01802D2B21A70FB6E2D
:1048A00001221A7197F87F3018468037BD46BDE85F
:1048B000B08300BFB0B58AB000AF786039607B6864
:1048C0001B683B613B6800229A767B689B6B002BE0
:1048D00000F0B6813B691B78042B40F0A6800023D2
:1048E0007B6140237B6200233B6200237B8348E0A3
:1048F0007B6AB3F5187F02D300233B6249E07B6AF1
:1049000003F01F03002B02D17B6A02337B623B69F9
:104910001A697B6A13441846FDF7B1FA0346BB8354
:104920007B6A02337B627B6901337B617B8B002B6B
:104930000AD1BB8BB3F5584F06D3BB8BB3F5604F91
:1049400002D2BB8B7B831CE07B8B1A04BB8B42EABD
:1049500003003B6A18333A681344991C3B6AC3F15D
:10496000FF031A46FDF7D8FCF860FB68002B02D164
:1049700000233B620DE03A6AFB6813443B6200236C
:104980007B833B691B6923331B781A467B699342FF
:10499000AED37B8B002B01D000233B623B6A002B04
:1049A00006D13B6A5A1C3A623A6813443F229A760F
:1049B0003A683B6A13441A3300221A703B6800229B
:1049C0005A733B691B6904331B7803F03703DAB26F
:1049D0003B681A733B681B7B03F01003002B08D164
:1049E0003B691B6938331846FDF785FA02460B46CA
:1049F00003E04FF000024FF000033968C1E90023E3
:104A00003B691B690C331846FDF739FA03461A4611
:104A10003B685A813B691B690E331846FDF72FFA34
:104A200003461A463B681A810BE17B68DB6CB3F1E5
:104A3000FF3F4DD000233B623B6A7B6200237B83B8
:104A400033E03B69DA687B6A591C79625B00134486
:104A50001B88BB837B8B002B0AD1BB8BB3F5584FD4
:104A600006D3BB8BB3F5604F02D2BB8B7B831CE0BC
:104A70007B8B1A04BB8B42EA03003B6A18333A680B
:104A80001344991C3B6AC3F1FF031A46FDF744FC2B
:104A9000F860FB68002B02D100233B620DE03A6A0C
:104AA000FB6813443B6200237B833B69DA687B6AC3
:104AB0005B0013441B88002BC3D17B8B002B01D0E0
:104AC00000233B623A683B6A13441A3300221A708F
:104AD00000233B623B6A7B6227E07B68DA6B7B6A80
:104AE000591C796213441B78BB83BB8B202B1BD0D2
:104AF000BB8B052B01D1E523BB837B6A092B09D135
:104B00003B6A0B2B06D83B6A5A1C3A623A6813443C
:104B10002E225A733B6A5A1C3A62BA8BD1B23A6857
:104B200013440A465A7300E000BF7B6A0A2BD4D9AB
:104B30003A683B6A13440D3300221A703B689B7E2F
:104B4000002B52D13B6A002B07D13B6A5A1C3A62B8
:104B50003A6813443F229A7638E000233B623B6A6E
:104B60007B620823FB772AE03A687B6A13440D33A3
:104B70001B78BB83BB8B2E2B01D11023FB77BB8B08
:104B8000402B0ED9BB8B5A2B0BD87B68DB6B0C33BD
:104B90001A78FB7F1340DBB2002B02D0BB8B203393
:104BA000BB83BB8BD9B23A683B6A13441A330A46BB
:104BB0001A707B6A01337B623B6A01333B623A685D
:104BC0007B6A13440D331B78002BCDD13A683B6AC6
:104BD00013441A3300221A707B68DB6B0C331B788A
:104BE000002B02D13B6800225A737B68DB6B0B33CE
:104BF0001B7803F03F03DAB23B681A737B68DB6B08
:104C00001C331846FDF754F9034600221C4615468E
:104C10003B68C3E900457B68DB6B16331846FDF73C
:104C20002EF903461A463B685A817B68DB6B1833C2
:104C30001846FDF724F903461A463B681A8100E03E
:104C400000BF2837BD46B0BD80B58AB000AF7860E0
:104C500039603B681B68BB607B681B68DB683B6135
:104C600000237B6107F108031846FDF710FBF8608D
:104C7000FB68B3F1FF3F01D1062309E2FB68B3F5FE
:104C8000803F09D3FB68190C7B695A1C7A615B0071
:104C90003A6913448AB21A80FB68BB84BB8C1F2B11
:104CA00020D9BB8C2F2B1DD0BB8C5C2B1AD0BB8C7E
:104CB0007F2B09D8BB8C1946944818F08AFA034612
:104CC000002B01D00623E3E17B69FE2B01D90623EB
:104CD000DEE17B695A1C7A615B003A691344BA8C45
:104CE0001A80BFE7BB8C1F2B06D8042387F8263019
:104CF00014E0BB680133BB60BB681B782F2BF8D076
:104D0000BB681B785C2BF4D0002387F82630BB6887
:104D10001B781F2B02D8042387F82630BA683B681B
:104D20001A607B69012B09D17A696FF00043134443
:104D30005B003A6913441B882E2B15D07B69022B2C
:104D40004DD17A696FF0004313445B003A69134414
:104D50001B882E2B43D17A696D4B13445B003A6953
:104D600013441B882E2B3AD17B695B003A691344AC
:104D700000221A8000233B620FE03A6A7B699A4264
:104D800001D22E2100E020217A683B6A134440338F
:104D90000A461A703B6A01333B623B6A0A2BECD924
:104DA00097F8263043F02003D9B27A683B6A13445F
:104DB00040330A461A7000236AE17A696FF00043B3
:104DC00013445B003A6913441B88BB84BB8C202BC3
:104DD00002D0BB8C2E2B06D17B69013B7B617B69AA
:104DE000002BEAD100E000BF7B695B003A69134405
:104DF00000221A807B69002B01D1062348E10023A1
:104E0000BB6102E0BB690133BB61BB695B003A690E
:104E100013441B88202BF5D0BB69002B06D1BB693E
:104E20005B003A6913441B882E2B09D197F8263072
:104E300043F0030387F8263002E07B69013B7B6186
:104E40007B69002B09D07A696FF0004313445B0043
:104E50003A6913441B882E2BEFD17B6840330B2219
:104E60002021184618F09EF9002387F827300023E8
:104E70003B620823FB61BB695A1CBA615B003A695B
:104E800013441B88BB84BB8C002B00F0B780BB8C09
:104E9000202B06D0BB8C2E2B0AD1BA697B699A4293
:104EA00006D097F8263043F0030387F82630A4E0B5
:104EB0003A6AFB699A4203D2BA697B699A4229D15C
:104EC000FB690B2B06D197F8263043F0030387F8D4
:104ED000263096E0BA697B699A4205D097F8263069
:104EE00043F0030387F82630BA697B699A4200F2DF
:104EF00087807B69BB6108233B620B23FB6197F8CA
:104F000027309B0087F8273077E000BFB46803089C
:104F1000FEFFFF7FBB8C7F2B18D997F8263043F01C
:104F2000020387F82630BB8C40F25231184603F05A
:104F3000A3FE0346BB84BB8C03F08003002B05D08B
:104F4000BB8C03F07F03544AD35CBB84BB8CFF2B28
:104F50001AD9FB69013B3A6A9A4208D397F826307E
:104F600043F0030387F82630FB693B6245E0BB8CC6
:104F70001B0A99B23B6A5A1C3A62C9B27A68134456
:104F80000A4683F840202EE0BB8C002B07D0BB8C58
:104F90001946424818F01DF90346002B08D05F233C
:104FA000BB8497F8263043F0030387F826301AE0D5
:104FB000BB8C402B08D9BB8C5A2B05D897F82730CF
:104FC00043F0020387F82730BB8C602B0BD9BB8CD6
:104FD0007A2B08D897F8273043F0010387F8273059
:104FE000BB8C203BBB843B6A5A1C3A62BA8CD1B260
:104FF0007A6813440A4683F840203CE700BF00E08B
:1050000000BF7B6893F84030E52B03D17B68052215
:1050100083F84020FB69082B04D197F827309B00C8
:1050200087F8273097F8273003F00C030C2B05D0B6
:1050300097F8273003F00303032B05D197F82630A8
:1050400043F0020387F8263097F8263003F0020376
:10505000002B17D197F8273003F00103002B05D060
:1050600097F8263043F0100387F8263097F827305A
:1050700003F00403002B05D097F8263043F0080313
:1050800087F826307B6897F8262083F84B2000238A
:1050900018462837BD4680BD487E0308C06803080F
:1050A000B0B59AB000AF786039607B681B683B662A
:1050B0003B681B782F2B0BD03B681B785C2B07D0F1
:1050C0003B6EDA697B689A600DE03B6801333B60B8
:1050D0003B681B782F2BF8D03B681B785C2BF4D0F7
:1050E0007B6800229A607B680022DA613B6E1B7845
:1050F000042B36D17B689B68002B32D03B6E1A6A3A
:105100007B681A623B6E5A6A7B685A623B6E9A6A87
:105110007B689A627A6807F1080311461846FEF721
:1051200028FF034687F8673097F86730002B02D0D6
:1051300097F86730A8E03B6E1B6938331846FCF7D8
:10514000B7FE034600221C4615467B68C3E90445AA
:105150003B6E1B6921331B7803F00203DAB27B68D4
:10516000DA713B681B781F2B0BD87B68802283F891
:105170004B2000217868FEF7CEF9034687F86730A8
:1051800080E03B4619467868FFF75EFD034687F8E6
:10519000673097F86730002B6FD17868FFF7B4F865
:1051A000034687F867307B6893F84B3087F85F30A9
:1051B00097F86730002B21D097F86730042B5ED129
:1051C00097F85F3003F02003002B0DD097F85F3085
:1051D00003F00403002B4ED07B68802283F84B2021
:1051E000002387F867304AE097F85F3003F0040344
:1051F000002B44D1052387F8673040E097F85F30F3
:1052000003F00403002B3CD17B689B7903F010036F
:10521000002B03D1052387F8673033E03B6E1B7802
:10522000042B18D17B689A687B681A627B68D3E983
:105230000423134623F0FF037A68D2791A437B686C
:105240005A627B68DA6C7B689A627B681946386EB2
:10525000FEF766FE95E73B6E03F14C027B681B6B25
:10526000C3F3080313441946386EFEF7DBFA02460F
:105270007B689A6085E700BF83E700BF02E000BF5C
:1052800000E000BF97F8673018466837BD46B0BDEC
:1052900080B489B000AF78604FF0FF337B617B68EA
:1052A0001B683B613B69FB613B69002B01D17B695A
:1052B0002EE0FB695A1CFA611B78FB73FB7B1F2BEA
:1052C00002D9FB7B3A2BF4D1FB7B3A2B1CD1012377
:1052D000BB613B691B782F2B0CD93B691B78392BA1
:1052E00008D83B690233FA699A4203D13B691B78BB
:1052F000303BBB61BB69002B04DCBB697B617B6815
:10530000FA691A607B6903E0044B1B787B617B6957
:1053100018462437BD465DF8047B7047829401240B
:1053200080B584B000AF786039607B6800221A7164
:105330007B684FF0FF329A6439687868FDF72CFA81
:105340000346002B01D0042399E07B684C3303F51E
:10535000FF731846FCF793FD0346FB81FB894AF671
:10536000552293420BD17B684C330B224649184699
:1053700017F0EEFE0346002B01D101237FE07B688E
:1053800093F84C307B737B7BEB2B05D07B7BE92B3D
:1053900002D07B7BE82B6AD1FB894AF655229342E7
:1053A0000CD17B684C33523308223849184617F029
:1053B000CFFE0346002B01D1002360E07B684C3315
:1053C0000B331846FCF75BFD03467B817B6893F843
:1053D00059307B737A897B89013B1340002B46D17E
:1053E0007B89B3F5007F42D37B89B3F5007F3ED83C
:1053F0007B7B002B3BD07A7B7B7B013B1340002BDC
:1054000035D17B684C330E331846FCF738FD034624
:10541000002B2CD07B6893F85C30013B012B26D805
:105420007B684C3311331846FCF729FD0346002BEB
:105430001DD07B684C3313331846FCF720FD034620
:105440007F2B09D87B684C3320331846FCF730FD9E
:105450000346B3F5803F0AD37B684C3316331846B6
:10546000FCF70DFD0346002B01D0002307E0FB896C
:105470004AF65522934201D1022300E00323184645
:105480001037BD4680BD00BFC8680308D468030854
:1054900080B588B000AF7860396000217868FFF788
:1054A0003FFFB861BB69022B07D0BB69022B02D852
:1054B0003B68002B01D1BB6945E00023FB6114E090
:1054C0007B6803F14C02FB691B0103F5E373134492
:1054D0001846FCF7EDFC0246FB699B0020333B4479
:1054E00043F8182CFB690133FB61FB69032BE7D9F7
:1054F0003B68002B02D03B68013B00E00023FB61CE
:10550000FB699B0020333B4453F8183C002B0BD025
:10551000FB699B0020333B4453F8183C19467868DC
:10552000FFF7FEFE034600E00323BB613B68002B50
:1055300008D1BB69012B05D9FB690133FB61FB690C
:10554000032BDDD9BB6918462037BD4680BD00005E
:105550002DE9B04F9AB000AFF861B9611346FB7501
:10556000BB6900221A60F869FFF792FEB864BB6C51
:10557000002B01DA0B2327E3A04ABB6C52F823303F
:105580007B647B6C002B01D10C231DE30121786C23
:10559000FCF7FAFE0346002B01D10F2314E3BB698D
:1055A0007A6C1A60FB7D23F00103FB757B6C1B7822
:1055B000002B1AD07B6C5B781846FCF7B5FB0346D2
:1055C00087F8433097F8433003F00103002B0CD1E8
:1055D000FB7D002B07D097F8433003F00403002B2A
:1055E00001D00A23F0E20023EEE27B6C00221A7065
:1055F0007B6C5B781846FCF7B2FB034687F84330B8
:1056000097F8433003F00103002B01D00323DBE2C2
:10561000FB7D002B07D097F8433003F00403002BE9
:1056200001D00A23D0E20021786CFFF731FFB86582
:10563000BB6D042B01D10123C6E2BB6D012B01D947
:105640000D23C1E27B6C9B6CFB63BB6D012B40F0B7
:105650003D810B23FB6402E0FB6C0133FB64FB6CBC
:105660003F2B06D87A6CFB6C13444C331B78002B11
:10567000F2D0FB6C3F2B01D80D23A5E27B6C4C33A1
:1056800068331846FCF7FBFB0346B3F5807F01D077
:105690000D2399E27B6C93F8B830092B01D00D23D0
:1056A00092E27B6C4C3348331846FCF724FC0246EC
:1056B0000B46F96B0020B960F860B9685118396081
:1056C000F96843EB01017960D7E90023C7E90A23B0
:1056D000D7E90A23012B01D30D2375E27B6C4C33F0
:1056E00054331846FCF7E4FB02467B6C1A637B6C70
:1056F00093F8BA207B6CDA707B6CDB78012B01D0DD
:105700000D2361E27B6C93F8B9301A460123934074
:105710009AB27B6C5A817B6C5B89002B01D10D2383
:1057200052E27B6C4C335C331846FCF7C1FB3863A8
:105730003B6B334A934201D90D2345E23B6B9A1CE4
:105740007B6CDA627B6CFA6B5A637B6C4C3358333C
:105750001846FCF7ADFB0246FB6B1A447B6C1A64DF
:105760007B6C4C3350331846FCF7A2FB0246FB6BB4
:105770001A447B6C9A637B6C1B6C00229A4693469E
:105780007B6C5B891A463B6B02FB03F30022984655
:1057900091461AEB08044BEB0905D7E90A23A2420C
:1057A000AB4101D20D230FE27B6C4C3360331846C2
:1057B000FCF77EFB02467B6CDA630023FB64FB6C28
:1057C0007B65FB6C002B20D17B6C5B891A467B6D63
:1057D000934201D30D23F7E17B6CDB6B1946786CA8
:1057E000FDF776F802467B6D13441946786CFCF79A
:1057F000D3FF0346002B05D00123E5E17C9401246F
:10580000FDFFFF7F7B6D01337B657A6CFB6C13447E
:105810004C331B78812B05D0FB6C2033C3F308037A
:10582000FB64CEE700BF7B6C03F14C02FB6C1433CE
:1058300013441846FCF73CFB38653B6D012B04D93B
:105840007B6CDB6A3A6D9A4201D30D23BCE17B6C21
:105850001A6C7B6C5B8919463B6D023B01FB03F3C1
:105860001A447B6C5A647B6C9A6B3B6DDB09134466
:105870001946786CFCF790FF0346002B01D00123FA
:10588000A2E17B6C03F14C023B6D03F07F039B00B4
:1058900013441846FCF70CFB78627B6AB3F1FF3FB8
:1058A00008D03B6D01333B653A6D7B6A9A42DAD092
:1058B0000D2389E100BF7B6C4FF0FF329A617B6C56
:1058C0009A697B6C5A610423BB6568E17B6C4C333D
:1058D0000B331846FCF7D3FA0346B3F5007F01D02B
:1058E0000D2371E17B6C4C3316331846FCF7C7FA75
:1058F00003463B663B6E002B06D17B6C4C33243356
:105900001846FCF7D5FA38667B6C3A6E1A637B6CE6
:1059100093F85C207B6CDA707B6CDB78012B05D014
:105920007B6CDB78022B01D00D234DE17B6CDB78A7
:105930001A463B6E02FB03F33B667B6C93F85930CF
:105940001A467B6C5A817B6C5B89002B08D07B6C80
:105950005B891A467B6C5B89013B1340002B01D0AD
:105960000D2331E17B6C4C3311331846FCF787FA79
:1059700003461A467B6C1A817B6C1B8903F00F036C
:105980009BB2002B01D00D231EE17B6C4C331333F3
:105990001846FCF774FA03467B667B6E002B06D133
:1059A0007B6C4C3320331846FCF782FA78667B6CAC
:1059B0004C330E331846FCF762FA03467B877B8F25
:1059C000002B01D10D23FFE07A8F3B6E13447A6CDC
:1059D0001289120992B213447B637A6E7B6B9A42EE
:1059E00001D20D23F0E07A6E7B6BD31A7A6C528968
:1059F000B3FBF2F33B633B6B002B01D10D23E3E0E0
:105A00000023BB653B6B734A934201D80323BB65FC
:105A10003B6B4FF6F572934201D80223BB653B6B9B
:105A200040F6F572934201D80123BB65BB6D002B94
:105A300001D10D23C8E03B6B9A1C7B6CDA627B6C56
:105A4000FA6B5A637A8FFB6B1A447B6C9A63FA6B1E
:105A50007B6B1A447B6C1A64BB6D032B1ED17B6C71
:105A60004C332A331846FCF70AFA0346002B01D0C0
:105A70000D23A9E07B6C1B89002B01D00D23A3E033
:105A80007B6C4C332C331846FCF712FA02467B6CC5
:105A9000DA637B6CDB6A9B00FB651EE07B6C1B8919
:105AA000002B01D10D238FE07B6C9A6B3B6E1A4467
:105AB0007B6CDA63BB6D022B03D17B6CDB6A5B0012
:105AC0000AE07B6CDA6A13465B0013445A087B6C6D
:105AD000DB6A03F001031344FB657B6C1A6BFB6DFF
:105AE00003F2FF135B0A9A4201D20D236CE07B6C38
:105AF0004FF0FF329A617B6C9A697B6C5A617B6CC8
:105B000080225A71BB6D032B49D17B6C4C333033EF
:105B10001846FCF7B4F90346012B40D1FB6B013367
:105B20001946786CFCF738FE0346002B37D17B6CA6
:105B300000225A717B6C4C3303F5FF731846FCF757
:105B40009EF903461A464AF655239A4227D17B6CA2
:105B50004C331846FCF7ACF903461F4A93421ED15A
:105B60007B6C4C3303F5F2731846FCF7A1F903463E
:105B70001A4A934213D17B6C4C3303F5F4731846E5
:105B8000FCF796F902467B6C9A617B6C4C3303F50B
:105B9000F6731846FCF78CF902467B6C5A61BB6DB4
:105BA000DAB27B6C1A700E4B1B8801339AB20C4B25
:105BB0001A800B4B1A887B6CDA807B6C0022DA61CE
:105BC000786CFCF789FD002318466837BD46BDE8B0
:105BD000B08F00BFF5FFFF0F5252614172724161F9
:105BE0008094012480B584B000AF786039600923C7
:105BF000FB737B68002B2FD07B681B68002B2BD09E
:105C00007B681B681B78002B26D07B689A887B6892
:105C10001B68DB889A421FD17B681B6800211846ED
:105C2000FCF7B2FB0346002B14D07B681B685B7843
:105C30001846FCF779F8034603F00103002B02D164
:105C40000023FB7308E07B681B6800211846FCF703
:105C5000C9FB01E00F23FB73FB7B002B02D17B68A8
:105C60001B6800E000233A681360FB7B184610377E
:105C7000BD4680BD80B588B000AFF860B9601346FE
:105C8000FB71BB683B6107F110031846FFF700FB8F
:105C9000F861FB69002B01DA0B2359E02E4AFB69FE
:105CA00052F82330BB61BB69002B0DD02A4AFB6937
:105CB000002142F82310B869FCF70EFDF86903F0E3
:105CC000F1F8BB6900221A70FB68002B2AD0FB6830
:105CD000FA69D2B25A70FB68FA69D2B29A70F8695E
:105CE00003F0C4F80346002B01D1022330E01B4B24
:105CF0001B78DBB2002B0DD1012003F0B7F803466F
:105D0000002B04D1F86903F0CDF8022320E0134BF7
:105D100001221A70FB6800221A70FA680E49FB69AA
:105D200041F82320FB79002B01D1002310E007F17B
:105D30000C0107F1080300221846FFF709FC03468F
:105D4000FB75FB68FA7D11461846FCF74BFBFB7DA3
:105D500018462037BD4680BD7C940124C49401249C
:105D60002DE9F04FADF2FC4D00AF07F59F63A3F2B4
:105D7000DC43186007F59F63A3F59C63196007F582
:105D80009F63A3F2E1431A7007F59F63A3F2DC431C
:105D90001B68002B01D1092386E307F59F63A3F25B
:105DA000E14307F59F62A2F2E142127802F03F025E
:105DB0001A7007F59F63A3F2E1431A7807F2844152
:105DC00007F118031846FFF7C3FB034687F8F734BB
:105DD00097F8F734002B40F05283D7F88434C7F893
:105DE0008834D7F8843407F52172DA60D7F8843420
:105DF00007F124021A6107F59F63A3F59C631A68F3
:105E000007F5916311461846FFF74AF9034687F8EC
:105E1000F73497F8F734002B1CD197F8D3345BB2E2
:105E2000002B03DA062387F8F73413E007F59F63A6
:105E3000A3F2E1431B78012B8CBF01230023DBB2CB
:105E40001A4607F5916311461846FCF7FDFA03461A
:105E500087F8F73407F59F63A3F2E1431B7803F05B
:105E60001C03002B00F01D8197F8F734002B1FD086
:105E700097F8F734042B0ED1FCF742FB0346002BB6
:105E800006D007F591631846FEF768FB034600E06D
:105E9000122387F8F73407F59F63A3F2E14307F570
:105EA0009F62A2F2E142127842F008021A7015E0F5
:105EB00097F88E3403F01103002B03D0072387F8E3
:105EC000F7340BE007F59F63A3F2E1431B7803F07F
:105ED0000403002B02D0082387F8F73497F8F7342F
:105EE000002B40F0FE8007F59F63A3F2E1431B788F
:105EF00003F00803002B00F0F480D7F884341B78FB
:105F0000042B6FD1D7F8842407F59F63A3F2DC43F9
:105F10001B681A60D7F8842407F59F63A3F2DC435B
:105F20001B6819461046FDF7FBFFD7F884341B6940
:105F300002331E220021184617F034F9D7F88434B2
:105F40001B6926331A220021184617F02BF9D7F8BF
:105F500084341B69043320221A70D7F884341B69F7
:105F600003F10804FBF783FF034619462046FCF7BC
:105F7000B8F8D7F884341B69213301221A7007F569
:105F800091631846FEF72EF8034687F8F73497F822
:105F9000F734002B40F0A58007F59F63A3F2DC43A4
:105FA0001B689B68002B00F09C8007F59F63A3F2A1
:105FB000DC43186807F59F63A3F2DC431B689B680A
:105FC00000221946FCF7FEFF034687F8F73407F571
:105FD0009F63A3F2DC431B689A68D7F88434013AC4
:105FE0005A617EE0FBF743FFC7F8E404D7F8C434F6
:105FF0000E33D7F8E4141846FCF773F8D7F8C43416
:106000001633D7F8E4141846FCF76BF8D7F8843445
:10601000D7F8C42411461846FDF704FCC7F8E0047D
:10602000D7F8C4340B3320221A70D7F88434D7F849
:10603000C41400221846FDF714FCD7F8C4341C33EE
:1060400000211846FCF74DF8D7F8843401221A7164
:10605000D7F8E034002B44D0D7F884349B6CC7F8D1
:10606000DC3407F591630022D7F8E0141846FCF7FA
:10607000A9FF034687F8F73497F8F734002B30D19F
:10608000D7F88434D7F8DC141846FCF785FB0346B0
:1060900087F8F734D7F88434D7F8E024013A5A6106
:1060A0001FE097F8F734002B1BD197F88E3403F0DC
:1060B0001003002B03D0042387F8F73411E007F511
:1060C0009F63A3F2E1431B7803F00203002B08D087
:1060D00097F88E3403F00103002B02D0072387F8D2
:1060E000F73497F8F734002B48D107F59F63A3F2F4
:1060F000E1431B7803F00803002B0BD007F59F63E7
:10610000A3F2E14307F59F62A2F2E142127842F066
:1061100040021A70D7F884349A6C07F59F63A3F293
:10612000DC431B689A64D7F8C42407F59F63A3F285
:10613000DC431B68DA6407F59F63A3F2E1431B7835
:10614000012B8CBF01230023DBB21A4607F59163B4
:1061500011461846FCF7F6F9024607F59F63A3F2CD
:10616000DC431B68DA6207F59F63A3F2DC431B681C
:10617000DB6A002B02D1022387F8F73497F8F73453
:10618000002B40F07C81D7F884341B78042B2BD172
:10619000D7F8902407F59F63A3F2DC431B681A62CB
:1061A00007F59363D3E90023134623F0FF0397F821
:1061B0008F241A4307F59F63A3F2DC431B685A62DE
:1061C000D7F8D42407F59F63A3F2DC431B689A62D7
:1061D000D7F8842407F59F63A3F2DC431B681946B4
:1061E0001046FDF79DFE21E0D7F88434D7F8C4248B
:1061F00011461846FDF716FB024607F59F63A3F20A
:10620000DC431B689A60D7F8C4341C331846FBF78C
:106210004FFE03460022BB60FA6007F59F63A3F2BE
:10622000DC431B68D7E90212C3E9041207F59F6338
:10623000A3F2DC431B6800221A65D7F8842407F513
:106240009F63A3F2DC431B681A60D7F88434DA88B2
:1062500007F59F63A3F2DC431B689A8007F59F63F1
:10626000A3F2DC431B6807F59F62A2F2E1421278B9
:1062700083F8302007F59F63A3F2DC431B680022FC
:1062800083F8312007F59F63A3F2DC431B680022EB
:106290005A6407F59F63A3F2DC4319684FF00002CC
:1062A0004FF00003C1E90E2307F59F63A3F2DC431F
:1062B0001B6854334FF400720021184616F072FF29
:1062C00007F59F63A3F2E1431B7803F02003002B43
:1062D00000F0D58007F59F63A3F2DC431B68D3E988
:1062E0000423134300F0CB8007F59F63A3F2DC4344
:1062F0001B68D3E9042307F59F61A1F2DC4109681B
:10630000C1E90E23D7F884345B895B02C7F8D8341F
:1063100007F59F63A3F2DC431B689B68C7F8F03462
:1063200007F59F63A3F2DC431B68D3E9042307F559
:106330009D61C1E900232EE007F59F63A3F2DC43D2
:106340001B68D7F8F0141846FCF7E2FAC7F8F00417
:10635000D7F8F034012B02D8022387F8F734D7F8A6
:10636000F034B3F1FF3F02D1012387F8F734D7F8B7
:10637000D83400221D46164607F59D63D3E9002355
:10638000511B396063EB06037B6007F59D62D7E91B
:106390000034C2E9003497F8F734002B0CD1D7F859
:1063A000D83400229A46934607F59D63D3E900232B
:1063B00092457BEB0303BFD307F59F63A3F2DC4356
:1063C0001B68D7F8F0241A6497F8F734002B49D1EA
:1063D00007F59D63D3E90023C2F308084FF00009D5
:1063E00058EA09033ED0D7F88434D7F8F014184699
:1063F000FCF76EFAC7F8DC04D7F8DC34002B03D1C5
:10640000022387F8F7342DE007F59D63D3E90001F7
:106410004FF000024FF00003420A42EAC1524B0A19
:10642000D7F8DC341A4407F59F63A3F2DC431B68FA
:106430005A64D7F88434587807F59F63A3F2DC4395
:106440001B6803F1540107F59F63A3F2DC431B684B
:106450005A6C0123FBF7ACFC0346002B02D001234E
:1064600087F8F73497F8F734002B08D007F59F63C7
:10647000A3F2DC431B68DB6A1846FCF7F1F897F8D7
:10648000F734002B06D007F59F63A3F2DC431B68AB
:1064900000221A60D7F8843497F8F724114618467A
:1064A000FBF7A0FF97F8F734184607F2FC47BD4604
:1064B000BDE8F08F2DE9F04F95B000AFF861B961FC
:1064C0007A613B61BB69FB633B6900221A60FB692F
:1064D00007F1240211461846FFF784FB034687F8AC
:1064E0004F3097F84F30002B08D1FB6993F83130CB
:1064F00087F84F3097F84F30002B09D07B6A97F818
:106500004F2011461846FBF76DFF97F84F3073E1A7
:10651000FB6993F8303003F00103002B06D17B6A4E
:1065200007211846FBF75EFF072365E1FB69D3E906
:106530000401FB69D3E90E23861A3E6061EB030375
:106540007B60D7E90023C7E90C237B6900229A46C8
:106550009346D7E90C23524573EB0B0380F042813D
:106560003B6B7B613EE1FB69D3E90E23C2F3080478
:10657000002554EA050340F0F780FB69D3E90E01DA
:106580004FF000024FF00003420A42EAC1524B0AA8
:106590007B6A5B89013B1340FB62FB6A002B3CD1A9
:1065A000FB69D3E90E23134303D1FB699B68BB64EA
:1065B00013E0FB691B6D002B07D0FB69D3E90E23A9
:1065C000F869FCF71CFFB86407E0FA69FB691B6C0B
:1065D00019461046FCF79CF9B864BB6C012B0AD82D
:1065E000FB69022283F831207B6A02211846FBF7FF
:1065F000F9FE022300E1BB6CB3F1FF3F0AD1FB6956
:10660000012283F831207B6A01211846FBF7EAFE5C
:106610000123F1E0FB69BA6C1A647A6AFB691B6CAE
:1066200019461046FCF754F9B862BB6A002B0AD130
:10663000FB69022283F831207B6A02211846FBF7AE
:10664000D1FE0223D8E0BA6AFB6A1344BB627B69BD
:106650005B0A3B643B6C002B40D0FA6A3B6C1344F2
:106660007A6A5289934205D97B6A5B891A46FB6A2A
:10667000D31A3B647B6A58783B6CBA6AF96BFBF7B8
:1066800097FB0346002B0AD0FB69012283F83120D7
:106690007B6A01211846FBF7A5FE0123ACE0FB69EC
:1066A00093F830305BB2002B14DAFB695A6CBB6A8A
:1066B000D31A3A6C9A420DD9FB695A6CBB6AD31A49
:1066C0005B02FA6BD018FB6954334FF40072194621
:1066D00016F013FE3B6C5B027B6463E0FB695B6C52
:1066E000BA6A9A423DD0FB6993F830305BB2002B16
:1066F00020DA7B6A5878FB6903F15401FB695A6C14
:106700000123FBF775FB0346002B0AD0FB6901222E
:1067100083F831207B6A01211846FBF763FE0123D1
:106720006AE0FB6993F8303003F07F03DAB2FB696B
:1067300083F830207B6A5878FB6903F15401012308
:10674000BA6AFBF735FB0346002B0AD0FB6901222E
:1067500083F831207B6A01211846FBF743FE0123B1
:106760004AE0FB69BA6A5A64FB69D3E90E2313460F
:10677000C3F30803C3F500737B647A6C7B699A42A8
:1067800001D97B697B64FB6903F15401FB69D3E99F
:106790000E231346C3F308030B447A6C1946F86BB7
:1067A00016F0ABFD7A697B6CD31A7B613B691A6882
:1067B0007B6C1A443B691A60FA6B7B6C1344FB6375
:1067C000FB69D3E90E23796C00208846814612EBE1
:1067D0000801B96043EB0903FB60FB69D7E90212CA
:1067E000C3E90E127B69002B7FF4BDAE7B6A0021EA
:1067F0001846FBF7F7FD002318465437BD46BDE8A1
:10680000F08F2DE9F04F8DB000AFF860B9607A607D
:106810003B60BB68FB613B6800221A60FB6807F1C4
:10682000100211461846FFF7DDF9034687F82F30AE
:1068300097F82F30002B08D1FB6893F8313087F898
:106840002F3097F82F30002B09D03B6997F82F2075
:1068500011461846FBF7C6FD97F82F30AFE1FB68ED
:1068600093F8303003F00203002B06D13B69072177
:106870001846FBF7B7FD0723A1E13B691B78042B02
:1068800000F08881FB68D3E90E237B68D118FB6890
:10689000D3E90E231346994280F07C81FB68D3E94B
:1068A0000E231346DB437B6074E1FB68D3E90E23C0
:1068B000C2F30804002554EA050340F01981FB687F
:1068C000D3E90E014FF000024FF00003420A42EA02
:1068D000C1524B0A3B695B89013B1340BB61BB69F9
:1068E000002B50D1FB68D3E90E2313430CD1FB6876
:1068F0009B68BB62BB6A002B1AD1FB68002118465B
:10690000FCF742FCB86213E0FB681B6D002B07D05C
:10691000FB68D3E90E23F868FCF771FDB86207E065
:10692000FA68FB681B6C19461046FCF72DFCB86230
:10693000BB6A002B00F03381BB6A012B0AD1FB68D4
:10694000022283F831203B6902211846FBF74AFDF9
:10695000022334E1BB6AB3F1FF3F0AD1FB68012295
:1069600083F831203B6901211846FBF73BFD0123E9
:1069700025E1FB68BA6A1A64FB689B68002B02D1A8
:10698000FB68BA6A9A60FB6893F830305BB2002B00
:1069900020DA3B695878FB6803F15401FB685A6CB4
:1069A0000123FBF725FA0346002B0AD0FB680122DE
:1069B00083F831203B6901211846FBF713FD0123C1
:1069C000FDE0FB6893F8303003F07F03DAB2FB6838
:1069D00083F830203A69FB681B6C19461046FBF7B8
:1069E00077FF78617B69002B0AD1FB68022283F86C
:1069F00031203B6902211846FBF7F4FC0223DEE05C
:106A00007A69BB6913447B617B685B0A3B623B6AC2
:106A1000002B44D0BA693B6A13443A6952899342C5
:106A200005D93B695B891A46BB69D31A3B623B694E
:106A300058783B6A7A69F969FBF7DAF90346002B63
:106A40000AD0FB68012283F831203B6901211846F6
:106A5000FBF7C8FC0123B2E0FB685A6C7B69D31AD0
:106A60003A6A9A4217D9FB6803F15400FB685A6CE2
:106A70007B69D31A5B02FA6913444FF4007219461A
:106A800016F03BFCFB6893F8303003F07F03DAB27A
:106A9000FB6883F830203B6A5B027B624FE0FB6857
:106AA0005B6C7A699A4220D0FB68D3E90E01FB68DF
:106AB000D3E90423904271EB030316D23B69587863
:106AC000FB6803F1540101237A69FBF771F903466E
:106AD000002B0AD0FB68012283F831203B69012199
:106AE0001846FBF77FFC012369E0FB687A695A646A
:106AF000FB68D3E90E231346C3F30803C3F5007301
:106B00007B627A6A7B689A4201D97B687B62FB6808
:106B100003F15401FB68D3E90E231346C3F30803C2
:106B20000B447A6AF969184616F0E7FBFB6893F89C
:106B3000303063F07F03DAB2FB6883F830207A6884
:106B40007B6AD31A7B603B681A687B6A1A443B688D
:106B50001A60FA697B6A1344FB61FB68D3E90E2370
:106B6000796A00208846814612EB080A43EB090B3C
:106B7000FB68C3E90EABFB68D3E90423F968D1E9EC
:106B80000E01824273EB010601D202460B46F96800
:106B9000C1E904237B68002B7FF487AE00E000BFCF
:106BA000FB6893F8303043F04003DAB2FB6883F8B7
:106BB00030203B6900211846FBF714FC00231846DF
:106BC0003437BD46BDE8F08F80B5ADF5996D00AFA7
:106BD00007F59963A3F2C443186007F59963A3F21C
:106BE000C4431B6807F5976211461846FEF7FAFF83
:106BF000034687F8C73497F8C734002B40F08B81E1
:106C000007F59963A3F2C4431B6893F8303003F08F
:106C10004003002B00F07F8107F59963A3F2C44382
:106C20001B6893F830305BB2002B2EDAD7F8B834FB
:106C3000587807F59963A3F2C4431B6803F1540124
:106C400007F59963A3F2C4431B685A6C0123FBF751
:106C5000CFF80346002B07D0D7F8B83401211846E7
:106C6000FBF7C0FB012360E107F59963A3F2C4437E
:106C70001B6893F8303003F07F03DAB207F59963AD
:106C8000A3F2C4431B6883F83020FBF7F0F8C7F881
:106C9000C004D7F8B8341B78042B40F0CA8007F53D
:106CA0009963A3F2C4431B681846FCF72BF903460B
:106CB00087F8C73497F8C734002B12D107F59963CA
:106CC000A3F2C443186807F59963A3F2C4431B6891
:106CD0001B6C4FF0FF321946FCF743F9034687F867
:106CE000C73497F8C734002B40F01581D7F8B83473
:106CF00007F15802DA60D7F8B83407F516721A614E
:106D000007F59963A3F2C4431A6807F10803114613
:106D10001846FDF72EF9034687F8C73497F8C734AD
:106D2000002B40F0F880D7F8B8341B6904331A7888
:106D3000D7F8B8341B69043342F02002D2B21A707B
:106D400007F59963A3F2C4431B68DA79D7F8B8341E
:106D50001B69213342F00102D2B21A70D7F8B8345D
:106D60001B6903F1340207F59963A3F2C4431B685E
:106D70009B6819461046FBF7B4F9D7F8B8341B697D
:106D800003F1380107F59963A3F2C4431B68D3E903
:106D900004230846FBF7D1F9D7F8B8341B6903F18F
:106DA000280107F59963A3F2C4431B68D3E90423C0
:106DB0000846FBF7C2F9D7F8B8341B690C33D7F88B
:106DC000C0141846FBF78DF9D7F8B8341B69153392
:106DD00000221A70D7F8B8341B6910330021184606
:106DE000FBF77FF907F108031846FDF7FBF80346A8
:106DF00087F8C73497F8C734002B40F08C80D7F859
:106E0000B8341846FBF7F6FC034687F8C73407F595
:106E10009963A3F2C4431B6893F8303023F0400316
:106E2000DAB207F59963A3F2C4431B6883F83020F4
:106E300071E0D7F8B82407F59963A3F2C4431B683F
:106E40009B6C19461046FBF7A7FC034687F8C7342E
:106E500097F8C734002B5ED107F59963A3F2C443BA
:106E60001B68DB6CC7F8BC34D7F8BC340B331A781A
:106E7000D7F8BC340B3342F02002D2B21A7007F5B7
:106E80009963A3F2C4431B68186807F59963A3F2DA
:106E9000C4431B689B681A46D7F8BC14FCF7E1FC96
:106EA000D7F8BC3403F11C0007F59963A3F2C4437F
:106EB0001B68D3E9042313461946FBF712F9D7F8E8
:106EC000BC341633D7F8C0141846FBF70AF9D7F8C4
:106ED000BC34123300211846FBF7E8F8D7F8B83471
:106EE00001221A71D7F8B8341846FBF783FC034621
:106EF00087F8C73407F59963A3F2C4431B6893F876
:106F0000303023F04003DAB207F59963A3F2C443AB
:106F10001B6883F83020D7F8B83497F8C724114697
:106F20001846FBF75FFA97F8C734184607F59967D4
:106F3000BD4680BD80B584B000AF78607868FFF74B
:106F400043FE0346FB73FB7B002B1DD17B6807F1DF
:106F5000080211461846FEF745FE0346FB73FB7B0D
:106F6000002B11D17B68DB6A1846FBF779FB0346DF
:106F7000FB73FB7B002B02D17B6800221A60BB688D
:106F800000211846FBF72EFAFB7B18461037BD464A
:106F900080BD80B5ADF58E6D00AF07F58E63A3F2B1
:106FA0006C43186007F58E63A3F58E63196007F5CF
:106FB0008E63A3F26C431B68002B01D1092302E10D
:106FC00007F58D613B4600221846FEF7C1FA0346DD
:106FD00087F86F3497F86F34002B40F0DF80D7F8D4
:106FE000682407F58E63A3F26C431B681A60D7F818
:106FF000683407F51A72DA60D7F8683407F10802C6
:107000001A6107F58E63A3F58E631A6807F58E6320
:10701000A3F26C4311461868FEF742F8034687F85E
:107020006F3497F86F34002B40F0B18007F58E6312
:10703000A3F26C431B6893F84B305BB2002B60DB10
:1070400007F58E63A3F26C431B689B7903F0100372
:10705000002B53D0D7F868341B78042B3AD107F5AE
:107060008E63A3F26C431B689A6807F58E63A3F2E4
:107070006C431B681A6207F58E63A3F26C431B68AE
:10708000D3E90423134623F0FF0307F58E62A2F22F
:107090006C421268D2791A4307F58E63A3F26C43EF
:1070A0001B685A6207F58E63A3F26C431B68DA6CA7
:1070B00007F58E63A3F26C431B689A62D7F86824C5
:1070C00007F58E63A3F26C431B6819461046FCF764
:1070D00027FF16E0D7F8682407F58E63A3F26C4308
:1070E0001B68DB6B19461046FCF79CFB024607F554
:1070F0008E63A3F26C431B689A6002E0052387F855
:107100006F3497F86F34002B41D1D7F86834DA88A0
:1071100007F58E63A3F26C431B689A8007F58E63B4
:10712000A3F26C4300211868FCF7F5F9034687F8D1
:107130006F3497F86F34002B29D107F58E63A3F2D3
:107140006C431B689B68002B1AD007F58E63A3F273
:107150006C4300211868FBF7F5F9024607F58E63CA
:10716000A3F26C431B68DA6207F58E63A3F26C43EB
:107170001B68DB6A002B0AD1122387F86F3406E004
:1071800007F58E63A3F26C431B680022DA6297F85E
:107190006F34042B02D1052387F86F3497F86F34CE
:1071A000002B06D007F58E63A3F26C431B68002208
:1071B0001A60D7F8683497F86F2411461846FBF721
:1071C00011F997F86F34184607F58E67BD4680BDF4
:1071D00080B584B000AF78607B6807F10802114683
:1071E0001846FEF7FFFC0346FB73FB7B002B15D113
:1071F0007B68DB6A002B06D07B68DB6A1846FBF7EE
:107200002FFA0346FB73FB7B002B02D17B68002225
:107210001A60BB6800211846FBF7E4F8FB7B1846B0
:107220001037BD4680BD80B5ADF58E6D00AF07F55A
:107230008E63A3F26C43186007F58E63A3F58E632B
:10724000196007F58E63A3F26C431B6807F58D6226
:1072500011461846FEF7C6FC034687F86F3497F8C8
:107260006F34002B50D107F58E63A3F58E631B6836
:10727000002B0BD107F58E63A3F26C430021186835
:10728000FCF749F9034687F86F343DE0D7F86834D6
:1072900007F51A72DA60D7F8683407F108021A6144
:1072A00007F58E63A3F26C4300211868FCF75EFFBC
:1072B000034687F86F3497F86F34042B02D100230C
:1072C00087F86F3497F86F34002B1DD107F58E6364
:1072D000A3F58E6207F58E63A3F26C4311681868FC
:1072E000FDF7E8FA07F58E63A3F26C4300211868F6
:1072F000FCF797F9034687F86F3497F86F34042B3F
:1073000002D1002387F86F34D7F8683497F86F24D8
:1073100011461846FBF766F897F86F34184607F5DC
:107320008E67BD4680BD000080B58EB000AFB960ED
:107330007B600346FB731346BB7307F11002FB7BB4
:1073400001211846FAF774FD0346002B01D00123F2
:1073500008E13B693B623F23FB77082387F827302E
:1073600004E097F827305B0087F8273097F827303C
:10737000002B0AD097F827303A6AB2FBF3F2FB7F72
:10738000B2FBF3F3B3F5806FEBD897F82730002BFF
:1073900002D1FF2387F827304FF40072002178686C
:1073A00015F000FF7B6803F5DF73BB6200237B638E
:1073B000FB7F3B63B5E07B6B9B00BA6813441B68A3
:1073C000FB62FB6A642B0DD8FB6A642B08D03B6A16
:1073D000664AA2FB03235B09FA6A02FB03F300E09F
:1073E0003B6AFB623A6BFB6A13443A6A9A4205D3E2
:1073F0003A6BFB6A13443A6B9A4203D93A6A3B6B85
:10740000D31AFB62FB6A002B00F09780BB6A08333B
:10741000396B1846FAF765FEBB6A0C33F96A1846F1
:10742000FAF75FFEBB6A0433BA7B1A70FB7F3A6BD4
:10743000B2FBF3F297F82730B2FBF3F3BB61FB7FAB
:107440003A6BB2FBF3F397F82720B3FBF2F101FBA1
:1074500002F29B1AFB75FA7F3B6BB3FBF2F101FB67
:1074600002F29B1ADBB20133BB75BB6A0133FA7DB2
:107470001A70BB699B08DBB223F03F03D9B2BB6A29
:107480000233BA7D0A43D2B21A70BB6A0333BA69B7
:10749000D2B21A703A6BFB6A13445A1EFB7FB2FBDE
:1074A000F3F297F82730B2FBF3F3BB613A6BFB6A58
:1074B00013445A1EFB7FB2FBF3F397F82720B3FB6C
:1074C000F2F101FB02F29B1AFB753A6BFB6A134463
:1074D000013BFA7FB3FBF2F101FB02F29B1ADBB234
:1074E0000133BB75BB6A0533FA7D1A70BB699B0813
:1074F000DBB223F03F03D9B2BB6A0633BA7D0A433D
:10750000D2B21A70BB6A0733BA69D2B21A70BB6AB8
:107510001033BB627B6B01337B633A6BFB6A1344B2
:107520003B637B6B032B09D83B6B002B06D03A6B7C
:107530003B6A9A42FFF43FAF00E000BF7B6803F56F
:10754000FF734AF655211846FAF7B0FDF87B012380
:1075500000227968FAF74CFC0346002B01D0012386
:1075600000E0002318463837BD4680BD1F85EB512B
:107570002DE9F043ABB000AFF860B9607A603B60D2
:1075800007F10C031846FDF783FEB865BB6D002BB1
:1075900002DA0B2301F0FDB8AF4ABB6D52F823307D
:1075A000002B05D0AC4ABB6D52F8233000221A7074
:1075B000BB6D87F85730002387F8563097F857305F
:1075C0001846FAF7CCFB034687F8553097F8553044
:1075D00003F00103002B02D0032301F0DAB897F87F
:1075E000553003F00403002B02D00A2301F0D1B878
:1075F000BB68002B01D1994BBB60BB685B68BB6269
:10760000BB6A002B07D107F1280297F857300321F6
:107610001846FAF70DFCBB6A002B09D0BB6AB3F51C
:10762000004F05D8BB6A5A1EBB6A1340002B01D01D
:107630000123BB624FF40073A7F85230BB681B787C
:1076400003F00F0387F85130BB685B78002B06D03E
:10765000BB685B78022B02D8BB685B7800E0012333
:10766000FB64BB689B68002B14D0BB689B68B3F5B8
:10767000004F0FD8BB689B68B7F85220520992B2EE
:10768000B3FBF2F101FB02F29B1A002B02D1BB68A3
:107690009B6801E04FF40073BB64BB68DB68B3F127
:1076A000807F0AD8BB68DA68BB68DB68013B13409F
:1076B000002B02D1BB68DB6800E00023FB67B7F852
:1076C0005230FA6FB2FBF3F3FB67B7F852303A6807
:1076D000B2FBF3F37B647B6C002B02D1112301F02E
:1076E00058B87B683B643B6C002B02D1112301F03E
:1076F00050B800237B627B6AC7F8943007F12402FC
:1077000097F8573001211846FAF792FB0346002BF1
:1077100002D0012301F03DB897F8513003F008037F
:10772000002B0AD17B6A3F2B07D93F23C7F894303F
:107730007A6AD7F89430D31A7B627B6A7F2B02D89F
:107740000E2301F026B897F8513003F00403002B04
:1077500010D097F8513003F00703042B06D07B6A52
:10776000B3F1806F02D2FB6F802B03D9042387F81B
:107770009A3020E0FB6F802B01D98023FB6797F8BC
:10778000513003F00203002B09D097F8513003F079
:107790000103002B03D1032387F89A300BE097F8FD
:1077A000513003F00103002B02D1132300F0F1BF8D
:1077B000022387F89A30FAF75AFB02467B6A134491
:1077C000FB6397F89A30042B40F050847B6AB3F542
:1077D000805F02D20E2300F0DCBFFB6F002B0ED1C6
:1077E0000823FB677B6AB3F5002F01D34023FB67B7
:1077F0007B6AB3F1806F02D34FF48073FB67D7F8D5
:1078000094302033C7F890307A6AFB6FB2FBF3F301
:1078100002339A00B7F8523013445A1EB7F8523068
:10782000B2FBF3F3C7F88430D7F89020D7F8843050
:107830001A44BB6A13445A1EBB6A5B4213407B6303
:107840007A6BD7F89430D21A7B6A5B089A4207D3D6
:107850000E2300F09EBF00BF7C940124C87E030865
:10786000D7F894207B6BD21A7B6A1A44FB6FB2FB69
:10787000F3F3BB63BB6B0F2B02D80E2300F089BF61
:10788000BB6BAD4A934202D90E2300F082BFBB6BA3
:107890000733DB083B63B7F85230FA6F03FB02F2A1
:1078A0003B6B13445A1EB7F85230F96F01FB03F3D8
:1078B000B2FBF3F33B613B69FA6F02FB03F37A6BB4
:1078C0001344C7F88C3000233B670023FB6500237B
:1078D000A7F864300023BB6700233B6600237B6767
:1078E000FB6D002B03D0FB6D012B41D050E0B7F8AE
:1078F0006430184601F028FA0346A7F86630B7F856
:107900006620B7F864309A4205D0B7F86430013386
:10791000A7F864304AE001233B6602E03B6E013386
:107920003B663B6E9AB2B7F8643013449BB2002BAF
:1079300012D03B6E9AB2B7F8643013449BB21E4625
:107940003B6E9AB2B7F8643013449BB2184601F00C
:10795000FBF903469E42E1D03B6E7F2B06D94FF6E2
:10796000FF73A7F866300223FB651FE00123FB6568
:10797000B7F864305A1CA7F86420A7F866303B6E4D
:10798000013B3B663B6E002B0FD10023FB650CE0F7
:107990003B6EA7F866303B6E9AB2B7F8643013447A
:1079A000A7F864300023FB6500E000BF3A6CBB6FB2
:1079B0001344B7F86620D2B21A701B78396F184694
:1079C000FCF7D3F93867B7F866301B0A99B2BB6F7A
:1079D00001333A6C1344CAB21A701B78396F1846D7
:1079E000FCF7C3F93867BB6F0233BB677B6F0233A9
:1079F0007B67B7F86430002B07D0B7F852307A6C49
:107A000002FB03F3BA6F9A4222D1B7F85220BB6F40
:107A100013445A1EB7F85230B2FBF3F3C7F8A43040
:107A200097F85700D7F8A430D7F88C20396CFAF7BC
:107A3000DFF90346002B02D0012300F0AABED7F8DD
:107A40008C20D7F8A4301344C7F88C300023BB67D0
:107A5000B7F86430002B7FF443AFB7F85230FA6FB9
:107A600003FB02F27B6F13445A1EB7F85230F96FD2
:107A700001FB03F3B2FBF3F37B610123BB617B6B7F
:107A8000C7F88C30B7F852203B6B13445A1EB7F836
:107A90005230B2FBF3F3C7F8A0303A697B691A445D
:107AA000BB691344FB66B7F852307A6C02FB03F3F0
:107AB0001A460021386C15F075FB0023BB6718E0EF
:107AC000BB6FDB083A6C1A44127851B2BA6F02F0FD
:107AD0000702012000FA02F252B20A4351B23A6C94
:107AE0001344CAB21A70BB6F0133BB67FB6E013B14
:107AF000FB66FB6E002B08D0BB6FDA08B7F852307C
:107B0000796C01FB03F39A42DAD3D7F8A0207B6C9F
:107B1000934228BF1346C7F8A43097F85700D7F808
:107B2000A430D7F88C20396CFAF762F90346002BA1
:107B300004D0012300F02DBEFDFFFF7FD7F88C207D
:107B4000D7F8A4301344C7F88C30D7F8A020D7F862
:107B5000A430D31AC7F8A030D7F8A030002BA2D198
:107B6000D7F89030C7F88C30D7F88430C7F8A030F9
:107B70000023BB66BB6EFB66FB6E3B66B7F85230FC
:107B80007A6C02FB03F31A460021386C15F00AFBED
:107B90000023BB67BB6E002B34D13A6CBB6F134420
:107BA0006FF007011846FAF79CFABB6F0433BB6706
:107BB000BB6E0133BB663A6CBB6F13444FF0FF31B1
:107BC0001846FAF78EFABB6F0433BB67BB6E0133FE
:107BD000BB6617E03A6CBB6F1A44FB6E012B02D9EF
:107BE000BB6E013301E04FF0FF3319461046FAF740
:107BF00078FABB6F0433BB67BB6E0133BB66FB6EA9
:107C0000013BFB66FB6E002B07D0B7F852307A6C55
:107C100002FB03F3BA6F9A42DCD3FB6E002B0BD14D
:107C20003B6E022B08D83B6E5A1C3A669B00A83369
:107C30003B4453F8983CFB66FB6E002B07D0B7F82B
:107C400052307A6C02FB03F3BA6F9A42DAD3D7F858
:107C5000A0207B6C934228BF1346C7F8A43097F846
:107C60005700D7F8A430D7F88C20396CFAF7C0F851
:107C70000346002B02D0012300F08BBDD7F88C20E7
:107C8000D7F8A4301344C7F88C30D7F8A020D7F821
:107C9000A430D31AC7F8A030D7F8A030002B7FF457
:107CA0006DAFB7F852307A6C02FB03F31A4600212D
:107CB000386C15F077FA3B6C83221A703B6C2033DA
:107CC00081221A703B6C343302211846FAF709FA04
:107CD0003B6C3833396B1846FAF703FA3B6C403388
:107CE00082221A703B6C4433396F1846FAF7F9F95F
:107CF0003B6C03F154023B69023319461046FAF714
:107D0000F0F93B6C5833796F1846FAF7EAF93A699B
:107D10007B691344FA6F02FB03F37A6B1344C7F8D1
:107D20008C30FB6FC7F8A030D7F8A0207B6C934253
:107D300028BF1346C7F8A43097F85700D7F8A430E7
:107D4000D7F88C20396CFAF753F80346002B02D091
:107D5000012300F01EBDB7F852301A460021386CDE
:107D600015F020FAD7F88C20D7F8A4301344C7F8C0
:107D70008C30D7F8A020D7F8A430D31AC7F8A03099
:107D8000D7F8A030002BCFD1D7F89430C7F88C307B
:107D90000023C7F8A43060E1B7F852301A4600213A
:107DA000386C15F0FFF90B22AF49386C15F0A5FAC5
:107DB0003B6C03F14001D7F8943000221C46154675
:107DC00022462B460846FAF7B8F93B6C03F1480106
:107DD0007B6A00229846914642464B460846FAF78F
:107DE000ACF93B6C03F15000D7F89020D7F89430F1
:107DF000D31A1946FAF775F93B6C5433D7F8841047
:107E00001846FAF76EF93B6C03F158007A6BD7F815
:107E10009430D31A1946FAF764F93B6C5C33B96BAA
:107E20001846FAF75EF93B6C03F160003A697B692A
:107E3000134402331946FAF754F93B6C6433F96B77
:107E40001846FAF74EF93B6C68334FF480711846C8
:107E5000FAF72CF93B6C6C3300221A70B7F85230E9
:107E6000BB6705E03B6C6C331A780132D2B21A70F2
:107E7000BB6F5B08BB67BB6F002BF3D13B6C6D33F3
:107E800000221A70FB6FBB6705E03B6C6D331A78FC
:107E90000132D2B21A70BB6F5B08BB67BB6F002B9D
:107EA000F3D13B6C6E3301221A703B6C6F3380222E
:107EB0001A703B6C78334FF6EB611846FAF7F6F818
:107EC0003B6C03F5FF734AF655211846FAF7EEF8B6
:107ED00000233B670023BB6714E0BB6F6A2B0ED007
:107EE000BB6F6B2B0BD0BB6F702B08D03A6CBB6F8A
:107EF00013441B78396F1846FBF737FF3867BB6FA1
:107F00000133BB67B7F85230BA6F9A42E5D3D7F85E
:107F10008C20531CC7F88C3097F857000123396C1C
:107F2000F9F766FF0346002B02D0012300F031BCB5
:107F3000B7F852301A460021386C15F033F9B7F80B
:107F40005230023B3A6C13444AF655211846FAF770
:107F5000ADF801233B6625E00023BB670AE0BB6F59
:107F60005A1CBA673A6C13441B78396F1846FBF7F2
:107F7000FCFE3867B7F85230BA6F9A42EFD3D7F8A1
:107F80008C20531CC7F88C3097F857000123396CAC
:107F9000F9F72EFF0346002B01D00123F9E33B6ED6
:107FA00001333B663B6E082BD6D9B7F852301A46E0
:107FB0000021386C15F0F6F825E00023BB670AE0D5
:107FC000BB6F5A1CBA673A6C13441B78396F18465A
:107FD000FBF7CBFE3867B7F85230BA6F9A42EFD34F
:107FE000D7F88C20531CC7F88C3097F85700012322
:107FF000396CF9F7FDFE0346002B01D00123C8E3DD
:108000003B6E01333B663B6E0A2BD6D90023BB6720
:1080100009E03A6CBB6F1344396F1846FAF761F800
:10802000BB6F0433BB67B7F85230BA6F9A42F0D3D4
:10803000D7F88C20531CC7F88C3097F857000123D1
:10804000396CF9F7D5FE0346002B01D00123A0E3DC
:10805000D7F8A4300133C7F8A430D7F8A430012BE7
:108060007FF69AAE48E300BFC8680308FB6FC7F805
:108070009C3097F89A30032B48D1D7F89C30002BCE
:1080800020D17B6A5B0CC7F8A4300023BB670123B7
:10809000C7F89C3007E0BB6F0133BB67D7F89C3053
:1080A0005B00C7F89C30B14ABB6F32F81330002B2D
:1080B00008D0AE4ABB6F32F813301A46D7F8A43056
:1080C0009342E8D27A6AD7F89C30B2FBF3F3BB63F1
:1080D000BB6B02339A00B7F8523013445A1EB7F8FC
:1080E0005230B2FBF3F3C7F884302023C7F888304E
:1080F0000023C7F88030BB6B4FF6F572934203D96B
:10810000BB6B9B4A93425AD90E2342E3D7F89C306B
:10811000002B20D17B6A1B0BC7F8A4300023BB6760
:108120000123C7F89C3007E0BB6F0133BB67D7F86A
:108130009C305B00C7F89C308E4ABB6F32F813301E
:10814000002B08D08B4ABB6F32F813301A46D7F891
:10815000A4309342E8D27A6AD7F89C30B2FBF3F3AA
:10816000BB63BB6B40F6F572934205D9BB6B023320
:108170005B00C7F8A4300BE0012387F89A30BA6B94
:1081800013465B00134401335B080333C7F8A43084
:10819000B7F85220D7F8A43013445A1EB7F852301B
:1081A000B2FBF3F3C7F884300123C7F88830BB6C07
:1081B0005A01B7F85230B2FBF3F3C7F88030D7F862
:1081C0009420D7F888301344C7F89030D7F884301B
:1081D000FA6C03FB02F2D7F890301344D7F88020F2
:1081E00013447B63BA6A7B6B13445A1EBB6A5B42BF
:1081F0001A407B6BD31AC7F8A43097F89A30032B38
:108200000ED1D7F88820D7F8A4301344C7F88830A7
:10821000D7F89020D7F8A4301344C7F8903023E063
:10822000D7F8A430FA6CB3FBF2F2F96C01FB02F25E
:108230009B1A002B0ED0D7F8A430013BC7F8A4300E
:10824000D7F888300133C7F88830D7F89030013339
:10825000C7F89030D7F8A420FB6CB2FBF3F3D7F843
:1082600084201344C7F88430D7F89C301A017B6B04
:108270001A44D7F89430D21A7B6A9A4201D90E2355
:1082800087E27A6AD7F88830D21AD7F88430F96C46
:1082900001FB03F3D21AD7F88030D21AD7F89C30FA
:1082A000B2FBF3F3BB6397F89A30032B10D1BB6B8F
:1082B0004FF6F57293420BD8FB6F002B06D1D7F81F
:1082C0009C305B08FB67FB6F002B49D10E2360E2FB
:1082D00097F89A30022B38D1BB6B4FF6F572934268
:1082E00022D9FB6F002B09D1D7F89C305B00402BC3
:1082F00004D8D7F89C305B00FB6736E097F8513024
:1083000003F00203002B03D0032387F89A302CE0FC
:10831000FB6F002B06D1D7F89C305B00FB67FB6F2F
:10832000802B1FD90E2334E2BB6B40F6F5729342CB
:108330000BD8FB6F002B06D1D7F89C305B00FB6796
:10834000FB6F802B10D90E2323E297F89A30012B74
:1083500012D1BB6B40F6F57293420DD90E2318E291
:1083600000BF83E600BF81E600BF7FE6D87E03083A
:10837000F5FFFF0FE87E030800BFB7F852301A463A
:108380000021386C14F00EFF0B22BF49386C14F03A
:10839000B4FF3B6C0B33B7F8522011461846F9F77F
:1083A00085FE3B6C0D33D7F89C20D2B21A703B6C23
:1083B0000E33D7F8882092B211461846F9F776FEA8
:1083C0003B6C1033FA6CD2B21A703B6C03F11102A1
:1083D00097F89A30032B02D0BB6C9BB200E00023CD
:1083E00019461046F9F762FE7B6AB3F5803F08D262
:1083F0003B6C13337A6A92B211461846F9F756FE6F
:1084000006E03B6C20337A6A11461846F9F769FE9C
:108410003B6C1533F8221A703B6C18333F21184619
:10842000F9F744FE3B6C1A33FF211846F9F73EFE7C
:108430003B6C1C33D7F894101846F9F752FE97F8A6
:108440009A30032B2ED13B6C4333F96B1846F9F766
:1084500048FE3B6C2433D7F884101846F9F741FEE8
:108460003B6C2C3302211846F9F73BFE3B6C303352
:1084700001211846F9F71AFE3B6C323306211846E3
:10848000F9F714FE3B6C403380221A703B6C423388
:1084900029221A703B6C473313227C49184614F08A
:1084A0002CFF1DE03B6C2733F96B1846F9F719FEDA
:1084B0003B6C1633D7F8842092B211461846F9F770
:1084C000F5FD3B6C243380221A703B6C2633292245
:1084D0001A703B6C2B3313226D49184614F00DFFB4
:1084E0003B6C03F5FF734AF655211846F9F7DEFD9C
:1084F00097F857000123D7F89420396CF9F778FCE6
:108500000346002B01D0012343E197F89A30032B57
:1085100044D1D7F894309A1D97F857000123396C4D
:10852000F9F766FCB7F852301A460021386C14F09F
:1085300039FE5849386CF9F7D4FD3B6C03F5F273FA
:1085400055491846F9F7CDFD3B6C03F5F472BB6B4A
:10855000013B19461046F9F7C4FD3B6C03F5F67371
:1085600002211846F9F7BDFD3B6C03F5FF734AF68F
:1085700055211846F9F79AFDD7F89430DA1D97F887
:1085800057000123396CF9F733FCD7F894305A1CA3
:1085900097F857000123396CF9F72AFCB7F85230E5
:1085A0007A6C02FB03F31A460021386C14F0FAFDD2
:1085B000D7F89030C7F88C300023BB6759E097F8A4
:1085C0009A30032B13D16FF00701386CF9F789FD4E
:1085D0003B6C04334FF0FF311846F9F782FD3B6CDA
:1085E00008336FF070411846F9F77BFD0BE097F800
:1085F0009A30012B01D1294B01E06FF00703194696
:10860000386CF9F76EFDD7F88430C7F8A030D7F88A
:10861000A0207B6C934228BF1346C7F8A43097F87C
:108620005700D7F8A430D7F88C20396CF9F7E0FB65
:108630000346002B01D00123ABE0B7F852301A46B5
:108640000021386C14F0AEFDD7F88C20D7F8A43098
:108650001344C7F88C30D7F8A020D7F8A430D31A29
:10866000C7F8A030D7F8A030002BD0D1BB6F0133B2
:10867000BB67BA6FFB6C9A42A1D397F89A30032B71
:108680000ED1D7F89C300DE0E0680308EC680308D1
:10869000006903085252614172724161F8FFFF00A4
:1086A000D7F88030C7F8A030D7F8A0207B6C934271
:1086B00028BF1346C7F8A43097F85700D7F8A4305E
:1086C000D7F88C20396CF9F793FB0346002B01D0C7
:1086D00001235EE0D7F88C20D7F8A4301344C7F804
:1086E0008C30D7F8A020D7F8A430D31AC7F8A03020
:1086F000D7F8A030002BD7D197F89A30042B03D1AC
:10870000072387F89B301AE097F89A30032B03D1A0
:108710000C2387F89B3012E07B6AB3F5803F03D3CC
:10872000062387F89B300AE097F89A30022B03D192
:10873000042387F89B3002E0012387F89B3097F8E9
:10874000513003F00803002B16D17B6AFB61002334
:108750003B6297F89B2007F11C0197F857003B6C90
:10876000FEF7E2FD034687F82F3097F82F30002BF5
:1087700002D097F82F300CE097F8573000220021F4
:108780001846F9F755FB0346002B01D0012300E002
:1087900000231846AC37BD46BDE8F08380B400AF77
:1087A000024B1846BD465DF8047B7047C89401240F
:1087B00080B487B000AFF860B9601346FB71012345
:1087C000FB750023BB751F4B5B7ADBB2002B31D1ED
:1087D0001C4B5B7ADBB21A461A4B00219954194B99
:1087E0005B7ADBB2174A9B001344FA685A60154B58
:1087F0005B7ADBB21A46134B1344FA791A72114BA7
:108800005B7ADBB25A1CD1B20E4A5172BB75BB7D8A
:108810003033DAB2BB681A70BB6801333A221A707F
:10882000BB6802332F221A70BB68033300221A7010
:108830000023FB75FB7D18461C37BD465DF8047BA5
:10884000704700BFC894012480B582B000AF786043
:108850003960002239687868FFF7AAFF0346184696
:108860000837BD4680BD000080B582B000AF78609B
:108870000B4B01221A707868E9F7D4FA0346002BF3
:1088800007D1074B1B78DBB223F00103DAB2044BAC
:108890001A70034B1B78DBB218460837BD4680BD03
:1088A0006D06002480B582B000AF78600B46FB7087
:1088B00002F06CFF0346012B28D07868E9F752FAE2
:1088C0000346002B06D17868FFF7CEFF03461A4611
:1088D000124B1A70114B1B78DBB2012B16D07B6840
:1088E0000F4A934212D10F4B1B68002B0ED103226B
:1088F0000021012000F0C7FC03460A4A1360094B1F
:108900001B68002B02D1054B01221A70034B1B7808
:10891000DBB218460837BD4680BD00BF6D06002497
:108920006CA30524D494012480B588B000AFF8600E
:10893000B9607A603B600123FB77FB681B4A934276
:1089400002D11B4B1B6800E00023BB613B687A68C7
:10895000B968F868E9F730FA0346002B21D147F2ED
:108960003051B86900F0DEFF0346012B19D102F047
:1089700081F9024647F2305313447B610BE0F868FB
:10898000E9F750FA0346002B02D10023FB7708E0F9
:10899000012001F00DFF02F06DF902467B69934260
:1089A000EDD8FB7F18462037BD4680BD6CA305245B
:1089B000D494012480B588B000AFF860B9607A60C3
:1089C0003B600123FB77FB681B4A934202D11B4BA0
:1089D0001B6800E00023BB613B687A68B968F868EF
:1089E000E9F705FA0346002B21D147F23051B86967
:1089F00000F098FF0346012B19D102F03BF9024623
:108A000047F2305313447B610BE0F868E9F70AFA48
:108A10000346002B02D10023FB7708E0012001F080
:108A2000C7FE02F027F902467B699342EDD8FB7F2F
:108A300018462037BD4680BD6CA30524D49401247C
:108A400080B58CB000AFF8600B467A60FB720123F2
:108A500087F82F30264B1B78DBB203F00103002B85
:108A600001D0032340E0FB7A032B38D801A252F84F
:108A700023F000BF858A01088D8A0108A78A0108B2
:108A8000C38A0108002387F82F302BE007F1100379
:108A90001946F868E9F7D7F97A6A7B681A60002303
:108AA00087F82F301EE007F110031946F868E9F740
:108AB000CAF9BB6A9AB27B681A80002387F82F3004
:108AC00010E007F110031946F868E9F7BCF9BB6A32
:108AD0005A0A7B681A60002387F82F3002E00423CB
:108AE00087F82F3097F82F3018463037BD4680BDB5
:108AF0006D06002480B584B000AF78607B680F4AB3
:108B0000934202D10E4B1B6800E00023FB60002360
:108B1000BB6007F108031946F86800F069FDBB68FF
:108B2000002B07D0074B4FF080521A60BFF34F8FD6
:108B3000BFF36F8F00BF1037BD4680BD6CA3052407
:108B4000D494012404ED00E080B584B000AF7860D7
:108B50007B680F4A934202D10E4B1B6800E0002352
:108B6000FB600023BB6007F108031946F86800F0BA
:108B70003FFDBB68002B07D0074B4FF080521A60B7
:108B8000BFF34F8FBFF36F8F00BF1037BD4680BD5F
:108B90006CA30524D494012404ED00E080B582B0D8
:108BA00000AF0346FB71FB7919460448FFF77AFED4
:108BB000034618460837BD4680BD00BF6CA3052498
:108BC00080B582B000AF0346FB710448FFF74CFE4E
:108BD000034618460837BD4680BD00BF6CA3052478
:108BE00080B584B000AFB9607A603B600346FB7328
:108BF0003B687A68B9680448FFF796FE0346184652
:108C00001037BD4680BD00BF6CA3052480B584B07D
:108C100000AFB9607A603B600346FB733B687A68DB
:108C2000B9680448FFF7C6FE034618461037BD462C
:108C300080BD00BF6CA3052480B582B000AF0346A1
:108C40003A60FB710B46BB71BB793A681946044820
:108C5000FFF7F6FE034618460837BD4680BD00BF45
:108C60006CA3052480B400AF024B1846BD465DF8E6
:108C7000047B7047F87E030880B485B000AF78604D
:108C80000B467B800023FB81174BBB607B687F2BEF
:108C900002D87B68FB811FE07B68B3F5803F1BD265
:108CA0007B8840F25232934216D10023FB8102E0CE
:108CB000FB890133FB81FB897F2B08D8FB895B0093
:108CC000BA6813441B881A467B689342F0D1FB892B
:108CD00080339BB2DBB2FB81FB8918461437BD465B
:108CE0005DF8047B704700BF0C7F030880B485B03B
:108CF00000AF03460A46FB801346BB800023FB817E
:108D00000F4BBB60FB887F2B02D8FB88FB810FE0F9
:108D1000BB8840F2523293420AD1FB88FF2B07D81E
:108D2000FA88084B13445B00BA6813441B88FB8124
:108D3000FB8918461437BD465DF8047B704700BFB9
:108D40000C7F030880FFFF7F80B487B000AF78609E
:108D50007B68B3F5803F7DD27B687B827B8AB3F5ED
:108D6000805F01D23F4B00E03F4B7B617B699A1CE7
:108D70007A611B883B823B8A002B69D07A8A3B8AC6
:108D80009A4265D37B699A1C7A611B88FB81FB89B7
:108D90001B0ABB81FB89DBB2FB817A8A398AFB899A
:108DA0000B449A424ADABB89082B50D801A252F8E8
:108DB00023F000BFD98D0108EB8D0108018E010859
:108DC000098E0108118E0108198E0108218E0108F3
:108DD000298E0108318E01087A8A3B8AD31A5B00FA
:108DE0007A6913441B887B8227E07A8A3B8AD31AEC
:108DF0009BB203F001039BB27A8AD31A7B821CE0F8
:108E00007B8A103B7B8218E07B8A203B7B8214E0CC
:108E10007B8A303B7B8210E07B8A1A3B7B820CE0B2
:108E20007B8A08337B8208E07B8A503B7B8204E0AC
:108E30007B8AA3F5E3537B8200BF08E0BB89002B4C
:108E400094D1FB895B007A6913447B618EE700BF94
:108E50007B8A7B607B6818461C37BD465DF8047BC7
:108E6000704700BF0C8003080082030880B582B001
:108E700000AF7860012000F098FA024608497B684C
:108E800041F82320064A7B6852F82330002B14BF98
:108E900001230023DBB218460837BD4680BD00BF62
:108EA000D894012480B582B000AF7860054A7B6811
:108EB00052F82330184600F025FF00BF0837BD46A2
:108EC00080BD00BFD894012480B582B000AF786027
:108ED000094A7B6852F823304FF47A71184600F043
:108EE00021FD0346012B0CBF01230023DBB21846F2
:108EF0000837BD4680BD00BFD894012480B582B03C
:108F000000AF7860064A7B6852F8230000230022F5
:108F1000002100F063FA00BF0837BD4680BD00BFE6
:108F2000D894012480B483B000AF78607B6803F1EB
:108F300008027B685A607B684FF0FF329A607B685A
:108F400003F108027B68DA607B6803F108027B6842
:108F50001A617B6800221A6000BF0C37BD465DF8BD
:108F6000047B704780B483B000AF78607B680022D8
:108F70001A6100BF0C37BD465DF8047B704780B4B2
:108F800085B000AF786039607B685B68FB603B68E8
:108F9000FA685A60FB689A683B689A60FB689B684D
:108FA0003A685A60FB683A689A603B687A681A6166
:108FB0007B681B685A1C7B681A6000BF1437BD466B
:108FC0005DF8047B704780B485B000AF786039608D
:108FD0003B681B68BB60BB68B3F1FF3F03D17B6894
:108FE0001B69FB600CE07B680833FB6002E0FB68F8
:108FF0005B68FB60FB685B681B68BA689A42F6D2E4
:10900000FB685A683B685A603B685B683A689A60DC
:109010003B68FA689A60FB683A685A603B687A680D
:109020001A617B681B685A1C7B681A6000BF143782
:10903000BD465DF8047B704780B485B000AF7860B2
:109040007B681B69FB607B685B687A6892689A60E2
:109050007B689B687A6852685A60FB685B687A68CC
:109060009A4203D17B689A68FB685A607B68002249
:109070001A61FB681B685A1EFB681A60FB681B6854
:1090800018461437BD465DF8047B704780B586B03E
:1090900000AF7860396001237B617B683B613B698D
:1090A000002B0DD14FF0500372B683F31188BFF33C
:1090B0006F8FBFF34F8F62B6FB6000BF00BFFDE74D
:1090C0003B69002B5DD03B69DB6B002B59D03B69C2
:1090D0001A6C3B69DB6B0021A3FB0223002B00D041
:1090E00001210B46002B4CD103F0ECFA3B691A68C6
:1090F0003B69DB6B3969096C01FB03F31A443B697B
:109100009A603B6900229A633B691A683B695A601E
:109110003B691A683B69DB6B013B3969096C01FBF0
:1091200003F31A443B69DA603B69FF2283F8442069
:109130003B69FF2283F845203B68002B14D13B6933
:109140001B69002B1AD03B691033184602F03AF81D
:109150000346002B12D0174B4FF080521A60BFF31A
:109160004F8FBFF36F8F09E03B6910331846FFF74D
:10917000D9FE3B6924331846FFF7D4FE03F0D8FA32
:1091800001E000237B617B69002B0DD14FF0500380
:1091900072B683F31188BFF36F8FBFF34F8F62B640
:1091A000BB6000BF00BFFDE77B6918461837BD46AE
:1091B00080BD00BF04ED00E080B58CB002AFF86068
:1091C000B9607A603B6000237B623B68002B0DD165
:1091D0004FF0500372B683F31188BFF36F8FBFF364
:1091E0004F8F62B63B6200BF00BFFDE7FB68002BFC
:1091F00033D03B68002B30D07B68002B02D0BB689B
:10920000002B2AD07B68002B02D1BB68002B24D115
:1092100050237B617B69502B0DD04FF0500372B609
:1092200083F31188BFF36F8FBFF34F8F62B6FB617B
:1092300000BF00BFFDE77B693B687B627B6A012260
:1092400083F8462097F830207B6A009313467A68AB
:10925000B968F86800F06CF810E07B6A002B0DD15B
:109260004FF0500372B683F31188BFF36F8FBFF3D3
:109270004F8F62B6BB6100BF00BFFDE77B6A184637
:109280002837BD4680BD80B58AB002AFF860B960AE
:109290001346FB710023FB61FB68002B32D00021D9
:1092A000BA68FB68A3FB0223002B00D001210B4608
:1092B000002B27D1FB68BA6802FB03F313F1510FAF
:1092C00020D8FB68BA6802FB03F3BB61BB6950336B
:1092D000184603F02BFBF861FB69002B23D0FB69D8
:1092E0007B617B6950337B61FB69002283F84620F8
:1092F000FA79FB69009313467A69B968F86800F057
:1093000017F810E0FB69002B0DD14FF0500372B637
:1093100083F31188BFF36F8FBFF34F8F62B63B614A
:1093200000BF00BFFDE7FB6918462037BD4680BD82
:1093300080B584B000AFF860B9607A60FB70BB683C
:10934000002B03D1BB69BA691A6002E0BB697A6875
:109350001A60BB69FA68DA63BB69BA681A640121EA
:10936000B869FFF793FEBB69FA7883F84C2000BF19
:109370001037BD4680BD80B582B000AF78607B6895
:10938000002B0ED07B6800229A607B6800221A6056
:109390007B680022DA60002300220021786800F058
:1093A0001DF800BF0837BD4680BD80B586B000AF50
:1093B0000346FB7101237B6100233B61FB791A4665
:1093C00039697869FFF75FFFF860F868FFF7D3FF46
:1093D000FB6818461837BD4680BD000080B58EB0CA
:1093E00000AFF860B9607A603B6000237B63FB6884
:1093F0003B633B6B002B0DD14FF0500372B683F3F0
:109400001188BFF36F8FBFF34F8F62B6BB6200BF8F
:1094100000BFFDE7BB68002B03D13B6B1B6C002B2F
:1094200001D1012300E00023002B0DD14FF05003A8
:1094300072B683F31188BFF36F8FBFF34F8F62B69D
:109440007B6200BF00BFFDE73B68022B03D13B6B93
:10945000DB6B012B01D1012300E00023002B0DD198
:109460004FF0500372B683F31188BFF36F8FBFF3D1
:109470004F8F62B63B6200BF00BFFDE702F086F986
:109480000346002B02D17B68002B01D1012300E0B1
:109490000023002B0DD14FF0500372B683F31188D7
:1094A000BFF36F8FBFF34F8F62B6FB6100BF00BF8A
:1094B000FDE703F007F93B6B9A6B3B6BDB6B9A4262
:1094C00002D33B68022B29D13A68B968386B00F0A7
:1094D00057FCF8623B6B5B6A002B10D03B6B24336C
:1094E000184601F06FFE0346002B13D03F4B4FF0A0
:1094F00080521A60BFF34F8FBFF36F8F0AE0FB6A91
:10950000002B07D0394B4FF080521A60BFF34F8FBA
:10951000BFF36F8F03F00CF9012363E07B68002B2E
:1095200003D103F005F900235CE07B6B002B06D12F
:1095300007F11403184601F021FF01237B6303F0B8
:10954000F7F801F07FFA03F0BDF83B6B93F8443075
:109550005BB2B3F1FF3F03D13B6B002283F84420A1
:109560003B6B93F845305BB2B3F1FF3F03D13B6BEC
:10957000002283F8452003F0DBF83A1D07F11403BD
:109580001146184601F010FF0346002B24D1386B1A
:1095900000F0EEFC0346002B18D03B6B10337A68CA
:1095A0001146184601F09EFD386B00F079FC01F081
:1095B00057FA0346002B7FF47CAF0C4B4FF08052E0
:1095C0001A60BFF34F8FBFF36F8F72E7386B00F0F5
:1095D00067FC01F045FA6CE7386B00F061FC01F0C4
:1095E0003FFA002318463837BD4680BD04ED00E041
:1095F00080B590B000AF786039607B68BB63BB6BAF
:10960000002B0DD14FF0500372B683F31188BFF3D6
:109610006F8FBFF34F8F62B67B6200BF00BFFDE765
:10962000BB6B1B6C002B0DD04FF0500372B683F355
:109630001188BFF36F8FBFF34F8F62B63B6200BFDD
:1096400000BFFDE7BB6B1B68002B03D1BB6B9B68A6
:10965000002B01D1012300E00023002B0DD14FF09E
:10966000500372B683F31188BFF36F8FBFF34F8F30
:1096700062B6FB6100BF00BFFDE703F011F9EFF335
:1096800011824FF0500372B683F31188BFF36F8FCE
:10969000BFF34F8F62B6BA617B61BB697B63BB6B03
:1096A0009B6B3B63BB6BDB6B3A6B9A4245D2BB6BEC
:1096B00093F8453087F82F303B6B5A1CBB6B9A638D
:1096C00097F92F30B3F1FF3F12D1BB6B5B6A002BD0
:1096D00030D0BB6B2433184601F074FD0346002BD9
:1096E00028D03B68002B25D03B6801221A6021E07E
:1096F00001F0D0FAB86297F92F30BA6A9A4219D9B4
:1097000097F92F307F2B0DD14FF0500372B683F3B2
:109710001188BFF36F8FBFF34F8F62B63B6100BFFD
:1097200000BFFDE797F82F300133DBB25AB2BB6BB5
:1097300083F845200123FB6301E00023FB637B6B7F
:10974000FB60FB6883F3118800BFFB6B1846403752
:10975000BD4680BD80B58CB000AFF860B9607A605E
:109760000023FB62FB68BB62BB6A002B0DD14FF08C
:10977000500372B683F31188BFF36F8FBFF34F8F1F
:1097800062B63B6200BF00BFFDE7BB68002B03D1A0
:10979000BB6A1B6C002B01D1012300E00023002BCE
:1097A0000DD14FF0500372B683F31188BFF36F8F62
:1097B000BFF34F8F62B6FB6100BF00BFFDE701F052
:1097C000E5FF0346002B02D17B68002B01D101236A
:1097D00000E00023002B0DD14FF0500372B683F34D
:1097E0001188BFF36F8FBFF34F8F62B6BB6100BFAD
:1097F00000BFFDE702F066FFBB6A9B6B7B627B6A82
:10980000002B1FD0B968B86A00F024FB7B6A5A1E8F
:10981000BB6A9A63BB6A1B69002B0FD0BB6A10330B
:10982000184601F0CFFC0346002B07D03C4B4FF00D
:1098300080521A60BFF34F8FBFF36F8F02F078FF33
:10984000012369E07B68002B03D102F071FF002344
:1098500062E0FB6A002B06D107F11003184601F005
:109860008DFD0123FB6202F063FF01F0EBF802F0D3
:1098700029FFBB6A93F844305BB2B3F1FF3F03D1D9
:10988000BB6A002283F84420BB6A93F845305BB280
:10989000B3F1FF3F03D1BB6A002283F8452002F0F9
:1098A00047FF3A1D07F110031146184601F07CFDF1
:1098B0000346002B23D1B86A00F044FB0346002B7B
:1098C00017D0BB6A24337A681146184601F00AFCA7
:1098D000B86A00F0E5FA01F0C3F80346002B89D11D
:1098E0000F4B4FF080521A60BFF34F8FBFF36F8F53
:1098F00080E7B86A00F0D4FA01F0B2F87AE7B86A03
:1099000000F0CEFA01F0ACF8B86A00F01BFB034699
:10991000002B3FF46FAF002318463037BD4680BDA3
:1099200004ED00E080B58CB000AF786039600023B2
:10993000FB627B687B620023BB627B6A002B0DD1DC
:109940004FF0500372B683F31188BFF36F8FBFF3EC
:109950004F8F62B6BB6100BF00BFFDE77B6A1B6C27
:10996000002B0DD04FF0500372B683F31188BFF374
:109970006F8FBFF34F8F62B67B6100BF00BFFDE703
:1099800001F004FF0346002B02D13B68002B01D1FC
:10999000012300E00023002B0DD14FF0500372B6DD
:1099A00083F31188BFF36F8FBFF34F8F62B63B61B4
:1099B00000BF00BFFDE702F085FE7B6A9B6B3B6248
:1099C0003B6A002B24D03B6A5A1E7B6A9A637B6AEF
:1099D0001B68002B04D102F005F902467B6A9A60ED
:1099E0007B6A1B69002B0FD07B6A1033184601F08D
:1099F000E9FB0346002B07D04C4B4FF080521A6016
:109A0000BFF34F8FBFF36F8F02F092FE012389E007
:109A10003B68002B03D102F08BFE002382E0FB6A3F
:109A2000002B06D107F10803184601F0A7FC01231B
:109A3000FB6202F07DFE01F005F802F043FE7B6A56
:109A400093F844305BB2B3F1FF3F03D17B6A00224D
:109A500083F844207B6A93F845305BB2B3F1FF3F53
:109A600003D17B6A002283F8452002F061FE3A466A
:109A700007F108031146184601F096FC0346002B37
:109A800032D1786A00F05EFA0346002B26D07B6A5A
:109A90001B68002B09D102F015FE7B6A9B681846F3
:109AA00001F092FEB86202F043FE7B6A24333A680A
:109AB0001146184601F016FB786A00F0F1F900F043
:109AC000CFFF0346002B7FF476AF184B4FF0805248
:109AD0001A60BFF34F8FBFF36F8F6CE7786A00F0A7
:109AE000DFF900F0BDFF66E7786A00F0D9F900F011
:109AF000B7FF786A00F026FA0346002B3FF45BAF0D
:109B0000BB6A002B0DD002F0DDFD786A00F020F971
:109B1000F8617B6A9B68F969184601F0A1FF02F0C1
:109B200007FE002318463037BD4680BD04ED00E037
:109B300080B58EB000AFF860B9607A6000237B63B7
:109B4000FB683B633B6B002B0DD14FF0500372B6AB
:109B500083F31188BFF36F8FBFF34F8F62B67B62C1
:109B600000BF00BFFDE7BB68002B03D13B6B1B6C44
:109B7000002B01D1012300E00023002B0DD14FF079
:109B8000500372B683F31188BFF36F8FBFF34F8F0B
:109B900062B63B6200BF00BFFDE701F0F7FD034680
:109BA000002B02D17B68002B01D1012300E00023B0
:109BB000002B0DD14FF0500372B683F31188BFF321
:109BC0006F8FBFF34F8F62B6FB6100BF00BFFDE731
:109BD00002F078FD3B6B9B6BFB62FB6A002B21D094
:109BE0003B6BDB68BB62B968386B00F033F93B6BE9
:109BF000BA6ADA603B6B5B6A002B0FD03B6B243395
:109C0000184601F0DFFA0346002B07D03C4B4FF01B
:109C100080521A60BFF34F8FBFF36F8F02F088FD41
:109C2000012369E07B68002B03D102F081FD002352
:109C300062E07B6B002B06D107F11403184601F09C
:109C40009DFB01237B6302F073FD00F0FBFE02F03D
:109C500039FD3B6B93F844305BB2B3F1FF3F03D166
:109C60003B6B002283F844203B6B93F845305BB29A
:109C7000B3F1FF3F03D13B6B002283F8452002F094
:109C800057FD3A1D07F114031146184601F08CFBED
:109C90000346002B23D1386B00F054F90346002B08
:109CA00017D03B6B24337A681146184601F01AFA34
:109CB000386B00F0F5F800F0D3FE0346002B87D197
:109CC0000F4B4FF080521A60BFF34F8FBFF36F8F6F
:109CD0007EE7386B00F0E4F800F0C2FE78E7386BFE
:109CE00000F0DEF800F0BCFE386B00F02BF9034604
:109CF000002B3FF46DAF002318463837BD4680BDBA
:109D000004ED00E080B584B000AF78607B68FB6054
:109D1000FB68002B0DD14FF0500372B683F311880E
:109D2000BFF36F8FBFF34F8F62B6BB6000BF00BF42
:109D3000FDE7F86800F086F9FB6893F84630002BE1
:109D400002D1F86802F036FF00BF1037BD4680BD73
:109D500080B485B000AF78607B685B6A002B06D06A
:109D60007B681B6B1B68C3F10703FB6001E00023EA
:109D7000FB60FB6818461437BD465DF8047B7047EE
:109D800080B586B000AFF860B9607A6000237B616F
:109D9000FB689B6B3B61FB681B6C002B0DD1FB6868
:109DA0001B68002B4DD1FB689B68184601F0ACFD89
:109DB0007861FB6800229A6043E07B68002B19D130
:109DC000FB685868FB681B6C1A46B96813F095FA73
:109DD000FB685A68FB681B6C1A44FB685A60FB6896
:109DE0005A68FB689B689A422BD3FB681A68FB6829
:109DF0005A6026E0FB68D868FB681B6C1A46B96895
:109E000013F07BFAFB68DA68FB681B6C5B421A4450
:109E1000FB68DA60FB68DA68FB681B689A4207D265
:109E2000FB689A68FB681B6C5B421A44FB68DA604B
:109E30007B68022B05D13B69002B02D03B69013BBB
:109E40003B613B695A1CFB689A637B69184618376B
:109E5000BD4680BD80B582B000AF786039607B6858
:109E60001B6C002B18D07B68DA687B681B6C1A446B
:109E70007B68DA607B68DA687B689B689A4203D308
:109E80007B681A687B68DA607B68D9687B681B6CC2
:109E90001A46386813F031FA00BF0837BD4680BD56
:109EA00080B584B000AF786002F00CFC7B6893F85A
:109EB0004530FB7311E07B685B6A002B12D07B6836
:109EC0002433184601F07EF90346002B01D001F03F
:109ED000CFFAFB7B013BDBB2FB7397F90F30002B12
:109EE000E9DC00E000BF7B68FF2283F8452002F038
:109EF0001FFC02F0E7FB7B6893F84430BB7311E072
:109F00007B681B69002B12D07B681033184601F068
:109F100059F90346002B01D001F0AAFABB7B013BA3
:109F2000DBB2BB7397F90E30002BE9DC00E000BF19
:109F30007B68FF2283F8442002F0FAFB00BF103751
:109F4000BD4680BD80B584B000AF786002F0BAFB3A
:109F50007B689B6B002B02D10123FB6001E0002397
:109F6000FB6002F0E5FBFB6818461037BD4680BD7C
:109F700080B584B000AF786002F0A4FB7B689A6B78
:109F80007B68DB6B9A4202D10123FB6001E0002376
:109F9000FB6002F0CDFBFB6818461037BD4680BD64
:109FA00080B487B000AF7860396000233B617B6884
:109FB000002B0DD14FF0500372B683F31188BFF31D
:109FC0006F8FBFF34F8F62B6FB6000BF00BFFDE72E
:109FD0003B68002B24D000237B611EE0184A7B697C
:109FE000DB0013445B687A689A4205D17B69DB0029
:109FF000134A13443B6113E03B69002B0AD1104A1A
:10A000007B6952F83330002B04D17B69DB000C4AAA
:10A0100013443B617B6901337B617B69072BDDD98D
:10A020003B69002B05D03B693A681A603B697A6846
:10A030005A6000BF1C37BD465DF8047B704700BF07
:10A04000E094012480B485B000AF78607B68002B79
:10A050000DD14FF0500372B683F31188BFF36F8FA9
:10A06000BFF34F8F62B6BB6000BF00BFFDE70023A8
:10A07000FB6016E0104AFB68DB0013445B687A68FB
:10A080009A420BD10C4AFB68002142F833100A4A6D
:10A09000FB68DB00134400225A6006E0FB680133D2
:10A0A000FB60FB68072BE5D900BF00BF1437BD4636
:10A0B0005DF8047B704700BFE094012480B586B052
:10A0C00000AFF860B9607A60FB687B6102F0FAFA71
:10A0D0007B6993F844305BB2B3F1FF3F03D17B69F6
:10A0E000002283F844207B6993F845305BB2B3F1DA
:10A0F000FF3F03D17B69002283F8452002F018FB63
:10A100007B699B6B002B06D17B6924337A68B96825
:10A11000184601F00FF87869FFF7C2FE00BF183744
:10A12000BD4680BD80B58EB004AFF860B9607A607E
:10A130003B607B6B002B0DD14FF0500372B683F365
:10A140001188BFF36F8FBFF34F8F62B63B6200BFC2
:10A1500000BFFDE7BB6B002B0DD14FF0500372B673
:10A1600083F31188BFF36F8FBFF34F8F62B6FB612C
:10A1700000BF00BFFDE75C237B617B695C2B0DD0DA
:10A180004FF0500372B683F31188BFF36F8FBFF3A4
:10A190004F8F62B6BB6100BF00BFFDE77B69BB6B41
:10A1A000002B1FD07B6B002B1CD0BB6B7B625C2217
:10A1B0000021786A12F0F6FF7B6A7A6B1A637B6A79
:10A1C000022283F85920002303937B6A0293FB6BDE
:10A1D00001933B6B00933B687A68B968F86800F0BC
:10A1E0008FF801E000237B627B6A18462837BD4662
:10A1F00080BD80B58AB004AFF860B9607A603B601A
:10A2000000233B6107F110030393BB6A02937B6A4F
:10A2100001933B6A00933B687A68B968F868FFF776
:10A2200081FF78617B69002B02D0786900F0FCF82F
:10A230003B6918461837BD4680BD80B58AB004AF6B
:10A24000F860B9607A603B607B689B00184602F05A
:10A250006DFB38613B69002B13D05C2002F066FB7C
:10A2600078617B69002B08D05C220021786912F0AC
:10A2700099FF7B693A691A6305E0386902F09AFC34
:10A2800001E000237B617B69002B11D07B690022F8
:10A2900083F85920002303937B6902937B6A01931F
:10A2A0003B6A00933B687A68B968F86800F028F860
:10A2B0007B6918461837BD4680BD80B588B002AFAF
:10A2C000F860B9607A603B607B6A01933B6A0093F7
:10A2D0003B687A68B968F868FFF7AFFF38613B6997
:10A2E000002B05D0386900F09FF801237B6102E064
:10A2F0004FF0FF337B617B6918461837BD4680BD40
:10A3000080B588B000AFF860B9607A603B603B6BA5
:10A31000186B7B689B001A46A52112F043FF3B6B2C
:10A320001A6B79686FF040430B449B001344BB6188
:10A33000BB6923F00703BB61BB6903F00703002B74
:10A340000DD04FF0500372B683F31188BFF36F8FB7
:10A35000BFF34F8F62B67B6100BF00BFFDE7BB68F4
:10A36000002B1ED00023FB6112E0BA68FB69134486
:10A3700019783A6BFB69134434330A461A70BA6889
:10A38000FB6913441B78002B06D0FB690133FB618A
:10A39000FB690F2BE9D900E000BF3B6B002283F87B
:10A3A0004320BB6A062B0DD94FF0500372B683F3DE
:10A3B0001188BFF36F8FBFF34F8F62B63B6100BF51
:10A3C00000BFFDE7BB6A062B01D90623BB623B6BCE
:10A3D000BA6ADA623B6BBA6ADA643B6B04331846DA
:10A3E000FEF7C0FD3B6B18331846FEF7BBFD3B6B19
:10A3F0003A6B1A61BB6AC3F107023B6B9A613B6B14
:10A400003A6B5A623A68F968B86901F0F7FF024698
:10A410003B6B1A60FB6A002B02D0FB6A3A6B1A6036
:10A4200000BF2037BD4680BD80B584B000AF7860E6
:10A4300002F048F9414B1B680133404A1360404B1E
:10A440001B68002B09D13E4A7B6813603B4B1B689D
:10A45000012B10D101F030F80DE03A4B1B68002BB6
:10A4600009D1374B1B68DA6A7B68DB6A9A4202D8EB
:10A47000334A7B681360344B1B680133324A1360E4
:10A48000314B1A687B685A647B68DB6A01229A4008
:10A490002E4B1B6813432D4A13607B68DA6A2C49E4
:10A4A00013469B0013449B000B4404331B68FB6062
:10A4B0007B68FA689A60FB689A687B68DA60FB6878
:10A4C0009B687A6804325A607B681A1DFB689A6040
:10A4D0007B68DA6A13469B0013449B001C4A1A44AB
:10A4E0007B685A617B68DA6A194913469B001344FA
:10A4F0009B000B441B687A68D26A591C14481346A7
:10A500009B0013449B000344196002F011F90D4BAA
:10A510001B68002B0ED00A4B1B68DA6A7B68DB6A6B
:10A520009A4207D20B4B4FF080521A60BFF34F8F05
:10A53000BFF36F8F00BF1037BD4680BD0C9601245E
:10A5400020950124189601242896012414960124AC
:10A550002495012404ED00E080B586B000AF78605A
:10A5600000237B6102F0AEF87B68002B02D1424BE6
:10A570001B6800E07B683B613B6904331846FEF7CB
:10A580005BFD0346002B15D13B69DA6A3B49134654
:10A590009B0013449B000B441B68002B0AD13B69B2
:10A5A000DB6A012202FA03F3DA43354B1B681340DE
:10A5B000334A13603B699B6A002B04D03B69183314
:10A5C0001846FEF739FD2F4B1B6801332D4A1360E7
:10A5D000294B1B683A699A4201D1012300E000230C
:10A5E000FB60294B1B68002B10D0FB68002B0DD0A3
:10A5F0003B69043319462548FEF7C1FC244B1B6810
:10A600000133234A136001237B6106E0214B1B6861
:10A61000013B204A136001F09DF802F089F87B6944
:10A62000012B02D0386901F063F8174B1B68002B2F
:10A630001ED0114B1B683A699A4219D1164B1B6800
:10A64000002B0DD04FF0500372B683F31188BFF387
:10A650006F8FBFF34F8F62B6BB6000BF00BFFDE7D7
:10A660000E4B4FF080521A60BFF34F8FBFF36F8FC6
:10A6700000BF1837BD4680BD2095012424950124D4
:10A68000149601242896012418960124F495012497
:10A69000089601240C9601243496012404ED00E070
:10A6A00080B58AB000AF7860396000237B627B6838
:10A6B000002B0DD14FF0500372B683F31188BFF316
:10A6C0006F8FBFF34F8F62B67B6100BF00BFFDE7A6
:10A6D0003B68002B0DD14FF0500372B683F3118805
:10A6E000BFF36F8FBFF34F8F62B63B6100BF00BFF8
:10A6F000FDE700F0A7F92B4B1B683B622A4B1B6858
:10A70000012B0DD04FF0500372B683F31188BFF3C5
:10A710006F8FBFF34F8F62B6FB6000BF00BFFDE7D6
:10A720007B681B683A681344FB617B681B683A6A64
:10A730009A420BD27B681B68FA699A4211D2FA6975
:10A740003B6A9A420DD901237B620AE07B681B6851
:10A75000FA699A4203D3FA693B6A9A4201D9012302
:10A760007B627B68FA691A607B6A002B06D0FA6903
:10A770003B6AD31A0021184601F04CFA00F070F938
:10A78000B861BB69002B07D1084B4FF080521A60AB
:10A79000BFF34F8FBFF36F8F7B6A18462837BD46D4
:10A7A00080BD00BF109601243496012404ED00E022
:10A7B00080B584B000AF78600023FB607B68002B1D
:10A7C0001AD000F03FF9144B1B68012B0DD04FF04D
:10A7D000500372B683F31188BFF36F8FBFF34F8FAF
:10A7E00062B6BB6000BF00BFFDE70021786801F0E2
:10A7F00011FA00F035F9F860FB68002B07D1074B20
:10A800004FF080521A60BFF34F8FBFF36F8F00BFBE
:10A810001037BD4680BD00BF3496012404ED00E032
:10A8200080B58AB000AF78607B683B623B6A002BE2
:10A830000DD14FF0500372B683F31188BFF36F8FC1
:10A84000BFF34F8F62B6FB6000BF00BFFDE7204B38
:10A850001B683A6A9A4203D1002387F8273031E017
:10A8600001F030FF3B6A5B69FB613B6A9B6ABB613D
:10A87000184B1B687B61184B1B683B6101F058FF4C
:10A88000BB69164A934203D1012387F8273019E0A8
:10A89000FA697B699A4203D0FA693B699A4203D10B
:10A8A000022387F827300DE0FB690D4A934202D05E
:10A8B000FB69002B03D1042387F8273002E0012332
:10A8C00087F8273097F8273018462837BD4680BDCF
:10A8D00020950124D8950124DC950124E0950124DC
:10A8E000F495012480B590B004AF0123FB620023EE
:10A8F0003B6200237B6213E02B4A7B6A1344197886
:10A9000007F110027B6A13440A461A7007F110021D
:10A910007B6A13441B78002B06D07B6A01337B6271
:10A920007B6A0F2BE8DD00E000BF0023BB6231E053
:10A930001E4B3B620023FB600023BB603A1D07F106
:10A94000080107F10C03184601F0BAF97868BB68F2
:10A95000FA6807F11001029201930023009300238B
:10A960000246386AFFF745FC02461149BB6A41F8C6
:10A9700023200F4ABB6A52F82330002B02D0012358
:10A98000FB6201E00023FB62FB6A002B06D0BB6A7E
:10A990000133BB62BB6A002BCADD00E000BFFB6A6B
:10A9A00018463037BD4680BD2069030889B40108C8
:10A9B0003096012480B584B000AFFFF793FFF860B4
:10A9C000FB68012B02D101F0AFF9F860FB68012BA5
:10A9D00018D14FF0500372B683F31188BFF36F8F15
:10A9E000BFF34F8F62B6BB6000BF124B4FF0FF3218
:10A9F0001A60114B01221A60104B00221A6001F0FC
:10AA000091FD11E0FB68B3F1FF3F0DD14FF0500312
:10AA100072B683F31188BFF36F8FBFF34F8F62B6A7
:10AA20007B6000BF00BFFDE7054B1B6800BF103710
:10AA3000BD4680BD2C960124189601241096012451
:10AA4000BC82030880B400AF044B1B680133034A87
:10AA5000136000BFBD465DF8047B70473496012447
:10AA600080B588B000AF0023FB610023BB6101F01B
:10AA700029FE00233B61764B1B68002B0DD14FF064
:10AA8000500372B683F31188BFF36F8FBFF34F8FFC
:10AA900062B63B6000BF00BFFDE76D4B1B68013B2A
:10AAA0006B4A13606A4B1B68002B40F0CA80694BED
:10AAB0001B68002B00F0C5808EE0674BDB68DB680D
:10AAC000FB61FB699B6AFB60FB69DB69FA69126ADF
:10AAD0009A60FB691B6AFA69D2695A60FB685A6816
:10AAE000FB6918339A4203D1FB691A6AFB685A6002
:10AAF000FB6900229A62FB681B685A1EFB681A6099
:10AB0000FB695B69BB60FB699B68FA69D2689A6004
:10AB1000FB69DB68FA6992685A60BB685A68FB692E
:10AB200004339A4203D1FB69DA68BB685A60FB6957
:10AB300000225A61BB681B685A1EBB681A60FB6919
:10AB4000DB6A01229A40454B1B681343434A13605A
:10AB5000FB69DA6A424913469B0013449B000B448D
:10AB600004331B687B60FB697A689A607B689A682B
:10AB7000FB69DA607B689B68FA6904325A60FB699A
:10AB80001A1D7B689A60FB69DA6A13469B001344BE
:10AB90009B00334A1A44FB695A61FB69DA6A3049FF
:10ABA00013469B0013449B000B441B68FA69D26A4E
:10ABB000591C2B4813469B0013449B000344196007
:10ABC000FB69DA6A274B1B68DB6A9A4204D9264A7A
:10ABD0003B69012142F823101F4B1B68002B7FF4B7
:10ABE0006CAFFB69002B01D000F0B4FD1F4B1B685C
:10ABF0007B617B69002B12D000F0D2F80346002B5A
:10AC000004D0194A3B69012142F823107B69013BBA
:10AC10007B617B69002BEFD1144B00221A60124A32
:10AC20003B6952F82330002B0BD00123BB610D4B45
:10AC30001B680F4B4FF080521A60BFF34F8FBFF36A
:10AC40006F8F01F075FDBB6918462037BD4680BD8A
:10AC5000349601240C960124E095012414960124D5
:10AC60002495012420950124209601241C9601247A
:10AC700004ED00E080B483B000AF054B1B687B603F
:10AC80007B6818460C37BD465DF8047B704700BFF3
:10AC90001096012480B400AF034B1B681846BD46D4
:10ACA0005DF8047B704700BF0C96012480B586B028
:10ACB00000AFF860B9607A6000237B6107233B61D5
:10ACC000FFF7C0FE314B1B68BA689A4257D33B6905
:10ACD000013B3B617A691346DB0013449B001A4633
:10ACE000FB6898183A6913469B0013449B00284A56
:10ACF00013440122194600F0ABFC02467B69134461
:10AD00007B613B69002BE2D17A691346DB00134477
:10AD10009B001A46FB6813441E4A1168022218461B
:10AD200000F096FC02467B6913447B617A69134606
:10AD3000DB0013449B001A46FB681344164A116853
:10AD40000222184600F084FC02467B6913447B61B2
:10AD50007A691346DB0013449B001A46FB681344D0
:10AD600004220E49184600F073FC02467B69134426
:10AD70007B617B68002B02D07B6800221A60FFF7A2
:10AD80006FFE7B6918461837BD4680BD0C960124BE
:10AD900024950124D8950124DC950124F4950124FF
:10ADA00080B58AB000AF00237B62804B1B68002B0C
:10ADB00040F0F1807E4B1B6801333B627C4A3B6A6A
:10ADC00013603B6A002B23D17A4B1B681B68002B56
:10ADD0000DD04FF0500372B683F31188BFF36F8F1D
:10ADE000BFF34F8F62B67B6000BF00BFFDE7714BC2
:10ADF0001B68FB61704B1B686E4A13606E4AFB69EF
:10AE000013606E4B1B6801336C4A136000F0A2FCA8
:10AE10006B4B1B683A6A9A42C0F0A880654B1B686E
:10AE20001B68002B04D1664B4FF0FF321A609DE087
:10AE3000604B1B68DB68DB68BB61BB695B687B617F
:10AE40003A6A7B699A4203D25D4A7B6913608DE05E
:10AE5000BB695B693B61BB699B68BA69D2689A60F0
:10AE6000BB69DB68BA6992685A603B695A68BB691A
:10AE700004339A4203D1BB69DA683B695A60BB6903
:10AE800000225A613B691B685A1E3B691A60BB6904
:10AE90009B6A002B1ED0BB699B6AFB60BB69DB69A8
:10AEA000BA69126A9A60BB691B6ABA69D2695A6048
:10AEB000FB685A68BB6918339A4203D1BB691A6AA6
:10AEC000FB685A60BB6900229A62FB681B685A1EC5
:10AED000FB681A60BB69DB6A01229A40394B1B6828
:10AEE0001343384A1360BB69DA6A374913469B003B
:10AEF00013449B000B4404331B68BB60BB69BA68F6
:10AF00009A60BB689A68BB69DA60BB689B68BA697B
:10AF100004325A60BB691A1DBB689A60BB69DA6A61
:10AF200013469B0013449B00274A1A44BB695A618D
:10AF3000BB69DA6A244913469B0013449B000B4407
:10AF40001B68BA69D26A591C1F4813469B001344F8
:10AF50009B0003441960BB69DA6A1C4B1B68DB6AFF
:10AF60009A427FF65BAF01237B6257E7174B1B6862
:10AF7000DA6A154913469B0013449B000B441B6877
:10AF8000012B01D901237B62114B1B68002B07D0D9
:10AF900001237B6204E00F4B1B6801330D4A1360F1
:10AFA0007B6A18462837BD4680BD00BF3496012411
:10AFB00010960124D8950124DC95012424960124BF
:10AFC0002C96012414960124249501242095012413
:10AFD000209601241C96012480B588B000AF3C4B1C
:10AFE0001B68002B03D03B4B01221A606BE0394BEE
:10AFF00000221A60384B1B681B6BFB614FF0A533B6
:10B00000BB61FB691B68BA699A4211D1FB690433C1
:10B010001B68BA699A420BD1FB6908331B68BA698D
:10B020009A4205D1FB690C331B68BA699A4209D070
:10B03000294B1B6834337B61274B1B6879691846A1
:10B04000E5F7AEFC254B1B68BB60BB68B3FA83F326
:10B05000FB71FB79C3F11F033B6121493A69134638
:10B060009B0013449B000B441B68002B0DD14FF039
:10B07000500372B683F31188BFF36F8FBFF34F8F06
:10B0800062B63B6000BF00BFFDE73A6913469B0014
:10B0900013449B00124A1344FB60FB685B685A68C8
:10B0A000FB685A60FB685A68FB6808339A4203D110
:10B0B000FB68DA68FB685A60FB685B68DB68064A15
:10B0C0001360054B1B6800BF2037BD4680BD00BF25
:10B0D00034960124209601242095012414960124FD
:10B0E0002495012480B584B000AF786039607B6816
:10B0F000002B0DD14FF0500372B683F31188BFF3CC
:10B100006F8FBFF34F8F62B6FB6000BF00BFFDE7DC
:10B11000074B1B68183319467868FDF754FF012167
:10B12000386800F077FD00BF1037BD4680BD00BF16
:10B130002095012480B586B000AFF860B9607A60D0
:10B14000FB68002B0DD14FF0500372B683F31188CA
:10B15000BFF36F8FBFF34F8F62B63B6100BF00BF7D
:10B16000FDE7FB685B687B61154B1B687A69DA61F8
:10B17000134B1B687A6992681A62114B1A687B69D3
:10B180009B6818325A600E4B1B6803F118027B69EA
:10B190009A600B4B1B68FA689A62FB681B685A1C22
:10B1A000FB681A607B68002B02D04FF0FF33BB6056
:10B1B0007968B86800F02EFD00BF1837BD4680BD25
:10B1C0002095012480B48BB000AF78607B68DB6889
:10B1D000DB683B623B6A002B0DD14FF0500372B627
:10B1E00083F31188BFF36F8FBFF34F8F62B6FB609D
:10B1F00000BF00BFFDE73B6A9B6AFB613B6ADB69FE
:10B200003A6A126A9A603B6A1B6A3A6AD2695A6061
:10B21000FB695A683B6A18339A4203D13B6A1A6A3F
:10B22000FB695A603B6A00229A62FB691B685A1EDE
:10B23000FB691A604B4B1B68002B60D13B6A5B6952
:10B240007B613B6A9B683A6AD2689A603B6ADB68BA
:10B250003A6A92685A607B695A683B6A04339A4238
:10B2600003D13B6ADA687B695A603B6A00225A6103
:10B270007B691B685A1E7B691A603B6ADB6A012284
:10B280009A40394B1B681343374A13603B6ADA6AAA
:10B29000364913469B0013449B000B4404331B6840
:10B2A0003B613B6A3A699A603B699A683B6ADA603B
:10B2B0003B699B683A6A04325A603B6A1A1D3B69D3
:10B2C0009A603B6ADA6A13469B0013449B00274A44
:10B2D0001A443B6A5A613B6ADA6A244913469B0066
:10B2E00013449B000B441B683A6AD26A591C1F48DE
:10B2F00013469B0013449B00034419601BE01C4B46
:10B300005B68BB613B6ABA69DA61BB699A683B6A90
:10B310001A62BB699B683A6A18325A603B6A03F149
:10B320001802BB699A603B6A114A9A62104B1B680B
:10B3300001330F4A13603B6ADA6A0E4B1B68DB6A03
:10B340009A4205D901237B620B4B01221A6001E06E
:10B3500000237B627B6A18462C37BD465DF8047B70
:10B36000704700BF349601241496012424950124CB
:10B37000E0950124209501242096012480B483B017
:10B3800000AF7860064B1A687B681A60054B1A6834
:10B390007B685A6000BF0C37BD465DF8047B704780
:10B3A000249601241096012480B588B000AF7860FF
:10B3B00039607B68002B0DD14FF0500372B683F3D8
:10B3C0001188BFF36F8FBFF34F8F62B63B6100BF31
:10B3D00000BFFDE73B68002B0DD14FF0500372B664
:10B3E00083F31188BFF36F8FBFF34F8F62B6FB609B
:10B3F00000BF00BFFDE701F065F91B4B1B68BB6197
:10B400007B685B68BA69D31A7B617B681A68174BE3
:10B410001B689A420AD07B685B68BA699A4205D376
:10B420000123FB613B6800221A6015E03B681B6842
:10B430007A699A420BD23B681A687B69D21A3B68D8
:10B440001A607868FFF79AFF0023FB6104E03B680D
:10B4500000221A600123FB6101F06AF9FB691846BA
:10B460002037BD4680BD00BF1096012424960124DC
:10B4700080B400AF034B01221A6000BFBD465DF8E7
:10B48000047B70472096012480B582B000AF7860BD
:10B4900000F04CF8064B1B68012BF9D9054B4FF017
:10B4A00080521A60BFF34F8FBFF36F8FF0E700BF7A
:10B4B0002495012404ED00E080B582B000AF0023A4
:10B4C0007B600CE07A6813469B0013449B00104A93
:10B4D00013441846FDF726FD7B6801337B607B68CB
:10B4E000062BEFD90B48FDF71DFD0B48FDF71AFDA4
:10B4F0000A48FDF717FD0A48FDF714FD094B054AF8
:10B500001A60094B044A1A6000BF0837BD4680BD67
:10B5100024950124B0950124C4950124E0950124CB
:10B52000F4950124D8950124DC95012480B582B0DE
:10B5300000AF19E001F0C6F8104BDB68DB687B60F8
:10B540007B6804331846FDF777FD0D4B1B68013B04
:10B550000B4A13600B4B1B68013B0A4A136001F056
:10B56000E7F8786800F0C4F8064B1B68002BE1D1BF
:10B5700000BF00BF0837BD4680BD00BFF495012461
:10B580000C9601240896012480B586B000AFF860BF
:10B59000B9607A60FB70FB68002B02D12A4B1B68F4
:10B5A00000E0FB687B61BB687A691A607B6903F124
:10B5B0003402BB685A607B69DA6ABB681A617B69CE
:10B5C0001A6BBB68DA617B695A6CBB689A607B69ED
:10B5D000DA6CBB685A61BB6800229A61FB78052B64
:10B5E00018D0194B1B687A699A4203D1BB680022B4
:10B5F0001A7316E0BB68FA781A7301F063F87B6976
:10B600009B6A124A934202D1BB6801221A7301F06D
:10B610008FF806E07869FFF703F903461A46BB681E
:10B620001A737B68002B08D07B691B6B184600F0EF
:10B6300044F80246BB681A6202E0BB6800221A6244
:10B6400000BF1837BD4680BD20950124E095012438
:10B6500080B588B000AFF860B9601346FB71002375
:10B66000FB61BB6808337B6100233B61BB681B68DF
:10B67000002B1DD0BB68DB68BB6115E0BB69DB68D4
:10B680003B61FA691346DB0013449B001A46FB68D2
:10B690009918FB7901223869FFF776FFFB690133BE
:10B6A000FB61BB695B68BB61BA697B699A42E5D1A2
:10B6B000FB6918462037BD4680BD80B485B000AF19
:10B6C00078600023FB6005E07B6801337B60FB68EA
:10B6D0000133FB607B681B78A52BF5D0FB689B08CA
:10B6E000FB60FB6818461437BD465DF8047B704765
:10B6F00080B584B000AF78607B6893F85930002B38
:10B7000008D17B681B6B184601F054FA786801F089
:10B7100051FA1BE07B6893F85930012B03D178680C
:10B7200001F048FA12E07B6893F85930022B0DD0F3
:10B730004FF0500372B683F31188BFF36F8FBFF3DE
:10B740004F8F62B6FB6000BF00BFFDE700BF103740
:10B75000BD4680BD80B400AF0A4B1B681B68002B40
:10B7600004D1094B4FF0FF321A6005E0054B1B680E
:10B77000DB681B68044A136000BFBD465DF8047BAC
:10B78000704700BFD89501242C96012480B483B063
:10B7900000AF0B4B1B68002B02D101237B6008E03C
:10B7A000084B1B68002B02D102237B6001E00023C1
:10B7B0007B607B6818460C37BD465DF8047B70479C
:10B7C000189601243496012480B586B000AF7860C5
:10B7D0007B683B6100237B617B68002B00F08980E4
:10B7E0003B69DA6A454B1B68DB6A9A4278D23B694F
:10B7F0009B69002B06DB414B1B68DB6AC3F1070228
:10B800003B699A613B6959693B69DA6A13469B0057
:10B8100013449B003A4A1344994259D13B6904337B
:10B820001846FDF709FC0346002B0AD13B69DB6A89
:10B83000012202FA03F3DA43324B1B681340314A08
:10B8400013602E4B1B68DA6A3B69DA623B69DB6A7C
:10B8500001229A402B4B1B6813432A4A13603B6911
:10B86000DA6A274913469B0013449B000B440433B8
:10B870001B68FB603B69FA689A60FB689A683B69E1
:10B88000DA60FB689B683A6904325A603B691A1DAA
:10B89000FB689A603B69DA6A13469B0013449B007D
:10B8A000174A1A443B695A613B69DA6A14491346DC
:10B8B0009B0013449B000B441B683A69D26A591CD5
:10B8C0000F4813469B0013449B000344196004E097
:10B8D0000A4B1B68DA6A3B69DA6201237B6108E084
:10B8E0003B69DA6C054B1B68DB6A9A4201D2012383
:10B8F0007B617B6918461837BD4680BD20950124C1
:10B90000249501241496012480B588B000AF786096
:10B910007B68BB610023FB617B68002B00F0948097
:10B920004C4B1B68BA699A420DD04FF0500372B667
:10B9300083F31188BFF36F8FBFF34F8F62B63B6104
:10B9400000BF00BFFDE7BB691B6D002B0DD14FF0A1
:10B95000500372B683F31188BFF36F8FBFF34F8F1D
:10B9600062B6FB6000BF00BFFDE7BB691B6D5A1EDE
:10B97000BB691A65BB69DA6ABB69DB6C9A4263D042
:10B98000BB691B6D002B5FD1BB6904331846FDF703
:10B9900053FB0346002B0AD1BB69DB6A012202FA82
:10B9A00003F3DA432C4B1B6813402B4A1360BB692B
:10B9B000DA6CBB69DA62BB69DB6AC3F10702BB6997
:10B9C0009A61BB69DB6A01229A40234B1B681343CF
:10B9D000214A1360BB69DA6A204913469B0013446D
:10B9E0009B000B4404331B687B61BB697A699A60D6
:10B9F0007B699A68BB69DA607B699B68BA690432C3
:10BA00005A60BB691A1D7B699A60BB69DA6A134682
:10BA10009B0013449B00114A1A44BB695A61BB69DD
:10BA2000DA6A0E4913469B0013449B000B441B68C3
:10BA3000BA69D26A591C094813469B0013449B00FB
:10BA4000034419600123FB61FB6918462037BD469A
:10BA500080BD00BF20950124149601242495012463
:10BA600080B58AB000AF786039607B683B620123A3
:10BA7000FB617B68002B00F0AA803B6A1B6D002BEA
:10BA80000DD14FF0500372B683F31188BFF36F8F5F
:10BA9000BFF34F8F62B63B6100BF00BFFDE73B6A5B
:10BAA000DB6C3A689A4202D93B687B6202E03B6AEF
:10BAB000DB6C7B623B6ADB6A7A6A9A4200F08780C1
:10BAC0003B6A1B6DFA699A4240F08180424B1B68C9
:10BAD0003A6A9A420DD14FF0500372B683F311883F
:10BAE000BFF36F8FBFF34F8F62B6FB6000BF00BF25
:10BAF000FDE73B6ADB6ABB613B6A7A6ADA623B6AF2
:10BB00009B69002B04DB7B6AC3F107023B6A9A61E5
:10BB10003B6A5969BA6913469B0013449B002F4A3C
:10BB20001344994253D13B6A04331846FDF784FA13
:10BB30000346002B0AD13B6ADB6A012202FA03F3B7
:10BB4000DA43274B1B681340254A13603B6ADB6AC4
:10BB500001229A40224B1B681343214A13603B6A1F
:10BB6000DA6A1E4913469B0013449B000B440433BE
:10BB70001B687B613B6A7A699A607B699A683B6A59
:10BB8000DA607B699B683A6A04325A603B6A1A1D24
:10BB90007B699A603B6ADA6A13469B0013449B00F8
:10BBA0000E4A1A443B6A5A613B6ADA6A0B491346E9
:10BBB0009B0013449B000B441B683A6AD26A591CD1
:10BBC000064813469B0013449B000344196000BFC2
:10BBD0002837BD4680BD00BF20950124249501244F
:10BBE0001496012480B483B000AF094B1B687B60BE
:10BBF0007B68002B04D07B681B6D5A1C7B681A6520
:10BC00007B6818460C37BD465DF8047B704700BF63
:10BC10002095012480B586B000AF78603960224B52
:10BC20001B687B61214B1B683B61214B1B68FB60E0
:10BC3000204B1B6804331846FDF7FEF90346002B22
:10BC40000BD11C4B1B68DB6A012202FA03F3DA43B7
:10BC5000194B1B681340184A13607A697B681344B8
:10BC6000BB60144B1B68BA685A60BA687B699A4219
:10BC700007D2104B1B6804331946F868FDF7A3F987
:10BC80000EE00C4B1B68043319463869FDF79BF92D
:10BC90000A4B1B68BA689A4202D2084ABB68136012
:10BCA00000BF1837BD4680BD10960124D8950124E9
:10BCB000DC95012420950124149601242C9601245E
:10BCC00080B485B000AFF860B9607A60FB68074A5D
:10BCD0001A60BB68064A1A607B6880221A6000BF3F
:10BCE0001437BD465DF8047B704700BF38960124C9
:10BCF0009496012480B485B000AFF860B9607A6092
:10BD0000FB68074A1A60BB68064A1A607B684FF4F2
:10BD100080721A6000BF1437BD465DF8047B70471F
:10BD200094980124F098012480B58AB004AF0023D0
:10BD30007B6100F023FB1E4B1B68002B21D00023EE
:10BD4000FB600023BB603A1D07F1080107F10C03FB
:10BD50001846FFF7CFFF7968BB68FA680292019333
:10BD60000223009300230A4612491348FEF741FAC2
:10BD70000346124A1360114B1B68002B01D00123AC
:10BD80007B617B69002B0DD14FF0500372B683F3BA
:10BD90001188BFF36F8FBFF34F8F62B63B6100BF57
:10BDA00000BFFDE77B6918461837BD4680BD00BF60
:10BDB000209D012428690308CDBF0108249D01248A
:10BDC00080B588B002AFF860B9607A603B602C2023
:10BDD00000F0ACFD78617B69002B0DD07B690022FF
:10BDE00083F828207B6901933B6A00933B687A685B
:10BDF000B968F86800F005F87B6918461837BD4641
:10BE000080BD80B586B000AFF860B9607A603B60F5
:10BE1000BB68002B0DD14FF0500372B683F311882D
:10BE2000BFF36F8FBFF34F8F62B67B6100BF00BF60
:10BE3000FDE700F0A3FA7B6AFA681A607B6ABA68C9
:10BE40009A617B6A3A68DA617B6A3A6A1A627B6A4B
:10BE500004331846FDF786F87B68002B08D07B6A10
:10BE600093F8283043F00403DAB27B6A83F8282081
:10BE700000BF1837BD4680BD80B58AB000AFF860FE
:10BE8000B9607A603B6000237B62FB68002B0DD1B8
:10BE90004FF0500372B683F31188BFF36F8FBFF377
:10BEA0004F8F62B63B6200BF00BFFDE71D4B1B68B2
:10BEB000002B31D0BB683B617B687B61FB68BB6159
:10BEC000BB68052B0DDD4FF0500372B683F311886C
:10BED000BFF36F8FBFF34F8F62B6FB6100BF00BF30
:10BEE000FDE7BB68052B17DCFFF750FC0346022B70
:10BEF00009D10C4B186807F1100100233A6BFDF7CC
:10BF00006DFA786208E0074B186807F1100100230A
:10BF10000022FDF763FA78627B6A18462837BD462F
:10BF200080BD00BF209D012480B584B000AFF860C3
:10BF3000B9607A6008E0FB689B69BA681344BB602B
:10BF4000FB681B6AF8689847FB689A69BB68D11858
:10BF5000BB687A68F86800F0DFF80346002BEAD186
:10BF600000BF00BF1037BD4680BD000080B584B063
:10BF700000AF78603960144B1B68DB68DB68FB60DE
:10BF8000FB6804331846FDF757F8FB6893F8283030
:10BF900003F00403002B05D03A687968F868FFF7CE
:10BFA000C3FF08E0FB6893F8283023F00103DAB2FE
:10BFB000FB6883F82820FB681B6AF868984700BF75
:10BFC0001037BD4680BD00BF189D012480B584B0E8
:10BFD00000AF786007F10803184600F059F8F860E0
:10BFE000BB681946F86800F005F800F0D7F800BF04
:10BFF000F0E7000080B584B000AF78603960FEF7EC
:10C0000021FD07F10803184600F066F8F860BB68E8
:10C01000002B30D13B68002B0AD17A68FB689A422A
:10C0200006D8FEF71DFDF9687868FFF79FFF24E04A
:10C030003B68002B08D0134B1B681B68002B01D1F9
:10C04000012300E000233B600F4B18687A68FB680F
:10C05000D31A3A681946FEF731F8FEF701FD034698
:10C06000002B0AD1094B4FF080521A60BFF34F8F5B
:10C07000BFF36F8F01E0FEF7F3FC00BF1037BD4642
:10C0800080BD00BF1C9D0124209D012404ED00E023
:10C0900080B485B000AF78600E4B1B681B68002B26
:10C0A00001D1012200E000227B681A607B681B68D6
:10C0B000002B05D1074B1B68DB681B68FB6001E0A8
:10C0C0000023FB60FB6818461437BD465DF8047B0F
:10C0D000704700BF189D012480B584B000AF786020
:10C0E000FEF7C8FDF8600B4B1B68FA689A4205D250
:10C0F00000F01EF97B6801221A6002E07B680022D2
:10C100001A60044AFB681360FB6818461037BD4686
:10C1100080BD00BF289D012480B586B000AFF860C7
:10C12000B9607A603B6000237B61FB68BA685A6043
:10C13000FB68FA681A61BA687B689A4212D87A6812
:10C140003B68D21AFB689B699A4202D301237B6148
:10C150001BE0104B1A68FB68043319461046FCF7C5
:10C1600032FF12E07A683B689A4206D2BA683B68AE
:10C170009A4202D301237B6107E0074B1A68FB68F0
:10C18000043319461046FCF71EFF7B691846183722
:10C19000BD4680BD1C9D0124189D012480B588B03A
:10C1A00000AF07F1080300221A605A609A60ABE002
:10C1B000BB68002BC0F2A8803B69FB61FB695B692F
:10C1C000002B04D0FB6904331846FCF735FF3B1DF8
:10C1D0001846FFF781FFB861BB68013B082B00F2EE
:10C1E000908001A252F823F00DC201080DC201088F
:10C1F00075C2010889C20108D9C201080DC201082F
:10C200000DC2010875C2010889C20108FB6993F8D3
:10C21000283043F00103DAB2FB6983F82820FA687A
:10C22000FB699B69D118FB68BA69F869FFF774FF6D
:10C230000346002B67D0FB6993F8283003F0040312
:10C24000002B09D0FA68FB699B691344BA69194647
:10C25000F869FFF769FE08E0FB6993F8283023F0DE
:10C260000103DAB2FB6983F82820FB691B6AF869CD
:10C27000984748E0FB6993F8283023F00103DAB2CD
:10C28000FB6983F828203FE0FB6993F8283043F0EE
:10C290000103DAB2FB6983F82820FA68FB699A6126
:10C2A000FB699B69002B0DD14FF0500372B683F3ED
:10C2B0001188BFF36F8FBFF34F8F62B67B6100BFF2
:10C2C00000BFFDE7FB699A69BB69D118BB69BA6910
:10C2D000F869FFF721FF17E0FB6993F8283003F0B6
:10C2E0000203002B03D1F86900F064FC0CE0FB6949
:10C2F00093F8283023F00103DAB2FB6983F8282091
:10C3000002E000BF00E000BF084B1B6807F1080116
:10C3100000221846FDF71EFA0346002B7FF448AFB3
:10C3200000BF00BF2037BD4680BD00BF209D012457
:10C3300080B582B000AF09E00E4B1B68DB681B685C
:10C340003B604FF0FF313868FFF710FE094B1B6868
:10C350001B68002BF0D1074B1B687B60064B1B68EA
:10C36000044A1360044A7B68136000BF0837BD4667
:10C3700080BD00BF189D01241C9D012480B582B0A2
:10C3800002AF00F09FF9154B1B68002B20D1144819
:10C39000FCF7C8FD1348FCF7C5FD134B104A1A60A3
:10C3A000124B104A1A6000230093114B114A0C21C2
:10C3B0000A20FCF701FF0346084A1360074B1B687D
:10C3C000002B05D0054B1B680B491846FDF7E8FD0F
:10C3D00000F0AEF900BFBD4680BD00BF209D012426
:10C3E000F09C0124049D0124189D01241C9D01241E
:10C3F000A49D01242C9D01243069030880B485B0DC
:10C4000000AFF860B9607A60FB68043BFB60FB68D2
:10C410004FF080721A60FB68043BFB60BB6823F03E
:10C420000102FB681A60FB68043BFB600C4AFB6876
:10C430001A60FB68143BFB607A68FB681A60FB6853
:10C44000043BFB60FB686FF002021A60FB68203B54
:10C45000FB60FB6818461437BD465DF8047B7047E7
:10C4600065C4010880B485B000AF00237B60154B24
:10C470001B68B3F1FF3F0DD04FF0500372B683F34A
:10C480001188BFF36F8FBFF34F8F62B6FB6000BFA1
:10C4900000BFFDE74FF0500372B683F31188BFF37E
:10C4A0006F8FBFF34F8F62B6BB6000BF00BF7B686A
:10C4B000002BFCD000BF00BF1437BD465DF8047BE5
:10C4C000704700BF7006002400000000000000005C
:10C4D000074B19680868B0E8F04F80F30988BFF38C
:10C4E0006F8F4FF0000080F311887047AFF300802A
:10C4F0002095012400BF00BF08480068006880F351
:10C5000008884FF0000080F3148862B661B6BFF36C
:10C510004F8FBFF36F8F00DF00BF000008ED00E01A
:10C5200000BF00BF80B58AB000AF5C4B1B687B6268
:10C530007B6A2C331B685A4A93420DD04FF050034C
:10C5400072B683F31188BFF36F8FBFF34F8F62B65C
:10C55000BB6100BF00BFFDE77B6A38331B68514AEF
:10C5600093420DD04FF0500372B683F31188BFF39E
:10C570006F8FBFF34F8F62B6FB6100BF00BFFDE757
:10C580000023BB60484B3B623B6A1B78DBB2FB730A
:10C590003B6AFF221A703B6A1B78DBB2FB71FB79A6
:10C5A000DBB203F05003DAB2404B1A703F4B1B78FA
:10C5B000002B0DD14FF0500372B683F31188BFF3F7
:10C5C0006F8FBFF34F8F62B67B6100BF00BFFDE787
:10C5D000FB79DBB2DB4303F05003002B15D04FF0A7
:10C5E000500372B683F31188BFF36F8FBFF34F8F81
:10C5F00062B63B6100BF00BFFDE7BB680133BB60B3
:10C60000FB79DBB25B00DBB2FB71FB79DBB203F0E1
:10C610008003802BF1D0BB68082B03D1244B002270
:10C620001A6004E0BB68C3F10703214A1360204B82
:10C630001B681B021E4A13601D4B1B6803F4E0635A
:10C640001B4A1360FB7BDAB23B6A1A70194B1B68FA
:10C65000184A43F47F031360164B1B68154A43F0D6
:10C660007F431360144B00221A6000F0E9F8134B6B
:10C6700000221A6000F008F9114B1B68104A43F0C1
:10C6800040431360FFF738FFFEF7A6FCFFF7EAFE12
:10C69000002318462837BD4680BD00BF08ED00E0E6
:10C6A000D1C4010891C7010800E400E0F49D012411
:10C6B000F89D012420ED00E01CED00E07006002450
:10C6C00034EF00E080B483B000AF4FF0500372B697
:10C6D00083F31188BFF36F8FBFF34F8F62B67B6018
:10C6E00000BF114B1B6801330F4A13600E4B1B68D0
:10C6F000012B12D10D4B1B68DBB2002B0DD04FF07C
:10C70000500372B683F31188BFF36F8FBFF34F8F5F
:10C7100062B63B6000BF00BFFDE700BF0C37BD46FF
:10C720005DF8047B704700BF7006002404ED00E054
:10C7300080B483B000AF134B1B68002B0DD14FF0BA
:10C74000500372B683F31188BFF36F8FBFF34F8F1F
:10C7500062B67B6000BF00BFFDE70A4B1B68013B70
:10C76000084A1360074B1B68002B05D100233B6070
:10C770003B6883F3118800BF00BF0C37BD465DF8EE
:10C78000047B7047700600240000000000000000D9
:10C79000EFF30980BFF36F8F154B1A681EF0100F6F
:10C7A00008BF20ED108A20E9F04F10602DE9090044
:10C7B0004FF0500072B680F31188BFF34F8FBFF374
:10C7C0006F8F62B6FEF708FC4FF0000080F311880F
:10C7D00009BC19680868B0E8F04F1EF0100F08BFD8
:10C7E000B0EC108A80F30988BFF36F8F704700BFE9
:10C7F0002095012400BF00BF80B582B000AF4FF08C
:10C80000500372B683F31188BFF36F8FBFF34F8F5E
:10C8100062B67B6000BFFEF7C3FA0346002B03D06D
:10C82000064B4FF080521A6000233B603B6883F355
:10C83000118800BF00BF0837BD4680BD04ED00E091
:10C8400080B400AF0B4B00221A600B4B00221A6021
:10C850000A4B1B680A4AA2FB03239B09094A013BB6
:10C860001360044B07221A6000BFBD465DF8047BCD
:10C87000704700BF10E000E018E000E078060024F8
:10C88000D34D621014E000E0DFF80C00016841F4C1
:10C89000700101607047000088ED00E000BF00BF3C
:10C8A00080B485B000AFEFF30583FB60FB680F2B0E
:10C8B00017D91A4AFB6813441B78FB72184B1B7874
:10C8C000FA7A9A420DD24FF0500372B683F3118870
:10C8D000BFF36F8FBFF34F8F62B67B6000BF00BFA7
:10C8E000FDE7104B1B6803F4E0620F4B1B689A4294
:10C8F0000DD94FF0500372B683F31188BFF36F8FD9
:10C90000BFF34F8F62B63B6000BF00BFFDE700BFC3
:10C910001437BD465DF8047B704700BFF0E300E0CC
:10C92000F49D01240CED00E0F89D012480B58EB04B
:10C9300000AF78600023FB627B68002B22D00823C5
:10C94000DB437A689A421BD808227B6813447B60D9
:10C950007B6803F00703002B14D07B6803F0070308
:10C96000C3F10803BB62BB6ADB437A689A4204D80E
:10C970007A68BB6A13447B6004E000237B6001E0BB
:10C9800000237B60FEF75EF8834B1B68002B01D110
:10C9900000F08CF97B68002BC0F2DE807B68002BF6
:10C9A00000F0DA807D4B1B687A689A4200F2D480EE
:10C9B0007B4B3B637A4B1B687B637B6B794A93426F
:10C9C00005D37B6B784A934201D8012300E0002312
:10C9D000002B2DD14FF0500372B683F31188BFF3B3
:10C9E0006F8FBFF34F8F62B63B6200BF00BFFDE7A2
:10C9F0007B6B3B637B6B1B687B637B6B694A9342FE
:10CA000005D37B6B684A934201D8012300E00023E1
:10CA1000002B0DD14FF0500372B683F31188BFF392
:10CA20006F8FBFF34F8F62B6FB6100BF00BFFDE7A2
:10CA30007B6B5B687A689A4203D97B6B1B68002B1F
:10CA4000D6D1554B1B687A6B9A4200F085803B6BC0
:10CA50001B6808221344FB62FB6A524A934205D3C7
:10CA6000FB6A514A934201D8012300E00023002BC6
:10CA70000DD14FF0500372B683F31188BFF36F8F5F
:10CA8000BFF34F8F62B6BB6100BF00BFFDE77B6B9A
:10CA90001A683B6B1A607B6B5B687A689A420DD9A7
:10CAA0004FF0500372B683F31188BFF36F8FBFF35B
:10CAB0004F8F62B67B6100BF00BFFDE77B6B5A689A
:10CAC0007B68D21A08235B009A4226D97A6B7B686E
:10CAD00013447B627B6A03F00703002B0DD04FF0F9
:10CAE000500372B683F31188BFF36F8FBFF34F8F7C
:10CAF00062B63B6100BF00BFFDE77B6B5A687B6895
:10CB0000D21A7B6A5A607B6B7A685A603B6B1A68F0
:10CB10007B6A1A603B6B7A6A1A60204B1A687B6BDF
:10CB20005B68D31A1D4A13601C4B1A681F4B1B68A5
:10CB30009A4203D2194B1B681C4A13607B6B5B68DB
:10CB400043F000427B6B5A607B6B00221A60184BEB
:10CB50001B680133164A1360FDF782FFFB6A002B46
:10CB600001D1E3F745FFFB6A03F00703002B0DD06B
:10CB70004FF0500372B683F31188BFF36F8FBFF38A
:10CB80004F8F62B6FB6000BF00BFFDE7FB6A18462F
:10CB90003837BD4680BD00BF049E0524089E05248D
:10CBA000FC9D0524FC9D0124FB9D05240C9E052471
:10CBB000109E052480B588B000AF78607B68FB616B
:10CBC0007B68002B66D008235B42FA691344FB6143
:10CBD000FB69BB61BB69314A934205D3BB69304AEB
:10CBE000934201D8012300E00023002B0DD14FF028
:10CBF000500372B683F31188BFF36F8FBFF34F8F6B
:10CC000062B67B6100BF00BFFDE7BB695B68002BBC
:10CC10000DDB4FF0500372B683F31188BFF36F8FB3
:10CC2000BFF34F8F62B63B6100BF00BFFDE7BB693A
:10CC30001B68002B0DD04FF0500372B683F31188A0
:10CC4000BFF36F8FBFF34F8F62B6FB6000BF00BFB3
:10CC5000FDE7BB695B68002B1CDABB691B68002B16
:10CC600018D1BB695B6823F00042BB695A60FDF7CD
:10CC7000E9FEBB695A680B4B1B681344094A1360F1
:10CC8000B86900F06DF8084B1B680133064A136061
:10CC9000FDF7E6FE00BF2037BD4680BDFC9D0124A8
:10CCA000FB9D0524089E0524149E052480B485B0B0
:10CCB00000AF4FF48023BB60244BFB60FB6803F0A4
:10CCC0000703002B0CD0FB680733FB60FB6823F0E5
:10CCD0000703FB60BA68FB68D31A1C4A1344BB60A5
:10CCE000FB681B4A13601A4B00225A60FA68BB6843
:10CCF00013447B6008227B689B1A7B607B6823F06F
:10CD000007037B607B68134A1360124B1B68002289
:10CD10005A60104B1B6800221A60FB683B603B683E
:10CD20007A68D21A3B685A600A4B1A683B681A60E4
:10CD30003B685B68084A13603B685B68074A13609E
:10CD400000BF1437BD465DF8047B7047FC9D01248D
:10CD5000FC9D0524049E05240C9E0524089E0524A4
:10CD600080B487B000AF7860374B7B6102E07B69AD
:10CD70001B687B617B691B687A689A42F7D87B697C
:10CD8000314A93421AD07B69304A934205D37B697A
:10CD90002F4A934201D8012300E00023002B0DD13C
:10CDA0004FF0500372B683F31188BFF36F8FBFF358
:10CDB0004F8F62B6FB6000BF00BFFDE77B693B6140
:10CDC0007B695B683A6913447A689A4208D17B6947
:10CDD0005A687B685B681A447B695A607B697B6030
:10CDE0007B683B617B685B683A691A447B691B68B6
:10CDF0009A4218D17B691A68164B1B689A420DD06B
:10CE00007B685A687B691B685B681A447B685A6058
:10CE10007B691B681A687B681A6008E00D4B1A680A
:10CE20007B681A6003E07B691A687B681A607A691C
:10CE30007B689A4202D07B697A681A6000BF1C370F
:10CE4000BD465DF8047B7047FC9D0524FC9D0124D4
:10CE5000FB9D0524049E052480B584B000AFF860D6
:10CE6000B9607A603B60FB68BA681A60FB687A68F0
:10CE70005A60FB683A689A60FB68BA69DA60FB68D6
:10CE80001868FB689B681A46002110F08BF9FB6854
:10CE90005868FB689B681A46002110F083F9FB680C
:10CEA00000221A61FB6800221A75FB6800225A757D
:10CEB00000BF1037BD4680BD80B586B000AFF860BA
:10CEC000B9607A60FB681A697B681A44FB689B68E2
:10CED0009A4237D8FB681B7D002B02D1FB681B6888
:10CEE00001E0FB685B687B61FB681B697A6913443E
:10CEF0007A68B968184610F000FAFB681A697B680E
:10CF00001A44FB681A61FB681A69FB68DB689A427D
:10CF100019D3FB685B7DDBB283F00103DBB2002B2E
:10CF200011D0FB6801225A75FB681B7D002B0CBFDA
:10CF300001230023DBB21A46FB681A75FB68002246
:10CF40001A6100E000BF1837BD4680BD80B582B0D1
:10CF500002AF4FF4705300934FF48043084A0949DD
:10CF60000948FFF779FF4FF4705300934FF4804363
:10CF7000064A07490748FFF76FFF00BFBD4680BD5F
:10CF800000C0003000800030189E052400400130B1
:10CF900000000130309E052480B582B000AF78607B
:10CFA00039603A6879680348FFF786FF00BF0837A1
:10CFB000BD4680BD189E052480B584B000AF002317
:10CFC000FB6030E0FA6813465B001344DB001A4A4A
:10CFD0001344BB60BB685B7DDBB2002B20D0BB6819
:10CFE0001B7D012B02D1BB681B6801E0BB685B683D
:10CFF0007B60BB68DB683B60FB68DBB23A687968E2
:10D00000184600F01BF80346002B09D0BB689B684C
:10D010001A460021786810F0C5F8BB6800225A75DE
:10D02000FB680133FB60FB68012BCBDD00BF00BF59
:10D030001037BD4680BD00BF189E0524F0B59BB0DB
:10D0400006AF0346B9607A60FB7307F11403184614
:10D05000F3F7F0FBBB7D1E467B7D3A7DF97D387E84
:10D060000446787E054607F11C000495039402915E
:10D07000019200933346184A30210FF063FF07F105
:10D080001C0319461548F3F7DBFD07F11C037A680A
:10D09000B9681846F1F752F8034687F84F3097F809
:10D0A0004F30002B07D107F11C0319460C48F3F74A
:10D0B000C7FD01230CE097F84F301846F1F720FA2E
:10D0C000024607F11C0319460648F3F7B9FD002391
:10D0D00018465437BD46F0BD386903085C6903083B
:10D0E0008C690308B469030880B584B000AF0346B7
:10D0F000FB71FB79012B33D8FA7913465B0013449B
:10D10000DB00194A1344FB60FB79002B01D1174B5C
:10D1100000E0174BBB60B9681648F3F791FDFB6858
:10D120001B6919461448F3F78BFDFB681B7D002B28
:10D1300001D1124B00E0124B19461248F3F780FD63
:10D14000FB685B7DDBB2002B01D00F4B00E00F4B87
:10D1500019460F48F3F774FD0E48F3F771FD00E030
:10D1600000BF1037BD4680BD189E0524E469030842
:10D17000E8690308EC690308106A03082C6A0308CD
:10D18000346A03083C6A0308506A0308586A0308B3
:10D19000606A0308786A030880B5AAB000AF034646
:10D1A0000A46FB711346BB71FB79012B00F28780A5
:10D1B000FA7913465B001344DB00434A1344C7F873
:10D1C0009830FB79002B01D1404B00E0404BC7F871
:10D1D0009430BB79002B01D13E4B00E03E4BC7F8A9
:10D1E0009030BB79002B03D1D7F898301B6802E050
:10D1F000D7F898305B68C7F88C30D7F898309B68C0
:10D20000C7F88830D7F88830D7F89420D7F890102E
:10D210003248F3F715FD0023C7F8A43045E007F1C5
:10D220000800D7F8A4302E4A80210FF08BFEC7F8F3
:10D23000A0000023C7F89C301FE0D7F8A03007F10A
:10D240000802D018D7F8A030C3F18001D7F8A42085
:10D25000D7F89C301344D7F88C2013441B78214A0C
:10D260000FF070FE0246D7F8A0301344C7F8A03084
:10D27000D7F89C300133C7F89C30D7F89C300F2B7F
:10D2800008D8D7F8A420D7F89C301344D7F88820C2
:10D290009A42D2D807F1080319461348F3F7D0FC95
:10D2A000D7F8A4301033C7F8A430D7F8A420D7F8A3
:10D2B00088309A42B3D30D48F3F7C2FC00E000BFB8
:10D2C000A837BD4680BD00BF189E0524E469030849
:10D2D000E86903082C6A0308346A0308A06A030893
:10D2E000D46A0308DC6A0308E46A0308E86A0308EE
:10D2F00080B485B000AF786039600023FB730023F1
:10D30000BB600DE07A68BB6813441A78FB7B53401E
:10D31000DBB21A46084B9B5CFB73BB680133BB60F6
:10D32000BA683B689A42EDD3FB7B18461437BD467A
:10D330005DF8047B704700BFC082030880B400AF73
:10D34000034B01221A7000BFBD465DF8047B704795
:10D35000740600240FB4F0B59BB000AF6B461E46B8
:10D3600000237B66604B1B7883F00103DBB2002B4C
:10D3700040F0B28097F88030002B00F0AA801C2289
:10D3800097F88030934280F0A48097F88030574A15
:10D3900052F83330002B00F09C8097F88030DB008F
:10D3A000524A1344FB65FB6D1B79033387F85B30EE
:10D3B00097F85B303F2B00F28E8007F184033B64CB
:10D3C0007B6E5A1C7A6668333B44AA2203F8682CA9
:10D3D0007B6E5A1C7A6668333B4497F85B2003F8EF
:10D3E000682C7B6E5A1C7A6668333B4497F8802021
:10D3F00003F8682CFB6D1B797B65FB6D1B79013392
:10D4000000221C4615464FF000024FF00003EB00CF
:10D4100043EA5473E200FB6D1B7901330022184686
:10D4200011464FF000024FF00003CB0043EA507367
:10D43000C200FB6D1B7901330733DB08DB00ADEB6A
:10D44000030D6B4600333B653B6D97F880201A70E7
:10D45000002387F863301CE03B6C1A1D3A641B689C
:10D46000BB64BB6C87F847307B6E5A1C7A666833A6
:10D470003B4497F8472003F8682C97F86330013352
:10D480003A6D97F84710D15497F86330013387F815
:10D490006330FB6D1B7997F863209A42DCD3FB6DF8
:10D4A0001B7901331946386DFFF722FF034687F8D1
:10D4B0004F307B6E5A1C7A6668333B4497F84F2096
:10D4C00003F8682C3B46796E1846FFF765FDB546B4
:10D4D00003E000BF00E000BFB5466C37BD46BDE8C5
:10D4E000F04004B0704700BF74060024C0830308F6
:10D4F00080B500AF1820FFF72DFF1920FFF72AFF96
:10D500000023184680BD80B483B000AF78607B688C
:10D510004FF0FF321A6000BF0C37BD465DF8047B48
:10D520007047000080B485B000AF78600B46FB7098
:10D530007B681A68FB785A407B681A600023FB609E
:10D5400011E07B681B6803F001035B42BB607B68F2
:10D550001B685A08B968094B0B405A407B681A602F
:10D56000FB680133FB60FB68072BEAD900BF00BFF3
:10D570001437BD465DF8047B704700BF2083B8EDCB
:10D5800080B483B000AF78607B681B68DB431846CB
:10D590000C37BD465DF8047B704780B582B000AFA4
:10D5A00078600B46FB701346BB707B6893F80032C3
:10D5B000FA781146184600F0E1FDBB78002B07D041
:10D5C0007B6803F5FA73FA7811461846FFF7AAFF4D
:10D5D000FB78AA2B18D17B6893F8FF31013BDAB2B4
:10D5E0007B6883F8FF217B6893F8FF31002B0FD114
:10D5F0007B6893F800325521184600F0BFFD7B6828
:10D60000022283F8FF2103E07B68022283F8FF21D6
:10D6100000BF0837BD4680BD80B586B000AFF8605A
:10D620007B600B46FB721346BB72FB68022283F8D9
:10D63000FF21FB6803F5FA731846FFF764FFFB68E8
:10D6400093F80032184600F0AFFDFB6893F8003203
:10D65000AA21184600F092FDFB6893F80032AA2137
:10D66000184600F08BFDFB6893F80032AA2118469B
:10D6700000F084FDFB7A01221946F868FFF78DFF60
:10D6800097F90B30002B05DABB7A01221946F868AE
:10D69000FFF783FF97F8283001221946F868FFF753
:10D6A0007CFF0023BB7597F82830FB7515E03B8C99
:10D6B0007A6813441B7801221946F868FFF76DFF5A
:10D6C0003B8C01333B843A8CBB8C13403B84FB7D09
:10D6D000013BFB75BB7D0133BB75FB7D002BE6D1A8
:10D6E000FB6803F5FA731846FFF74AFF38613B6998
:10D6F0001B0EDBB200221946F868FFF74EFF3B69AC
:10D700001B0CDBB200221946F868FFF746FF3B69A5
:10D710001B0ADBB200221946F868FFF73EFF3B699F
:10D72000DBB200221946F868FFF737FFFB6893F871
:10D7300000325521184600F021FDFB6893F80032B5
:10D74000184600F03CFD00BF1837BD4680BD80B4D0
:10D7500085B000AF78607B6893F8E4301A461346D2
:10D760005B0013449B007A681344FB607B6893F86A
:10D77000E230013BDAB27B6883F8E2207B6893F801
:10D78000E4300133DAB27B6883F8E4207B6893F8F5
:10D79000E43003F00F03DAB27B6883F8E4207B689F
:10D7A000B3F8DC30FA6892799B1A9AB27B68A3F8D6
:10D7B000DC2000BF1437BD465DF8047B704780B4A1
:10D7C00085B000AF78600B467B800023FB607B68F0
:10D7D00093F8E2300F2B68D87B68B3F8DC301A4638
:10D7E0007B88C3F580639A425FD87B6893F8E23008
:10D7F0000133DAB27B6883F8E2207B6893F8E22099
:10D800007B6893F8E3309A4205D97B6893F8E2206D
:10D810007B6883F8E3207B6893F8E5301A4613466B
:10D820005B0013449B007A681344FB607B68B3F889
:10D83000E020FB689A807B68B3F8DC207B88134487
:10D840009AB27B68A3F8DC207B68B3F8DC207B68A5
:10D85000B3F8DE309A4205D97B68B3F8DC207B68E8
:10D86000A3F8DE207B68B3F8E0207B8813449AB2EB
:10D870007B68A3F8E0207B68B3F8E030C3F30903CA
:10D880009AB27B68A3F8E0207B6893F8E530013317
:10D89000DAB27B6883F8E5207B6893F8E53003F023
:10D8A0000F03DAB27B6883F8E520FB68184614376B
:10D8B000BD465DF8047B704780B485B000AF7860EA
:10D8C0000B46FB707B6893F8E430FB73FA7BFB78C4
:10D8D0001344DBB203F00F0213465B0013449B00BA
:10D8E0007A68134418461437BD465DF8047B7047C8
:10D8F00080B586B004AF786039603B68DB7963F04F
:10D900007F03D9B23B68187A3B689B883A68927962
:10D91000029240F2FF3201920093064B0246786871
:10D92000FFF77AFE044B1A683B681A6000BF08379D
:10D93000BD4680BD489E052448A2052480B586B01A
:10D9400004AF78607B6893F80032184600F006FC5C
:10D9500003460A2B13D97B6893F8E8207B68E833E9
:10D9600001210291FF21019100210091FF2178689E
:10D97000FFF752FE044B1A687B68C3F8C02000BF53
:10D980000837BD4680BD00BF48A2052480B586B0DB
:10D9900004AF78607B6893F80032184600F0DEFB35
:10D9A00003460A2B0BD90023029300230193002383
:10D9B000009300230022FE217868FFF72DFE00BFB0
:10D9C0000837BD4680BD000080B483B000AF7860EA
:10D9D0007B68002283F8E2207B68002283F8E42041
:10D9E0007B68002283F8E5207B680022A3F8DC2016
:10D9F0007B680022A3F8E0207B68002283F8E72000
:10DA00007B68002283F8E6207B68002283F8E82008
:10DA1000094B1A687B68C3F8C420074B1A687B68F7
:10DA2000C3F8C0207B680022C3F8C82000BF0C37B1
:10DA3000BD465DF8047B704748A2052480B582B0DE
:10DA400000AF78600B46FB70FB78002B02D0786843
:10DA5000FFF79CFF7868FFF7B7FF00BF0837BD46A8
:10DA600080BD000080B588B000AFF8607A601A46CB
:10DA70000B46FB721346BB72BB7A9BB21946F86821
:10DA8000FFF79DFE78617B69002B25D0FB7A03F0C0
:10DA90003F03DAB27B69DA717B69BA7A9A717B6982
:10DAA0009B887B830023FB6110E07A68FB691A4442
:10DAB0007B8B11780E4AD1547B8B01337B837B8B1C
:10DAC000C3F309037B83FB690133FB61BB7AFA690A
:10DAD0009A42EAD3012307E0FB68D3F8CC305A1C02
:10DAE000FB68C3F8CC20002318462037BD4680BD14
:10DAF000489E052480B483B000AF78600B46FB706D
:10DB00007B6893F8E2300F2B0AD87B68B3F8DC30DF
:10DB10001A46FB78C3F580639A4201D8012300E0DE
:10DB2000002303F00103DBB218460C37BD465DF855
:10DB3000047B704780B489B000AF78607B6893F84D
:10DB4000E7207B6893F8E630D31AFB747B6893F880
:10DB5000E4301A4613465B0013449B007A68134472
:10DB6000BB611E4B1A68BB691B68D31A7B617B685B
:10DB700093F8E430FB770023BB7723E0174B196859
:10DB8000FA7F786813465B0013449B0003441B68CC
:10DB9000CB1AFB60FA687B699A4209D9FB687B6102
:10DBA000FA7F13465B0013449B007A681344BB6101
:10DBB000FB7F0133FB77FB7F03F00F03FB77BB7F1A
:10DBC0000133BB77BA7FFB7C9A42D7D3BB69184637
:10DBD0002437BD465DF8047B704700BF48A205248A
:10DBE00080B588B000AF78607B6893F8FB317B77B5
:10DBF0007B68EC33BB617B6893F8FE31FB757B6817
:10DC000093F8FC31BB75524B1A687B68C3F8C4208B
:10DC10007B7FFE2B53D0FF2B5CD17B6893F8E630E3
:10DC2000BA7DD31A7B75BB691A78BB7DD31A3B7555
:10DC30007B6893F8E7207B6893F8E630D31AFB748F
:10DC40007A7DFB7C9A4232D87B68BA7D83F8E620E5
:10DC50000023FB7705E07868FFF779FDFB7F013350
:10DC6000FB77FA7F7B7D9A42F5D37B6893F8E430AB
:10DC7000BB770023FB7715E0BA7F13465B001344A4
:10DC80009B007A681344FB60F9687868FFF730FE00
:10DC9000BB7F0133BB77BB7F03F00F03BB77FB7FF9
:10DCA0000133FB77FA7F3B7D9A42E5D34CE07B68FA
:10DCB000D3F8D0305A1C7B68C3F8D02044E07B688E
:10DCC000D3F8D8305A1C7B68C3F8D8207868FFF79F
:10DCD0007BFE39E097F91D30002B29DA1C4B1A68BE
:10DCE0007B68C3F8C8207B6893F8E830BA7D9A4215
:10DCF00016D17B6893F8E8300133DAB27B6883F899
:10DD0000E8207868FFF71AFE7B7F03F03F03D8B264
:10DD10007B6893F80032FA7DB96900F03FFB12E0AE
:10DD20007B68D3F8D4305A1C7B68C3F8D4200AE04F
:10DD30007B7F03F03F03D8B27B6893F80032FA7D13
:10DD4000B96900F02BFB00BF00BF2037BD4680BD86
:10DD500048A2052480B584B000AF78600B46FB7004
:10DD60007B6893F8F831022B14D17B68002283F88A
:10DD7000F821FB78AA2B04D17B68012283F8F921D2
:10DD800010E1FB78552B00F008817B68002283F8B6
:10DD9000F92107E1FB78AA2B08D17B6893F8F831C9
:10DDA0000133DAB27B6883F8F82103E07B68002254
:10DDB00083F8F8217B6893F8F931092B00F2E880A9
:10DDC00001A252F823F000BF9FDF0108F1DD010836
:10DDD00041DE010863DE0108A1DE0108F1DE010871
:10DDE00005DF010821DF01083DDF01087BDF0108B5
:10DDF0007B68FA7883F8FB217B68002283F8FA219C
:10DE00007B6803F5F8731846FFF77DFB7B6803F525
:10DE1000F873FA7811461846FFF784FB97F9033038
:10DE2000002B04DA7B68022283F8F921BAE07B68D0
:10DE3000002283F8FC217B68032283F8F921B1E0FA
:10DE40007B68FA7883F8FC217B6803F5F873FA782D
:10DE500011461846FFF766FB7B68032283F8F92119
:10DE6000A0E07B68FA7883F8FD217B68FA7883F874
:10DE7000FE217B6803F5F873FA7811461846FFF720
:10DE800051FB7B6893F8FD31002B04D07B680422A2
:10DE900083F8F92186E07B68052283F8F92181E087
:10DEA0007B6893F8FA315A1CD1B27A6882F8FA1179
:10DEB0001A467B681344FA7883F8EC207B6803F5F4
:10DEC000F873FA7811461846FFF72CFB7B6893F835
:10DED000FD31013BDAB27B6883F8FD217B6893F862
:10DEE000FD31002B5DD17B68052283F8F92158E0D4
:10DEF000FB781A067B68C3F8EC217B68062283F85E
:10DF0000F9214FE07B68D3F8EC21FB781B041A431E
:10DF10007B68C3F8EC217B68072283F8F92141E094
:10DF20007B68D3F8EC21FB781B021A437B68C3F8AB
:10DF3000EC217B68082283F8F92133E07B68D3F871
:10DF4000EC21FB781A437B68C3F8EC217B6803F56E
:10DF5000F8731846FFF714FBF8607B68D3F8EC31D0
:10DF6000FA689A4204D07B68002283F8F92119E00C
:10DF70007B68092283F8F92114E0FB78552B02D144
:10DF80007868FFF72DFE7B68002283F8F92109E00D
:10DF90007B68002283F8F92104E000BF02E000BFA3
:10DFA00000E000BF1037BD4680BD00BF90B589B00E
:10DFB00000AFF860B9607A600023FB610AE0BA68DC
:10DFC000FB6913441B781946F868FFF7C3FEFB6929
:10DFD0000133FB61FA697B689A42F0D300F0FAF8EA
:10DFE0000346444A1360434B1A68FB68D3F8C430B5
:10DFF000D31A40F2E732934294BF01230023FB7609
:10E000003C4B1A68FB68D3F8C830D31A40F2E732A9
:10E01000934294BF01230023BB76FB6893F8E7206B
:10E02000FB6893F8E630D31A7B767B7E032B2AD8E5
:10E03000FB6893F8E2307A7E9A4224D27B7E1946BE
:10E04000F868FFF739FC78617B699B7903F10B0471
:10E05000FB6893F80032184600F080F803469C42B3
:10E0600034D8FB6893F8E7207B691A727969F868FD
:10E07000FFF73EFCFB6893F8E7300133DAB2FB6848
:10E0800083F8E72022E07B7E002B20D0FB7E002B54
:10E090001DD0F868FFF74EFD3861164B1A683B69D2
:10E0A0001B68D31AF92B12D93B699B7903F10B0436
:10E0B000FB6893F80032184600F050F803469C4283
:10E0C00005D83969F868FFF713FC00E000BF094B79
:10E0D0001A68FB68D3F8C030D31AFA2B05D9BB7E77
:10E0E000002B02D0F868FFF729FC00BF2437BD469B
:10E0F00090BD00BF48A2052480B582B000AF786013
:10E100000B46FB707B68002283F8F8217B680022B5
:10E1100083F8F9217B68FA7883F800227B68002273
:10E12000C3F8D0207B680022C3F8D4207B6800228B
:10E13000C3F8CC207B680022C3F8D8207B6800227B
:10E14000A3F8DE207B68002283F8E3207868FFF7DD
:10E150003BFC00BF0837BD4680BD000080B582B0E3
:10E1600000AF0346FB710448E4F71CFD0346184664
:10E170000837BD4680BD00BF0078004080B582B042
:10E1800000AF03460A46FB711346BB71FB79002BB7
:10E1900004D1BB7919460348E4F792FB00BF083766
:10E1A000BD4680BD0078004080B483B000AF034618
:10E1B000FB7100BF0C37BD465DF8047B704780B42F
:10E1C00083B000AF0346FB7100BF0C37BD465DF85E
:10E1D000047B704780B500AF06F030F9034618465F
:10E1E00080BD000080B582B000AF78600B46FB7048
:10E1F0007B68FA7811461846FFF77EFF7B6801219D
:10E200001846FFF71BFCFFF7E5FF02467B68C3F8E3
:10E2100004227B68002283F80C227B68012283F8A9
:10E220000D22FB78032B04D8FB7804497A6841F867
:10E23000232000BF0837BD4680BD00BF4CA2052487
:10E2400080B582B000AF78607A687B6893F800325E
:10E2500019461046FFF750FF7B6801211846FFF76B
:10E26000EDFBFFF7B7FF02467B68C3F804227B682B
:10E27000002283F80C2200BF0837BD4680BD80B461
:10E2800083B000AF786039607B683A68C3F80822D1
:10E2900000BF0C37BD465DF8047B704780B586B083
:10E2A00000AFF860B9607A60FB687A68B9681846B0
:10E2B000FFF77CFEFFF78EFF7861FB6893F8E23092
:10E2C000002B35D0FB6893F8E4301A4613465B0008
:10E2D00013449B00FA6813443B613B691B687A69ED
:10E2E000D31A40F6B83293421ED9FB6893F80C3229
:10E2F00083F00103DBB2002B1AD0FB68D3F808329D
:10E30000002B04D0FB68D3F80832F8689847FB6804
:10E31000012283F80C22FB6893F80D32002B07D002
:10E32000F868FFF78DFF03E0FB68002283F80C22FA
:10E33000FB687A69C3F8042200BF1837BD4680BD68
:10E3400080B584B000AFF8607A601A460B46FB7265
:10E350001346BB72FB68BA7A11461846FFF7CAFB30
:10E360000346002B05D0F868BB7AF97A7A68FFF784
:10E3700079FB00BF1037BD4680BD000080B483B07C
:10E3800000AF7860044A7B68136000BF0C37BD465D
:10E390005DF8047B704700BF5CA2052480B586B0A1
:10E3A00000AF396011461A460346FB710B46BB713C
:10E3B00013467B717B79032B34D87B791C4A52F846
:10E3C00023303B613B69002B2ED01A4B1B68002B7E
:10E3D00005D0184B1B68BA79F8793968984702F06C
:10E3E00003FAF86002F00AFAB86000237B6114E0D7
:10E3F0007B69DB00FA6813441B78FA799A4209D1E9
:10E400007B69DB00FA6813445B68BA79396838695C
:10E4100098470AE07B6901337B617A69BB689A425D
:10E42000E6DB02E000BF00E000BF1837BD4680BD5C
:10E430004CA205245CA2052480B500AF0322002174
:10E440000120FAF720FF0346044A13604FF481725B
:10E45000002103480EF0A6FE00BF80BD64A3052482
:10E4600060A205242DE9F04F85B000AFF860B960D7
:10E470007A60334B1E687B6800229846914642467C
:10E480004B464FF000004FF00001590141EAD261C4
:10E49000500102460B46B2EB080463EB09054FF04E
:10E4A00000024FF00003AB0043EA9473A20014464D
:10E4B0001D4614EB080A45EB090B4FF000024FF024
:10E4C00000034FEACB0343EA5A734FEACA0292466B
:10E4D0009B46504659464FF47A724FF00003E1F7DD
:10E4E00067FF02460B46134619463046FBF71AFAF9
:10E4F0000346012B1DD1134B93F80131002B18D08B
:10E50000FB68002B0FD0BB68002B0CD00D4B93F891
:10E5100000311A460B49F8680EF0EFFE094B93F8EC
:10E520000021BB681A70074B002283F801210123E8
:10E5300000E0002318461437BD46BDE8F08F00BF49
:10E5400064A3052460A2052480B5C6B000AF07F51A
:10E550008C73A3F58673186007F58C73A3F5887325
:10E56000196007F58C73A3F211131A700023C7F812
:10E570001431D7F8143107F11002D018D7F814313C
:10E58000C3F5807107F58C73A3F211131B78414A10
:10E590000EF0D8FC0246D7F814311344C7F81431F2
:10E5A000002387F813311FE0D7F8143107F1100268
:10E5B000D018D7F81431C3F5807197F8133107F5E7
:10E5C0008C72A2F58872126813441B78324A0EF0DE
:10E5D000B9FC0246D7F814311344C7F8143197F840
:10E5E0001331013387F8133107F58C73A3F211133C
:10E5F00097F813211B789A4203D2D7F81431FB2BDA
:10E60000D2D9D7F8143107F11002D018D7F8143145
:10E61000C3F58073214A19460EF094FC07F11003EC
:10E620001846F2F70DFB07F58C73A3F5887307F115
:10E6300010001B681A4A4FF480710EF083FC07F13A
:10E6400010031846F2F7FCFA07F58C73A3F21113C6
:10E650001A7807F58C73A3F58873196811480EF0C2
:10E660004CFE104A07F58C73A3F211131B7882F845
:10E6700000310C4B012283F801210B4B1868002359
:10E6800000220021FAF7AAFE00BF07F58C77BD46ED
:10E6900080BD00BF646F03088C6F0308946F03088C
:10E6A000986F030860A2052464A3052480B5C6B052
:10E6B00000AF07F58C73A3F58673186007F58C73AC
:10E6C000A3F58873196007F58C73A3F211131A7000
:10E6D0000023C7F81431D7F8143107F11002D0180D
:10E6E000D7F81431C3F5807107F58C73A3F21113B9
:10E6F0001B78414A0EF026FC0246D7F81431134429
:10E70000C7F81431002387F813311FE0D7F814310C
:10E7100007F11002D018D7F81431C3F5807197F8BB
:10E72000133107F58C72A2F58872126813441B78B6
:10E73000324A0EF007FC0246D7F814311344C7F8EA
:10E74000143197F81331013387F8133107F58C73BF
:10E75000A3F2111397F813211B789A4203D2D7F82A
:10E760001431FB2BD2D9D7F8143107F11002D0188D
:10E77000D7F81431C3F58073214A19460EF0E2FB35
:10E7800007F110031846F2F75BFA07F58C73A3F54F
:10E79000887307F110001B681A4A4FF480710EF05D
:10E7A000D1FB07F110031846F2F74AFA07F58C730C
:10E7B000A3F211131A7807F58C73A3F588731968FF
:10E7C00011480EF09AFD104A07F58C73A3F211134D
:10E7D0001B7882F800310C4B012283F801210B4B8E
:10E7E0001868002300220021FAF7F8FD00BF07F5A2
:10E7F0008C77BD4680BD00BFA86F03088C6F0308EF
:10E80000946F0308986F030860A2052464A305248D
:10E8100080B5C6B000AF07F58C73A3F5867318609A
:10E8200007F58C73A3F58873196007F58C73A3F251
:10E8300011131A700023C7F81431D7F8143107F1F7
:10E840001002D018D7F81431C3F5807107F58C7316
:10E85000A3F211131B78414A0EF074FB0246D7F85D
:10E8600014311344C7F81431002387F813311FE023
:10E87000D7F8143107F11002D018D7F81431C3F5C6
:10E88000807197F8133107F58C72A2F588721268BF
:10E8900013441B78324A0EF055FB0246D7F8143168
:10E8A0001344C7F8143197F81331013387F8133143
:10E8B00007F58C73A3F2111397F813211B789A4272
:10E8C00003D2D7F81431FB2BD2D9D7F8143107F182
:10E8D0001002D018D7F81431C3F58073214A1946B5
:10E8E0000EF030FB07F110031846F2F7A9F907F50F
:10E8F0008C73A3F5887307F110001B681A4A4FF454
:10E9000080710EF01FFB07F110031846F2F798F91B
:10E9100007F58C73A3F211131A7807F58C73A3F51E
:10E920008873196811480EF0E8FC104A07F58C73DB
:10E93000A3F211131B7882F800310C4B012283F8EB
:10E9400001210B4B1868002300220021FAF746FD35
:10E9500000BF07F58C77BD4680BD00BFD06F0308B0
:10E960008C6F0308946F0308986F030860A2052456
:10E9700064A3052480B5C6B000AF07F58C73A3F57A
:10E980008673186007F58C73A3F58873196007F513
:10E990008C73A3F211131A700023C7F81431D7F83F
:10E9A000143107F11002D018D7F81431C3F5807173
:10E9B00007F58C73A3F211131B78424A0EF0C2FACA
:10E9C0000246D7F814311344C7F81431002387F8EE
:10E9D00013311FE0D7F8143107F11002D018D7F81F
:10E9E0001431C3F5807197F8133107F58C72A2F5D5
:10E9F0008872126813441B78334A0EF0A3FA024659
:10EA0000D7F814311344C7F8143197F81331013390
:10EA100087F8133107F58C73A3F2111397F81321BC
:10EA20001B789A4203D2D7F81431FB2BD2D9D7F8EE
:10EA3000143107F11002D018D7F81431C3F58073E0
:10EA4000224A19460EF07EFA07F1100319462048B3
:10EA5000F2F7F6F807F58C73A3F5887307F1100049
:10EA60001B681C4A4FF480710EF06CFA07F110031A
:10EA700019461748F2F7E4F807F58C73A3F211135F
:10EA80001A7807F58C73A3F58873196812480EF08D
:10EA900034FC114A07F58C73A3F211131B7882F82A
:10EAA00000310D4B012283F801210C4B1868002323
:10EAB00000220021FAF792FC00BF07F58C77BD46D3
:10EAC00080BD00BFFC6F03088C6F0308946F0308C0
:10EAD00028700308986F030860A2052464A3052426
:10EAE00080B5C6B000AF07F58C73A3F586731860C8
:10EAF00007F58C73A3F58873196007F58C73A3F27F
:10EB000011131A700023C7F81431D7F8143107F124
:10EB10001002D018D7F81431C3F5807107F58C7343
:10EB2000A3F211131B78424A0EF00CFA0246D7F8F2
:10EB300014311344C7F81431002387F813311FE050
:10EB4000D7F8143107F11002D018D7F81431C3F5F3
:10EB5000807197F8133107F58C72A2F588721268EC
:10EB600013441B78334A0EF0EDF90246D7F81431FE
:10EB70001344C7F8143197F81331013387F8133170
:10EB800007F58C73A3F2111397F813211B789A429F
:10EB900003D2D7F81431FB2BD2D9D7F8143107F1AF
:10EBA0001002D018D7F81431C3F58073224A1946E1
:10EBB0000EF0C8F907F1100319462048F2F740F8A3
:10EBC00007F58C73A3F5887307F110001B681C4AC6
:10EBD0004FF480710EF0B6F907F11003194617488B
:10EBE000F2F72EF807F58C73A3F211131A7807F5D4
:10EBF0008C73A3F58873196812480EF07EFB114AD6
:10EC000007F58C73A3F211131B7882F800310D4BBA
:10EC1000012283F801210C4B1868002300220021F7
:10EC2000FAF7DCFB00BF07F58C77BD4680BD00BF5F
:10EC30002C7003088C6F0308946F03082870030876
:10EC4000986F030860A2052464A3052480B5C6B0AC
:10EC500000AF07F58C73A3F58673186007F58C7306
:10EC6000A3F58873196007F58C73A3F211131A705A
:10EC70000023C7F81431D7F8143107F11002D01867
:10EC8000D7F81431C3F5807107F58C73A3F2111313
:10EC90001B78424A0EF056F90246D7F81431134455
:10ECA000C7F81431002387F813311FE0D7F8143167
:10ECB00007F11002D018D7F81431C3F5807197F816
:10ECC000133107F58C72A2F58872126813441B7811
:10ECD000334A0EF037F90246D7F814311344C7F817
:10ECE000143197F81331013387F8133107F58C731A
:10ECF000A3F2111397F813211B789A4203D2D7F885
:10ED00001431FB2BD2D9D7F8143107F11002D018E7
:10ED1000D7F81431C3F58073224A19460EF012F960
:10ED200007F1100319462048F1F78AFF07F58C73A5
:10ED3000A3F5887307F110001B681C4A4FF480711B
:10ED40000EF000F907F1100319461748F1F778FFA4
:10ED500007F58C73A3F211131A7807F58C73A3F5DA
:10ED60008873196812480EF0C8FA114A07F58C73B7
:10ED7000A3F211131B7882F800310D4B012283F8A6
:10ED800001210C4B1868002300220021FAF726FB12
:10ED900000BF07F58C77BD4680BD00BF58700308E3
:10EDA0008C6F0308946F030828700308986F03089A
:10EDB00060A2052464A3052480B5C6B000AF07F5A2
:10EDC0008C73A3F58673186007F58C73A3F58873AD
:10EDD000196007F58C73A3F211131A700023C7F89A
:10EDE0001431D7F8143107F11002D018D7F81431C4
:10EDF000C3F5807107F58C73A3F211131B78424A97
:10EE00000EF0A0F80246D7F814311344C7F81431B5
:10EE1000002387F813311FE0D7F8143107F11002EF
:10EE2000D018D7F81431C3F5807197F8133107F56E
:10EE30008C72A2F58872126813441B78334A0EF064
:10EE400081F80246D7F814311344C7F8143197F803
:10EE50001331013387F8133107F58C73A3F21113C3
:10EE600097F813211B789A4203D2D7F81431FB2B61
:10EE7000D2D9D7F8143107F11002D018D7F81431CD
:10EE8000C3F58073224A19460EF05CF807F11003AF
:10EE900019462048F1F7D4FE07F58C73A3F5887363
:10EEA00007F110001B681C4A4FF480710EF04AF8FD
:10EEB00007F1100319461748F1F7C2FE07F58C73E6
:10EEC000A3F211131A7807F58C73A3F588731968E8
:10EED00012480EF012FA114A07F58C73A3F21113BF
:10EEE0001B7882F800310D4B012283F801210C4B75
:10EEF0001868002300220021FAF770FA00BF07F516
:10EF00008C77BD4680BD00BF8C7003088C6F0308F2
:10EF1000946F030828700308986F030860A2052403
:10EF200064A3052480B5C6B000AF07F58C73A3F5C4
:10EF30008673186007F58C73A3F58873196007F55D
:10EF40008C73A3F211131A700023C7F81431D7F889
:10EF5000143107F11002D018D7F81431C3F58071BD
:10EF600007F58C73A3F211131B78424A0DF0EAFFE8
:10EF70000246D7F814311344C7F81431002387F838
:10EF800013311FE0D7F8143107F11002D018D7F869
:10EF90001431C3F5807197F8133107F58C72A2F51F
:10EFA0008872126813441B78334A0DF0CBFF024677
:10EFB000D7F814311344C7F8143197F813310133DB
:10EFC00087F8133107F58C73A3F2111397F8132107
:10EFD0001B789A4203D2D7F81431FB2BD2D9D7F839
:10EFE000143107F11002D018D7F81431C3F580732B
:10EFF000224A19460DF0A6FF07F1100319462048D2
:10F00000F1F71EFE07F58C73A3F5887307F1100066
:10F010001B681C4A4FF480710DF094FF07F1100338
:10F0200019461748F1F70CFE07F58C73A3F211137C
:10F030001A7807F58C73A3F58873196812480EF0D7
:10F040005CF9114A07F58C73A3F211131B7882F84F
:10F0500000310D4B012283F801210C4B186800236D
:10F0600000220021FAF7BAF900BF07F58C77BD46F8
:10F0700080BD00BFC07003088C6F0308946F030845
:10F0800028700308986F030860A2052464A3052470
:10F0900080B5C6B000AF07F58C73A3F58673186012
:10F0A00007F58C73A3F58873196007F58C73A3F2C9
:10F0B00011131A700023C7F81431D7F8143107F16F
:10F0C0001002D018D7F81431C3F5807107F58C738E
:10F0D000A3F211131B78424A0DF034FF0246D7F811
:10F0E00014311344C7F81431002387F813311FE09B
:10F0F000D7F8143107F11002D018D7F81431C3F53E
:10F10000807197F8133107F58C72A2F58872126836
:10F1100013441B78334A0DF015FF0246D7F814311B
:10F120001344C7F8143197F81331013387F81331BA
:10F1300007F58C73A3F2111397F813211B789A42E9
:10F1400003D2D7F81431FB2BD2D9D7F8143107F1F9
:10F150001002D018D7F81431C3F58073224A19462B
:10F160000DF0F0FE07F1100319462048F1F768FD95
:10F1700007F58C73A3F5887307F110001B681C4A10
:10F180004FF480710DF0DEFE07F1100319461748A9
:10F19000F1F756FD07F58C73A3F211131A7807F5F2
:10F1A0008C73A3F58873196812480EF0A6F8114AFB
:10F1B00007F58C73A3F211131B7882F800310D4B05
:10F1C000012283F801210C4B186800230022002142
:10F1D000FAF704F900BF07F58C77BD4680BD00BF84
:10F1E000F47003088C6F0308946F030828700308F9
:10F1F000986F030860A2052464A3052480B5C6B0F7
:10F2000000AF07F58C73A3F58673186007F58C7350
:10F21000A3F58873196007F58C73A3F211131A70A4
:10F220000023C7F81431D7F8143107F11002D018B1
:10F23000D7F81431C3F5807107F58C73A3F211135D
:10F240001B78424A0DF07EFE0246D7F81431134473
:10F25000C7F81431002387F813311FE0D7F81431B1
:10F2600007F11002D018D7F81431C3F5807197F860
:10F27000133107F58C72A2F58872126813441B785B
:10F28000334A0DF05FFE0246D7F814311344C7F835
:10F29000143197F81331013387F8133107F58C7364
:10F2A000A3F2111397F813211B789A4203D2D7F8CF
:10F2B0001431FB2BD2D9D7F8143107F11002D01832
:10F2C000D7F81431C3F58073224A19460DF03AFE7F
:10F2D00007F1100319462048F1F7B2FC07F58C73CB
:10F2E000A3F5887307F110001B681C4A4FF4807166
:10F2F0000DF028FE07F1100319461748F1F7A0FC9E
:10F3000007F58C73A3F211131A7807F58C73A3F524
:10F310008873196812480DF0F0FF114A07F58C73D5
:10F32000A3F211131B7882F800310D4B012283F8F0
:10F3300001210C4B1868002300220021FAF74EF837
:10F3400000BF07F58C77BD4680BD00BF2471030860
:10F350008C6F0308946F030828700308986F0308E4
:10F3600060A2052464A3052480B5C6B000AF07F5EC
:10F370008C73A3F58673186007F58C73A3F58873F7
:10F38000196007F58C73A3F211131A700023C7F8E4
:10F390001431D7F8143107F11002D018D7F814310E
:10F3A000C3F5807107F58C73A3F211131B78424AE1
:10F3B0000DF0C8FD0246D7F814311344C7F81431D4
:10F3C000002387F813311FE0D7F8143107F110023A
:10F3D000D018D7F81431C3F5807197F8133107F5B9
:10F3E0008C72A2F58872126813441B78334A0DF0B0
:10F3F000A9FD0246D7F814311344C7F8143197F821
:10F400001331013387F8133107F58C73A3F211130D
:10F4100097F813211B789A4203D2D7F81431FB2BAB
:10F42000D2D9D7F8143107F11002D018D7F8143117
:10F43000C3F58073224A19460DF084FD07F11003CD
:10F4400019462048F1F7FCFB07F58C73A3F5887388
:10F4500007F110001B681C4A4FF480710DF072FD1B
:10F4600007F1100319461748F1F7EAFB07F58C730B
:10F47000A3F211131A7807F58C73A3F58873196832
:10F4800012480DF03AFF114A07F58C73A3F21113DD
:10F490001B7882F800310D4B012283F801210C4BBF
:10F4A0001868002300220021F9F798FF00BF07F534
:10F4B0008C77BD4680BD00BF507103088C6F030878
:10F4C000946F030828700308986F030860A205244E
:10F4D00064A3052480B5C6B000AF07F58C73A3F50F
:10F4E0008673186007F58C73A3F58873196007F5A8
:10F4F0008C73A3F211131A700023C7F81431D7F8D4
:10F50000143107F11002D018D7F81431C3F5807107
:10F5100007F58C73A3F211131B78424A0DF012FD0C
:10F520000246D7F814311344C7F81431002387F882
:10F5300013311FE0D7F8143107F11002D018D7F8B3
:10F540001431C3F5807197F8133107F58C72A2F569
:10F550008872126813441B78334A0DF0F3FC02469C
:10F56000D7F814311344C7F8143197F81331013325
:10F5700087F8133107F58C73A3F2111397F8132151
:10F580001B789A4203D2D7F81431FB2BD2D9D7F883
:10F59000143107F11002D018D7F81431C3F5807375
:10F5A000224A19460DF0CEFC07F1100319462048F7
:10F5B000F1F746FB07F58C73A3F5887307F110008C
:10F5C0001B681C4A4FF480710DF0BCFC07F110035E
:10F5D00019461748F1F734FB07F58C73A3F21113A2
:10F5E0001A7807F58C73A3F58873196812480DF023
:10F5F00084FE114A07F58C73A3F211131B7882F86D
:10F6000000310D4B012283F801210C4B18680023B7
:10F6100000220021F9F7E2FE00BF07F58C77BD4616
:10F6200080BD00BF787103088C6F0308946F0308D6
:10F6300028700308986F030860A2052464A30524BA
:10F6400080B5C6B000AF07F58C73A3F5867318605C
:10F6500007F58C73A3F58873196007F58C73A3F213
:10F6600011131A700023C7F81431D7F8143107F1B9
:10F670001002D018D7F81431C3F5807107F58C73D8
:10F68000A3F211131B78424A0DF05CFC0246D7F836
:10F6900014311344C7F81431002387F813311FE0E5
:10F6A000D7F8143107F11002D018D7F81431C3F588
:10F6B000807197F8133107F58C72A2F58872126881
:10F6C00013441B78334A0DF03DFC0246D7F8143141
:10F6D0001344C7F8143197F81331013387F8133105
:10F6E00007F58C73A3F2111397F813211B789A4234
:10F6F00003D2D7F81431FB2BD2D9D7F8143107F144
:10F700001002D018D7F81431C3F58073224A194675
:10F710000DF018FC07F1100319462048F1F790FA94
:10F7200007F58C73A3F5887307F110001B681C4A5A
:10F730004FF480710DF006FC07F1100319461748CD
:10F74000F1F77EFA07F58C73A3F211131A7807F517
:10F750008C73A3F58873196812480DF0CEFD114A19
:10F7600007F58C73A3F211131B7882F800310D4B4F
:10F77000012283F801210C4B18680023002200218C
:10F78000F9F72CFE00BF07F58C77BD4680BD00BFA2
:10F79000A87103088C6F0308946F0308287003088E
:10F7A000986F030860A2052464A3052480B5C6B041
:10F7B00000AF07F58C73A3F58673186007F58C739B
:10F7C000A3F58873196007F58C73A3F211131A70EF
:10F7D0000023C7F81431D7F8143107F11002D018FC
:10F7E000D7F81431C3F5807107F58C73A3F21113A8
:10F7F0001B78424A0DF0A6FB0246D7F81431134499
:10F80000C7F81431002387F813311FE0D7F81431FB
:10F8100007F11002D018D7F81431C3F5807197F8AA
:10F82000133107F58C72A2F58872126813441B78A5
:10F83000334A0DF087FB0246D7F814311344C7F85A
:10F84000143197F81331013387F8133107F58C73AE
:10F85000A3F2111397F813211B789A4203D2D7F819
:10F860001431FB2BD2D9D7F8143107F11002D0187C
:10F87000D7F81431C3F58073224A19460DF062FBA4
:10F8800007F1100319462048F1F7DAF907F58C73F0
:10F89000A3F5887307F110001B681C4A4FF48071B0
:10F8A0000DF050FB07F1100319461748F1F7C8F99E
:10F8B00007F58C73A3F211131A7807F58C73A3F56F
:10F8C0008873196812480DF018FD114A07F58C73FA
:10F8D000A3F211131B7882F800310D4B012283F83B
:10F8E00001210C4B1868002300220021F9F776FD56
:10F8F00000BF07F58C77BD4680BD00BFD0710308FF
:10F900008C6F0308946F030828700308986F03082E
:10F9100060A2052464A3052480B5C6B000AF07F536
:10F920008C73A3F58673186007F58C73A3F5887341
:10F93000196007F58C73A3F211131A700023C7F82E
:10F940001431D7F8143107F11002D018D7F8143158
:10F95000C3F5807107F58C73A3F211131B78424A2B
:10F960000DF0F0FA0246D7F814311344C7F81431F9
:10F97000002387F813311FE0D7F8143107F1100284
:10F98000D018D7F81431C3F5807197F8133107F503
:10F990008C72A2F58872126813441B78334A0DF0FA
:10F9A000D1FA0246D7F814311344C7F8143197F846
:10F9B0001331013387F8133107F58C73A3F2111358
:10F9C00097F813211B789A4203D2D7F81431FB2BF6
:10F9D000D2D9D7F8143107F11002D018D7F8143162
:10F9E000C3F58073224A19460DF0ACFA07F11003F3
:10F9F00019462048F1F724F907F58C73A3F58873AD
:10FA000007F110001B681C4A4FF480710DF09AFA40
:10FA100007F1100319461748F1F712F907F58C732F
:10FA2000A3F211131A7807F58C73A3F5887319687C
:10FA300012480DF062FC114A07F58C73A3F2111302
:10FA40001B7882F800310D4B012283F801210C4B09
:10FA50001868002300220021F9F7C0FC00BF07F559
:10FA60008C77BD4680BD00BFF47103088C6F03081E
:10FA7000946F030828700308986F030860A2052498
:10FA800064A3052480B5C6B000AF07F58C73A3F559
:10FA90008673186007F58C73A3F58873196007F5F2
:10FAA0008C73A3F211131A700023C7F81431D7F81E
:10FAB000143107F11002D018D7F81431C3F5807152
:10FAC00007F58C73A3F211131B78424A0DF03AFA32
:10FAD0000246D7F814311344C7F81431002387F8CD
:10FAE00013311FE0D7F8143107F11002D018D7F8FE
:10FAF0001431C3F5807197F8133107F58C72A2F5B4
:10FB00008872126813441B78334A0DF01BFA0246C0
:10FB1000D7F814311344C7F8143197F8133101336F
:10FB200087F8133107F58C73A3F2111397F813219B
:10FB30001B789A4203D2D7F81431FB2BD2D9D7F8CD
:10FB4000143107F11002D018D7F81431C3F58073BF
:10FB5000224A19460DF0F6F907F11003194620481C
:10FB6000F1F76EF807F58C73A3F5887307F11000B1
:10FB70001B681C4A4FF480710DF0E4F907F1100383
:10FB800019461748F1F75CF807F58C73A3F21113C7
:10FB90001A7807F58C73A3F58873196812480DF06D
:10FBA000ACFB114A07F58C73A3F211131B7882F892
:10FBB00000310D4B012283F801210C4B1868002302
:10FBC00000220021F9F70AFC00BF07F58C77BD463B
:10FBD00080BD00BF247203088C6F0308946F030874
:10FBE00028700308986F030860A2052464A3052405
:10FBF00080B5C6B000AF07F58C73A3F586731860A7
:10FC000007F58C73A3F58873196007F58C73A3F25D
:10FC100011131A700023C7F81431D7F8143107F103
:10FC20001002D018D7F81431C3F5807107F58C7322
:10FC3000A3F211131B78424A0DF084F90246D7F85B
:10FC400014311344C7F81431002387F813311FE02F
:10FC5000D7F8143107F11002D018D7F81431C3F5D2
:10FC6000807197F8133107F58C72A2F588721268CB
:10FC700013441B78334A0DF065F90246D7F8143166
:10FC80001344C7F8143197F81331013387F813314F
:10FC900007F58C73A3F2111397F813211B789A427E
:10FCA00003D2D7F81431FB2BD2D9D7F8143107F18E
:10FCB0001002D018D7F81431C3F58073224A1946C0
:10FCC0000DF040F907F1100319462048F0F7B8FF8E
:10FCD00007F58C73A3F5887307F110001B681C4AA5
:10FCE0004FF480710DF02EF907F1100319461748F3
:10FCF000F0F7A6FF07F58C73A3F211131A7807F536
:10FD00008C73A3F58873196812480DF0F6FA114A3E
:10FD100007F58C73A3F211131B7882F800310D4B99
:10FD2000012283F801210C4B1868002300220021D6
:10FD3000F9F754FB00BF07F58C77BD4680BD00BFC7
:10FD4000507203088C6F0308946F0308287003082F
:10FD5000986F030860A2052464A3052480B5C6B08B
:10FD600000AF07F58C73A3F58673186007F58C73E5
:10FD7000A3F58873196007F58C73A3F211131A7039
:10FD80000023C7F81431D7F8143107F11002D01846
:10FD9000D7F81431C3F5807107F58C73A3F21113F2
:10FDA0001B78424A0DF0CEF80246D7F814311344BE
:10FDB000C7F81431002387F813311FE0D7F8143146
:10FDC00007F11002D018D7F81431C3F5807197F8F5
:10FDD000133107F58C72A2F58872126813441B78F0
:10FDE000334A0DF0AFF80246D7F814311344C7F880
:10FDF000143197F81331013387F8133107F58C73F9
:10FE0000A3F2111397F813211B789A4203D2D7F863
:10FE10001431FB2BD2D9D7F8143107F11002D018C6
:10FE2000D7F81431C3F58073224A19460DF08AF8C9
:10FE300007F1100319462048F0F702FF07F58C730D
:10FE4000A3F5887307F110001B681C4A4FF48071FA
:10FE50000DF078F807F1100319461748F0F7F0FE97
:10FE600007F58C73A3F211131A7807F58C73A3F5B9
:10FE70008873196812480DF040FA114A07F58C731F
:10FE8000A3F211131B7882F800310D4B012283F885
:10FE900001210C4B1868002300220021F9F79EFA7B
:10FEA00000BF07F58C77BD4680BD00BF7C7203089C
:10FEB0008C6F0308946F030828700308986F030879
:10FEC00060A2052464A3052480B5C6B000AF07F581
:10FED0008C73A3F58673186007F58C73A3F588738C
:10FEE000196007F58C73A3F211131A700023C7F879
:10FEF0001431D7F8143107F11002D018D7F81431A3
:10FF0000C3F5807107F58C73A3F211131B78324A85
:10FF10000DF018F80246D7F814311344C7F814311D
:10FF2000002387F813311FE0D7F8143107F11002CE
:10FF3000D018D7F81431C3F5807197F8133107F54D
:10FF40008C72A2F58872126813441B78234A0CF055
:10FF5000F9FF0246D7F814311344C7F8143197F863
:10FF60001331013387F8133107F58C73A3F21113A2
:10FF700097F813211B789A4203D2D7F81431FB2B40
:10FF8000D2D9D7F8143107F11002D018D7F81431AC
:10FF9000C3F58073124A19460CF0D4FF07F1100321
:10FFA00019461048F0F74CFE07F58C73A3F58873DB
:10FFB00007F110001B680C4A4FF480710CF0C2FF6F
:10FFC00007F1100319460748F0F73AFE00BF07F59E
:10FFD0008C77BD4680BD00BFA47203088C6F0308F8
:10FFE000946F030828700308986F030880B5C6B0A3
:10FFF00000AF07F58C73A3F58673186007F58C7353
:020000040802F0
:10000000A3F58873196007F58C73A3F211131A70A6
:100010000023C7F81431D7F8143107F11002D018B3
:10002000D7F81431C3F5807107F58C73A3F211135F
:100030001B78324A0CF086FF0246D7F8143113447D
:10004000C7F81431002387F813311FE0D7F81431B3
:1000500007F11002D018D7F81431C3F5807197F862
:10006000133107F58C72A2F58872126813441B785D
:10007000234A0CF067FF0246D7F814311344C7F83F
:10008000143197F81331013387F8133107F58C7366
:10009000A3F2111397F813211B789A4203D2D7F8D1
:1000A0001431FB2BD2D9D7F8143107F11002D01834
:1000B000D7F81431C3F58073124A19460CF042FF89
:1000C00007F1100319461048F0F7BAFD07F58C73D5
:1000D000A3F5887307F110001B680C4A4FF4807178
:1000E0000CF030FF07F1100319460748F0F7A8FDA0
:1000F00000BF07F58C77BD4680BD00BFC472030802
:100100008C6F0308946F030828700308986F030826
:1001100080B5C6B000AF07F58C73A3F58673186081
:1001200007F58C73A3F58873196007F58C73A3F238
:1001300011131A700023C7F81431D7F8143107F1DE
:100140001002D018D7F81431C3F5807107F58C73FD
:10015000A3F211131B78324A0CF0F4FE0246D7F8D2
:1001600014311344C7F81431002387F813311FE00A
:10017000D7F8143107F11002D018D7F81431C3F5AD
:10018000807197F8133107F58C72A2F588721268A6
:1001900013441B78234A0CF0D5FE0246D7F81431DD
:1001A0001344C7F8143197F81331013387F813312A
:1001B00007F58C73A3F2111397F813211B789A4259
:1001C00003D2D7F81431FB2BD2D9D7F8143107F169
:1001D0001002D018D7F81431C3F58073124A1946AB
:1001E0000CF0B0FE07F1100319461048F0F728FD97
:1001F00007F58C73A3F5887307F110001B680C4A90
:100200004FF480710CF09EFE07F110031946074869
:10021000F0F716FD00BF07F58C77BD4680BD00BF27
:10022000E47203088C6F0308946F030828700308B6
:10023000986F030880B5C6B000AF07F58C73A3F5BF
:100240008673186007F58C73A3F58873196007F53A
:100250008C73A3F211131A700023C7F81431D7F866
:10026000143107F11002D018D7F81431C3F580719A
:1002700007F58C73A3F211131B78324A0CF062FE5F
:100280000246D7F814311344C7F81431002387F815
:1002900013311FE0D7F8143107F11002D018D7F846
:1002A0001431C3F5807197F8133107F58C72A2F5FC
:1002B0008872126813441B78234A0CF043FE0246EE
:1002C000D7F814311344C7F8143197F813310133B8
:1002D00087F8133107F58C73A3F2111397F81321E4
:1002E0001B789A4203D2D7F81431FB2BD2D9D7F816
:1002F000143107F11002D018D7F81431C3F5807308
:10030000124A19460CF01EFE07F110031946104858
:10031000F0F796FC07F58C73A3F5887307F11000CE
:100320001B680C4A4FF480710CF00CFE07F11003AF
:1003300019460748F0F784FC00BF07F58C77BD46E7
:1003400080BD00BF087303088C6F0308946F030817
:1003500028700308986F030880B5C6B000AF07F592
:100360008C73A3F58673186007F58C73A3F58873F7
:10037000196007F58C73A3F211131A700023C7F8E4
:100380001431D7F8143107F11002D018D7F814310E
:10039000C3F5807107F58C73A3F211131B78324AF1
:1003A0000CF0D0FD0246D7F814311344C7F81431CD
:1003B000002387F813311FE0D7F8143107F110023A
:1003C000D018D7F81431C3F5807197F8133107F5B9
:1003D0008C72A2F58872126813441B78234A0CF0C1
:1003E000B1FD0246D7F814311344C7F8143197F819
:1003F0001331013387F8133107F58C73A3F211130E
:1004000097F813211B789A4203D2D7F81431FB2BAB
:10041000D2D9D7F8143107F11002D018D7F8143117
:10042000C3F58073124A19460CF08CFD07F11003D6
:1004300019461048F0F704FC07F58C73A3F5887390
:1004400007F110001B680C4A4FF480710CF07AFD24
:1004500007F1100319460748F0F7F2FB00BF07F554
:100460008C77BD4680BD00BF2C7303088C6F0308DA
:10047000946F030828700308986F030880B5C6B00E
:1004800000AF07F58C73A3F58673186007F58C73BE
:10049000A3F58873196007F58C73A3F211131A7012
:1004A0000023C7F81431D7F8143107F11002D0181F
:1004B000D7F81431C3F5807107F58C73A3F21113CB
:1004C0001B78324A0CF03EFD0246D7F81431134433
:1004D000C7F81431002387F813311FE0D7F814311F
:1004E00007F11002D018D7F81431C3F5807197F8CE
:1004F000133107F58C72A2F58872126813441B78C9
:10050000234A0CF01FFD0246D7F814311344C7F8F4
:10051000143197F81331013387F8133107F58C73D1
:10052000A3F2111397F813211B789A4203D2D7F83C
:100530001431FB2BD2D9D7F8143107F11002D0189F
:10054000D7F81431C3F58073124A19460CF0FAFC3F
:1005500007F1100319461048F0F772FB07F58C738A
:10056000A3F5887307F110001B680C4A4FF48071E3
:100570000CF0E8FC07F1100319460748F0F760FBA0
:1005800000BF07F58C77BD4680BD00BF50730308E0
:100590008C6F0308946F030828700308986F030892
:1005A00080B5C6B000AF07F58C73A3F586731860ED
:1005B00007F58C73A3F58873196007F58C73A3F2A4
:1005C00011131A700023C7F81431D7F8143107F14A
:1005D0001002D018D7F81431C3F5807107F58C7369
:1005E000A3F211131B78324A0CF0ACFC0246D7F888
:1005F00014311344C7F81431002387F813311FE076
:10060000D7F8143107F11002D018D7F81431C3F518
:10061000807197F8133107F58C72A2F58872126811
:1006200013441B78234A0CF08DFC0246D7F8143192
:100630001344C7F8143197F81331013387F8133195
:1006400007F58C73A3F2111397F813211B789A42C4
:1006500003D2D7F81431FB2BD2D9D7F8143107F1D4
:100660001002D018D7F81431C3F58073124A194616
:100670000CF068FC07F1100319461048F0F7E0FA97
:1006800007F58C73A3F5887307F110001B680C4AFB
:100690004FF480710CF056FC07F11003194607481F
:1006A000F0F7CEFA00BF07F58C77BD4680BD00BFDE
:1006B000747303088C6F0308946F03082870030891
:1006C000986F030880B5C6B000AF07F58C73A3F52B
:1006D0008673186007F58C73A3F58873196007F5A6
:1006E0008C73A3F211131A700023C7F81431D7F8D2
:1006F000143107F11002D018D7F81431C3F5807106
:1007000007F58C73A3F211131B78324A0CF01AFC14
:100710000246D7F814311344C7F81431002387F880
:1007200013311FE0D7F8143107F11002D018D7F8B1
:100730001431C3F5807197F8133107F58C72A2F567
:100740008872126813441B78234A0CF0FBFB0246A4
:10075000D7F814311344C7F8143197F81331013323
:1007600087F8133107F58C73A3F2111397F813214F
:100770001B789A4203D2D7F81431FB2BD2D9D7F881
:10078000143107F11002D018D7F81431C3F5807373
:10079000124A19460CF0D6FB07F11003194610480F
:1007A000F0F74EFA07F58C73A3F5887307F1100084
:1007B0001B680C4A4FF480710CF0C4FB07F1100366
:1007C00019460748F0F73CFA00BF07F58C77BD469D
:1007D00080BD00BF987303088C6F0308946F0308F3
:1007E00028700308986F030880B400AF024B1846C6
:1007F000BD465DF8047B7047A084030880B400AF59
:100800001A231846BD465DF8047B704780B582B058
:1008100000AF78607B68002B01D1012303E078688A
:1008200000F016F8002318460837BD4680BD80B595
:1008300082B000AF786039600222002138680CF085
:10084000B1FC3B6800221A8000BF0837BD4680BD5E
:1008500080B582B000AF78607B68002B23D07B68C6
:1008600004334FF4A052002118460CF09BFC7B6827
:1008700000221A707B6803F580530022A3F8062437
:100880007B6803F580530022A3F804247B680022D0
:100890005A807B6803F580530022A3F808247B6804
:1008A00000225A7000E000BF0837BD4680BD80B40A
:1008B00085B000AF03460A46FB8013467B717B7907
:1008C0001BB21B021AB2B7F9063053401BB2FB80B1
:1008D0000023FB7313E0B7F90630002B09DAB7F9F0
:1008E00006305B001AB241F2210353401BB2FB8079
:1008F00002E0FB885B00FB80FB7B0133FB73FB7B2F
:10090000072BE8D9FB8818461437BD465DF8047BF1
:10091000704780B582B000AF78600B46FB707B6893
:100920001B88FA7811461846FFF7C1FF03461A469E
:100930007B681A8000BF0837BD4680BD80B483B095
:1009400000AF78607B681B8818460C37BD465DF8A1
:10095000047B704780B485B000AF78600923FB73D7
:100960007B681B78082B37D801A252F823F000BF10
:10097000950902089B090208A1090208A7090208B3
:10098000AD090208C1090208C7090208CD09020819
:10099000D30902080123FB731FE00223FB731CE051
:1009A0000323FB7319E00423FB7316E07B685B8869
:1009B000002B02D00523FB730FE00623FB730CE032
:1009C0000623FB7309E00723FB7306E00823FB7390
:1009D00003E00023FB7300E000BFFB7B092B08D082
:1009E0007B68FA7B1A707B6803F580530022A3F8BA
:1009F000042400BF1437BD465DF8047B704700BF78
:100A000080B584B000AF786039600023FB730023A9
:100A1000BB737B68002B02D03B68002B01D1012304
:100A20005AE13B681B78FB737B681B78082B00F24C
:100A30003E8101A252F823F05D0A0208890A0208E9
:100A4000A50A0208D10A0208FD0A0208390B0208A9
:100A5000BD0B0208650C0208870C0208FB7BC02B4B
:100A600040F02C819E4800F0A9FA7868FFF7F0FE6C
:100A70007A6841F20643134419467868FFF7D7FEB7
:100A80007868FFF767FF19E1FB7BDE2B06D19548FD
:100A900000F094FA7868FFF75DFF14E17868FFF7DB
:100AA000D7FE10E17B68FA7B5A70FB7BFA7B194614
:100AB0008D4800F083FA7A6841F206431344FA7BCA
:100AC00011461846FFF725FF7868FFF743FFFAE065
:100AD000FB7B1946854800F071FA7A6841F20643BB
:100AE0001344FA7B11461846FFF713FFFB7B9AB2BB
:100AF0007B685A807868FFF72DFFE4E0FB7B19469E
:100B00007B4800F05BFA7A6841F206431344FA7BB3
:100B100011461846FFF7FDFE7B685B881AB2FB7B27
:100B20001BB21B021BB213431BB29AB27B685A80E2
:100B30007868FFF70FFFC6E07B6803F58053B3F8D2
:100B40000434B3F5A05F32D27B6803F58053B3F869
:100B50000434591EFA7BFB7B664800F02FFA7B6851
:100B600003F58053B3F804345A1C91B27A6802F545
:100B70008052A2F804141A467B681344FA7B1A7157
:100B80007A6841F206431344FA7B11461846FFF790
:100B9000C0FE7B6803F58053B3F804247B685B8850
:100BA0009A4240F08D807868FFF7D4FE88E078683C
:100BB000FFF74EFE0723BB73BB7B8DE07B6803F51D
:100BC0008053B3F80434012B23D87B6803F580539A
:100BD000B3F808341AB2F97B7B6803F58053B3F895
:100BE0000434DB0001FA03F31BB213431BB29AB2C5
:100BF0007B6803F58053A3F808247B6803F58053D2
:100C0000B3F8043401339AB27B6803F58053A3F838
:100C100004247B6803F58053B3F80434022B51D1CC
:100C20007A6841F2064313441846FFF787FE0346ED
:100C3000BB817B6803F58053B3F80834BA899A42C4
:100C400006D12D4800F0BAF97868FFF783FE39E045
:100C50002A4800F0B3F97868FFF7FAFD0423BB7364
:100C6000BB7B39E0FB7BDA2B06D1254800F0A6F9E7
:100C70007868FFF76FFE26E07868FFF7E9FD052347
:100C8000BB73BB7B28E0FB7BED2B09D11D4800F03B
:100C900095F90323BB737868FFF75CFEBB7B1BE011
:100CA0007868FFF7D5FD0523BB73BB7B14E078683C
:100CB000FFF7CEFD0123BB73BB7B0DE000BF02E05D
:100CC00000BF00E000BF7B681B78002B01D106232A
:100CD00000E00223BB73BB7B18461037BD4680BDC6
:100CE000B8730308C0730308C8730308D8730308F4
:100CF000E4730308F47303080C7403081474030802
:100D0000247403082C74030880B58AB000AFF8601F
:100D10007A601A460B46FB7213463B81002387F824
:100D200025303B897B847B68FB61FB68002B01D10C
:100D3000012391E03B8909337B8300F02DF90346C1
:100D40001A467B8B934201D9072385E007F11403F0
:100D50001946F868FFF76BFDC023FB7407F1130316
:100D6000184600F0E5F8DE23FB7407F1130318467C
:100D700000F0DEF8FB7AFB7407F11303184600F06D
:100D8000D7F8FA7C07F1140311461846FFF7C1FDA6
:100D90003B89DBB2FB7407F11303184600F0C8F877
:100DA000FA7C07F1140311461846FFF7B2FD3B89A0
:100DB0001B0A9BB2DBB2FB7407F11303184600F069
:100DC000B7F8FA7C07F1140311461846FFF7A1FDA6
:100DD0000023FB8413E0FB8CFA6913441B78FB743B
:100DE00007F11303184600F0A3F8FA7C07F1140387
:100DF00011461846FFF78DFDFB8C0133FB84FA8CFE
:100E00007B8C9A42E7D307F114031846FFF796FD4F
:100E100003463B833B8BDBB2FB7407F1130318469D
:100E200000F086F83B8B1B0A9BB2DBB2FB7407F128
:100E30001303184600F07CF8DA23FB7407F1130360
:100E4000184600F075F8ED23FB7407F113031846FC
:100E500000F06EF897F8253018462837BD4680BD5B
:100E600080B586B000AF78600023BB7300F09EF8B9
:100E7000786107F10E03184600F06EF838617B6860
:100E8000002B01D101234BE03B69002B2AD107F154
:100E90000E0319467868FFF7B3FD0346FB73FB7B2F
:100EA000032B13D17B6803F580531A467B69C2F884
:100EB0000C341D4800F082F87B6859787B681A1D55
:100EC0007B685B887868EAF7D9FB09E0FB7B022B3B
:100ED00006D17B6803F580531A467B69C2F80C344F
:100EE000FB7B1DE07B681B78002B18D07B6803F52B
:100EF0008053D3F80C347A69D31AB3F5967F0ED9A0
:100F00000A4800F05BF87868FFF7A2FC7B6803F5FD
:100F100080531A467B69C2F80C34082300E006238C
:100F200018461837BD4680BD34740308447403085E
:100F300080B582B000AF78607B68002B06D07B68FC
:100F40001B7819460348E1F7BBFC00E000BF0837F7
:100F5000BD4680BD0044004080B584B000AF7860DD
:100F60007B68002B02D14FF0FF330EE00948E1F718
:100F7000E1FDF860FB68002B05DBFB68DAB27B68FB
:100F80001A70002301E04FF0FF3318461037BD46BA
:100F900080BD00BF0044004080B500AF0248E1F7CB
:100FA00001FE0346184680BD0044004080B500AFF6
:100FB000EFF73AFE0346184680BD00000FB480B537
:100FC000C2B000AF07F58A7207F58473A3F5827388
:100FD0001A6007F58473A3F5827307F108001B6894
:100FE000D7F810214FF480710CF0A4F80A490B488F
:100FF000E1F79CFC07F1080319460848E1F796FC65
:1010000007490648E1F792FC00BF07F58477BD4623
:10101000BDE8804004B070476474030800100140CC
:101020007074030880B400AF494BD3F88830484A45
:1010300043F47003C2F88830454B1B69444A43F0BF
:1010400010031361434B1B6803F00F03062B07D8F3
:10105000404B1B6823F00F033E4A43F00703136025
:101060003D4B1B683C4A43F0010313603A4B00229E
:101070001A61394B1A683849384B13400B60354BAD
:101080001B6803F00803002B07D0324B1B6823F0CA
:101090000F03304A43F0070313602F4B00229A617D
:1010A0002D4B0022DA612C4B00221A622A4B2C4A6B
:1010B0009A62294B2B4ADA62274B2B4A1A63264B3A
:1010C00000225A63244B284A9A63234B0022DA6396
:1010D000214B254A1A64204B00225A641E4B1B6880
:1010E0001D4A23F4802313601B4B00221A661F4BFA
:1010F0005B6A1E4A43F4804353621D4B1A681D4BC2
:101100001340B3F1005F02D21B4B01221A60124B55
:10111000D3F8D43003F48053002B13D10E4BD3F803
:10112000D4300D4A43F48053C2F8D430134B43F209
:10113000D2021A60084BD3F8D430074A23F4805304
:10114000C2F8D43000BFBD465DF8047B704700BFD5
:1011500000ED00E000200052004402587FEDF6EA66
:10116000000202020000FF0180020101C0000058DD
:101170000010005C0000FFFF088100510040005299
:1011800080B400AF0A4BDB6823F00603084A43F043
:101190000203D36000BF064B5B6803F40053002BCF
:1011A000F9D000BF00BFBD465DF8047B704700BFAB
:1011B0000048025880B400AF044BDB681B0A03F000
:1011C00007031846BD465DF8047B704700ED00E05C
:1011D00080B483B000AF0346FB80B7F90630002B24
:1011E0000BDBFB8803F01F020749B7F906305B09E8
:1011F000012000FA02F241F8232000BF0C37BD465F
:101200005DF8047B704700BF00E100E080B483B06C
:1012100000AF03463960FB80B7F90630002B0ADBCC
:101220003B68DAB20C49B7F906301201D2B20B446E
:1012300083F800230AE03B68DAB20849FB8803F030
:101240000F03043B1201D2B20B441A7600BF0C37D5
:10125000BD465DF8047B704700E100E000ED00E072
:1012600080B489B000AFF860B9607A60FB6803F0C1
:101270000703FB61FB69C3F10703042B28BF0423A9
:10128000BB61FB690433062B02D9FB69033B00E019
:1012900000237B614FF0FF32BB6902FA03F3DA43AC
:1012A000BB681A407B699A404FF0FF317B6901FAB5
:1012B00003F3D9437B680B40134318462437BD46DC
:1012C0005DF8047B704780B483B000AF78607B68C2
:1012D0001B6823F001027B681A6000BF0C37BD4613
:1012E0005DF8047B704780B483B000AF78607B68A2
:1012F0001B6823F400327B681A6000BF0C37BD46C0
:101300005DF8047B704780B483B000AF78607B6881
:101310001B6823F400227B681A6000BF0C37BD46AF
:101320005DF8047B7047000080B485B000AFF860C2
:10133000B9607A60FB68DA68064B1340B9687A686E
:101340000A431A43FB68DA6000BF1437BD465DF8F4
:10135000047B704701F8FFFF80B483B000AF786072
:101360007B68DB6823F400427B68DA6000BF0C37DF
:10137000BD465DF8047B704780B483B000AF7860F1
:101380007B685B6843F000727B685A6000BF0C3773
:10139000BD465DF8047B704780B483B000AF7860D1
:1013A0007B681B6843F001027B681A6000BF0C3742
:1013B000BD465DF8047B704780B483B000AF7860B1
:1013C0007B681B6843F400727B681A6000BF0C37AF
:1013D000BD465DF8047B704780B483B000AF786091
:1013E00039607B68DB6823F460123B681A437B68D2
:1013F000DA6000BF0C37BD465DF8047B704780B4EF
:1014000083B000AF786039607B689B6823F4F0722A
:101410003B681A437B689A6000BF0C37BD465DF895
:10142000047B704780B483B000AF78607B68DB6872
:1014300043F080427B68DA6000BF0C37BD465DF840
:10144000047B704780B483B000AF78607B68DB6852
:1014500023F080427B68DA6000BF0C37BD465DF840
:10146000047B704780B483B000AF78607B681B68F2
:1014700043F001027B681A6000BF0C37BD465DF87F
:10148000047B704780B483B000AF78607B681B68D2
:1014900023F002027B681A6000BF0C37BD465DF87E
:1014A000047B704780B483B000AF78607B681B68B2
:1014B00023F080027B681A6000BF0C37BD465DF8E0
:1014C000047B704780B483B000AF786039607B687C
:1014D0009A68064B13403A681A437B689A6000BFCB
:1014E0000C37BD465DF8047B704700BFF8BFFEFFB8
:1014F00080B483B000AF786039607B685B6823F0AC
:1015000070023B681A437B685A6000BF0C37BD46C7
:101510005DF8047B704780B483B000AF78603960B9
:101520007B685B6823F470023B681A437B685A60EF
:1015300000BF0C37BD465DF8047B704780B483B0B4
:1015400000AF78607B689B6823F080027B689A60BC
:1015500000BF0C37BD465DF8047B704780B483B094
:1015600000AF78607B68DB6843F001027B68DA607B
:1015700000BF0C37BD465DF8047B704780B483B074
:1015800000AF78607B681B6843F001027B681A60DB
:1015900000BF0C37BD465DF8047B704780B483B054
:1015A00000AF78607B681B6823F000527B681A608C
:1015B00000BF0C37BD465DF8047B704780B489B02E
:1015C00000AF786039607B680833FB60FB6853E8E4
:1015D000003FBB60BB6823F060423B685B0713437E
:1015E000FB617B680833FA69BA617B617969BA6922
:1015F00041E800233B613B69002BE4D100BF00BF01
:101600002437BD465DF8047B704780B489B000AFD5
:10161000786039607B680833FB60FB6853E8003F03
:10162000BB60BB6823F060623B685B061343FB61F1
:101630007B680833FA69BA617B617969BA6941E804
:1016400000233B613B69002BE4D100BF00BF24377E
:10165000BD465DF8047B704780B483B000AF78600E
:101660007B685B6823F490427B685A607B689B6868
:1016700023F02A027B689A6000BF0C37BD465DF8F4
:10168000047B704780B483B000AF78607B68DB690F
:1016900003F04003402B01D1012300E00023184652
:1016A0000C37BD465DF8047B704780B483B000AF53
:1016B00078607B68DB6903F08003802B01D1012314
:1016C00000E0002318460C37BD465DF8047B7047E8
:1016D00080B483B000AF78607B68DB6903F40013EB
:1016E000B3F5001F01D1012300E0002318460C3799
:1016F000BD465DF8047B704780B483B000AF78606E
:101700007B68DB6903F48003B3F5800F01D101230B
:1017100000E0002318460C37BD465DF8047B704797
:1017200080B483B000AF78600B46FB70FA787B68BA
:101730009A6200BF0C37BD465DF8047B704780B4E9
:1017400083B000AF786039607B683A689A6100BF07
:101750000C37BD465DF8047B704780B483B000AFA2
:10176000786039603B681A047B689A6100BF0C3767
:10177000BD465DF8047B704780B485B000AF7860EB
:101780000A4BD3F8E02009497B681343C1F8E030E5
:10179000064BD3F8E0207B681340FB60FB6800BF7A
:1017A0001437BD465DF8047B704700BF0044025803
:1017B00080B485B000AF78600A4BD3F8E8200949BF
:1017C0007B681343C1F8E830064BD3F8E8207B6808
:1017D0001340FB60FB6800BF1437BD465DF8047B17
:1017E000704700BF0044025880B485B000AF7860F5
:1017F0000A4BD3F8F02009497B681343C1F8F03055
:10180000064BD3F8F0207B681340FB60FB6800BFF9
:101810001437BD465DF8047B704700BF0044025892
:1018200080B485B000AF78600A4BD3F8F420094942
:101830007B681343C1F8F430064BD3F8F4207B687F
:101840001340FB60FB6800BF1437BD465DF8047BA6
:10185000704700BF0044025880B487B000AFF86002
:10186000B9607A60FB687B610D4ABB6813441B78E2
:101870001A467B6913441B6823F0C0020849BB6801
:101880000B441B7819467B690B4419467B6813434C
:101890000B6000BF1C37BD465DF8047B704700BF7E
:1018A0008085030880B487B000AFF860B9607A60C3
:1018B000FB687B610D4ABB6813441B781A467B6941
:1018C00013441B6823F490720849BB680B441B78CF
:1018D00019467B690B4419467B6813430B6000BFB4
:1018E0001C37BD465DF8047B704700BF8085030848
:1018F00080B487B000AFF860B9607A60FB687B6144
:101900000D4ABB6813441B781A467B6913441B6855
:1019100023F400720849BB680B441B7819467B69A5
:101920000B4419467B6813430B6000BF1C37BD4650
:101930005DF8047B704700BF8085030880B487B0E2
:1019400000AFF860B9607A60FB687B610D4ABB68E4
:1019500013441B781A467B6913441B6823F4806286
:101960000849BB680B441B7819467B690B44194630
:101970007B6813430B6000BF1C37BD465DF8047BDA
:10198000704700BF8085030880B487B000AFF8605F
:10199000B9607A60FB687B610D4ABB6813441B78B1
:1019A0001A467B6913441B6823F4C0520849BB687C
:1019B0000B441B7819467B690B4419467B6813431B
:1019C0000B6000BF1C37BD465DF8047B704700BF4D
:1019D0008085030880B487B000AFF860B9607A6092
:1019E000FB687B610D4ABB6813441B781A467B6910
:1019F00013441B6823F4C0420849BB680B441B789E
:101A000019467B690B4419467B6813430B6000BF82
:101A10001C37BD465DF8047B704700BF8085030816
:101A200080B487B000AFF860B9607A60FB687B6112
:101A30000D4ABB6813441B781A467B6913441B6824
:101A400023F440320849BB680B441B7819467B6974
:101A50000B4419467B6813430B6000BF1C37BD461F
:101A60005DF8047B704700BF8085030880B485B0B3
:101A700000AFF860B9607A60BA68124B13449B00FB
:101A8000FA6811498A4201D1002200E02022134461
:101A90001B6823F0FF02B9680A4B0B449B00F968EE
:101AA0000948814201D1002100E020210B44194660
:101AB0007B6813430B6000BF1437BD465DF8047BA1
:101AC000704700BF008200100000024080B485B063
:101AD00000AF786039607B68FB600C4A3B68134458
:101AE0001B781A46FB6813445B6908493A680A4444
:101AF00012781146FA680A4423F00403536100BFC8
:101B00001437BD465DF8047B704700BF808503082D
:101B100080B487B000AFF860B9607A60FB687B6121
:101B20000D4ABB6813441B781A467B6913441A6834
:101B30000A4B13400849BA680A44127811467A6978
:101B40000A4411467A6813430B6000BF1C37BD4638
:101B50005DF8047B704700BF88850308EFBFFFFF77
:101B600080B487B000AFF860B9607A60FB687B61D1
:101B70000D4ABB6813441B781A467B6913441B68E3
:101B800023F020020849BB680B441B7819467B6987
:101B90000B4419467B6813430B6000BF1C37BD46DE
:101BA0005DF8047B704700BF8885030880B487B068
:101BB00000AFF860B9607A60FB687B610D4ABB6872
:101BC00013441B781A467B6913441B6823F04002B8
:101BD0000849BB680B441B7819467B690B441946BE
:101BE0007B6813430B6000BF1C37BD465DF8047B68
:101BF000704700BF8885030880B487B000AFF860E5
:101C0000B9607A60FB687B610D4ABB6813441B783E
:101C10001A467B6913441B6823F080020849BB689D
:101C20000B441B7819467B690B4419467B681343A8
:101C30000B6000BF1C37BD465DF8047B704700BFDA
:101C40008885030880B487B000AFF860B9607A6017
:101C5000FB687B610D4ABB6813441B781A467B699D
:101C600013441B6823F440720849BB680B441B787B
:101C700019467B690B4419467B6813430B6000BF10
:101C80001C37BD465DF8047B704700BF888503089C
:101C900080B487B000AFF860B9607A60FB687B61A0
:101CA0000D4ABB6813441B781A467B6913441B68B2
:101CB00023F440620849BB680B441B7819467B69D2
:101CC0000B4419467B6813430B6000BF1C37BD46AD
:101CD0005DF8047B704700BF8885030880B487B037
:101CE00000AFF860B9607A60FB687B610D4ABB6841
:101CF00013441B781A467B6913441B6823F4405233
:101D00000849BB680B441B7819467B690B4419468C
:101D10007B6813430B6000BF1C37BD465DF8047B36
:101D2000704700BF8885030880B485B000AFF860B5
:101D3000B9607A60BA680A4B13449B001B6823F0B1
:101D4000FF02B968064B0B449B0019467B6813439E
:101D50000B6000BF1437BD465DF8047B704700BFC1
:101D60000096001680B582B000AF78607868FFF703
:101D7000AAFA7B68044A934201D100F0E9FC00BF53
:101D80000837BD4680BD00BF0058004080B500AF99
:101D9000034803F067FB00F065FD00BF80BD00BF96
:101DA0006CA3052480B500AF024803F05BFB00BFC5
:101DB00080BD00BF6CA3052480B500AF00F052FDCC
:101DC00000BF80BDF0B5ADF56B7D00AF01F0D8FC74
:101DD0004FF6FF73C7F8A43300BFC24B1B6803F470
:101DE0000043002B06D0D7F8A4335A1EC7F8A4230B
:101DF000002BF2DCD7F8A433002B01DA01F0FEFC53
:101E000002F0CCFA00F028FCB64BD3F8E030B54A2B
:101E100043F00073C2F8E030B24BD3F8E03003F087
:101E2000007207F56A73A3F56A731A6007F56A739F
:101E3000A3F56A731B68002002F080FF00210020D8
:101E400002F096FF4FF6FF73C7F8A43300BFA54B0F
:101E50001B6803F40043002B06D1D7F8A4335A1EA5
:101E6000C7F8A423002BF2DCD7F8A433002B01DA47
:101E700001F0C4FC07F56A73A3F5557318464FF4D7
:101E800048731A4600210BF08DF907F15403964967
:101E900018460BF08DF807F154031846DEF72AFABE
:101EA00003461A4607F154031344904A14469C46CD
:101EB00004F1300E654626460FCE28606960AA60A0
:101EC000EB6010340CF1100C7445F3D162462346DC
:101ED00003CB106051601B881381022002F0BAFA14
:101EE00007F154031846DEF705FA03461A4607F1D0
:101EF000540313447E4A1D4614460FCC2860696083
:101F0000AA60EB6007CC28616961AA6123782B770E
:101F100001F04EFB774B9B7A002B24D13B1D764979
:101F200018460BF045F83A1D07F1540311461846C0
:101F30000BF040F94FF480717048FFF700FC4FF44C
:101F400000716E48FFF7FBFB3B1D6D4918460BF017
:101F50002FF83A1D07F15403114618460BF02AF9E1
:101F6000644B01221A7201F0BBFA624B9B7F002B7B
:101F70000FD13B1D634918460BF01AF83A1D07F1C3
:101F80005403114618460BF015F95A4B01221A77E3
:101F90000EE03B1D5C4918460BF00AF83A1D07F1AC
:101FA0005403114618460BF005F9524B02221A77DA
:101FB00001F028FA4F4B93F83230002B0FD13B1D24
:101FC000524918460AF0F4FF3A1D07F1540311462E
:101FD00018460BF0EFF8474B012283F8302001F050
:101FE000D3F9444B93F84630002B0FD13B1D4849A1
:101FF00018460AF0DDFF3A1D07F154031146184652
:102000000BF0D8F83B4B012283F8442001F014F880
:10201000384B93F85A30002B0FD13B1D3D491846E1
:102020000AF0C6FF3A1D07F15403114618460BF09B
:10203000C1F8304B012283F8582001F0D1F82D4B24
:1020400093F86E30002B0FD13B1D334918460AF030
:10205000AFFF3A1D07F15403114618460BF0AAF8DA
:10206000244B012283F86C200023C7F8A03317E02B
:1020700000BF2A48FFF719FB0346002BF9D007F5EC
:102080006A73A3F55572D7F8A03313441B78194629
:102090002248FFF745FBD7F8A0330133C7F8A03338
:1020A00007F56A73A3F55572D7F8A03313441B786C
:1020B000002BDDD100BF1948FFF7E4FA0346002BDF
:1020C000F9D000F045FB0B4B93F88230002B56D132
:1020D00007F15403124918460AF06AFF0023C7F8B3
:1020E0009C3337E000440258D87403080C75030889
:1020F000487503088006002468750308000C025820
:1021000084750308A8750308C4750308E0750308FF
:10211000FC7503081876030848760308004400405D
:102120007876030800BFC148FFF7BFFA0346002BCB
:10213000F9D007F56A73A3F55572D7F89C331344A9
:102140001B781946B948FFF7EBFAD7F89C330133EF
:10215000C7F89C3307F56A73A3F55572D7F89C331B
:1021600013441B78002BDDD100BFB048FFF78AFA7B
:102170000346002BF9D0AE4B012283F8802000F0FB
:1021800071FBAB4B93F89630002B0AD107F1540347
:10219000A84918460AF00CFFA54B012283F89420A9
:1021A00009E007F15403A44918460AF001FFA04BC7
:1021B000022283F894200023C7F8983317E000BF69
:1021C0009A48FFF772FA0346002BF9D007F56A73B5
:1021D000A3F55572D7F8983313441B7819469348E2
:1021E000FFF79EFAD7F898330133C7F8983307F50D
:1021F0006A73A3F55572D7F8983313441B78002BF4
:10220000DDD100BF8948FFF73DFA0346002BF9D026
:1022100000F050FB864B93F8AA30002B36D107F123
:102220005403864918460AF0C3FE814B012283F805
:10223000A8200023C7F8943317E000BF7B48FFF7BE
:1022400034FA0346002BF9D007F56A73A3F55572EB
:10225000D7F8943313441B7819467448FFF760FA93
:10226000D7F894330133C7F8943307F56A73A3F5AD
:102270005572D7F8943313441B78002BDDD100BF7F
:102280006A48FFF7FFF90346002BF9D000F0AEFBD8
:10229000674B93F8BE30002B36D107F154036849E1
:1022A00018460AF085FE624B012283F8E4200023E1
:1022B000C7F8903317E000BF5C48FFF7F6F9034614
:1022C000002BF9D007F56A73A3F55572D7F8903350
:1022D00013441B7819465548FFF722FAD7F8903374
:1022E0000133C7F8903307F56A73A3F55572D7F831
:1022F000903313441B78002BDDD100BF4B48FFF710
:10230000C1F90346002BF9D000F040FC484B93F88C
:10231000D230002B36D107F154034A4918460AF04F
:1023200047FE434B012283F8D0200023C7F88C33AB
:1023300017E000BF3D48FFF7B8F90346002BF9D07E
:1023400007F56A73A3F55572D7F88C3313441B78DD
:1023500019463648FFF7E4F9D7F88C330133C7F84C
:102360008C3307F56A73A3F55572D7F88C33134491
:102370001B78002BDDD100BF2C48FFF783F9034603
:10238000002BF9D000F02EFD294B93F8E630002BFE
:1023900036D107F154032C4918460AF009FE244BA4
:1023A000012283F80C210023C7F8883317E000BF0F
:1023B0001E48FFF77AF90346002BF9D007F56A7338
:1023C000A3F55572D7F8883313441B78194617487C
:1023D000FFF7A6F9D7F888330133C7F8883307F534
:1023E0006A73A3F55572D7F8883313441B78002B12
:1023F000DDD100BF0D48FFF745F90346002BF9D0AA
:1024000000F044FD0A4B93F8FA30002B49D107F154
:1024100054030E4918460AF0CBFD054B012283F800
:10242000F8200023C7F884332AE000BF00440040AE
:10243000800600249C760308C8760308F476030817
:102440001C77030840770308647703088077030844
:1024500000BF7C48FFF729F90346002BF9D007F5A8
:102460006A73A3F55572D7F8843313441B78194661
:102470007448FFF755F9D7F884330133C7F884332C
:1024800007F56A73A3F55572D7F8843313441B78A4
:10249000002BDDD100BF6B48FFF7F4F80346002B9B
:1024A000F9D0DEF71BF90346002B66D0664B0722F6
:1024B0001A70654B02225A7007F15403634918469B
:1024C0000AF076FD0023C7F8803317E000BF5D48AF
:1024D000FFF7EBF80346002BF9D007F56A73A3F575
:1024E0005572D7F8803313441B7819465548FFF7C7
:1024F00017F9D7F880330133C7F8803307F56A73CB
:10250000A3F55572D7F8803313441B78002BDDD127
:1025100000BF4C48FFF7B6F80346002BF9D0002364
:10252000C7F87C3317E000BF4948FFF7BEF8034601
:10253000002BF9D007F56A73A3F55572D7F87C33F1
:1025400013441B7819464248FFF7EAF8D7F87C3362
:102550000133C7F87C3307F56A73A3F55572D7F8D2
:102560007C3313441B78002BDDD100BF3848FFF7C4
:1025700089F80346002BF9D05FE007F15403354991
:1025800018460AF015FD0023C7F8783317E000BF9E
:102590002C48FFF78AF80346002BF9D007F56A7339
:1025A000A3F55572D7F8783313441B78194625489C
:1025B000FFF7B6F8D7F878330133C7F8783307F563
:1025C0006A73A3F55572D7F8783313441B78002B40
:1025D000DDD100BF1B48FFF755F80346002BF9D0AB
:1025E0000023C7F8743317E000BF1948FFF75DF800
:1025F0000346002BF9D007F56A73A3F55572D7F897
:10260000743313441B7819461148FFF789F8D7F83B
:1026100074330133C7F8743307F56A73A3F5557241
:10262000D7F8743313441B78002BDDD100BF084862
:10263000FFF728F80346002BF9D0DEF797F800BF24
:10264000FDE700BF0044004068A30524B0770308FD
:10265000001001400C78030880B59CB000AF07F172
:1026600024034C22002118460AF09CFD3B1D202229
:10267000002118460AF096FD022004F0DBF9002341
:102680003B60314BDB6A304A23F00103D3622E4BAF
:10269000DB6A03F001033B602C4B9B6923F440434E
:1026A0002A4A43F400439361284B9B6903F4404357
:1026B0003B603B6800BF254B9B6903F40053B3F5B7
:1026C000005FF8D101237B624FF48033BB620223A9
:1026D000BB640223FB6405233B6560237B65022307
:1026E000BB650823FB6502233B6608237B6600234A
:1026F000BB660023FB6607F12403184604F0F4F9D7
:102700000346002B01D001F079F83F237B600323BF
:10271000BB600023FB6008233B6140237B614023B7
:10272000BB614FF48063FB6140233B623B1D022190
:10273000184604F033FE0346002B01D001F05EF88A
:1027400000BF7037BD4680BD0004005800480258E5
:1027500080B5BEB000AF07F1DC0300221A605A60FA
:102760009A60DA601A615A619A6107F1C403002223
:102770001A605A609A60DA601A615A613B46C02258
:10278000002118460AF00EFD4FF008024FF000033A
:10279000C7E900230023C7F884303B46184605F0FC
:1027A000B5F90346002B01D001F028F80220FEF70E
:1027B000E3FF4FF44063C7F8C4300223C7F8C830C2
:1027C0000023C7F8CC300123C7F8D0300023C7F866
:1027D000D4300423C7F8D83007F1C40319461D4884
:1027E00008F034FA4FF48000FEF7E2FF1A48FEF7D3
:1027F000C3FD002200211848FEF796FD1648FEF79B
:10280000ABFD1548FEF77FFD1348FEF76CFD002376
:10281000C7F8DC30114BC7F8E0300023C7F8E430CC
:102820000023C7F8E8300023C7F8EC300023C7F8CE
:10283000F0300023C7F8F43007F1DC0319460648EE
:1028400008F016FB064B002283F8962000BFF837ED
:10285000BD4680BD00040258005800406C1E500068
:102860008006002480B500AF0F4B104A1A600E4B53
:1028700000225A600C4B00229A600B4B4FF400422E
:10288000DA60094B00221A61074B04225A6106489C
:1028900002F00CFD0346002B04D1054B002283F807
:1028A000AA2000E000BF80BD6CA305240070005288
:1028B0008006002480B5C0B000AF07F1D8032822FD
:1028C000002118460AF06EFC07F1C00300221A60CE
:1028D0005A609A60DA601A615A6107F58073A3F54D
:1028E00080731846C0231A4600210AF05BFC07F5E6
:1028F0008073A3F580714FF400524FF00003C1E9DB
:10290000002307F58073A3F5807300225A663B46C7
:10291000184605F0FBF80346002B01D000F06EFFCF
:102920004FF40050FEF760FF1020FEF725FF6423F0
:10293000C7F8C0300223C7F8C4300023C7F8C83036
:102940000023C7F8CC300023C7F8D0300523C7F8E0
:10295000D43007F1C0031946214808F077F9002365
:10296000C7F8D8304FF48003C7F8DC300723C7F826
:10297000E0300023C7F8E4300023C7F8E8304FF018
:102980008063C7F8EC304FF04053C7F8F0300023B5
:10299000C7F8F4300023C7F8F8300023C7F8FC303C
:1029A00007F1D80319460F4809F034FE00210D48FD
:1029B000FEF712FD00210B48FEF721FD0948FEF746
:1029C00031FD0848FEF7E8FC0648FEF7F5FC064B2B
:1029D000002283F8D22000BF07F58077BD4680BD76
:1029E00000100258003401408006002480B5C0B0B9
:1029F00000AF07F1D8032822002118460AF0D2FBC5
:102A000007F1C00300221A605A609A60DA601A6106
:102A10005A6107F58073A3F580731846C0231A46E0
:102A200000210AF0BFFB07F58073A3F580714FF416
:102A300000524FF00003C1E9002307F58073A3F5AE
:102A4000807300225A663B46184605F05FF803463D
:102A5000002B01D000F0D2FE4FF48010FEF7C4FE30
:102A60002020FEF789FE4FF47073C7F8C0300223B0
:102A7000C7F8C4300023C7F8C8300023C7F8CC30EB
:102A80000023C7F8D0300523C7F8D43007F1C003BE
:102A900019463A4808F0DAF8562207213848FEF776
:102AA000E5FF402207213648FEF7D6FE0022072127
:102AB0003348FEF7B5FF002207213148FEF7F2FE4A
:102AC000002207212E48FEF713FF4FF480620721F2
:102AD0002B48FEF733FF002207212948FEF754FF59
:102AE000002207212648FEF775FF07212448FEF73C
:102AF000EDFFFEF75FFB0346002207211846FEF7B5
:102B0000AFFB034619465520FEF780FB5520FEF724
:102B10005FFB0023C7F8D8300023C7F8DC30072359
:102B2000C7F8E0300023C7F8E4300023C7F8E830E6
:102B30000023C7F8EC300023C7F8F4300023C7F8AF
:102B4000F8300023C7F8FC3007F1D80319460D48C8
:102B500009F060FD00210B48FEF73EFC002109480A
:102B6000FEF74DFC0748FEF76DFC074B002283F88B
:102B7000E62000BF07F58077BD4680BD00140258EF
:102B800000000240005001408006002480B5C0B023
:102B900000AF07F1D8032822002118460AF002FBF3
:102BA00007F1C00300221A605A609A60DA601A6165
:102BB0005A6107F58073A3F580731846C0231A463F
:102BC00000210AF0EFFA07F58073A3F580714FF446
:102BD00080424FF00003C1E9002307F58073A3F59D
:102BE000807305229A6007F58073A3F58073302205
:102BF000DA6007F58073A3F5807302221A6107F586
:102C00008073A3F5807306225A6107F58073A3F5DC
:102C1000807304229A6107F58073A3F58073802284
:102C2000DA6107F58073A3F5807300221A6207F555
:102C30008073A3F5807300225A6207F58073A3F5B1
:102C400080734FF08052C3F8B0203B46184604F022
:102C50005DFF0346002B01D000F0D0FD2020FEF7E1
:102C6000DFFD0120FEF788FDE023C7F8C030022316
:102C7000C7F8C4300023C7F8C8300023C7F8CC30E9
:102C80000023C7F8D0300823C7F8D43007F1C003B9
:102C90001946504807F0DAFF0B2200214E48FFF793
:102CA00043F8002200214C48FEF732FF00220021A9
:102CB0004948FFF713F8002200214748FEF750FF6C
:102CC000002200214448FEF771FF80220021424883
:102CD000FEF792FF002200213F48FEF7B3FF0022DB
:102CE00000213D48FEF7D4FF0C2201213A48FFF7AE
:102CF0001BF8102201213848FEF70AFF00220121AB
:102D00003548FEF7EBFF002201213348FEF728FF8C
:102D1000002201213048FEF749FF002201212E4800
:102D2000FEF76AFF002201212B48FEF78BFF0022ED
:102D300001212948FEF7ACFFFEF73CFA03460022CA
:102D400007211846FEF78CFA034619465620FEF76F
:102D50005DFA5620FEF73CFA0023C7F8D8304FF44E
:102D60008003C7F8DC300723C7F8E0300023C7F83A
:102D7000E4300023C7F8E8304FF08063C7F8EC3048
:102D80004FF08053C7F8F0300023C7F8F430002329
:102D9000C7F8F8300023C7F8FC3007F1D80319460C
:102DA0000E4809F037FC00210C48FEF715FB002106
:102DB0000A48FEF724FB0948FEF734FB0748FEF7F4
:102DC000EBFA074B002283F8FA2000BF07F5807763
:102DD000BD4680BD0000025800540258001400583F
:102DE0008006002480B586B000AF3B1D00221A602B
:102DF0005A609A60DA601A610120FEF7F5FCFEF76E
:102E0000D9F9034600220F211846FEF729FA034696
:102E100019461920FEF7FAF91920FEF7D9F9772398
:102E2000BB800023BB6040F2E733FB6000233B61C3
:102E300000237B613B1D1946124809F0A3FC114891
:102E4000FEF730FB00210F48FEF73CFB20210D4828
:102E5000FEF74EFB00210B48FEF75DFB0948FEF72D
:102E60006DFB0848FEF77AFB0648FEF70BFB0548AA
:102E7000FEF7F8FA044B002283F80E2100BF183742
:102E8000BD4680BD000001408006002480B5BEB074
:102E900000AF07F1D8032022002118460AF082F97A
:102EA00007F1C00300221A605A609A60DA601A6162
:102EB0005A613B46C022002118460AF073F94FF0D0
:102EC00002024FF00003C7E900230023BB673B4623
:102ED000184604F01BFE0346002B01D000F08EFCC8
:102EE0004FF08040FEF764FC1020FEF745FC4FF4E5
:102EF000C073C7F8C0300223C7F8C4300023C7F836
:102F0000C8300023C7F8CC300023C7F8D0300723DF
:102F1000C7F8D43007F1C0031946434807F096FEBE
:102F20004F2201214148FEF7A1FD002201213F4827
:102F3000FEF792FC002201213C48FEF771FD4FF4A0
:102F4000807201213948FEF7ADFC0022012137488B
:102F5000FEF7CEFC4FF4806201213448FEF7EEFC10
:102F6000002201213148FEF70FFD002201212F48E8
:102F7000FEF730FD01212D48FEF7A8FDFEF71AF9F6
:102F80000346002207211846FEF76AF90346194650
:102F90005220FEF73BF95220FEF71AF90023C7F83A
:102FA000D8304FF4E133C7F8DC300023C7F8E03005
:102FB0000023C7F8E4300023C7F8E8300C23C7F833
:102FC000EC300023C7F8F0300023C7F8F43007F1E5
:102FD000D8031946164809F007FD1548FEF7DEFA32
:102FE00000211348FEF7EAFA00211148FEF70DFB15
:102FF0000F48FEF731FB0E48FEF7C0FA00BF0C4841
:10300000FEF766FB0346002BF9D00948FEF774FB78
:103010000346002BF3D0074B002283F8FA2000BFB1
:10302000F837BD4680BD00BF0010025800040240C2
:10303000007800408006002480B5BEB000AF07F1E4
:10304000D8032022002118460AF0ACF807F1C0038B
:1030500000221A605A609A60DA601A615A613B462F
:10306000C022002118460AF09DF84FF001024FF0EF
:103070000003C7E900230023FB673B46184604F022
:1030800045FD0346002B01D000F0B8FB1020FEF7F1
:10309000ABFB0120FEF770FB4FF4C063C7F8C030F4
:1030A0000223C7F8C4300023C7F8C8300023C7F88C
:1030B000CC300023C7F8D0300723C7F8D43007F14D
:1030C000C0031946424807F0C1FD292200214148AA
:1030D000FEF7CCFC002200213E48FEF7BDFB00229B
:1030E00000213C48FEF79CFC4FF4807200213948D7
:1030F000FEF7D8FB002200213648FEF7F9FB4FF41B
:10310000806200213348FEF719FC0022002131487B
:10311000FEF73AFC002200212E48FEF75BFC00215E
:103120002C48FEF7D3FCFEF745F8034600220721A2
:103130001846FEF795F8034619462520FEF766F86F
:103140002520FEF745F80023C7F8D8304FF4E133C7
:10315000C7F8DC300023C7F8E0300023C7F8E430BC
:103160000023C7F8E8300C23C7F8EC300023C7F879
:10317000F0300023C7F8F43007F1D8031946164899
:1031800009F032FC00211448FEF718FA0021124819
:10319000FEF73BFA1048FEF701FA0F48FEF75CFA1B
:1031A0000D48FEF7EBF900BF0B48FEF791FA034616
:1031B000002BF9D00848FEF79FFA0346002BF3D006
:1031C000064B002283F85A2000BFF837BD4680BD69
:1031D0000000025800000240001001408006002458
:1031E00080B5BEB000AF07F1D803202200211846F9
:1031F00009F0D8FF07F1C00300221A605A609A60F4
:10320000DA601A615A613B46C0220021184609F073
:10321000C9FF4FF002024FF00003C7E9002300236B
:10322000BB673B46184604F071FC0346002B01D0F7
:1032300000F0E4FA4FF40030FEF7BAFA0120FEF78E
:103240009BFA0C23C7F8C0300223C7F8C430002310
:10325000C7F8C8300023C7F8CC300023C7F8D030F7
:103260000723C7F8D43007F1C0031946424807F0D6
:10327000EDFC2B2201214148FEF7F8FB0022012141
:103280003E48FEF7E9FA002201213C48FEF7C8FB60
:103290004FF4807201213948FEF704FB002201211E
:1032A0003648FEF725FB4FF4806201213348FEF7D4
:1032B00045FB002201213148FEF766FB0022012177
:1032C0002E48FEF787FB01212C48FEF7FFFBFDF798
:1032D00071FF0346002207211846FDF7C1FF034690
:1032E00019462620FDF792FF2620FDF771FF0023E7
:1032F000C7F8D8304FF4E133C7F8DC300023C7F803
:10330000E0300023C7F8E4300023C7F8E8300C238E
:10331000C7F8EC300023C7F8F0300023C7F8F430CA
:1033200007F1D8031946164809F05EFB002114483E
:10333000FEF744F900211248FEF767F91048FEF73E
:103340002DF90F48FEF788F90D48FEF717F900BF71
:103350000B48FEF7BDF90346002BF9D00848FEF7ED
:10336000CBF90346002BF3D0064B002283F86E20E6
:1033700000BFF837BD4680BD000002580000024083
:10338000004400408006002480B582B000AF1B4B93
:10339000D3F8E030194A43F40013C2F8E030174B79
:1033A000D3F8E03003F400137B607B68FDF702FF85
:1033B0000346002207211846FDF752FF034619462F
:1033C0008120FDF723FF8120FDF702FFFDF7F2FECC
:1033D0000346002200211846FDF742FF0346194626
:1033E0008220FDF713FF8220FDF7F2FE044B00223E
:1033F00083F8462000BF0837BD4680BD0044025810
:103400008006002480B582B000AF334BD3F8D830AB
:10341000314A43F00203C2F8D8302F4BD3F8D830EA
:1034200003F002037B607B682B4BD3F8D8302A4A29
:1034300043F00103C2F8D830274BD3F8D83003F05B
:1034400001033B603B68FDF7B5FE03460022072100
:103450001846FDF705FF034619460B20FDF7D6FE7B
:103460000B20FDF7B5FEFDF7A5FE03460022072160
:103470001846FDF7F5FE034619460C20FDF7C6FE7B
:103480000C20FDF7A5FEFDF795FE0346002207215F
:103490001846FDF7E5FE034619462F20FDF7B6FE58
:1034A0002F20FDF795FEFDF785FE0346002207213C
:1034B0001846FDF7D5FE034619463920FDF7A6FE4E
:1034C0003920FDF785FE054B002283F8322000BF2E
:1034D0000837BD4680BD00BF004402588006002466
:1034E00080B582B000AF2E4BD3F8D4302C4A43F0D5
:1034F0000103C2F8D4302A4BD3F8D43003F00103CF
:103500007B607B68274B284A1A60264B1D225A6035
:10351000244B00229A60234B0022DA60214B0022C8
:103520001A61204B02225A611E4B08229A611D4BE0
:103530000022DA611B4B00221A621A4B4FF0007214
:103540005A62184B01229A62164B0022DA62154B1E
:1035500000221A63134B00225A63124B00229A6313
:10356000104801F019FC0346002B13D10022002162
:103570000C4801F05DFC0346002B0DD10022072111
:103580007A2001F073F87A2001F08AF8074B0022C4
:103590009A7702E000BF00E000BF0837BD4680BD5B
:1035A00000440258E4A5052440000052800600248F
:1035B00080B586B000AF3B4600221A605A609A6020
:1035C000DA601A615A611020FEF7D6F80420FEF77F
:1035D000D3F82020FEF7D0F80120FEF7CDF8022026
:1035E000FEF7CAF80820FEF7C7F84020FEF7C4F837
:1035F0004AF218015A48FEF7A2F810215948FEF77E
:103600009EF84FF440415848FEF799F880215748FA
:10361000FEF795F808215648FEF791F80421554821
:10362000FEF79BF84FF464715148FEF796F84FF49B
:10363000A0714E48FEF791F84AF218033B6001234F
:103640007B600023BB600023FB6000233B613B46A3
:103650001946434807F0FAFA42F230033B60002370
:103660007B6000233B613B461946434807F0EEFA76
:1036700010233B6001237B600023BB600023FB60C1
:1036800000233B613B461946364807F0DFFA042326
:103690003B6001237B600023BB600023FB600023B1
:1036A0003B613B461946334807F0D0FA4FF440439C
:1036B0003B6001237B600023BB600023FB60002391
:1036C0003B613B461946284807F0C0FA4FF498433F
:1036D0003B6000237B6000233B613B46194620484A
:1036E00007F0B4FA4FF466733B6001237B6000235C
:1036F000BB600023FB6000233B613B4619461C482E
:1037000007F0A4FA4FF420533B6000237B600023B2
:103710003B613B461946164807F098FA4FF4E073B0
:103720003B6001237B600023BB600023FB60002320
:103730003B613B4619460D4807F088FAC0233B60C1
:1037400000237B6000233B613B461946094807F094
:103750007DFA0A4B00229A7200BF1837BD4680BD21
:1037600000100258000002580014025800180258B5
:10377000000C025800040258000802588006002479
:1037800080B584B000AF3B4600221A605A609A6050
:10379000DA6000F0A1FF01233B7000237B7000235F
:1037A0007B601F233B7287237B720023BB72002345
:1037B000FB7201233B7301237B730023BB73002344
:1037C000FB733B46184600F0BFFF042000F09CFF4F
:1037D00000BF1037BD4680BD80B582B000AF7860B5
:1037E0007B681B68044A934201D100F013FE00BFBE
:1037F0000837BD4680BD00BF0014004080B500AF53
:103800004FF480710748FDF79AFF322000F022FE46
:103810004FF480710348FDF7A0FF322000F01AFE3C
:1038200000BFEDE7000C025880B483B000AF0A4B34
:10383000D3F8F430084A43F00203C2F8F430064BE0
:10384000D3F8F43003F002037B607B6800BF0C37D1
:10385000BD465DF8047B70470044025880B5BCB09B
:1038600000AF786007F1DC0300221A605A609A60AA
:10387000DA601A6107F11803C0220021184609F026
:1038800091FC7B681B684F4A934240F097804FF44D
:1038900080324FF00003C7E906230023BB6607F11F
:1038A0001803184604F032F90346002B01D0FFF745
:1038B000A5FF454BD3F8D430434A43F48033C2F8D4
:1038C000D430414BD3F8D43003F480337B617B692F
:1038D0003D4BD3F8E0303C4A43F00403C2F8E030FB
:1038E000394BD3F8E03003F004033B613B69364BBE
:1038F000D3F8E030344A43F00803C2F8E030324BEA
:10390000D3F8E03003F00803FB60FB682E4BD3F8DC
:10391000E0302D4A43F00203C2F8E0302A4BD3F8DE
:10392000E03003F00203BB60BB684FF4FE53C7F8FE
:10393000DC300223C7F8E0300023C7F8E43003236B
:10394000C7F8E8300C23C7F8EC3007F1DC03194660
:103950001E4800F039FF0423C7F8DC300223C7F803
:10396000E0300023C7F8E4300323C7F8E8300C2325
:10397000C7F8EC3007F1DC031946154800F024FFC6
:103980004FF44073C7F8DC300223C7F8E03000235F
:10399000C7F8E4300323C7F8E8300C23C7F8EC304D
:1039A00007F1DC0319460B4800F00EFF0022072147
:1039B000312000F05BFE312000F072FE00BFF037D6
:1039C000BD4680BD007000520044025800080258F5
:1039D000000C02580004025880B582B000AF786035
:1039E0007B681B680F4A934218D10F4BD3F8D43031
:1039F0000D4A23F48033C2F8D4304FF4FE510B4803
:103A000001F092F804210A4801F08EF84FF4407159
:103A1000084801F089F8312000F050FE00BF083757
:103A2000BD4680BD00700052004402580008025894
:103A3000000C02580004025880B590B000AF7860C6
:103A40007B680F2B27D800227968372000F00EFE04
:103A5000372000F025FE294A7B681360284BD3F8F5
:103A6000E830274A43F02003C2F8E830244BD3F86B
:103A7000E83003F02003FB60FB6807F1100207F158
:103A800014031146184603F0FFFFBB6ABB63BB6B10
:103A9000002B06D101E001232BE003F0DFFFF863E8
:103AA00004E003F0DBFF03465B00FB63FB6B154A9E
:103AB000A2FB03239B0C013B7B63134B134A1A604D
:103AC000114B40F2E732DA600F4A7B6B53600E4BCA
:103AD00000221A610C4B00229A600B4806F014FD7C
:103AE0000346002B04D1084806F070FD034600E0B1
:103AF000012318464037BD4680BD00BF840700241F
:103B00000044025883DE1B4350A6052400140040E5
:103B100080B483B000AF78607B68DB6903F010038A
:103B2000102B01D1012300E0002318460C37BD46BD
:103B30005DF8047B704780B483B000AF78607B6829
:103B400010221A6200BF0C37BD465DF8047B704737
:103B500080B483B000AF78607B681B6803F010030B
:103B6000102B01D1012300E0002318460C37BD467D
:103B70005DF8047B7047000080B485B000AF7860CA
:103B800039607B68FB600C4A3B6813441B781A461B
:103B9000FB6813441B6808493A680A4412781146C6
:103BA000FA680A4443F00103136000BF1437BD46AE
:103BB0005DF8047B704700BF9085030880B483B034
:103BC00000AF78607B681B6803F01003102B01D1F5
:103BD000012300E0002318460C37BD465DF8047B46
:103BE000704780B483B000AF78607B681B6803F4D3
:103BF0008063B3F5806F01D1012300E000231846F4
:103C00000C37BD465DF8047B704780B483B000AFCD
:103C100078607B681B6803F02003202B01D101230F
:103C200000E0002318460C37BD465DF8047B704762
:103C300080B483B000AF78607B681B6803F40063D6
:103C4000B3F5006F01D1012300E0002318460C37C3
:103C5000BD465DF8047B704780B483B000AF7860E8
:103C60007B685B6803F00063B3F1006F01D101234F
:103C700000E0002318460C37BD465DF8047B704712
:103C800080B483B000AF78607B681B6803F00803E2
:103C9000082B01D1012300E0002318460C37BD4654
:103CA0005DF8047B704780B483B000AF78607B68B8
:103CB0001B6803F40073B3F5007F01D1012300E01A
:103CC000002318460C37BD465DF8047B704780B46E
:103CD00083B000AF78607B685B6803F00073B3F17A
:103CE000007F01D1012300E0002318460C37BD46B8
:103CF0005DF8047B704780B483B000AF78607B6868
:103D000010229A6000BF0C37BD465DF8047B7047F7
:103D100080B483B000AF78607B684FF480629A60B3
:103D200000BF0C37BD465DF8047B704780B483B09C
:103D300000AF78607B6820229A6000BF0C37BD46D8
:103D40005DF8047B704780B483B000AF78607B6817
:103D50004FF400629A6000BF0C37BD465DF8047BEB
:103D6000704780B483B000AF78607B684FF000622A
:103D7000DA6000BF0C37BD465DF8047B704780B445
:103D800083B000AF78607B6808229A6000BF0C3770
:103D9000BD465DF8047B704780B483B000AF7860A7
:103DA0007B684FF400729A6000BF0C37BD465DF827
:103DB000047B704780B483B000AF78607B684FF0BD
:103DC0000072DA6000BF0C37BD465DF8047B7047B7
:103DD00080B485B000AF786039607B68FB600A4AC8
:103DE0003B6813441B781A46FB6813441B6803F0B6
:103DF0000803082B01D1012300E0002318461437E3
:103E0000BD465DF8047B70479085030880B485B09B
:103E100000AF786039607B68FB600A4A3B681344F6
:103E20001B781A46FB6813441B6803F00403042B39
:103E300001D1012300E0002318461437BD465DF888
:103E4000047B70479085030880B485B000AF78602C
:103E500039607B68FB600A4A3B6813441B781A464A
:103E6000FB6813441B6803F01003102B01D10123DE
:103E700000E0002318461437BD465DF8047B704708
:103E80009085030880B400AF00BFFDE780B400AFA9
:103E900000BFFDE780B400AF00BFFDE780B400AF16
:103EA00000BFFDE780B400AF00BFFDE780B400AF06
:103EB00000BFBD465DF8047B7047000080B500AFD1
:103EC00000211D48FFF784FF0346002B0BD01A4842
:103ED000FFF774FE0346002B05D01748FFF70BFFD2
:103EE0001648DEF797FD00211348FFF7ADFF0346A4
:103EF000002B0BD01048FFF788FE0346002B05D09F
:103F00000D48FFF713FF0D48DEF784FD00210A4836
:103F1000FFF77CFF0346002B0CD00748FFF7B0FEED
:103F20000346002B06D00448FFF729FF0021024872
:103F3000FFF722FE00BF80BD0000024000100140DC
:103F400080B500AF01211D48FFF742FF0346002B5B
:103F50000BD01A48FFF745FE0346002B05D0174843
:103F6000FFF7D6FE1648DEF755FD01211348FFF78F
:103F70006BFF0346002B0BD01048FFF759FE03469A
:103F8000002B05D00D48FFF7DEFE0D48DEF742FDA1
:103F900001210A48FFF73AFF0346002B0CD00748DF
:103FA000FFF781FE0346002B06D00448FFF7F4FE1E
:103FB00001210248FFF7E0FD00BF80BD0000024084
:103FC0000044004080B500AFECF712FE00BF80BD9A
:103FD00080B500AF0B48FFF7BBFD0346002B0BD0AD
:103FE0000848FFF795FD0346002B05D00548FFF76D
:103FF000A2FD0448DEF70EFD0248DEF7B9FC00BF63
:1040000080BD00BF0010014080B500AF0B48FFF736
:104010009FFD0346002B0BD00848FFF779FD0346B0
:10402000002B05D00548FFF786FD0448DEF7F2FCBB
:104030000248DEF79DFC00BF80BD00BF0044004089
:1040400080B500AF0F48FFF707FE0346002B07D0EF
:104050000C48FFF786FE0120ECF78EF8ECF762F8CB
:104060000848FFF734FE0346002B08D00548FFF749
:10407000A1FE0220ECF780F80020DCF7D9FC00BF9D
:1040800080BD00BF0000024080B500AF024801F0D3
:1040900093FB00BF80BD00BF6CA3052480B500AFBB
:1040A000024806F00BFB00BF80BD00BF50A60524F0
:1040B00080B500AF01211D48FFF78AFE0346002BA3
:1040C0000BD01A48FFF78DFD0346002B05D017488B
:1040D000FFF71EFE1648DEF79DFC01211348FFF78F
:1040E000B3FE0346002B0BD01048FFF7A1FD03469B
:1040F000002B05D00D48FFF726FE0D48DEF78AFCA1
:1041000001210A48FFF782FE0346002B0CD0074826
:10411000FFF7C9FD0346002B06D00448FFF73CFE1D
:1041200001210248FFF728FD00BF80BD00040240C6
:104130000078004080B500AF0B48FFF709FD03464B
:10414000002B0BD00848FFF7E3FC0346002B05D0FB
:104150000548FFF7F0FC0448DEF75CFC0248DEF798
:1041600007FC00BF80BD00BF0078004080B400AFF6
:1041700000BFBD465DF8047B704780B400AF00BF50
:10418000BD465DF8047B704780B500AF024800F083
:10419000A1FE00BF80BD00BFE4A5052480B500AF2F
:1041A000EBF774FC00BF80BD80B400AF00BFBD461C
:1041B0005DF8047B704780B400AF01231846BD460C
:1041C0005DF8047B704780B582B000AF78603960DD
:1041D00009F066F8034616221A604FF0FF331846BE
:1041E0000837BD4680BD80B582B000AF78604FF023
:1041F000FF317868FFF7E7FF00BFFDE780B586B0C5
:1042000000AFF860B9607A6000237B610AE0AFF329
:1042100000800146BB685A1CBA60CAB21A707B693A
:1042200001337B617A697B689A42F0DB7B681846D0
:104230001837BD4680BD80B586B000AFF860B96064
:104240007A6000237B6109E0BB685A1CBA601B7866
:104250001846AFF300807B6901337B617A697B6824
:104260009A42F1DB7B6818461837BD4680BD80B4A2
:1042700083B000AF78604FF0FF3318460C37BD466F
:104280005DF8047B704780B483B000AF786039601C
:104290003B684FF400525A60002318460C37BD4665
:1042A0005DF8047B704780B483B000AF7860012371
:1042B00018460C37BD465DF8047B704780B485B066
:1042C00000AFF860B9607A60002318461437BD4625
:1042D0005DF8047B7047000080B586B000AF786061
:1042E000144A154BD31A7B617B693B61134B1B68E6
:1042F000002B02D1114B124A1A60104B1A687B68CE
:1043000013443A699A4207D208F0CAFF03460C22C6
:104310001A604FF0FF3309E0084B1B68FB60074B46
:104320001A687B681344054A1360FB6818461837FF
:10433000BD4680BD00000824000800009CA605249E
:10434000F0A70524DFF838D0FCF71AFFFCF76AFE67
:104350000C480D490D4A002302E0D458C4500433E0
:10436000C4188C42F9D30A4A0A4C002301E01360B6
:104370000432A242FBD308F099FFFDF723FD7047FA
:1043800000000824A8040024E8070024E4870308A8
:10439000E8070024F0A70524FEE7000080B582B0FE
:1043A00000AF032000F057F903F0AEF90246154BB9
:1043B0009B691B0A03F00F031349CB5C03F01F0337
:1043C00022FA03F37B600F4B9B6903F00F030E4A45
:1043D000D35C03F01F037A6822FA03F30B4A1360DD
:1043E0000B4A7B6813600F20FFF726FB0346002B68
:1043F00001D0012302E0FFF717FA0023184608371F
:10440000BD4680BD00440258708503087C06002428
:104410007806002480B400AF064B1B781A46064B82
:104420001B681344044A136000BFBD465DF8047B5B
:10443000704700BF88070024A0A6052480B400AF01
:10444000034B1B681846BD465DF8047B704700BFF0
:10445000A0A6052480B584B000AF7860FFF7EEFF1A
:10446000B8607B68FB60FB68B3F1FF3F05D00A4B87
:104470001B781A46FB681344FB6000BFFFF7DEFFA2
:104480000246BB68D31AFA689A42F7D800BF00BF49
:104490001037BD4680BD00BF8807002480B400AF40
:1044A000034B1B681B0C1846BD465DF8047B704728
:1044B0000010005C80B485B000AF78607B6803F0CA
:1044C0000703FB600B4BDB68BB60BA684FF6FF036A
:1044D0001340BB60FB681A02BB681A43064B1343C8
:1044E000BB60044ABB68D36000BF1437BD465DF8AB
:1044F000047B704700ED00E00000FA0580B400AFD7
:10450000044BDB681B0A03F007031846BD465DF841
:10451000047B704700ED00E080B483B000AF034639
:10452000FB80B7F90630002B0BDBFB8803F01F0282
:104530000749B7F906305B09012000FA02F241F899
:10454000232000BF0C37BD465DF8047B704700BFD9
:1045500000E100E080B483B000AF0346FB80B7F910
:104560000630002B12DBFB8803F01F020A49B7F963
:1045700006305B09012000FA02F2203341F82320C3
:10458000BFF34F8F00BFBFF36F8F00BF00BF0C376B
:10459000BD465DF8047B704700E100E080B483B065
:1045A00000AF03463960FB80B7F90630002B0ADB09
:1045B0003B68DAB20C49B7F906301201D2B20B44AB
:1045C00083F800230AE03B68DAB20849FB8803F06D
:1045D0000F03043B1201D2B20B441A7600BF0C3712
:1045E000BD465DF8047B704700E100E000ED00E0AF
:1045F00080B489B000AFF860B9607A60FB6803F0FE
:104600000703FB61FB69C3F10703042B28BF0423E5
:10461000BB61FB690433062B02D9FB69033B00E055
:1046200000237B614FF0FF32BB6902FA03F3DA43E8
:10463000BB681A407B699A404FF0FF317B6901FAF1
:1046400003F3D9437B680B40134318462437BD4618
:104650005DF8047B704780B582B000AF7860786801
:10466000FFF728FF00BF0837BD4680BD80B586B084
:1046700000AF0346B9607A60FB81FFF73FFF7861C6
:104680007A68B9687869FFF7B3FF0246B7F90E3068
:1046900011461846FFF782FF00BF1837BD4680BDA0
:1046A00080B582B000AF0346FB80B7F906301846EC
:1046B000FFF732FF00BF0837BD4680BD80B582B02E
:1046C00000AF0346FB80B7F906301846FFF742FFFC
:1046D00000BF0837BD4680BD80B400AFBFF35F8F19
:1046E00000BF074B5B6A064A23F480335362054BD5
:1046F00000225A6000BFBD465DF8047B704700BFD2
:1047000000ED00E090ED00E080B483B000AF786091
:104710000B4A7B6843F0010353600A4B5B6A094A0A
:1047200043F480335362BFF34F8F00BFBFF36F8FEB
:1047300000BF00BF0C37BD465DF8047B704700BF6B
:1047400090ED00E000ED00E080B483B000AF786051
:104750007B685A781B4B9A601A4B1B69194A23F0E5
:1047600001031361174A7B685B68D3607B681B7B1E
:104770001A077B68DB7A1B061A437B689B7ADB048B
:104780001A437B685B7B9B041A437B689B7B5B04BF
:104790001A437B68DB7B1B041A437B685B7A1B0232
:1047A0001A437B681B7A5B0013437A6812781146C0
:1047B000044A0B43136100BF0C37BD465DF8047B10
:1047C000704700BF90ED00E080B489B000AF786022
:1047D00039600023FB61894B7B6194E13B681A6877
:1047E0000121FB6901FA03F313403B613B69002B94
:1047F00000F086813B685B6803F00303012B05D062
:104800003B685B6803F00303022B30D17B689B6835
:10481000BB61FB695B00032202FA03F3DB43BA6965
:104820001340BB613B68DA68FB695B0002FA03F383
:10483000BA691343BB617B68BA699A607B685B683D
:10484000BB610122FB6902FA03F3DB43BA6913403F
:10485000BB613B685B681B0903F00102FB6902FA5C
:1048600003F3BA691343BB617B68BA695A603B685A
:104870005B6803F00303032B17D07B68DB68BB6125
:10488000FB695B00032202FA03F3DB43BA691340BE
:10489000BB613B689A68FB695B0002FA03F3BA6983
:1048A0001343BB617B68BA69DA603B685B6803F0FD
:1048B0000303022B23D1FB69DA087B68083253F823
:1048C0002230BB61FB6903F007039B000F2202FA51
:1048D00003F3DB43BA691340BB613B681A69FB69A8
:1048E00003F007039B0002FA03F3BA691343BB61A9
:1048F000FB69DA087B680832B96943F822107B68E3
:104900001B68BB61FB695B00032202FA03F3DB4314
:10491000BA691340BB613B685B6803F00302FB6943
:104920005B0002FA03F3BA691343BB617B68BA699F
:104930001A603B685B6803F44033002B00F0E080B2
:104940002F4BD3F8F4302E4A43F00203C2F8F43070
:104950002B4BD3F8F43003F00203FB60FB68294AC9
:10496000FB699B08023352F82330BB61FB6903F0FB
:1049700003039B000F2202FA03F3DB43BA691340DF
:10498000BB617B68204A934252D07B681F4A9342A6
:1049900031D07B681E4A93422BD07B681D4A9342DC
:1049A00025D07B681C4A93421FD07B681B4A9342E8
:1049B00019D07B681A4A934213D07B68194A9342F4
:1049C0000DD07B68184A934207D07B68174A934200
:1049D00001D109232DE00A232BE0082329E0072336
:1049E00027E0062325E0052323E0042321E0032319
:1049F0001FE002231DE001231BE000BF80000058E0
:104A000000440258000400580000025800040258F4
:104A100000080258000C02580010025800140258F6
:104A200000180258001C02580020025800240258A6
:104A30000023FA6902F0030292009340BA6913431B
:104A4000BB613849FB699B080233BA6941F82320EE
:104A50004FF0B0431B68BB613B69DB43BA6913404D
:104A6000BB613B685B6803F48013002B03D0BA6919
:104A70003B691343BB614FF0B042BB6913604FF019
:104A8000B0435B68BB613B69DB43BA691340BB6100
:104A90003B685B6803F40013002B03D0BA693B69E1
:104AA0001343BB614FF0B042BB6953607B695B68E5
:104AB000BB613B69DB43BA691340BB613B685B6820
:104AC00003F40033002B03D0BA693B691343BB6185
:104AD0007B69BA695A607B691B68BB613B69DB43D0
:104AE000BA691340BB613B685B6803F48033002BF9
:104AF00003D0BA693B691343BB617B69BA691A6029
:104B0000FB690133FB613B681A68FB6922FA03F316
:104B1000002B7FF463AE00BF00BF2437BD465DF8B5
:104B2000047B70470004005880B487B000AF786001
:104B3000396000237B61754B3B61D9E001227B69C1
:104B400002FA03F33A681340FB60FB68002B00F0A5
:104B5000CC806F4A7B699B08023352F82330BB60DC
:104B60007B6903F003039B000F2202FA03F3BA6888
:104B70001340BB607B68674A934237D07B68664AC4
:104B8000934231D07B68654A93422BD07B68644A5C
:104B9000934225D07B68634A93421FD07B68624A68
:104BA000934219D07B68614A934213D07B68604A74
:104BB00093420DD07B685F4A934207D07B685E4A80
:104BC000934201D1092312E00A2310E008230EE0EA
:104BD00007230CE006230AE0052308E0042306E08F
:104BE000032304E0022302E0012300E000237A69AA
:104BF00002F0030292009340BA689A4236D13B69B0
:104C00001A68FB68DB431A403B691A603B695A68C3
:104C1000FB68DB431A403B695A604FF0B0435A6867
:104C2000FB68DB434FF0B04113404B604FF0B043A3
:104C30001A68FB68DB434FF0B04113400B607B699F
:104C400003F003039B000F2202FA03F3BB60304A18
:104C50007B699B08023352F82310BB68DA432C4867
:104C60007B699B080A40023340F823207B681A685E
:104C70007B695B00032101FA03F31A437B681A6026
:104C80007B69DA087B68083253F822107B6903F0ED
:104C900007039B000F2202FA03F3DB437A69D20871
:104CA00019407B68083243F822107B68DA687B6918
:104CB0005B00032101FA03F3DB431A407B68DA60EF
:104CC0007B685A6801217B6901FA03F3DB431A40D0
:104CD0007B685A607B689A687B695B00032101FAF4
:104CE00003F3DB431A407B689A607B6901337B6185
:104CF0003A687B6922FA03F3002B7FF41FAF00BFF1
:104D000000BF1C37BD465DF8047B7047800000582B
:104D1000000400580000025800040258000802581D
:104D2000000C0258001002580014025800180258D3
:104D3000001C0258002002580024025880B483B09E
:104D400000AF7860084A7B68203352F82330074A66
:104D5000934201D1002300E0012318460C37BD46E1
:104D60005DF8047B704700BF0064025800030080B8
:104D700080B483B000AF7860396006493B6843F483
:104D800040727B6841F8232000BF0C37BD465DF8B8
:104D9000047B70470064025880B584B000AF78602F
:104DA000FFF74CFBF8607B68002B01D101233BE04F
:104DB0007B68002283F83C207B68022283F83D2038
:104DC0007B681B68DA687B681B6822F00102DA6086
:104DD0000FE0FFF733FB0246FB68D31A052B08D917
:104DE0007B6840229A667B68032283F83D2001237A
:104DF0001AE07B681B68DB6803F00103002BE8D135
:104E0000786800F0BBF97B680022DA657B680022D5
:104E10001A667B6800225A667B6800229A667B6865
:104E2000012283F83D20002318461037BD4680BD7F
:104E300080B487B000AFF860B9607A600023FB757A
:104E4000FB68002B01D101233EE0FB6893F83C3066
:104E5000012B01D1022337E0FB68012283F83C20BB
:104E6000FB6893F83D30DBB2012B26D1FB681B6851
:104E70001B6903F08043002B1CD1FB681B68BA68D8
:104E80001A63FB681B687A685A63BB68002B08D1F9
:104E9000FB681B681A69FB681B6822F000421A61F4
:104EA0000DE0FB681B681A69FB681B6842F0004252
:104EB0001A6104E00123FB7501E00123FB75FB6827
:104EC000002283F83C20FB7D18461C37BD465DF868
:104ED000047B704780B586B000AF78600023BB606C
:104EE000914B1B68914AA2FB03239B0A7B617B6861
:104EF0001B681A468E4B13449B0903F01F030122C3
:104F000002FA03F33B614FF0A4431A683B69134074
:104F1000002B00F02D817B681B681B6803F00103E8
:104F2000002B54D07B681B68DB6803F00203002B66
:104F30004DD07B681B68DA687B681B6822F0020230
:104F4000DA607B681B689B68FB60FB6803F080038A
:104F5000002B06D17B689B6E43F001027B689A664A
:104F600005E07B689B6E43F002027B689A66FB68F3
:104F700003F40073002B05D07B689B6E43F00402A2
:104F80007B689A66FB6803F48073002B05D07B680E
:104F90009B6E43F008027B689A66FB6803F48063AB
:104FA000002B05D07B689B6E43F010027B689A66ED
:104FB000FB6803F40063002B05D07B689B6E43F015
:104FC00020027B689A667B681B6801225A607B68B6
:104FD0001B681B6803F01003002B12D07B681B6852
:104FE000DB6803F02003002B0BD07B681B681022CA
:104FF0005A607B689B6C002B03D07B689B6C786845
:1050000098477B681B681B6803F00803002B12D0CD
:105010007B681B68DB6803F01003002B0BD07B68F8
:105020001B6808225A607B68DB6C002B03D07B680E
:10503000DB6C786898477B681B681B6803F0040387
:10504000002B12D07B681B68DB6803F00803002B81
:105050000BD07B681B6804225A607B681B6D002B99
:1050600003D07B681B6D786898477B681B681B685A
:1050700003F00203002B39D07B681B68DB6803F068
:105080000403002B32D07B681B68DA687B681B68DE
:1050900022F03E02DA607B6893F83D30DBB2042BED
:1050A00010D17B68002283F83C207B68012283F8C2
:1050B0003D207B689B6D002B5CD07B689B6D786886
:1050C000984757E07B681B6802225A607B68002281
:1050D00083F83C207B68012283F83D207B685B6C71
:1050E000002B03D07B685B6C786898477B689B6E6D
:1050F000002B40D07B68042283F83D207B681B682E
:10510000DA687B681B6822F00102DA60BB68013351
:10511000BB607A699A420DD37B681B68DB6803F039
:105120000103002BF2D106E078060024B5814E1B66
:10513000C0FFFFAD00BF7B68002283F83C207B6886
:105140001B68DB6803F00103002B04D07B6803229B
:1051500083F83D2003E07B68012283F83D207B68D3
:105160005B6D002B07D07B685B6D7868984702E029
:1051700000BF00E000BF1837BD4680BD80B485B0D9
:1051800000AF78607B68D9687B681A697B681B68A8
:105190000A43DA607B685A697B689B691A437B68BB
:1051A000DB691A437B681B6A1A437B685B6A1A4394
:1051B0007B68DB6A1A437B681B6B1A437B689B6ABC
:1051C000013B9B0442EA03017B689A687B681B6889
:1051D0000A431A617B685B68B3F1804F07D17B6833
:1051E0001B681A697B681B6842F040421A617B6841
:1051F0001B6800225A617B685B6B002B11DA7B68AD
:105200001B685A697B681B6842F480225A617B687C
:105210005B6B5B42FB607B681B68FA6892B21A6248
:1052200006E07B685B6B1A467B681B6892B21A6269
:105230007B689B6B002B15DA7B681B685A697B685F
:105240001B6842F400225A617B689B6B5B42FB60E7
:105250007B681B68196AFB681A047B681B680A4331
:105260001A6209E07B681B68196A7B689B6B1A04E9
:105270007B681B680A431A627B685B68B3F1804FE6
:1052800006D07B685A687B681B68D2B29A6203E0DA
:105290007B681B6800229A627B681B6800225A6246
:1052A00000BF1437BD465DF8047B704780B582B0FF
:1052B00000AF78607B68002B01D1012331E07B686F
:1052C00093F83030DBB2002B05D17B6800221A76D0
:1052D0007868FEF7C3FA7B68032283F83020786889
:1052E00000F024F80346012B01D1012319E07B686B
:1052F00000225A637B680022DA627B68012283F80D
:1053000030207B68DB68002B0AD07B68DB6819469D
:10531000786800F0D3FE0346002B01D0012300E0A3
:10532000002318460837BD4680BD000090B58DB0FB
:1053300002AF78600023FB6000233B6100237B61A8
:105340000023BB614FF480304FF0000103F0E8FD13
:1053500078627B6A002B09D17B68012283F83020B8
:105360007B684FF000625A63012370E07B6A1B0A7E
:10537000394AA2FB03231B09FB617B681C686A4650
:1053800007F1180393E8030082E8030007F10C0318
:105390000ECB204606F04AFC7B681B68184606F0D8
:1053A0008DFCFB69002B05D0FB695B007A6AB2FBC0
:1053B000F3F37B627B6A002B07D0284A7B6AB2FB3F
:1053C000F3F301331846FFF745F8786801F060F809
:1053D00038623B6A002B0BD07B68012283F83020B7
:1053E0007B685A6B3B6A1A437B685A6301232EE041
:1053F000786800F04FFF38623B6A002B0BD07B6867
:10540000012283F830207B685A6B3B6A1A437B6821
:105410005A6301231BE07B681B684FF40071184638
:1054200006F0F2FC38623B6A002B0FD07B681B68E9
:105430000B4A9A637B685A6B3B6A1A437B685A63D0
:105440007B68012283F83020012300E00023184606
:105450002C37BD4690BD00BF598B4F011021010074
:10546000FF0FE01F80B582B000AF78607B68002B33
:1054700001D1012311E07B68032283F83020786892
:1054800001F056F87868FEF7A7FA7B6800225A63A5
:105490007B68002283F83020002318460837BD4679
:1054A00080BD000080B58CB000AFF860B9607A6054
:1054B0003B607B68BB62BB68002B07D1FB685B6B02
:1054C00043F00062FB685A630123A8E0FB6893F88D
:1054D0003030DBB2012B40F0A180FB6800225A6320
:1054E0007A683B681A44FB681B6D9A4207D9FB68CF
:1054F0005B6B43F00072FB685A6301238FE0FB682B
:10550000D3F8B4301B0ADBB2002B19D03B6803F090
:105510000703002B07D0FB685B6B43F08002FB683E
:105520005A6301237BE07B6803F00703002B07D05D
:10553000FB685B6B43F04002FB685A6301236EE03B
:10554000FB68032283F83020FB681B680022DA62C4
:10555000FB68BA685A623B685A02FB689A62FB6849
:10556000DB6B012B02D0BB6A5B02BB624FF0FF33E7
:105570003B613B685B027B619023BB610223FB6163
:1055800000233B6200237B62FB681B6807F110026B
:105590001146184606F00CFCFB681B68DA68FB68CD
:1055A0001B6842F04002DA60FB681B68BA689A65C3
:1055B000FB681B6801221A653B68012B0AD9FB684E
:1055C0008222DA62FB681B68B96A184606F062FC40
:1055D000F86209E0FB688122DA62FB681B68B96A3D
:1055E000184606F034FCF862FB6A002B0CD0FB680E
:1055F0001B680D4A9A63FB68FA6A5A63FB680122CA
:1056000083F8302001230AE0FB681B68DA6BFB6833
:105610001B6842F49572DA63002300E00223184607
:105620003037BD4680BD00BFFF0FE01F80B58CB096
:1056300000AFF860B9607A603B607B68BB62BB68B2
:10564000002B07D1FB685B6B43F00062FB685A6379
:105650000123ABE0FB6893F83030DBB2012B40F064
:10566000A480FB6800225A637A683B681A44FB688E
:105670001B6D9A4207D9FB685B6B43F00072FB68B5
:105680005A63012392E0FB68D3F8B4301B0ADBB203
:10569000002B19D03B6803F00703002B07D0FB68F1
:1056A0005B6B43F08002FB685A6301237EE07B68FA
:1056B00003F00703002B07D0FB685B6B43F040024D
:1056C000FB685A63012371E0FB68032283F83020F2
:1056D000FB681B680022DA62FB68BA68DA613B6823
:1056E0005A02FB681A62FB68DB6B012B02D0BB6AB3
:1056F0005B02BB624FF0FF333B613B685B027B6147
:105700009023BB610023FB6100233B6200237B628B
:10571000FB681B6807F110021146184606F048FBAB
:10572000FB681B68DA68FB681B6842F04002DA60BD
:10573000FB681B68BA689A65FB681B6801221A65DA
:105740003B68012B0AD9FB68A022DA62FB681B6860
:10575000B96A184606F0E4FBF86209E0FB6890229B
:10576000DA62FB681B68B96A184606F0B6FBF86295
:10577000FB6A002B0FD0FB681B680E4A9A63FB681C
:105780005A6BFB6A1A43FB685A63FB68012283F871
:10579000302001230AE0FB681B68DA6BFB681B689A
:1057A00042F48D72DA63002300E00223184630379A
:1057B000BD4680BDFF0FE01F80B584B000AF7860AC
:1057C0007B68DB6AFB607B681B685B6B03F40043F0
:1057D000002B08D0FB6803F00803002B03D0786887
:1057E00000F0D0FF94E17B681B685B6B03F480736F
:1057F000002B00F0AA807B681B684FF480729A63CC
:105800007B681B68D96B7B681A689A4B0B40D36323
:105810007B681B68DA6B7B681B6822F08052DA6356
:105820007B681B68DA687B681B6822F04002DA60DC
:10583000FB6803F08003002B4BD07B681B680022C1
:105840009A627B681B680022DA627B681B68002210
:105850001A65FB6803F00203002B04D1FB6803F018
:105860002003002B11D07B681B68184606F07CFBD8
:10587000B860BB68002B08D07B685A6BBB681A43C2
:105880007B685A63786800F047F97B681B687A4A3E
:105890009A637B68012283F83020FB6803F01003D1
:1058A000002B04D1FB6803F02003002B02D07868A2
:1058B000DCF7E0FAFB6803F00103002B05D1FB687D
:1058C00003F00203002B00F023817868DCF7DDFA97
:1058D0001EE1FB6803F00803002B00F01981FB6850
:1058E00003F00203002B04D1FB6803F02003002B1C
:1058F00011D07B681B68184606F036FBB860BB68A1
:10590000002B08D07B685A6BBB681A437B685A63CC
:10591000786800F001F97B681B68574A9A637B68D6
:10592000012283F83020FB6803F00103002B04D12F
:10593000FB6803F00203002B03D07868DCF7A5FABC
:10594000E6E07868DCF796FAE2E07B681B685B6B60
:1059500003F48043002B08D0FB6803F00803002BFE
:1059600003D0786800F054FFD2E07B681B685B6B63
:1059700003F03A03002B00F09E807B681B685B6B92
:1059800003F00203002B05D07B685B6B43F002023F
:105990007B685A637B681B685B6B03F00803002B12
:1059A00005D07B685B6B43F008027B685A637B68B9
:1059B0001B685B6B03F02003002B05D07B685B6BDF
:1059C00043F020027B685A637B681B685B6B03F0C3
:1059D0001003002B05D07B685B6B43F010027B68E3
:1059E0005A637B681B68244A9A637B681B68DA6B7E
:1059F0007B681B6822F49D72DA637B681B68DA6837
:105A00007B681B6822F04002DA607B681B68DA6AF8
:105A10007B681B6842F40052DA627B681B68DA68B4
:105A20007B681B6842F08002DA607B681B6818465E
:105A300006F09AFA02467B685B6B1A437B685A63EE
:105A40007B681B68DA687B681B6822F08002DA607A
:105A50007B681B684FF400629A63FB6803F00803DD
:105A6000002B0BD07B68012283F83020786800F08F
:105A700053F84DE0C53EFFFF3A0F0018FB6803F0F6
:105A80008003002B44D07B685B6B002B40D07B688D
:105A90001B68DA6B7B681B6822F08052DA637B68D4
:105AA0001B6800221A657B68012283F83020786821
:105AB00000F032F82CE07B681B685B6B03F08053CE
:105AC000002B25D07B681B684FF080529A637B685F
:105AD0001B681B6D03F00403002B0CD1FB6803F063
:105AE0002003002B03D0786800F09AFF10E078685C
:105AF00000F082FF0CE0FB6803F02003002B03D0D2
:105B0000786800F083FF03E0786800F06BFFFFE740
:105B100000BF1037BD4680BD80B483B000AF786051
:105B200000BF0C37BD465DF8047B704780B584B07C
:105B300000AF786039600023FB607B689B6D9B0F32
:105B4000DAB23B681A707B689B6D9B0EDBB203F088
:105B50000F03DAB23B685A707B689B6D1B0EDBB299
:105B600003F00303DAB23B689A707B689B6D1B0CF1
:105B7000DAB23B68DA707B689B6D1B0ADAB23B686D
:105B80001A717B689B6DDAB23B685A717B68DB6D7A
:105B90001B0D9AB23B68DA807B68DB6D1B0CDBB2B5
:105BA00003F00F03DAB23B681A727B68DB6DDB0B24
:105BB000DBB203F00103DAB23B685A727B68DB6D3B
:105BC0009B0BDBB203F00103DAB23B689A727B688D
:105BD000DB6D5B0BDBB203F00103DAB23B68DA7218
:105BE0007B68DB6D1B0BDBB203F00103DAB23B68B1
:105BF0001A733B6800225A7307F10C016FF070436F
:105C0000D422786800F0CAFC0346002B01D001239F
:105C100029E17B68DB6B002B63D17B68DB6D9A002D
:105C200040F6FC7313407A68126E920F1A433B6879
:105C30001A617B681B6EDB0EDBB203F00703DAB27E
:105C40003B681A757B681B6E1B0EDBB203F0070303
:105C5000DAB23B685A757B681B6E5B0DDBB203F0F2
:105C60000703DAB23B689A757B681B6E9B0CDBB24C
:105C700003F00703DAB23B68DA757B681B6EDB0B57
:105C8000DBB203F00703DAB23B681A763B681B69A4
:105C90005A1C7B689A643B681B7EDBB203F00703E7
:105CA0000233012202FA03F37A68926C03FB02F2D8
:105CB0007B689A643B681B7ADBB203F00F03012216
:105CC0009A407B68DA647B689B6C7A68D26C520A73
:105CD00003FB02F27B681A657B684FF400725A6519
:105CE00023E07B68DB6B012B0FD1FA687B689A6439
:105CF0007B689A6C7B681A657B684FF40072DA6483
:105D00007B68DA6C7B685A650FE07B681B68584AD1
:105D10009A637B685B6B43F080527B685A637B6855
:105D2000012283F8302001239DE07B681B6E9B0BD2
:105D3000DBB203F00103DAB23B685A767B681B6E74
:105D4000DB09DBB203F07F03DAB23B689A767B684B
:105D50001B6EDBB203F07F03DAB23B68DA767B6856
:105D60005B6EDB0FDAB23B681A777B685B6E5B0FAA
:105D7000DBB203F00303DAB23B685A777B685B6EF1
:105D80009B0EDBB203F00703DAB23B689A777B68BD
:105D90005B6E9B0DDBB203F00F03DAB23B68DA7780
:105DA0007B685B6E5B0DDBB203F00103DAB23B682C
:105DB00083F820203B68002283F821207B685B6EFB
:105DC0001B0CDBB203F00103DAB23B6883F822203C
:105DD0007B685B6EDB0BDBB203F00103DAB23B687E
:105DE00083F823207B685B6E9B0BDBB203F001031F
:105DF000DAB23B6883F824207B685B6E5B0BDBB216
:105E000003F00103DAB23B6883F825207B685B6E00
:105E10001B0BDBB203F00103DAB23B6883F82620E8
:105E20007B685B6E9B0ADBB203F00303DAB23B686C
:105E300083F827207B685B6E1B0ADBB203F0030349
:105E4000DAB23B6883F828207B685B6E5B08DBB2C4
:105E500003F07F03DAB23B6883F829203B68012214
:105E600083F82A20002318461037BD4680BD00BFA6
:105E7000FF0FE01F80B483B000AF786039607B68AB
:105E8000DA6B3B681A607B681A6C3B685A607B6807
:105E90005A6C3B689A607B689A6C3B68DA607B68F6
:105EA000DA6C3B681A617B681A6D3B685A617B68E3
:105EB0005A6D3B689A61002318460C37BD465DF861
:105EC000047B704780B58EB000AFF860B9607A602F
:105ED000FEF7B4FAF862BB68002B07D1FB685B6B76
:105EE00043F00062FB685A630123DEE0FB6893F82D
:105EF0003030DBB2012B40F0D780FB6800225A63C0
:105F0000FB68032283F83020FB681B680022DA62FA
:105F1000BB683B634FF0FF333B614FF400737B6121
:105F20009023BB610223FB6100233B6200237B6261
:105F3000FB681B6807F110021146184605F038FF90
:105F4000FB681B68DA68FB681B6842F04002DA6095
:105F5000FB681B680021184606F04DF9B862BB6A61
:105F6000002B45D0FB681B68524A9A63FB685A6B4A
:105F7000BB6A1A43FB685A63FB68012283F830202E
:105F8000012392E0FB681B685B6B03F40043002B6A
:105F900013D000237B630DE0FB681B68184605F0F7
:105FA0006FFE02463B6B1A603B6B04333B637B6BBB
:105FB00001337B637B6B072BEED9FEF73FFA02467A
:105FC000FB6AD31A7A689A4202D97B68002B0FD1F8
:105FD000FB681B68374A9A63FB685B6B43F00042BF
:105FE000FB685A63FB68012283F8302003235CE0DE
:105FF000FB681B685B6B03F49573002BC2D0FB68D6
:106000001B68DA68FB681B6822F04002DA60FB68F4
:106010001B685B6B03F00803002B0FD0FB681B6849
:10602000244A9A63FB685B6B43F00802FB685A637F
:10603000FB68012283F83020012336E0FB681B68EF
:106040005B6B03F00203002B0FD0FB681B68194A3F
:106050009A63FB685B6B43F00202FB685A63FB6860
:10606000012283F8302001231FE0FB681B685B6B73
:1060700003F02003002B0FD0FB681B680D4A9A63C6
:10608000FB685B6B43F02002FB685A63FB680122EC
:1060900083F83020012308E0FB681B68064A9A63F6
:1060A000FB68012283F83020002318463837BD46AC
:1060B00080BD00BFFF0FE01F3A0F0018B0B58CB0D5
:1060C00002AF786039600023FB617B68032283F8AC
:1060D00030207B681B685B6803F40023002B14D01E
:1060E0007B681B685B6803F48023002B06D00422C6
:1060F0003968786800F0D6FB38620CE00222396813
:10610000786800F0CFFB386205E0012239687868D2
:1061100000F0C8FB38623B6A002B7BD13B68B3F5CB
:10612000004F07D17B681B684649184606F040F8C7
:10613000386219E03B68B3F5804F07D17B681B6874
:106140004149184606F034F838620DE03B68002BF0
:1061500007D17B681B683D49184606F029F838626C
:1061600002E04FF000633B623B6A002B52D14FF6D6
:10617000FF737B627B681A687B685B6C1B04194643
:10618000104605F0D2FF38623B6A002B12D17B68C3
:106190001B680021184605F0F8FDF8617B6A013B99
:1061A0007B62FB6903F48073002B04D17B6A002BB4
:1061B000E0D100E000BF7B6A002B25D03B6A002BBA
:1061C00022D1FB6903F08003002B03D04FF480330E
:1061D0003B621FE07B6807F108041D1D0FCD0FC453
:1061E0002B6823603B683B617B681C686A4607F14B
:1061F000140393E8030082E8030007F108030ECBC1
:10620000204605F013FD05E07B6A002B02D14FF01C
:1062100000433B627B68012283F830203B6A002BFD
:106220000BD07B681B680A4A9A637B685A6B3B6A8F
:106230001A437B685A63012300E00023184628377D
:10624000BD46B0BD0002B7030001B7030000B703AD
:10625000FF0FE01F80B586B000AF78600023FB60C1
:1062600007F10C031946786800F06FF978617B69D3
:10627000002B05D07B685A6B7B691A437B685A6395
:10628000FB685B0A03F00F033B613B691846183754
:10629000BD4680BDB0B596B002AF78600223A7F8C6
:1062A0004E307B681B68184605F02AFD0346002B1C
:1062B00002D14FF08063E6E07B681B68184605F06A
:1062C000D0FEB864BB6C002B01D0BB6CDBE07B68FC
:1062D0001B680021184605F058FD02467B689A6647
:1062E0007B681B680421184605F04FFD02467B6859
:1062F000DA667B681B680821184605F046FD0246F1
:106300007B681A677B681B680C21184605F03DFD09
:1063100002467B685A677B681B68B7F84E201146B7
:10632000184605F0DDFEB864BB6C002B01D0BB6CD9
:10633000A9E0B7F84E207B685A647B681A687B68CE
:106340005B6C1B041946104605F0AAFEB864BB6CD2
:10635000002B01D0BB6C96E07B681B6800211846BF
:1063600005F013FD02467B689A657B681B68042173
:10637000184605F00AFD02467B68DA657B681B68F3
:106380000821184605F001FD02467B681A667B6805
:106390001B680C21184605F0F8FC02467B685A661B
:1063A0007B681B680421184605F0EFFC03461A0DB4
:1063B0007B681A647B681A687B685B6C1B041946EF
:1063C000104605F00DFEB864BB6C002B01D0BB6C11
:1063D00059E007F11C0319467868FFF7A7FB03464D
:1063E000002B02D07B685B6B4DE07B681A687B6892
:1063F0005B6C1B041946104605F097FEB864BB6C35
:10640000002B05D07B685A6BBB6C1A437B685A63C0
:106410007B6878334FF0FF3219467868FFF752FDFA
:106420000346002B02D07B685B6B2CE07B681A680C
:106430007B685B6C1B041946104605F076FEB86459
:10644000BB6C002B05D07B685A6BBB6C1A437B6816
:106450005A637B6807F108041D1D0FCD0FC42B681C
:10646000236000233B617B681C686A4607F11403C4
:1064700093E8030082E8030007F108030ECB2046EF
:1064800005F0D4FB002318465037BD46B0BD0000D0
:1064900080B586B000AF78600023BB6000237B61CD
:1064A00000233B617B681B68184605F0BCFDF86063
:1064B000FB68002B27D0FB6834E0BB685A1CBA602D
:1064C0004FF6FF72934202D14FF080732AE07B684F
:1064D0001B681649184605F04BFEF860FB68002B58
:1064E00002D04FF080531DE07B681B6800211846E6
:1064F00005F04BFC78617B69DB0F012B01D1012397
:1065000000E000233B613B69002BD6D07B691B0E6A
:10651000C02B03D17B680122DA6302E07B68002292
:10652000DA63002318461837BD4680BD0080FFC0DF
:1065300080B582B000AF78607B681B68184605F0B4
:10654000CEFB00BF0837BD4680BD80B584B000AF2C
:10655000786039603B68002B02D14FF0006318E08F
:106560007B681A687B685B6C1B041946104605F053
:10657000DCFDF860FB68002B01D0FB6809E07B685C
:106580001B680021184605F000FC02463B681A60B3
:10659000002318461037BD4680BD000080B590B07E
:1065A00000AFF860B9603B601346FB80FDF746FF23
:1065B00078630023BB63FB6800225A63FB681B6897
:1065C0000022DA624FF0FF337B614FF40073BB614E
:1065D0009023FB6102233B6200237B620123BB62A9
:1065E000FB681B6807F114021146184605F0E0FB32
:1065F000FB681B680021184605F0FDFD38633B6B06
:10660000002B4ED0FB681B685C4A9A63FB685A6B90
:106610003B6B1A43FB685A63FB68012283F8302006
:106620000123A6E0FB681B685B6B03F40043002BAF
:106630001CD00023FB6313E0FB681B68184605F0C1
:106640001FFBF862BA6BFB6B1344FA88920892B294
:10665000934202D1BB68FA6A1A60FB6B0133FB6399
:10666000FB6B072BE8D9BB6B0833BB63FDF7E6FE7A
:1066700002467B6BD31A3A689A4202D93B68002BD8
:106680000FD1FB681B683D4A9A63FB685B6B43F064
:106690000042FB685A63FB68012283F83020032321
:1066A00067E0FB681B685B6B03F49573002BB9D044
:1066B000FB681B685B6B03F00803002B0FD0FB68C3
:1066C0001B682E4A9A63FB685B6B43F00802FB6809
:1066D0005A63FB68012283F83020012349E0FB68FC
:1066E0001B685B6B03F00203002B0FD0FB681B6879
:1066F000224A9A63FB685B6B43F00202FB685A63B1
:10670000FB68012283F83020012332E0FB681B681C
:106710005B6B03F02003002B0FD0FB681B68174A4C
:106720009A63FB685B6B43F02002FB685A63FB686B
:10673000012283F8302001231BE0FB681A68FB6804
:106740005B6C1B041946104605F0EFFC38633B6B8D
:10675000002B05D0FB685A6B3B6B1A43FB685A63EE
:10676000FB681B68064A9A63FB68012283F83020A5
:10677000002318464037BD4680BD00BFFF0FE01F15
:106780003A0F001880B586B000AF78607B685B6A0E
:106790003B617B689B6A1F2B36D900237B6127E016
:1067A0007B681B68184605F06BFAF860FB68DAB284
:1067B0003B691A703B6901333B61FB681B0ADAB223
:1067C0003B691A703B6901333B61FB681B0CDAB211
:1067D0003B691A703B6901333B61FB681B0EDAB2FF
:1067E0003B691A703B6901333B617B6901337B6113
:1067F0007B69072BD4D97B683A695A627B689B6AAC
:10680000A3F120027B689A6200BF1837BD4680BDA5
:1068100080B586B000AF78607B68DB693B617B68E0
:106820001B6A1F2B3AD900237B612BE03B691B7845
:10683000FB603B6901333B613B691B781A02FB68D3
:106840001343FB603B6901333B613B691B781A04CE
:10685000FB681343FB603B6901333B613B691B7879
:106860001A06FB681343FB603B6901333B617B689D
:106870001B6807F10C021146184605F00EFA7B69F9
:1068800001337B617B69072BD0D97B683A69DA6178
:106890007B681B6AA3F120027B681A6200BF18376D
:1068A000BD4680BD80B58AB000AFF860B9607A603F
:1068B00000233B620023FB61BB68B3F5004F04D0AB
:1068C000BB68B3F5804F40F0858000237B6107F102
:1068D00014014FF0FF33BB22F868FFF75FFE034659
:1068E000002B03D04FF48033FB6102E07B691B0E69
:1068F0007B617B68042B05D1FB68D3F864311B0EE8
:10690000BB610EE07B68022B06D1FB68D3F84031F7
:106910001B0CDBB2BB6104E0FB68D3F840311B0EFB
:10692000BB61FB69002B55D1BB68B3F5004F02D1A9
:10693000BB691B09BB617A69BB69534003F00F0354
:10694000002B47D0FB681868BB691B0203F4706218
:10695000234B1343194605F02BFCF861FB69002B10
:1069600038D14FF6FF737B62FB681A68FB685B6C7B
:106970001B041946104605F0D8FBF861FB69002B93
:1069800012D1FB681B680021184605F0FEF9386239
:106990007B6A013B7B623B6A03F48073002B04D16A
:1069A0007B6A002BE0D100E000BF7B6A002B0BD09C
:1069B000FB69002B08D13B6A03F08003002B09D050
:1069C0004FF08053FB6105E07B6A002B02D14FF052
:1069D0000043FB61FB6918462837BD4680BD00BFF8
:1069E0000000BB0380B483B000AF786000BF0C37F9
:1069F000BD465DF8047B704780B483B000AF78601B
:106A000000BF0C37BD465DF8047B704780B483B08F
:106A100000AF786000BF0C37BD465DF8047B70475F
:106A200080B483B000AF786000BF0C37BD465DF81E
:106A3000047B704780B584B000AF7860294BDB6879
:106A400003F00703062B0AD0264BDB6803F03F0355
:106A50007A689A4201D0012340E000233EE0214BB6
:106A6000DB6823F03F021F497B681343CB60FDF7CF
:106A7000E5FCF86009E0FDF7E1FC0246FB68D31A8B
:106A8000B3F57A7F01D9012328E0164B5B6803F444
:106A90000053B3F5005FEED17B681E2B08D07B68F6
:106AA0002E2B05D07B681D2B02D07B682D2B14D19B
:106AB000FDF7C4FCF86009E0FDF7C0FC0246FB6886
:106AC000D31AB3F57A7F01D9012307E0054BDB68C0
:106AD00003F48033B3F5803FEED10023184610371E
:106AE000BD4680BD0048025880B58CB000AF7860CC
:106AF0007B68002B02D1012300F048BC7B681B6837
:106B000003F00103002B00F08880994B1B6903F010
:106B10003803FB62964B9B6ABB62FB6A102B07D063
:106B2000FB6A182B11D1BB6A03F00303022B0CD1B3
:106B30008F4B1B6803F40033002B6DD07B685B68C0
:106B4000002B69D1012300F021BC7B685B68B3F5A1
:106B5000803F06D1864B1B68854A43F4803313601F
:106B60002EE07B685B68002B0CD1814B1B68804A50
:106B700023F4803313607E4B1B687D4A23F480230B
:106B800013601DE07B685B68B3F5A02F0CD1784BD8
:106B90001B68774A43F480231360754B1B68744A63
:106BA00043F4803313600BE0714B1B68704A23F48D
:106BB000803313606E4B1B686D4A23F4802313608F
:106BC0007B685B68002B13D0FDF738FC786208E027
:106BD000FDF734FC02467B6AD31A642B01D90323E8
:106BE000D4E3634B1B6803F40033002BF0D014E0B4
:106BF000FDF724FC786208E0FDF720FC02467B6A82
:106C0000D31A642B01D90323C0E3594B1B6803F447
:106C10000033002BF0D100E000BF7B681B6803F05D
:106C20000203002B00F0CA80514B1B6903F03803AC
:106C30003B624F4B9B6AFB613B6A002B07D03B6A70
:106C4000182B56D1FB6903F00303002B51D1484B9D
:106C50001B6803F00403002B05D07B68DB68002B66
:106C600001D1012392E3424B1B6823F019027B6898
:106C7000DB683F4913430B60FDF7E0FB786208E0F7
:106C8000FDF7DCFB02467B6AD31A022B01D90323F2
:106C90007CE3374B1B6803F00403002BF0D0FDF7B7
:106CA000FDFB034641F20302934217D87B681B6940
:106CB000402B08D12E4B5B6823F47C332C4A43F4E1
:106CC000003353607AE02A4B5B6823F47C327B68A4
:106CD0001B691B03264913434B606FE0244B5B6821
:106CE00023F0FE427B681B691B06214913434B605E
:106CF00064E07B68DB68002B47D01D4B1B6823F0EA
:106D000019027B68DB681A4913430B60FDF796FB99
:106D1000786208E0FDF792FB02467B6AD31A022BE9
:106D200001D9032332E3124B1B6803F00403002B49
:106D3000F0D0FDF7B3FB034641F20302934219D8AA
:106D40007B681B69402B08D1094B5B6823F47C33BB
:106D5000074A43F40033536030E0054B5B6823F48B
:106D60007C327B681B691B03014913434B6025E0A0
:106D7000004402589A4B5B6823F0FE427B681B6913
:106D80001B06974913434B6018E0954B1B68944AC8
:106D900023F001031360FDF751FB786208E0FDF773
:106DA0004DFB02467B6AD31A022B01D90323EDE285
:106DB0008B4B1B6803F00403002BF0D17B681B682E
:106DC00003F01003002B00F0A980854B1B6903F032
:106DD0003803BB61824B9B6A7B61BB69082B07D080
:106DE000BB69182B3AD17B6903F00303012B35D122
:106DF0007B4B1B6803F48073002B05D07B68DB6939
:106E0000802B01D00123C1E2FDF748FB034641F28C
:106E10000302934217D87B681B6A202B08D1704B62
:106E20005B6823F0F8436E4A43F08043536075E09B
:106E30006B4B5B6823F0F8427B681B6A9B066849D2
:106E400013434B606AE0664BDB6823F07C527B683F
:106E50001B6A1B0662491343CB605FE07B68DB69FA
:106E6000002B42D05E4B1B685D4A43F080031360E9
:106E7000FDF7E4FA786208E0FDF7E0FA02467B6A83
:106E8000D31A022B01D9032380E2554B1B6803F46C
:106E90008073002BF0D0FDF701FB034641F20302A3
:106EA000934217D87B681B6A202B08D14C4B5B6838
:106EB00023F0F8434A4A43F0804353602EE0484BA6
:106EC0005B6823F0F8427B681B6A9B0644491343C6
:106ED0004B6023E0424BDB6823F07C527B681B6AEB
:106EE0001B063F491343CB6018E03D4B1B683C4AEF
:106EF00023F080031360FDF7A1FA786208E0FDF744
:106F00009DFA02467B6AD31A022B01D903233DE284
:106F1000334B1B6803F48073002BF0D17B681B6834
:106F200003F00803002B36D07B685B69002B19D077
:106F30002B4B5B6F2A4A43F001035367FDF77EFA40
:106F4000786208E0FDF77AFA02467B6AD31A022BD0
:106F500001D903231AE2224B5B6F03F00203002BDB
:106F6000F0D018E01E4B5B6F1D4A23F001035367FE
:106F7000FDF764FA786208E0FDF760FA02467B6A82
:106F8000D31A022B01D9032300E2154B5B6F03F0E8
:106F90000203002BF0D17B681B6803F02003002B59
:106FA00039D07B689B69002B1CD00D4B1B680C4AA9
:106FB00043F480531360FDF741FA786208E0FDF76F
:106FC0003DFA02467B6AD31A022B01D90323DDE185
:106FD000034B1B6803F40053002BF0D01BE000BFF1
:106FE000004402589B4B1B689A4A23F48053136059
:106FF000FDF724FA786208E0FDF720FA02467B6A82
:10700000D31A022B01D90323C0E1924B1B6803F46E
:107010000053002BF0D17B681B6803F00403002BA6
:1070200000F081808C4B1B688B4A43F480731360A3
:10703000FDF704FA786208E0FDF700FA02467B6A81
:10704000D31A642B01D90323A0E1834B1B6803F4FB
:107050008073002BF0D07B689B68012B06D17D4BA1
:107060001B6F7C4A43F0010313672DE07B689B682C
:10707000002B0CD1774B1B6F764A23F0010313676B
:10708000744B1B6F734A23F0040313671CE07B6887
:107090009B68052B0CD16F4B1B6F6E4A43F00403AA
:1070A00013676C4B1B6F6B4A43F0010313670BE0D4
:1070B000684B1B6F674A23F001031367654B1B6F17
:1070C000644A23F0040313677B689B68002B15D088
:1070D000FDF7B4F978620AE0FDF7B0F902467B6A81
:1070E000D31A41F28832934201D903234EE1594B1E
:1070F0001B6F03F00203002BEED014E0FDF79EF9A6
:1071000078620AE0FDF79AF902467B6AD31A41F2E7
:107110008832934201D9032338E14E4B1B6F03F0B1
:107120000203002BEED17B685B6A002B00F02D81FF
:10713000484B1B6903F03803182B00F0BD807B68B7
:107140005B6A022B40F09E80424B1B68414A23F051
:1071500080731360FDF772F9786208E0FDF76EF94D
:1071600002467B6AD31A022B01D903230EE1394B65
:107170001B6803F00073002BF0D1364B9A6A374B33
:1071800013407A68916A7A68D26A12010A433149D7
:1071900013438B627B681B6B013BC3F308027B6864
:1071A0005B6B013B5B029BB21A437B689B6B013BB1
:1071B0001B0403F4FE031A437B68DB6B013B1B06D5
:1071C00003F0FE43234913430B63224BDB6A214A3E
:1071D00023F00103D3621F4B5A6B214B13407A6893
:1071E000926CD2001B4913434B631A4BDB6A23F0AA
:1071F0000C027B681B6C17491343CB62154BDB6A8F
:1072000023F002027B685B6C12491343CB62114B83
:10721000DB6A104A43F48033D3620E4BDB6A0D4ABB
:1072200043F40033D3620B4BDB6A0A4A43F48023F6
:10723000D362084BDB6A074A43F00103D362054B74
:107240001B68044A43F080731360FDF7F7F8786217
:1072500011E000BF00440258004802580CFCFFFF38
:107260000700FFFFFDF7EAF802467B6AD31A022BFC
:1072700001D903238AE0474B1B6803F00073002BFE
:10728000F0D082E0434B1B68424A23F080731360C6
:10729000FDF7D4F8786208E0FDF7D0F802467B6A83
:1072A000D31A022B01D9032370E03A4B1B6803F079
:1072B0000073002BF0D168E0364B9B6A3B61354B85
:1072C0001B6BFB607B685B6A012B31D03B6903F071
:1072D00003027B689B6A9A422AD13B691B0903F02F
:1072E0003F027B68DB6A9A4222D1FB68C3F3080243
:1072F0007B681B6B013B9A421AD1FB685B0A03F067
:107300007F027B685B6B013B9A4211D1FB681B0CCF
:1073100003F07F027B689B6B013B9A4208D1FB68BC
:107320001B0E03F07F027B68DB6B013B9A4201D0AE
:1073300001232BE0174B5B6BDB08C3F30C033B61B2
:107340007B689B6C3A699A421FD0124BDB6A114AE8
:1073500023F00103D362FDF771F8786200BFFDF7F7
:107360006DF802467B6A9342F9D00A4B5A6B0A4B7E
:1073700013407A68926CD200064913434B63054B65
:10738000DB6A044A43F00103D36200231846303716
:10739000BD4680BD004402580700FFFF80B586B09F
:1073A00000AF786039607B68002B01D101239CE13C
:1073B0008A4B1B6803F00F033A689A4210D9874B37
:1073C0001B6823F00F0285493B6813430B60834B16
:1073D0001B6803F00F033A689A4201D0012384E14D
:1073E0007B681B6803F00403002B10D07B681A69CC
:1073F0007B4B9B6903F070039A4208D9784B9B69D9
:1074000023F070027B681B69754913438B617B68AD
:107410001B6803F00803002B10D07B685A69704B7F
:10742000DB6903F070039A4208D96D4BDB6923F0E6
:1074300070027B685B696A491343CB617B681B6898
:1074400003F01003002B10D07B689A69644BDB6952
:1074500003F4E0639A4208D9614BDB6923F4E062EC
:107460007B689B695E491343CB617B681B6803F0B3
:107470002003002B10D07B68DA69594B1B6A03F09C
:1074800070039A4208D9564B1B6A23F070027B683E
:10749000DB69534913430B627B681B6803F00203EB
:1074A000002B10D07B68DA684D4B9B6903F00F030B
:1074B0009A4208D94A4B9B6923F00F027B68DB682C
:1074C000474913438B617B681B6803F00103002B62
:1074D00055D0434B9B6923F470627B689B6840499D
:1074E00013438B617B685B68022B07D13C4B1B68A5
:1074F00003F40033002B21D10123F6E07B685B68A5
:10750000032B07D1364B1B6803F00073002B15D1FA
:107510000123EAE07B685B68012B07D1304B1B68D5
:1075200003F48073002B09D10123DEE02C4B1B6890
:1075300003F00403002B01D10123D6E0284B1B6983
:1075400023F007027B685B68254913430B61FCF756
:1075500075FF78610AE0FCF771FF02467B69D31A78
:1075600041F28832934201D90323BEE01C4B1B69D0
:1075700003F038027B685B68DB009A42EBD17B68E2
:107580001B6803F00203002B10D07B68DA68144BF1
:107590009B6903F00F039A4208D2114B9B6923F0B9
:1075A0000F027B68DB680E4913438B610B4B1B6832
:1075B00003F00F033A689A4214D2084B1B6823F079
:1075C0000F0206493B6813430B60044B1B6803F032
:1075D0000F033A689A4205D0012386E0002000524A
:1075E000004402587B681B6803F00403002B10D092
:1075F0007B681A693F4B9B6903F070039A4208D27B
:107600003C4B9B6923F070027B681B69394913432B
:107610008B617B681B6803F00803002B10D07B682C
:107620005A69344BDB6903F070039A4208D2314B3C
:10763000DB6923F070027B685B692E491343CB61E1
:107640007B681B6803F01003002B10D07B689A69DD
:10765000284BDB6903F4E0639A4208D2254BDB69CF
:1076600023F4E0627B689B6922491343CB617B680A
:107670001B6803F02003002B10D07B68DA691D4BD8
:107680001B6A03F070039A4208D21A4B1B6A23F05C
:1076900070027B68DB69174913430B6200F034F812
:1076A0000246144B9B691B0A03F00F031249CB5C83
:1076B00003F01F0322FA03F33B610E4B9B6903F0B7
:1076C0000F030D4AD35C03F01F033A6922FA03F358
:1076D0000A4A13600A4A3B6913600A4B1B68184642
:1076E000FCF7AAF90346FB73FB7B18461837BD4627
:1076F00080BD00BF00440258708503087C0600244A
:10770000780600248407002480B489B000AFB34B0E
:107710001B6903F03803182B00F2558101A252F8BF
:1077200023F000BF89770208C7790208C7790208E9
:10773000C7790208C7790208C7790208C779020821
:10774000C7790208AF770208C7790208C77902082B
:10775000C7790208C7790208C7790208C779020801
:10776000C7790208B5770208C7790208C779020805
:10777000C7790208C7790208C7790208C7790208E1
:10778000C7790208BB770208944B1B6803F02003FB
:10779000002B09D0914B1B68DB0803F00303904AD0
:1077A00022FA03F3BB6111E18D4BBB610EE18D4BFE
:1077B000BB610BE18C4BBB6108E1884B9B6A03F01A
:1077C00003037B61854B9B6A1B0903F03F033B610D
:1077D000824BDB6A03F00103FB60804B5B6BDB08D1
:1077E000C3F30C03FA6802FB03F307EE903AF8EEDA
:1077F000677AC7ED027A3B69002B00F0E1807B6974
:10780000022B00F083807B69022B00F2A1807B6950
:10781000002B03D07B69012B56D099E06F4B1B687E
:1078200003F02003002B2DD06C4B1B68DB0803F00A
:1078300003036B4A22FA03F37B607B6807EE903AFE
:10784000F8EE676A3B6907EE903AF8EE677A86EEE3
:10785000A77A624B1B6BC3F3080307EE903AF8EE6E
:10786000676A97ED026ADFED615AC6EE257A76EE19
:10787000A77AF7EE006A77EEA67A67EE277AC7ED69
:10788000077A87E03B6907EE903AF8EE677ADFED1A
:10789000586A86EEA77A514B1B6BC3F3080307EEB9
:1078A000903AF8EE676A97ED026ADFED505AC6EE3D
:1078B000257A76EEA77AF7EE006A77EEA67A67EE7B
:1078C000277AC7ED077A65E03B6907EE903AF8EE54
:1078D000677ADFED486A86EEA77A404B1B6BC3F3ED
:1078E000080307EE903AF8EE676A97ED026ADFED5B
:1078F0003F5AC6EE257A76EEA77AF7EE006A77EE63
:10790000A67A67EE277AC7ED077A43E03B6907EE70
:10791000903AF8EE677ADFED386A86EEA77A2F4B59
:107920001B6BC3F3080307EE903AF8EE676A97ED16
:10793000026ADFED2E5AC6EE257A76EEA77AF7EECA
:10794000006A77EEA67A67EE277AC7ED077A21E01C
:107950003B6907EE903AF8EE677ADFED266A86EE2D
:10796000A77A1E4B1B6BC3F3080307EE903AF8EEA1
:10797000676A97ED026ADFED1D5AC6EE257A76EE4C
:10798000A77AF7EE006A77EEA67A67EE277AC7ED58
:10799000077A00BF114B1B6B5B0A03F07F030133B7
:1079A0003B603B6807EE903AB8EE677AD7ED076A1E
:1079B000C6EE877AFCEEE77A17EE903ABB6105E0F7
:1079C0000023BB6102E0074BBB6100BFBB691846E7
:1079D0002437BD465DF8047B704700BF0044025861
:1079E0000090D00300093D0040787D010000004672
:1079F0000024744C0024744A20BCBE4B80B582B075
:107A000000AFFFF781FE0246104B9B691B0A03F093
:107A10000F030F49CB5C03F01F0322FA03F37B60D3
:107A20000A4B9B6903F00F03094AD35C03F01F0361
:107A30007A6822FA03F3074A1360074A7B681360E7
:107A4000044B1B6818460837BD4680BD00440258E9
:107A5000708503087C0600247806002480B500AFFA
:107A6000FFF7CCFF0246064BDB691B0903F0070357
:107A70000449CB5C03F01F0322FA03F3184680BDD0
:107A8000004402587085030880B483B000AF78606A
:107A900039607B683F221A601A4B1B6903F00702AA
:107AA0007B685A60174B9B6903F470627B689A602D
:107AB000144B9B6903F00F027B68DA60114B9B69E2
:107AC00003F070027B681A610E4BDB6903F07002F1
:107AD0007B685A610B4BDB6903F4E0627B689A6157
:107AE000084B1B6A03F070027B68DA61064B1B6867
:107AF00003F00F023B681A6000BF0C37BD465DF80B
:107B0000047B704700440258002000522DE9B04F1A
:107B1000CAB000AFC7F81401002387F8273100234B
:107B200087F82631D7F81431D3E9002302F0006436
:107B3000002554EA050349D0D7F814319B6EB3F5FC
:107B4000401F2FD0B3F5401F28D8B3F5001F1AD01F
:107B5000B3F5001F22D8002B03D0B3F5801F07D048
:107B60001CE0B84BDB6AB74A43F40033D3621AE037
:107B7000D7F8143108330221184602F061FB03469E
:107B800087F827310FE0D7F814312833022118463F
:107B900002F008FC034687F8273104E0012387F848
:107BA000273100E000BF97F82731002B0AD1A54B01
:107BB0001B6D23F44011D7F814319B6EA14A0B437F
:107BC000136503E097F8273187F82631D7F8143189
:107BD000D3E9002302F480784FF0000958EA090342
:107BE00047D0D7F814319B6D042B2AD801A252F844
:107BF00023F000BF097C0208177C02082D7C0208D4
:107C00004B7C02084B7C02088E4BDB6A8D4A43F4A6
:107C10000033D3621AE0D7F8143108330021184634
:107C200002F00EFB034687F827310FE0D7F8143136
:107C300028330021184602F0B5FB034687F82731A8
:107C400004E0012387F8273100E000BF97F82731CF
:107C5000002B0AD17B4B1B6D23F00701D7F81431A1
:107C60009B6D784A0B43136503E097F8273187F83B
:107C70002631D7F81431D3E9002302F4007A4FF00B
:107C8000000B5AEA0B034CD0D7F81431DB6DB3F577
:107C9000807F30D0B3F5807F29D8C02B2DD0C02B6A
:107CA00025D8802B18D0802B21D8002B02D0402B38
:107CB00007D01CE0634BDB6A624A43F40033D362B3
:107CC0001CE0D7F8143108330021184602F0B8FA46
:107CD000034687F8273111E0D7F814312833002103
:107CE000184602F05FFB034687F8273106E00123C0
:107CF00087F8273102E000BF00E000BF97F8273186
:107D0000002B0AD14F4B1B6D23F4E071D7F81431CF
:107D1000DB6D4C4A0B43136503E097F8273187F876
:107D20002631D7F81431D3E9002302F48063C7F871
:107D300008310023C7F80C31D7E942120B46134330
:107D400053D0D7F81431D3F8A830B3F5000F35D09D
:107D5000B3F5000F2ED8B3F5C00F31D0B3F5C00F77
:107D600028D8B3F5800F1AD0B3F5800F22D8002B96
:107D700003D0B3F5001F07D01CE0324BDB6A314A59
:107D800043F40033D3621CE0D7F8143108330021E8
:107D9000184602F055FA034687F8273111E0D7F864
:107DA000143128330021184602F0FCFA034687F804
:107DB000273106E0012387F8273102E000BF00E009
:107DC00000BF97F82731002B0BD11E4B9B6D23F47E
:107DD0006001D7F81431D3F8A8301A4A0B439365E1
:107DE00003E097F8273187F82631D7F81431D3E923
:107DF000002302F40063C7F800310023C7F8043100
:107E0000D7E940120B46134356D0D7F81431D3F8B4
:107E1000AC30B3F1806F38D0B3F1806F31D8B3F1AB
:107E2000407F34D0B3F1407F2BD8B3F1007F1DD019
:107E3000B3F1007F25D8002B06D0B3F1807F0AD0A4
:107E40001FE000BF00440258A24BDB6AA14A43F482
:107E50000033D3621CE0D7F81431083300211846F0
:107E600002F0EEF9034687F8273111E0D7F8143114
:107E700028330021184602F095FA034687F8273187
:107E800006E0012387F8273102E000BF00E000BFD1
:107E900097F82731002B0BD18E4B9B6D23F0E061BF
:107EA000D7F81431D3F8AC308A4A0B43936503E01A
:107EB00097F8273187F82631D7F81431D3E9002312
:107EC00002F00073C7F8F8300023C7F8FC30D7E998
:107ED0003E120B4613433AD0D7F81431DB6C302BEB
:107EE0001FD0302B19D8202B0CD0202B15D8002BCD
:107EF00019D0102B11D1774BDB6A764A43F400334B
:107F0000D36211E0D7F8143108330221184602F089
:107F100097F9034687F8273106E0012387F82731D0
:107F200002E000BF00E000BF97F82731002B0AD124
:107F3000684BDB6C23F03001D7F81431DB6C654AF9
:107F40000B43D36403E097F8273187F82631D7F83D
:107F50001431D3E9002302F48053C7F8F030002332
:107F6000C7F8F430D7E93C120B46134351D0D7F889
:107F700014311B6EB3F5804F35D0B3F5804F2ED83A
:107F8000B3F5405F31D0B3F5405F28D8B3F5005F5B
:107F90001AD0B3F5005F22D8002B03D0B3F5805F71
:107FA00007D01CE04B4BDB6A4A4A43F40033D362F0
:107FB0001CE0D7F8143108330021184602F040F9CC
:107FC000034687F8273111E0D7F814312833002110
:107FD000184602F0E7F9034687F8273106E0012347
:107FE00087F8273102E000BF00E000BF97F8273193
:107FF000002B0AD1374B1B6D23F4E041D7F8143125
:108000001B6E344A0B43136503E097F8273187F85A
:108010002631D7F81431D3E9002302F40053C7F80E
:10802000E8300023C7F8EC30D7E93A120B46134387
:1080300056D0D7F814315B6EB3F5A02F33D0B3F51B
:10804000A02F2CD8B3F5802F2FD0B3F5802F26D8B2
:10805000B3F5403F2BD0B3F5403F20D8B3F5003FF8
:1080600012D0B3F5003F1AD8002B22D0B3F5803FD1
:1080700015D1D7F8143108330121184602F0E0F881
:10808000034687F8273115E0D7F81431283301214A
:10809000184602F087F9034687F827310AE00123E2
:1080A00087F8273106E000BF04E000BF02E000BF10
:1080B00000E000BF97F82731002B0DD1054B1B6D59
:1080C00023F4E021D7F814315B6E024A0B431365A9
:1080D00006E000BF0044025897F8273187F82631A0
:1080E000D7F81431D3E9002302F48043C7F8E03015
:1080F0000023C7F8E430D7E938120B46134355D0B4
:10810000D7F81431D3F8B030B3F1A04F33D0B3F176
:10811000A04F2CD8B3F1804F2FD0B3F1804F26D889
:10812000B3F1405F2BD0B3F1405F20D8B3F1005FD3
:1081300012D0B3F1005F1AD8002B22D0B3F1805FC8
:1081400015D1D7F8143108330121184602F078F818
:10815000034687F8273115E0D7F814312833012179
:10816000184602F01FF9034687F827310AE0012379
:1081700087F8273106E000BF04E000BF02E000BF3F
:1081800000E000BF97F82731002B0BD1A34B9B6D6C
:1081900023F0E041D7F81431D3F8B0309F4A0B43B5
:1081A000936503E097F8273187F82631D7F8143123
:1081B000D3E9002302F40043C7F8D8300023C7F8FE
:1081C000DC30D7E936120B46134337D0D7F81431D9
:1081D0001B6FB3F1005F0ED0B3F1005F16D8002B18
:1081E00018D0B3F1805F11D18C4BDB6A8B4A43F41A
:1081F0000033D3620FE0D7F8143108330121184659
:1082000002F01EF8034687F8273104E0012387F8BF
:10821000273100E000BF97F82731002B0AD17F4BB0
:108220001B6D23F04051D7F814311B6F7B4A0B4371
:10823000136503E097F8273187F82631D7F8143112
:10824000D3E9002302F08073C7F8D0300023C7F8C9
:10825000D430D7E934120B46134339D0D7F8143150
:108260009B6C032B1CD801A252F823F0A9820208B0
:108270007D8202088B820208A9820208674BDB6AB2
:10828000664A43F40033D3620FE0D7F81431083361
:108290000221184601F0D4FF034687F8273104E095
:1082A000012387F8273100E000BF97F82731002B22
:1082B0000AD15A4BDB6C23F00301D7F814319B6CC5
:1082C000564A0B43D36403E097F8273187F82631E9
:1082D000D7F81431D3E9002302F48003C7F8C8307B
:1082E0000023C7F8CC30D7E932120B46134300F015
:1082F0009F804B4B1B684A4A43F480731360FCF722
:108300009DF8C7F820010BE0FCF798F80246D7F873
:108310002031D31A642B03D9032387F8273105E0D2
:108320003F4B1B6803F48073002BEDD097F8273187
:10833000002B79D1394B1A6FD7F81431D3F8B430F8
:10834000534003F44073002B15D0344B1B6F23F4C0
:108350004073C7F81C31314B1B6F304A43F48033F4
:1083600013672E4B1B6F2D4A23F4803313672B4A60
:10837000D7F81C311367D7F81431D3F8B430B3F5FC
:10838000807F18D1FCF75AF8C7F820010DE0FCF700
:1083900055F80246D7F82031D21A41F288339A4272
:1083A00003D9032387F8273105E01C4B1B6F03F02B
:1083B0000203002BEBD097F82731002B29D1D7F8F7
:1083C0001431D3F8B43003F44073B3F5407F0ED1C9
:1083D000124B1B6923F47C51D7F81431D3F8B43015
:1083E0001A09104B13400D4A0B43136105E00B4B68
:1083F0001B690A4A23F47C531361084B196FD7F8A1
:108400001431D3F8B430C3F30B03044A0B4313679E
:108410000EE097F8273187F8263109E0004402582A
:1084200000480258CFFFFF0097F8273187F8263120
:10843000D7F81431D3E9002302F00103C7F8C030A4
:108440000023C7F8C430D7E930120B46134300F0BD
:108450008980D7F81431DB6F282B6BD801A252F832
:1084600023F000BF3D8502083585020835850208E6
:1084700035850208358502083585020835850208EC
:108480003585020809850208358502083585020808
:1084900035850208358502083585020835850208CC
:1084A000358502081F8502083585020835850208D2
:1084B00035850208358502083585020835850208AC
:1084C000358502083D850208358502083585020894
:1084D000358502083585020835850208358502088C
:1084E000358502083D850208358502083585020874
:1084F000358502083585020835850208358502086C
:10850000358502083D850208D7F81431083301216A
:10851000184601F095FE034687F827310FE0D7F89B
:10852000143128330121184601F03CFF034687F837
:10853000273104E0012387F8273100E000BF97F8D6
:108540002731002B0AD1BF4B5B6D23F03801D7F8E0
:108550001431DB6FBB4A0B43536503E097F82731B7
:1085600087F82631D7F81431D3E9002302F002034B
:10857000C7F8B8300023C7F8BC30D7E92E120B4635
:10858000134341D0D7F814319B6F052B24D801A297
:1085900052F823F0E1850208AD850208C385020880
:1085A000E1850208E1850208E1850208D7F8143167
:1085B00008330121184601F043FE034687F82731AE
:1085C0000FE0D7F8143128330121184601F0EAFEF4
:1085D000034687F8273104E0012387F8273100E0BC
:1085E00000BF97F82731002B0AD1964B5B6D23F023
:1085F0000701D7F814319B6F924A0B43536503E090
:1086000097F8273187F82631D7F81431D3E90023BA
:1086100002F00403C7F8B0300023C7F8B430D7E93C
:108620002C120B46134344D0D7F81431D3F89430AE
:10863000052B25D801A252F823F000BF8986020835
:10864000558602086B860208898602088986020818
:1086500089860208D7F8143108330121184601F041
:10866000EFFD034687F827310FE0D7F814312833A0
:108670000121184601F096FE034687F8273104E0F1
:10868000012387F8273100E000BF97F82731002B3E
:108690000BD16C4B9B6D23F00701D7F81431D3F845
:1086A0009430684A0B43936503E097F8273187F8C5
:1086B0002631D7F81431D3E9002302F02003C7F89C
:1086C000A8300023C7F8AC30D7E92A120B46134371
:1086D00055D0D7F81431D3F89030B3F1A04F33D040
:1086E000B3F1A04F2CD8B3F1804F2FD0B3F1804F0E
:1086F00026D8B3F1405F2BD0B3F1405F20D8B3F15F
:10870000005F12D0B3F1005F1AD8002B22D0B3F172
:10871000805F15D1D7F8143108330021184601F0D5
:108720008FFD034687F8273115E0D7F81431283339
:108730000221184601F036FE034687F827310AE089
:10874000012387F8273106E000BF04E000BF02E004
:1087500000BF00E000BF97F82731002B0BD1394B49
:108760005B6D23F0E041D7F81431D3F89030354AEF
:108770000B43536503E097F8273187F82631D7F884
:108780001431D3E9002302F04003C7F8A0300023DE
:10879000C7F8A430D7E928120B46134358D0D7F8AE
:1087A0001431D3F89C30B3F5A05F33D0B3F5A05F9C
:1087B0002CD8B3F5805F2FD0B3F5805F26D8B3F502
:1087C000406F2BD0B3F5406F20D8B3F5006F12D0B7
:1087D000B3F5006F1AD8002B22D0B3F5806F15D1F6
:1087E000D7F8143108330021184601F029FD03465B
:1087F00087F8273115E0D7F81431283302211846BD
:1088000001F0D0FD034687F827310AE0012387F8FD
:10881000273106E000BF04E000BF02E000BF00E037
:1088200000BF97F82731002B0ED1064B9B6D23F428
:10883000E051D7F81431D3F89C30024A0B439365CA
:1088400006E000BF0044025897F8273187F8263128
:10885000D7F81431D3E9002302F08003C7F8983029
:108860000023C7F89C30D7E926120B46134355D096
:10887000D7F81431D3F8A030B3F5204F33D0B3F587
:10888000204F2CD8B3F5004F2FD0B3F5004F26D88A
:10889000B3F5C04F2BD0B3F5C04F20D8B3F5804F00
:1088A00012D0B3F5804F1AD8002B22D0B3F5005F59
:1088B00015D1D7F8143108330021184601F0C0FC57
:1088C000034687F8273115E0D7F814312833022101
:1088D000184601F067FD034687F827310AE00123B7
:1088E00087F8273106E000BF04E000BF02E000BFC8
:1088F00000E000BF97F82731002B0BD1A14B9B6DF7
:1089000023F46041D7F81431D3F8A0309D4A0B43CB
:10891000936503E097F8273187F82631D7F81431AB
:10892000D3E9002302F00803C7F890300023C7F80A
:108930009430D7E924120B4613431ED0D7F81431D4
:10894000D3F88430B3F5805F0CD1D7F814312833D5
:108950000221184601F026FD0346002B02D0012318
:1089600087F82631874B5B6D23F44051D7F81431DB
:10897000D3F88430834A0B435365D7F81431D3E9D5
:10898000002302F01003C7F888300023C7F88C30AA
:10899000D7E922120B4613431ED0D7F81431D3F86F
:1089A0009830B3F5807F0CD1D7F8143128330221E9
:1089B000184601F0F7FC0346002B02D0012387F88C
:1089C0002631704B9B6D23F44071D7F81431D3F8E6
:1089D00098306C4A0B439365D7F81431D3E90023E0
:1089E00002F40023C7F880300023C7F88430D7E9A9
:1089F00020120B4613433ED0D7F81431D3F8A430DD
:108A0000B3F5003F22D0B3F5003F1BD8002B03D0B5
:108A1000B3F5803F0BD015E0D7F8143108330021AF
:108A2000184601F00DFC034687F827310FE0D7F810
:108A3000143128330221184601F0B4FC034687F8AC
:108A4000273104E0012387F8273100E000BF97F8C1
:108A50002731002B0BD14B4B9B6D23F44031D7F8C2
:108A60001431D3F8A430474A0B43936503E097F8D9
:108A7000273187F82631D7F81431D3E9002302F4DF
:108A80008023BB670023FB67D7E91E120B46134305
:108A90003BD0D7F81431D3F88830B3F5401F1FD03E
:108AA000B3F5401F18D8B3F5801F03D0B3F5001FEE
:108AB00007D011E0334BDB6A324A43F40033D36210
:108AC0000FE0D7F8143128330121184601F06AFC71
:108AD000034687F8273104E0012387F8273100E0B7
:108AE00000BF97F82731002B0BD1264B5B6D23F489
:108AF0004011D7F81431D3F88830224A0B4353651C
:108B000003E097F8273187F82631D7F81431D3E9F5
:108B1000002302F480333B6700237B67D7E91C12F4
:108B20000B46134334D0D7F814311B6D002B03D000
:108B3000B3F5803F07D011E0124BDB6A114A43F4D2
:108B40000033D3620EE0D7F81431083302211846FF
:108B500001F076FB034687F8273103E0012387F80D
:108B6000273100BF97F82731002B0DD1054BDB6C67
:108B700023F48031D7F814311B6D024A0B43D364C0
:108B800006E000BF0044025897F8273187F82631E5
:108B9000D7F81431D3E9002302F00053BB66002359
:108BA000FB66D7E91A120B4613430CD0D7F81431E1
:108BB00028330221184601F0F5FB0346002B02D0B2
:108BC000012387F82631D7F81431D3E9002302F4C2
:108BD00000333B6600237B66D7E918120B4613432C
:108BE00038D0D7F81431D3F88030B3F5407F18D09F
:108BF000B3F5407F11D8B3F5007F14D0B3F5007FF3
:108C00000BD8002B11D0B3F5807F06D1C34BDB6AA4
:108C1000C24A43F40033D36208E0012387F82731C6
:108C200004E000BF02E000BF00E000BF97F827317A
:108C3000002B0BD1B94B5B6D23F44071D7F8143185
:108C4000D3F88030B54A0B43536503E097F82731DA
:108C500087F82631D7F81431D3E9002302F48013C2
:108C6000BB650023FB65D7E916120B46134309D0F9
:108C7000AA4B1B6D23F00041D7F814315B6FA74A54
:108C80000B431365D7F81431D3E9002302F0805366
:108C90003B6500237B65D7E914120B4613430AD0CA
:108CA0009E4B1B6923F48041D7F81431D3F8B830B8
:108CB0009A4A0B431361D7F81431D3E9002302F425
:108CC0000013BB640023FB64D7E912120B46134365
:108CD00009D0924B1B6D23F08071D7F81431DB6EF5
:108CE0008E4A0B431365D7F81431D3E9002302F001
:108CF00080433B6400237B64D7E910120B46134387
:108D00000ED0864B1B69854A23F400431361834BC5
:108D10001969D7F81431D3F8BC30804A0B4313617A
:108D2000D7F81431D3E9002302F00043BB630023DA
:108D3000FB63D7E90E120B46134309D0774BDB6C6C
:108D400023F04051D7F814315B6D744A0B43D36460
:108D5000D7F81431D3E9002302F400033B63002366
:108D60007B63D7E90C120B4613430AD06B4B5B6D48
:108D700023F44001D7F81431D3F88C30674A0B4301
:108D80005365D7F81431D3E900230021B96203F009
:108D90000103FB62D7E90A120B46134311D0D7F83F
:108DA000143108330021184601F04AFA034687F8C7
:108DB000273197F82731002B03D097F8273187F810
:108DC0002631D7F81431D3E900230021396203F0AA
:108DD00002037B62D7E908120B46134311D0D7F880
:108DE000143108330121184601F02AFA034687F8A6
:108DF000273197F82731002B03D097F8273187F8D0
:108E00002631D7F81431D3E900230021B96103F0EA
:108E10000403FB61D7E906120B46134311D0D7F8C0
:108E2000143108330221184601F00AFA034687F884
:108E3000273197F82731002B03D097F8273187F88F
:108E40002631D7F81431D3E900230021396103F02A
:108E500008037B61D7E904120B46134311D0D7F8FE
:108E6000143128330021184601F09CFA034687F894
:108E7000273197F82731002B03D097F8273187F84F
:108E80002631D7F81431D3E900230021B96003F06B
:108E90001003FB60D7E902120B46134311D0D7F839
:108EA000143128330121184601F07CFA034687F873
:108EB000273197F82731002B03D097F8273187F80F
:108EC0002631D7F81431D3E900230021396003F0AB
:108ED00020037B60D7E900120B46134311D0D7F86B
:108EE000143128330221184601F05CFA034687F852
:108EF000273197F82731002B03D097F8273187F8CF
:108F0000263197F82631002B01D1002300E0012300
:108F1000184607F59477BD46BDE8B08F0044025867
:108F200080B590B000AFC7E90001D7E90023A2F5F2
:108F300080710B4340F094809E4B1B6D03F0070340
:108F40003B633B6B042B00F2878001A252F823F0B5
:108F5000658F02088D8F0208B58F020851900208B4
:108F6000DD8F0208934B1B6803F00073B3F1007FA1
:108F700008D107F12403184601F010F8BB6AFB631F
:108F800000F045BD0023FB6300F041BD894B1B6829
:108F900003F00063B3F1006F08D107F1180318461E
:108FA00000F054FDBB69FB6300F031BD0023FB639F
:108FB00000F02DBD7F4B1B6803F00053B3F1005F41
:108FC00008D107F10C03184600F094FEFB68FB6320
:108FD00000F01DBD0023FB6300F019BD754BDB6C79
:108FE00003F040537B63734B1B6803F00403042BB3
:108FF0000CD17B6B002B09D16E4B1B68DB0803F097
:1090000003036D4A22FA03F3FB631FE0694B1B68FD
:1090100003F48073B3F5807F06D17B6BB3F1805F7F
:1090200002D1664BFB6311E0624B1B6803F4003313
:10903000B3F5003F06D17B6BB3F1005F02D1604B0B
:10904000FB6303E00023FB6300F0E1BC00F0DFBC46
:109050005C4BFB6300F0DBBC0023FB6300F0D7BC80
:10906000D7E90023A2F500710B4340F0AD80514BCE
:109070001B6D03F4E0733B633B6BB3F5807F56D00D
:109080003B6BB3F5807F00F290803B6BC02B00F010
:1090900088803B6BC02B00F288803B6B802B32D0EA
:1090A0003B6B802B00F281803B6B002B03D03B6B32
:1090B000402B14D079E03F4B1B6803F00073B3F1F1
:1090C000007F08D107F12403184600F067FFBB6A50
:1090D000FB6300F09CBC0023FB6300F098BC354BA5
:1090E0001B6803F00063B3F1006F08D107F11803A8
:1090F000184600F0ABFCBB69FB6300F088BC0023A2
:10910000FB6300F084BC2B4B1B6803F00053B3F1EE
:10911000005F08D107F10C03184600F0EBFDFB6877
:10912000FB6300F074BC0023FB6300F070BC214BB8
:10913000DB6C03F040537B631E4B1B6803F004039E
:10914000042B0CD17B6B002B09D11A4B1B68DB085D
:1091500003F00303184A22FA03F3FB631FE0154BE5
:109160001B6803F48073B3F5807F06D17B6BB3F18A
:10917000805F02D1114BFB6311E00E4B1B6803F4BF
:109180000033B3F5003F06D17B6BB3F1005F02D132
:109190000B4BFB6303E00023FB6300F038BC00F0E3
:1091A00036BC084BFB6300F032BC0023FB6300F0CD
:1091B0002EBC00BF004402580090D00300093D00BF
:1091C00040787D010080BB00D7E90023A2F58061D3
:1091D0000B4340F09C809E4B9B6D03F460033B630C
:1091E0003B6BB3F5000F54D03B6BB3F5000F00F2AF
:1091F0008B803B6BB3F5C00F00F083803B6BB3F506
:10920000C00F00F281803B6BB3F5800F2FD03B6B1A
:10921000B3F5800F78D83B6B002B04D03B6BB3F5D4
:10922000001F12D070E08A4B1B6803F00073B3F18B
:10923000007F07D107F12403184600F0AFFEBB6A98
:10924000FB63E4E30023FB63E1E3814B1B6803F072
:109250000063B3F1006F07D107F11803184600F05F
:10926000F5FBBB69FB63D2E30023FB63CFE3784BE1
:109270001B6803F00053B3F1005F07D107F10C0343
:10928000184600F037FDFB68FB63C0E30023FB6377
:10929000BDE36F4BDB6C03F040537B636C4B1B688F
:1092A00003F00403042B0CD17B6B002B09D1684B1A
:1092B0001B68DB0803F00303664A22FA03F3FB632F
:1092C0001EE0634B1B6803F48073B3F5807F06D107
:1092D0007B6BB3F1805F02D15F4BFB6310E05C4BB3
:1092E0001B6803F40033B3F5003F06D17B6BB3F189
:1092F000005F02D1594BFB6302E00023FB6386E36E
:1093000085E3574BFB6382E30023FB637FE3D7E9ED
:109310000023A2F500610B4340F0A7804C4B9B6DEE
:1093200003F0E0633B633B6BB3F1806F55D03B6B65
:10933000B3F1806F00F296803B6BB3F1407F00F099
:1093400084803B6BB3F1407F00F28C803B6BB3F1C8
:10935000007F30D03B6BB3F1007F00F283803B6B2A
:10936000002B04D03B6BB3F1807F12D07AE0384BF6
:109370001B6803F00073B3F1007F07D107F12403EA
:10938000184600F00BFEBB6AFB6340E30023FB635F
:109390003DE32F4B1B6803F00063B3F1006F07D16F
:1093A00007F11803184600F051FBBB69FB632EE37D
:1093B0000023FB632BE3264B1B6803F00053B3F140
:1093C000005F07D107F10C03184600F093FCFB681F
:1093D000FB631CE30023FB6319E31D4BDB6C03F011
:1093E00040537B631A4B1B6803F00403042B0CD11E
:1093F0007B6B002B09D1164B1B68DB0803F00303C2
:10940000144A22FA03F3FB631EE0114B1B6803F4BA
:109410008073B3F5807F06D17B6BB3F1805F02D19F
:109420000D4BFB6310E00A4B1B6803F40033B3F5EC
:10943000003F06D17B6BB3F1005F02D1074BFB63AA
:1094400002E00023FB63E2E2E1E2054BFB63DEE2C4
:10945000004402580090D00300093D0040787D018F
:109460000080BB000023FB63D1E2D7E90023A2F513
:1094700080510B4340F09C80934B1B6D03F4E04301
:10948000BB63BB6BB3F5804F54D0BB6BB3F5804F60
:1094900000F28B80BB6BB3F5405F00F08380BB6B49
:1094A000B3F5405F00F28180BB6BB3F5005F2FD056
:1094B000BB6BB3F5005F78D8BB6B002B04D0BB6BE4
:1094C000B3F5805F12D070E07F4B1B6803F0007330
:1094D000B3F1007F07D107F12403184600F05EFDC9
:1094E000BB6AFB6393E20023FB6390E2764B1B684D
:1094F00003F00063B3F1006F07D107F118031846BA
:1095000000F0A4FABB69FB6381E20023FB637EE207
:109510006D4B1B6803F00053B3F1005F07D107F1F7
:109520000C03184600F0E6FBFB68FB636FE20023C8
:10953000FB636CE2644BDB6C03F040537B63624B78
:109540001B6803F00403042B0CD17B6B002B09D1A7
:109550005D4B1B68DB0803F003035C4A22FA03F34C
:10956000FB631EE0584B1B6803F48073B3F5807FE8
:1095700006D17B6BB3F1805F02D1554BFB6310E0EA
:10958000514B1B6803F40033B3F5003F06D17B6BEE
:10959000B3F1005F02D14F4BFB6302E00023FB639A
:1095A00035E234E24C4BFB6331E20023FB632EE2F5
:1095B000D7E90023A2F500510B4340F08F80424BC6
:1095C0001B6D03F4E023BB63BB6BB3F5A02F6BD023
:1095D000BB6BB3F5A02F74D8BB6BB3F5802F56D0FF
:1095E000BB6BB3F5802F6CD8BB6BB3F5403F3BD062
:1095F000BB6BB3F5403F64D8BB6BB3F5003F21D0E4
:10960000BB6BB3F5003F5CD8BB6B002B04D0BB6BCE
:10961000B3F5803F04D054E0FEF720FAF863F6E19A
:10962000294B1B6803F00063B3F1006F07D107F10A
:109630001803184600F00AFAFB69FB63E7E1002310
:10964000FB63E4E1204B1B6803F00053B3F1005FC0
:1096500007D107F10C03184600F04CFB3B69FB6394
:10966000D5E10023FB63D2E1174B1B6803F0040331
:10967000042B09D1144B1B68DB0803F00303134AC6
:1096800022FA03F3FB63C2E10023FB63BFE10E4B4D
:109690001B6803F48073B3F5807F02D10C4BFB632E
:1096A000B5E10023FB63B2E1074B1B6803F4003311
:1096B000B3F5003F02D1074BFB63A8E10023FB6336
:1096C000A5E10023FB63A2E1004402580090D0030F
:1096D00000093D0040787D010080BB00D7E90023F0
:1096E000A2F500210B4373D19C4B9B6D03F44033D7
:1096F000BB63BB6BB3F5003F2FD0BB6BB3F5003F33
:1097000063D8BB6B002B04D0BB6BB3F5803F12D08A
:109710005BE0924B1B6803F00063B3F1006F07D16D
:1097200007F11803184600F091F9BB69FB636EE17D
:109730000023FB636BE1894B1B6803F00053B3F11B
:10974000005F07D107F10C03184600F0D3FA7B69DC
:10975000FB635CE10023FB6359E1804BDB6C03F0AE
:1097600040537B637D4B1B6803F00403042B0CD137
:109770007B6B002B09D1794B1B68DB0803F00303DB
:10978000774A22FA03F3FB631EE0744B1B6803F471
:109790008073B3F5807F06D17B6BB3F1805F02D11C
:1097A000704BFB6310E06D4B1B6803F40033B3F5A3
:1097B000003F06D17B6BB3F1005F02D16A4BFB63C4
:1097C00002E00023FB6322E121E10023FB631EE1B1
:1097D000D7E90023A2F580310B4333D15F4BDB6C1B
:1097E00003F48033BB63BB6B002B04D0BB6BB3F5BE
:1097F000803F12D023E0594B1B6803F00073B3F194
:10980000007F07D107F12403184600F0C7FBBB6AAD
:10981000FB63FCE00023FB63F9E0504B1B6803F0A3
:109820000063B3F1006F07D107F11803184600F089
:109830000DF93B6AFB63EAE00023FB63E7E00023EA
:10984000FB63E4E0D7E90023A2F580410B4340F03D
:109850008D80424B9B6D03F0E043BB63BB6BB3F168
:10986000A04F6BD0BB6BB3F1A04F74D8BB6BB3F1FF
:10987000804F56D0BB6BB3F1804F6CD8BB6BB3F14C
:10988000405F3BD0BB6BB3F1405F64D8BB6BB3F1BF
:10989000005F21D0BB6BB3F1005F5CD8BB6B002BCA
:1098A00004D0BB6BB3F1805F04D054E000F0B8F893
:1098B000F863ACE0294B1B6803F00063B3F1006F61
:1098C00007D107F11803184600F0C0F8FB69FB63E5
:1098D0009DE00023FB639AE0204B1B6803F00053DC
:1098E000B3F1005F07D107F10C03184600F002FA4C
:1098F0003B69FB638BE00023FB6388E0174B1B682D
:1099000003F00403042B09D1144B1B68DB0803F09C
:109910000303134A22FA03F3FB6378E00023FB639B
:1099200075E00E4B1B6803F48073B3F5807F02D1A2
:109930000C4BFB636BE00023FB6368E0074B1B6889
:1099400003F40033B3F5003F02D1074BFB635EE045
:109950000023FB635BE00023FB6358E000440258F4
:109960000090D00300093D0040787D01D7E9002335
:10997000A2F500410B4348D1274B1B6D03F0405328
:10998000BB63BB6BB3F1005F2AD0BB6BB3F1005F6D
:1099900038D8BB6B002B04D0BB6BB3F1805F0DD00C
:1099A00030E01D4B1B6803F40033B3F5003F02D1D8
:1099B0001A4BFB632BE00023FB6328E0164B1B686C
:1099C00003F00073B3F1007F07D107F124031846B9
:1099D00000F0E4FABB6AFB6319E00023FB6316E0C6
:1099E0000D4B1B6803F00063B3F1006F07D107F163
:1099F0001803184600F02AF8FB69FB6307E0002310
:109A0000FB6304E00023FB6301E00023FB63FB6BCB
:109A100018464037BD4680BD0044025840787D015D
:109A200080B500AFFDF7EAFF0246064B1B6A1B0933
:109A300003F007030449CB5C03F01F0322FA03F38E
:109A4000184680BD004402587085030880B489B070
:109A500000AF7860A14B9B6A03F00303BB619F4B8F
:109A60009B6A1B0B03F03F037B619C4BDB6A1B096A
:109A700003F001033B61994BDB6BDB08C3F30C0381
:109A80003A6902FB03F307EE903AF8EE677AC7ED06
:109A9000037A7B69002B00F01181BB69022B00F077
:109AA0008380BB69022B00F2A180BB69002B03D02D
:109AB000BB69012B56D099E0884B1B6803F020034B
:109AC000002B2DD0854B1B68DB0803F00303844A71
:109AD00022FA03F3BB60BB6807EE903AF8EE676AC0
:109AE0007B6907EE903AF8EE677A86EEA77A7B4BB1
:109AF0009B6BC3F3080307EE903AF8EE676A97EDA5
:109B0000036ADFED785AC6EE257A76EEA77AF7EE8D
:109B1000006A77EEA67A67EE277AC7ED077A87E0C4
:109B20007B6907EE903AF8EE677ADFED6F6A86EEB2
:109B3000A77A6A4B9B6BC3F3080307EE903AF8EEE3
:109B4000676A97ED036ADFED675AC6EE257A76EE0F
:109B5000A77AF7EE006A77EEA67A67EE277AC7ED66
:109B6000077A65E07B6907EE903AF8EE677ADFEDF9
:109B70005F6A86EEA77A594B9B6BC3F3080307EE27
:109B8000903AF8EE676A97ED036ADFED565AC6EE33
:109B9000257A76EEA77AF7EE006A77EEA67A67EE78
:109BA000277AC7ED077A43E07B6907EE903AF8EE33
:109BB000677ADFED4F6A86EEA77A484B9B6BC3F35B
:109BC000080307EE903AF8EE676A97ED036ADFED57
:109BD000455AC6EE257A76EEA77AF7EE006A77EE5A
:109BE000A67A67EE277AC7ED077A21E07B6907EE50
:109BF000903AF8EE677ADFED3D6A86EEA77A374B4A
:109C00009B6BC3F3080307EE903AF8EE676A97ED93
:109C1000036ADFED345AC6EE257A76EEA77AF7EEC0
:109C2000006A77EEA67A67EE277AC7ED077A00BF5B
:109C30002A4B9B6B5B0A03F07F0307EE903AF8EE2A
:109C4000677AB7EE007A37EE877AD7ED076AC6EE05
:109C5000877AFCEEE77A17EE902A7B681A601F4B32
:109C60009B6B1B0C03F07F0307EE903AF8EE677ACC
:109C7000B7EE007A37EE877AD7ED076AC6EE877AB5
:109C8000FCEEE77A17EE902A7B685A60134B9B6BC9
:109C90001B0E03F07F0307EE903AF8EE677AB7EEFB
:109CA000007A37EE877AD7ED076AC6EE877AFCEE40
:109CB000E77A17EE902A7B689A6008E07B680022BA
:109CC0001A607B6800225A607B6800229A6000BF9D
:109CD0002437BD465DF8047B704700BF004402583E
:109CE0000090D003000000460024744C0024744A05
:109CF00020BCBE4B80B489B000AF7860A14B9B6A9A
:109D000003F00303BB619F4B9B6A1B0D03F03F03F2
:109D10007B619C4BDB6A1B0A03F001033B61994B9F
:109D20005B6CDB08C3F30C033A6902FB03F307EE39
:109D3000903AF8EE677AC7ED037A7B69002B00F062
:109D40001181BB69022B00F08380BB69022B00F2FA
:109D5000A180BB69002B03D0BB69012B56D099E0D1
:109D6000884B1B6803F02003002B2DD0854B1B680C
:109D7000DB0803F00303844A22FA03F3BB60BB68E9
:109D800007EE903AF8EE676A7B6907EE903AF8EED4
:109D9000677A86EEA77A7B4B1B6CC3F3080307EE4A
:109DA000903AF8EE676A97ED036ADFED785AC6EEEF
:109DB000257A76EEA77AF7EE006A77EEA67A67EE56
:109DC000277AC7ED077A87E07B6907EE903AF8EECD
:109DD000677ADFED6F6A86EEA77A6A4B1B6CC3F376
:109DE000080307EE903AF8EE676A97ED036ADFED35
:109DF000675AC6EE257A76EEA77AF7EE006A77EE16
:109E0000A67A67EE277AC7ED077A65E07B6907EEE9
:109E1000903AF8EE677ADFED5F6A86EEA77A594BE3
:109E20001B6CC3F3080307EE903AF8EE676A97EDF0
:109E3000036ADFED565AC6EE257A76EEA77AF7EE7C
:109E4000006A77EEA67A67EE277AC7ED077A43E0D5
:109E50007B6907EE903AF8EE677ADFED4F6A86EE9F
:109E6000A77A484B1B6CC3F3080307EE903AF8EE51
:109E7000676A97ED036ADFED455AC6EE257A76EEFE
:109E8000A77AF7EE006A77EEA67A67EE277AC7ED33
:109E9000077A21E07B6907EE903AF8EE677ADFED0A
:109EA0003D6A86EEA77A374B1B6CC3F3080307EEB7
:109EB000903AF8EE676A97ED036ADFED345AC6EE22
:109EC000257A76EEA77AF7EE006A77EEA67A67EE45
:109ED000277AC7ED077A00BF2A4B1B6C5B0A03F099
:109EE0007F0307EE903AF8EE677AB7EE007A37EE26
:109EF000877AD7ED076AC6EE877AFCEEE77A17EE27
:109F0000902A7B681A601F4B1B6C1B0C03F07F03AD
:109F100007EE903AF8EE677AB7EE007A37EE877A76
:109F2000D7ED076AC6EE877AFCEEE77A17EE902A3D
:109F30007B685A60134B1B6C1B0E03F07F0307EE0C
:109F4000903AF8EE677AB7EE007A37EE877AD7ED77
:109F5000076AC6EE877AFCEEE77A17EE902A7B68EE
:109F60009A6008E07B6800221A607B6800225A60D1
:109F70007B6800229A6000BF2437BD465DF8047BF1
:109F8000704700BF004402580090D0030000004614
:109F90000024744C0024744A20BCBE4B80B489B0A9
:109FA00000AF7860A04B9B6A03F00303BB619E4B3C
:109FB0009B6A1B0903F03F037B619B4BDB6A03F049
:109FC00001033B61984B5B6BDB08C3F30C033A69FD
:109FD00002FB03F307EE903AF8EE677AC7ED037AD7
:109FE0007B69002B00F01181BB69022B00F083809C
:109FF000BB69022B00F2A180BB69002B03D0BB69B7
:10A00000012B56D099E0884B1B6803F02003002BEE
:10A010002DD0854B1B68DB0803F00303834A22FA2B
:10A0200003F3BB60BB6807EE903AF8EE676A7B69A2
:10A0300007EE903AF8EE677A86EEA77A7A4B1B6BBA
:10A04000C3F3080307EE903AF8EE676A97ED036AE8
:10A05000DFED775AC6EE257A76EEA77AF7EE006A3C
:10A0600077EEA67A67EE277AC7ED077A87E07B69F5
:10A0700007EE903AF8EE677ADFED6E6A86EEA77A21
:10A08000694B1B6BC3F3080307EE903AF8EE676A5F
:10A0900097ED036ADFED665AC6EE257A76EEA77A6B
:10A0A000F7EE006A77EEA67A67EE277AC7ED077AB1
:10A0B00065E07B6907EE903AF8EE677ADFED5E6A5D
:10A0C00086EEA77A584B1B6BC3F3080307EE903A52
:10A0D000F8EE676A97ED036ADFED555AC6EE257A0A
:10A0E00076EEA77AF7EE006A77EEA67A67EE277A21
:10A0F000C7ED077A43E07B6907EE903AF8EE677A9E
:10A10000DFED4E6A86EEA77A474B1B6BC3F308035D
:10A1100007EE903AF8EE676A97ED036ADFED445A6E
:10A12000C6EE257A76EEA77AF7EE006A77EEA67A83
:10A1300067EE277AC7ED077A21E07B6907EE903A50
:10A14000F8EE677ADFED3B6A86EEA77A364B1B6B3B
:10A15000C3F3080307EE903AF8EE676A97ED036AD7
:10A16000DFED335AC6EE257A76EEA77AF7EE006A6F
:10A1700077EEA67A67EE277AC7ED077A00BF2A4BFB
:10A180001B6B5B0A03F07F0307EE903AF8EE677AE9
:10A19000B7EE007A37EE877AD7ED076AC6EE877A90
:10A1A000FCEEE77A17EE902A7B681A601E4B1B6B59
:10A1B0001B0C03F07F0307EE903AF8EE677AB7EED8
:10A1C000007A37EE877AD7ED076AC6EE877AFCEE1B
:10A1D000E77A17EE902A7B685A60134B1B6B1B0EB5
:10A1E00003F07F0307EE903AF8EE677AB7EE007A55
:10A1F00037EE877AD7ED076AC6EE877AFCEEE77A04
:10A2000017EE902A7B689A6008E07B6800221A604B
:10A210007B6800225A607B6800229A6000BF243766
:10A22000BD465DF8047B7047004402580090D0039F
:10A23000000000460024744C0024744A20BCBE4B2D
:10A2400080B584B000AF786039600023FB73534B56
:10A250009B6A03F00303032B01D1012399E04F4BC9
:10A260001B684E4A23F080631360FAF7E7F8B86082
:10A2700008E0FAF7E3F80246BB68D31A022B01D9CB
:10A28000032386E0454B1B6803F00063002BF0D1ED
:10A29000424B9B6A23F47C327B681B681B033F495B
:10A2A00013438B627B685B68013BC3F308027B68E6
:10A2B0009B68013B5B029BB21A437B68DB68013BF6
:10A2C0001B0403F4FE031A437B681B69013B1B0656
:10A2D00003F0FE43314913438B63304BDB6A23F0B9
:10A2E000C0027B685B692D491343CB622B4BDB6A51
:10A2F00023F020027B689B6928491343CB62274BDC
:10A30000DB6A264A23F01003D362244BDA6B244B1A
:10A3100013407A68D269D20020491343CB631F4BA4
:10A32000DB6A1E4A43F01003D3623B68002B06D160
:10A330001A4BDB6A194A43F40023D3620FE03B68EF
:10A34000012B06D1154BDB6A144A43F48013D36208
:10A3500005E0124BDB6A114A43F40013D3620F4B42
:10A360001B680E4A43F080631360FAF767F8B86021
:10A3700008E0FAF763F80246BB68D31A022B01D94A
:10A38000032306E0054B1B6803F00063002BF0D0AD
:10A39000FB7B18461037BD4680BD00BF0044025805
:10A3A0000700FFFF80B584B000AF786039600023FC
:10A3B000FB73534B9B6A03F00303032B01D101236F
:10A3C00099E04F4B1B684E4A23F080531360FAF715
:10A3D00035F8B86008E0FAF731F80246BB68D31ADE
:10A3E000022B01D9032386E0454B1B6803F0005381
:10A3F000002BF0D1424B9B6A23F07C727B681B6878
:10A400001B053F4913438B627B685B68013BC3F3C9
:10A4100008027B689B68013B5B029BB21A437B6826
:10A42000DB68013B1B0403F4FE031A437B681B69D2
:10A43000013B1B0603F0FE43314913430B64304BD1
:10A44000DB6A23F440627B685B692D491343CB626E
:10A450002B4BDB6A23F400727B689B69284913430A
:10A46000CB62274BDB6A264A23F48073D362244BEA
:10A470005A6C244B13407A68D269D20020491343A6
:10A480004B641F4BDB6A1E4A43F48073D3623B6804
:10A49000002B06D11A4BDB6A194A43F48003D362BE
:10A4A0000FE03B68012B06D1154BDB6A144A43F4DD
:10A4B0000003D36205E0124BDB6A114A43F080735C
:10A4C000D3620F4B1B680E4A43F080531360F9F7B9
:10A4D000B5FFB86008E0F9F7B1FF0246BB68D31AD0
:10A4E000022B01D9032306E0054B1B6803F0005340
:10A4F000002BF0D0FB7B18461037BD4680BD00BF57
:10A50000004402580700FFFF80B582B000AF7860BA
:10A510007B68002B01D1012349E07B6893F83D3033
:10A52000DBB2002B06D17B68002283F83C207868E0
:10A5300000F041F87B68022283F83D207B681A68AE
:10A540007B6804331946104600F0E8F97B68012265
:10A5500083F848207B68012283F83E207B68012233
:10A5600083F83F207B68012283F840207B6801222A
:10A5700083F841207B68012283F842207B68012216
:10A5800083F843207B68012283F844207B68012202
:10A5900083F845207B68012283F846207B680122EE
:10A5A00083F847207B68012283F83D20002318466A
:10A5B0000837BD4680BD80B483B000AF786000BF6F
:10A5C0000C37BD465DF8047B7047000080B485B051
:10A5D00000AF78607B6893F83D30DBB2012B01D08F
:10A5E000012354E07B68022283F83D207B681B68CE
:10A5F000DA687B681B6842F00102DA607B681B68DE
:10A60000264A934222D07B681B68B3F1804F1DD04D
:10A610007B681B68224A934218D07B681B68214ADA
:10A62000934213D07B681B681F4A93420ED07B680D
:10A630001B681E4A934209D07B681B681C4A9342E0
:10A6400004D07B681B681B4A934215D17B681B684A
:10A650009A68194B1340FB60FB68062B15D0FB680A
:10A66000B3F5803F11D07B681B681A687B681B6854
:10A6700042F001021A6008E07B681B681A687B6878
:10A680001B6842F001021A6000E000BF0023184678
:10A690001437BD465DF8047B704700BF00000140E1
:10A6A0000004004000080040000C0040000401408D
:10A6B00000180040004001400700010080B584B050
:10A6C00000AF78607B681B68DB68FB607B681B6899
:10A6D0001B69BB60BB6803F00203002B20D0FB6842
:10A6E00003F00203002B1BD07B681B686FF0020293
:10A6F0001A617B6801221A777B681B689B6903F0EB
:10A700000303002B03D0786800F0E9F805E07868CF
:10A7100000F0DBF8786800F0ECF87B6800221A772C
:10A72000BB6803F00403002B20D0FB6803F0040394
:10A73000002B1BD07B681B686FF004021A617B68DA
:10A7400002221A777B681B689B6903F44073002B15
:10A7500003D0786800F0C3F805E0786800F0B5F839
:10A76000786800F0C6F87B6800221A77BB6803F0AF
:10A770000803002B20D0FB6803F00803002B1BD03C
:10A780007B681B686FF008021A617B6804221A77E5
:10A790007B681B68DB6903F00303002B03D0786838
:10A7A00000F09DF805E0786800F08FF8786800F018
:10A7B000A0F87B6800221A77BB6803F01003002B17
:10A7C00020D0FB6803F01003002B1BD07B681B68B4
:10A7D0006FF010021A617B6808221A777B681B6889
:10A7E000DB6903F44073002B03D0786800F077F83E
:10A7F00005E0786800F069F8786800F07AF87B681E
:10A8000000221A77BB6803F00103002B0CD0FB6811
:10A8100003F00103002B07D07B681B686FF0010277
:10A820001A617868F8F7D8FFBB6803F08003002B43
:10A8300004D1BB6803F40053002B0CD0FB6803F079
:10A840008003002B07D07B681B686FF402521A61EB
:10A85000786800F00DF9BB6803F48073002B0CD00E
:10A86000FB6803F08003002B07D07B681B686FF444
:10A8700080721A61786800F005F9BB6803F0400344
:10A88000002B0CD0FB6803F04003002B07D07B6843
:10A890001B686FF040021A61786800F034F8BB68FA
:10A8A00003F02003002B0CD0FB6803F02003002BE7
:10A8B00007D07B681B686FF020021A61786800F08F
:10A8C000CDF800BF1037BD4680BD80B483B000AF67
:10A8D000786000BF0C37BD465DF8047B704780B4DC
:10A8E00083B000AF786000BF0C37BD465DF8047BD5
:10A8F000704780B483B000AF786000BF0C37BD46AE
:10A900005DF8047B704780B483B000AF786000BF0F
:10A910000C37BD465DF8047B7047000080B485B0FD
:10A9200000AF786039607B681B68FB607B68434AD6
:10A93000934213D07B68B3F1804F0FD07B68404ABD
:10A9400093420BD07B683F4A934207D07B683E4AD4
:10A95000934203D07B683D4A934208D1FB6823F0C1
:10A960007003FB603B685B68FA681343FB607B68BD
:10A97000324A93421FD07B68B3F1804F1BD07B6873
:10A980002F4A934217D07B682E4A934213D07B689C
:10A990002D4A93420FD07B682C4A93420BD07B68A0
:10A9A0002B4A934207D07B682A4A934203D07B68A4
:10A9B000294A934208D1FB6823F44073FB603B684B
:10A9C000DB68FA681343FB60FB6823F080023B6896
:10A9D0005B691343FB603B689A687B68DA623B689B
:10A9E0001A687B689A627B68144A93420FD07B682E
:10A9F000164A93420BD07B68154A934207D07B6876
:10AA0000144A934203D07B68134A934203D13B68B4
:10AA10001A697B681A637B681B6843F004027B68D1
:10AA20001A607B6801225A617B68FA681A6000BF6D
:10AA30001437BD465DF8047B704700BF000001403D
:10AA40000004004000080040000C004000040140E9
:10AA500000400140004401400048014080B483B000
:10AA600000AF786000BF0C37BD465DF8047B7047CF
:10AA700080B483B000AF786000BF0C37BD465DF88E
:10AA8000047B704780B483B000AF786000BF0C37A0
:10AA9000BD465DF8047B704780B485B000AFF860B8
:10AAA000B9607A60FB681968BB6803FB03F2134660
:10AAB0005B001344DB4301EA0302BB6803FB03F3BF
:10AAC000796801FB03F31A43FB681A6000BF14376F
:10AAD000BD465DF8047B704780B485B000AFF86078
:10AAE000B9607A60FB685A68BB68DB431A40BB6890
:10AAF000796801FB03F31A43FB685A6000BF1437FF
:10AB0000BD465DF8047B704780B485B000AFF86047
:10AB1000B9607A60FB689968BB6803FB03F213466F
:10AB20005B001344DB4301EA0302BB6803FB03F34E
:10AB3000796801FB03F31A43FB689A6000BF14377E
:10AB4000BD465DF8047B704780B485B000AFF86007
:10AB5000B9607A60FB68D968BB6803FB03F21346EF
:10AB60005B001344DB4301EA0302BB6803FB03F30E
:10AB7000796801FB03F31A43FB68DA6000BF1437FE
:10AB8000BD465DF8047B704780B485B000AFF860C7
:10AB9000B9607A60FB68196ABB6803FB03F3BA68A3
:10ABA00002FB03F3BA6803FB02F213461B019B1A74
:10ABB000DB4301EA0302BB6803FB03F3B96801FB53
:10ABC00003F3B96801FB03F3796801FB03F31A434C
:10ABD000FB681A6200BF1437BD465DF8047B7047FE
:10ABE00080B485B000AFF860B9607A60FB68596ADC
:10ABF000BB681B0ABA68120A02FB03F3BA68120A9E
:10AC000002FB03F3BA68120A03FB02F213461B01AC
:10AC10009B1ADB4301EA0302BB681B0AB968090AF5
:10AC200001FB03F3B968090A01FB03F3B968090AD8
:10AC300001FB03F3796801FB03F31A43FB685A62D3
:10AC400000BF1437BD465DF8047B704780B588B0FF
:10AC500000AF786039603B681B683B613B6993FAE1
:10AC6000A3F3FB60FB687B617B69002B01D1202390
:10AC700003E07B69B3FA83F3DBB2FB6148E03B6836
:10AC80001A680121FB6901FA03F31340BB61BB6938
:10AC9000002B3AD03B685B68012B03D03B685B68B4
:10ACA000022B0ED13B689B681A46B9697868FFF79A
:10ACB0002BFF3B6819683B68DB681A467868FFF72A
:10ACC0000BFF3B681B691A46B9697868FFF73CFFC0
:10ACD0003B685B68022B11D1BB69FF2B07D83B682F
:10ACE0005B691A46B9697868FFF74EFF06E03B6872
:10ACF0005B691A46B9697868FFF772FF3B685B6861
:10AD00001A46B9697868FFF7C7FEFB690133FB6132
:10AD10003B681A68FB6922FA03F3002BAFD10023CA
:10AD200018462037BD4680BD80B483B000AF786040
:10AD30007B681B6843F001027B681A6000BF0C3718
:10AD4000BD465DF8047B704780B483B000AF786087
:10AD50007B681B6823F001027B681A6000BF0C3718
:10AD6000BD465DF8047B704780B485B000AFF860E5
:10AD7000B9607A60FB681B6823F4F8527B6819029B
:10AD8000BB680B431A43FB681A6000BF1437BD460B
:10AD90005DF8047B7047000080B485B000AFF860B8
:10ADA000B9607A60FB689A68064B1340B9687A68A4
:10ADB0000A431A43FB689A6000BF1437BD465DF82A
:10ADC000047B704700F8FFFF80B483B000AF786069
:10ADD0007B689B6843F400427B689A6000BF0C3735
:10ADE000BD465DF8047B704780B483B000AF7860E7
:10ADF0007B689B6823F400427B689A6000BF0C3735
:10AE0000BD465DF8047B704780B483B000AF7860C6
:10AE100039607B683A681A6100BF0C37BD465DF83F
:10AE2000047B704780B483B000AF786039607B6882
:10AE30001B6823F440123B681A437B681A6000BF0A
:10AE40000C37BD465DF8047B704780B483B000AF1B
:10AE5000786039607B685B6823F400423B681A4382
:10AE60007B685A6000BF0C37BD465DF8047B7047B5
:10AE700080B582B000AF786039607868FFF764FF12
:10AE80003B6899683B68DB681A467868FFF76CFF97
:10AE90003B685B6819467868FFF7B6FF7868FFF78C
:10AEA00043FF7868FFF7A0FF3B6819693B689B691F
:10AEB0001A467868FFF770FF3B681B69002B02D0C9
:10AEC0007868FFF781FF3B681B6819467868FFF7D1
:10AED000A9FF3B685B6919467868FFF7B6FF002356
:10AEE00018460837BD4680BD80B400AF074B1B68CD
:10AEF00003F40033B3F5003F01D1012300E0002348
:10AF00001846BD465DF8047B704700BF00440258F8
:10AF100080B400AF064B1B6803F00403042B01D17F
:10AF2000012300E000231846BD465DF8047B70470E
:10AF30000044025880B400AF044B1B6803F01803B0
:10AF40001846BD465DF8047B704700BF00440258B8
:10AF500080B400AF074B1B6803F48073B3F5807FA8
:10AF600001D1012300E000231846BD465DF8047BB3
:10AF7000704700BF0044025880B400AF064B1B6FFF
:10AF800003F00203022B01D1012300E00023184645
:10AF9000BD465DF8047B70470044025880B400AFA2
:10AFA000044B1B6903F038031846BD465DF8047B6B
:10AFB000704700BF0044025880B400AF044B9B6947
:10AFC00003F470631846BD465DF8047B704700BF0C
:10AFD0000044025880B400AF044B9B6903F00F0398
:10AFE0001846BD465DF8047B704700BF0044025818
:10AFF00080B400AF044BDB6903F070031846BD4614
:10B000005DF8047B704700BF0044025880B400AF75
:10B01000044BDB6903F4E0631846BD465DF8047B2E
:10B02000704700BF0044025880B485B000AF78601C
:10B030007B68DAB20E4B1344FB60FB681A687B68CE
:10B04000190E7B681B0A03F01F0301FA03F31A4071
:10B050007B681B0A03F01F0322FA03F31A047B68C0
:10B06000134318461437BD465DF8047B704700BF94
:10B070004C44025880B582B000AF78607868FFF722
:10B08000D3FF034618460837BD4680BD80B400AFE5
:10B09000044B9B6A03F003031846BD465DF8047B2E
:10B0A000704700BF0044025880B400AF074BDB6A12
:10B0B00003F48033B3F5803F01D1012300E0002386
:10B0C0001846BD465DF8047B704700BF0044025837
:10B0D00080B400AF074BDB6A03F40033B3F5003FE5
:10B0E00001D1012300E000231846BD465DF8047B32
:10B0F000704700BF0044025880B400AF074BDB6AC2
:10B1000003F48023B3F5802F01D1012300E0002355
:10B110001846BD465DF8047B704700BF00440258E6
:10B1200080B400AF064BDB6A03F00103012B01D1B1
:10B13000012300E000231846BD465DF8047B7047FC
:10B140000044025880B400AF044B1B6BC3F30803E8
:10B1500001331846BD465DF8047B70470044025831
:10B1600080B400AF044B9B6A1B0903F03F031846F1
:10B17000BD465DF8047B70470044025880B400AFC0
:10B18000054B1B6B5B0A03F07F0301331846BD467A
:10B190005DF8047B704700BF0044025880B400AFE4
:10B1A000054B1B6B1B0C03F07F0301331846BD4698
:10B1B0005DF8047B704700BF0044025880B400AFC4
:10B1C000054B1B6B1B0E03F07F0301331846BD4676
:10B1D0005DF8047B704700BF0044025880B400AFA4
:10B1E000044B5B6BDB08C3F30C031846BD465DF8EC
:10B1F000047B70470044025880B400AF074B1B68C3
:10B2000003F00063B3F1006F01D1012300E00023DC
:10B210001846BD465DF8047B704700BF00440258E5
:10B2200080B400AF074BDB6A03F40023B3F5002FB3
:10B2300001D1012300E000231846BD465DF8047BE0
:10B24000704700BF0044025880B400AF074BDB6A70
:10B2500003F48013B3F5801F01D1012300E0002324
:10B260001846BD465DF8047B704700BF0044025895
:10B2700080B400AF074BDB6A03F40013B3F5001F83
:10B2800001D1012300E000231846BD465DF8047B90
:10B29000704700BF0044025880B400AF064BDB6A21
:10B2A00003F01003102B01D1012300E00023184606
:10B2B000BD465DF8047B70470044025880B400AF7F
:10B2C000044B9B6BC3F3080301331846BD465DF87E
:10B2D000047B70470044025880B400AF044B9B6A63
:10B2E0001B0B03F03F031846BD465DF8047B704717
:10B2F0000044025880B400AF054B9B6B5B0A03F01F
:10B300007F0301331846BD465DF8047B704700BFDC
:10B310000044025880B400AF054B9B6B1B0C03F03C
:10B320007F0301331846BD465DF8047B704700BFBC
:10B330000044025880B400AF054B9B6B1B0E03F01A
:10B340007F0301331846BD465DF8047B704700BF9C
:10B350000044025880B400AF044BDB6BDB08C3F33E
:10B360000C031846BD465DF8047B70470044025844
:10B3700080B400AF074B1B6803F00053B3F1005FCC
:10B3800001D1012300E000231846BD465DF8047B8F
:10B39000704700BF0044025880B400AF074BDB6A1F
:10B3A00003F48003B3F5800F01D1012300E00023F3
:10B3B0001846BD465DF8047B704700BF0044025844
:10B3C00080B400AF074BDB6A03F40003B3F5000F52
:10B3D00001D1012300E000231846BD465DF8047B3F
:10B3E000704700BF0044025880B400AF074BDB6ACF
:10B3F00003F08073B3F1807F01D1012300E00023CB
:10B400001846BD465DF8047B704700BF00440258F3
:10B4100080B400AF074BDB6A03F48073B3F5807F21
:10B4200001D1012300E000231846BD465DF8047BEE
:10B43000704700BF0044025880B400AF044B1B6C3F
:10B44000C3F3080301331846BD465DF8047B70471B
:10B450000044025880B400AF044B9B6A1B0D03F0FC
:10B460003F031846BD465DF8047B70470044025810
:10B4700080B400AF054B1B6C5B0A03F07F03013304
:10B480001846BD465DF8047B704700BF0044025873
:10B4900080B400AF054B1B6C1B0C03F07F03013322
:10B4A0001846BD465DF8047B704700BF0044025853
:10B4B00080B400AF054B1B6C1B0E03F07F03013300
:10B4C0001846BD465DF8047B704700BF0044025833
:10B4D00080B400AF044B5B6CDB08C3F30C0318466D
:10B4E000BD465DF8047B70470044025880B58AB0C1
:10B4F00002AF78600023FB610023BB61FFF7C6FD4C
:10B5000078617B69022B1FD07B69022B24D87B6971
:10B51000002B03D07B69012B0ED01DE0FFF7F8FC58
:10B520000346002B1AD0FFF705FD0346DB08384A17
:10B5300022FA03F3FB6111E0FFF70AFD0346002B3B
:10B540000ED0344BFB610BE0FFF7CEFC0346002B23
:10B5500008D0314BFB6105E000BF04E000BF02E012
:10B5600000BF00E000BF7B6800221A607B680022F9
:10B570005A607B6800229A60FFF7F2FD3861FFF79E
:10B58000E1FDF860FFF7CCFD0346002B02D0FFF78A
:10B5900025FEB8613B69002B35D0FFF785FD0346DA
:10B5A000002B0CD0FFF7EAFD03460093BB69FA6855
:10B5B0003969F86900F064F902467B681A60FFF7A0
:10B5C00087FD0346002B0CD0FFF7E8FD03460093F0
:10B5D000BB69FA683969F86900F052F902467B687C
:10B5E0005A60FFF789FD0346002B0CD0FFF7E6FDFC
:10B5F00003460093BB69FA683969F86900F040F9BD
:10B6000002467B689A6000BF2037BD4680BD00BF00
:10B610000090D00300093D0040787D0180B58AB0DC
:10B6200002AF78600023FB610023BB61FFF72EFDB2
:10B6300078617B69022B1FD07B69022B24D87B6940
:10B64000002B03D07B69012B0ED01DE0FFF760FCBF
:10B650000346002B1AD0FFF76DFC0346DB08384A7F
:10B6600022FA03F3FB6111E0FFF772FC0346002BA3
:10B670000ED0344BFB610BE0FFF736FC0346002B8A
:10B6800008D0314BFB6105E000BF04E000BF02E0E1
:10B6900000BF00E000BF7B6800221A607B680022C8
:10B6A0005A607B6800229A60FFF716FE3861FFF748
:10B6B00005FEF860FFF7F0FD0346002B02D0FFF710
:10B6C00049FEB8613B69002B35D0FFF7A9FD034661
:10B6D000002B0CD0FFF70EFE03460093BB69FA68FF
:10B6E0003969F86900F0CCF802467B681A60FFF708
:10B6F000ABFD0346002B0CD0FFF70CFE0346009376
:10B70000BB69FA683969F86900F0BAF802467B68E3
:10B710005A60FFF7ADFD0346002B0CD0FFF70AFE81
:10B7200003460093BB69FA683969F86900F0A8F824
:10B7300002467B689A6000BF2037BD4680BD00BFCF
:10B740000090D00300093D0040787D0180B58AB0AB
:10B7500002AF78600023FB610023BB61FFF796FC1A
:10B7600078617B69022B1FD07B69022B24D87B690F
:10B77000002B03D07B69012B0ED01DE0FFF7C8FB27
:10B780000346002B1AD0FFF7D5FB0346DB08394AE6
:10B7900022FA03F3FB6111E0FFF7DAFB0346002B0B
:10B7A0000ED0354BFB610BE0FFF79EFB0346002BF1
:10B7B00008D0324BFB6105E000BF04E000BF02E0AF
:10B7C00000BF00E000BF7B6800221A607B68002297
:10B7D0005A607B6800229A60FFF73CFE3861FFF7F1
:10B7E0002BFEF860FFF714FE0346002B02D0FFF794
:10B7F0006FFEB8613B69002B38D0FB69002B35D058
:10B80000FFF7CAFD0346002B0CD0FFF731FE0346BD
:10B810000093BB69FA683969F86900F031F80246AB
:10B820007B681A60FFF7CCFD0346002B0CD0FFF7B6
:10B830002FFE03460093BB69FA683969F86900F086
:10B840001FF802467B685A60FFF7CEFD0346002BC7
:10B850000CD0FFF72DFE03460093BB69FA683969E7
:10B86000F86900F00DF802467B689A6000BF203747
:10B87000BD4680BD0090D00300093D0040787D01A9
:10B8800080B487B000AFF860B9607A603B60FB6855
:10B8900007EE903AF8EE676ABB6807EE903AF8EE6A
:10B8A000677A86EEA77A7B6807EE903AF8EE676AC9
:10B8B0003B6807EE903AB8EE676ADFED105AC6EEC5
:10B8C000257A76EEA77A67EE277AC7ED057A3B6A86
:10B8D00007EE903AB8EE677AD7ED056AC6EE877A3A
:10B8E000C7ED057AD7ED057AFCEEE77A17EE903AC8
:10B8F00018461C37BD465DF8047B704700000046C3
:10B9000090B587B000AF786000237B617868FFF75F
:10B91000B1FB0346624A934200F0A980604A934219
:10B9200000F2AE805F4A934200F0A1805D4A9342EC
:10B9300000F2A6805C4A934200F091805A4A9342FA
:10B9400000F29E80594A934200F08980574A934200
:10B9500000F29680564A934273D0554A934200F2C1
:10B960008F80544A93426CD0524A934200F28880AE
:10B97000514A934258D0504A934200F281804F4A34
:10B98000934251D04D4A93427AD84D4A93423ED089
:10B990004B4A934274D84B4A934238D0494A934217
:10B9A0006ED8494A93421AD0484A934268D100F06F
:10B9B00095F80446FFF700FB03461B0A03F00F034C
:10B9C000434AD35C03F01F0324FA03F3184600F044
:10B9D000E7F80346184600F011F978615BE000F0E3
:10B9E0007DF80446FFF7E8FA03461B0A03F00F034D
:10B9F000374AD35C03F01F0324FA03F3184600F020
:10BA0000CFF80346184600F0E1F8786143E0FFF70D
:10BA1000F3FB0346002B35D007F108031846FFF768
:10BA2000FDFDFB687B612DE0FFF7A2FC0346002BC8
:10BA30002AD007F108031846FFF788FEFB687B61F0
:10BA400022E0FFF765FA0346002B1FD0FFF772FADA
:10BA50000346DB081F4A22FA03F37B6116E0FFF777
:10BA600077FA0346002B13D01B4B7B6110E0FFF7E6
:10BA700083FA0346002B0DD04FF400437B6109E0AD
:10BA800000BF08E000BF06E000BF04E000BF02E026
:10BA900000BF00E000BF7B6918461C37BD4690BD63
:10BAA0000803050708000507080304070800040742
:10BAB000080303070800030708030207080002073A
:10BAC0000803010708000107080000070803000732
:10BAD000988503080090D00300093D0080B584B02C
:10BAE00000AF0023FB60FFF759FA0346182B4BD831
:10BAF00001A252F823F000BF5DBB020889BB020817
:10BB000089BB020889BB020889BB020889BB0208FD
:10BB100089BB020889BB02086FBB020889BB020807
:10BB200089BB020889BB020889BB020889BB0208DD
:10BB300089BB020889BB020875BB020889BB0208E1
:10BB400089BB020889BB020889BB020889BB0208BD
:10BB500089BB020889BB02087BBB0208FFF7EAF930
:10BB60000346DB080B4A22FA03F3FB600DE00A4BA5
:10BB7000FB600AE0094BFB6007E03B461846FFF715
:10BB8000B5FC3B68FB6000E000BFFB68184610375F
:10BB9000BD4680BD0090D00300093D0040787D0186
:10BBA00080B582B000AF7860FFF714FA034603F067
:10BBB0000F03054AD35C03F01F037A6822FA03F3EC
:10BBC00018460837BD4680BD9885030880B582B009
:10BBD00000AF7860FFF70CFA03461B0903F0070378
:10BBE000054AD35C03F01F037A6822FA03F3184670
:10BBF0000837BD4680BD00BF9885030880B582B078
:10BC000000AF7860FFF702FA03461B0A03F0070350
:10BC1000054AD35C03F01F037A6822FA03F318463F
:10BC20000837BD4680BD00BF9885030884B080B446
:10BC300085B000AF786007F11C0080E80E0000239B
:10BC4000FB60FA693B6A1A437B6A1A43BB6A1A4370
:10BC5000FB6A1343FA681343FB607B685A68074B1F
:10BC60001340FA681A437B685A6000231846143759
:10BC7000BD465DF8047B04B0704700BF002CC0FFD8
:10BC800080B483B000AF78607B68D3F8803018460A
:10BC90000C37BD465DF8047B704780B483B000AFBD
:10BCA000786039603B681A687B68C3F8802000239D
:10BCB00018460C37BD465DF8047B704780B483B0EE
:10BCC00000AF78607B681B6843F003027B681A60F2
:10BCD000002318460C37BD465DF8047B704780B4DE
:10BCE00083B000AF78607B681B6823F003027B6839
:10BCF0001A60002318460C37BD465DF8047B704778
:10BD000080B483B000AF78607B681B6803F00303E6
:10BD100018460C37BD465DF8047B704780B485B08B
:10BD200000AF786039600023FB603B681A687B686D
:10BD30009A603B685A683B689B681A433B68DB68BB
:10BD40001A433B681B691343FA681343FB607B6823
:10BD5000DA68064B1340FA681A437B68DA600023FE
:10BD600018461437BD465DF8047B7047C0E0FEFFFF
:10BD700080B483B000AF78607B681B69DBB2184683
:10BD80000C37BD465DF8047B704780B485B000AFCA
:10BD9000786039607B6814331A463B681344FB6053
:10BDA000FB681B6818461437BD465DF8047B704776
:10BDB00080B485B000AF786039600023FB603B68D9
:10BDC0001A687B685A623B685A687B689A623B686B
:10BDD0009A683B68DB681A433B681B691A433B68F7
:10BDE0005B691343FA681343FB607B68DB6A23F0EB
:10BDF000FF02FB681A437B68DA6200231846143797
:10BE0000BD465DF8047B704780B588B000AF7860B0
:10BE100039603B68BB601023FB604FF480733B616B
:10BE200000237B614FF48053BB6107F1080319467F
:10BE30007868FFF773FF41F288321021786800F0CC
:10BE4000FDF9F861FB6918462037BD4680BD80B515
:10BE500088B000AF786039603B68BB601123FB603D
:10BE60004FF480733B6100237B614FF48053BB61CF
:10BE700007F1080319467868FFF750FF41F288324E
:10BE80001121786800F0DAF9F861FB69184620376B
:10BE9000BD4680BD80B588B000AF786039603B6832
:10BEA000BB601223FB604FF480733B6100237B6116
:10BEB0004FF48053BB6107F1080319467868FFF718
:10BEC0002DFF41F288321221786800F0B7F9F8614D
:10BED000FB6918462037BD4680BD80B588B000AFED
:10BEE000786039603B68BB601823FB604FF4807357
:10BEF0003B6100237B614FF48053BB6107F1080372
:10BF000019467868FFF70AFF41F2883218217868ED
:10BF100000F094F9F861FB6918462037BD4680BDF2
:10BF200080B588B000AF786039603B68BB6019238A
:10BF3000FB604FF480733B6100237B614FF48053BF
:10BF4000BB6107F1080319467868FFF7E7FE41F285
:10BF500088321921786800F071F9F861FB69184698
:10BF60002037BD4680BD000080B588B000AF786046
:10BF70000023BB600C23FB604FF480733B61002304
:10BF80007B614FF48053BB617B68DB6843F08002C8
:10BF90007B68DA607B68DB6823F040027B68DA60EC
:10BFA00007F1080319467868FFF7B8FE0B4A0C2121
:10BFB000786800F043F9F8617B68DB6823F0800261
:10BFC0007B68DA60FB69B3F1007F01D10023FB617C
:10BFD000FB6918462037BD4680BD00BF00E1F5056E
:10BFE00080B588B000AF786039603B68BB600723DC
:10BFF000FB604FF480733B6100237B614FF48053FF
:10C00000BB6107F1080319467868FFF787FE41F224
:10C0100088320721786800F011F9F861FB69184649
:10C020002037BD4680BD80B588B000AF7860002362
:10C03000BB600023FB6000233B6100237B614FF466
:10C040008053BB6107F1080319467868FFF766FE65
:10C05000786800F06FFAF861FB6918462037BD4632
:10C0600080BD80B588B000AF78600023BB6002233C
:10C07000FB604FF440733B6100237B614FF48053BE
:10C08000BB6107F1080319467868FFF747FE786837
:10C0900000F0C6F9F861FB6918462037BD4680BD3F
:10C0A00080B588B000AF786039603B68BB60092319
:10C0B000FB604FF440733B6100237B614FF480537E
:10C0C000BB6107F1080319467868FFF727FE786817
:10C0D00000F0A6F9F861FB6918462037BD4680BD1F
:10C0E00080B588B000AF78600B467B807B881B04EE
:10C0F000BB600323FB604FF480733B6100237B61D3
:10C100004FF48053BB6107F1080319467868FFF7C5
:10C1100005FE41F288320321786800F08FF8F8615B
:10C12000FB6918462037BD4680BD80B588B000AF9A
:10C13000786039603B68BB600D23FB604FF480730F
:10C140003B6100237B614FF48053BB6107F108031F
:10C1500019467868FFF7E2FD41F288320D217868D0
:10C1600000F06CF8F861FB6918462037BD4680BDC9
:10C1700080B588B000AF786039603B68BB60012350
:10C18000FB604FF480733B6100237B614FF480536D
:10C19000BB6107F1080319467868FFF7BFFD7868AF
:10C1A00000F088F9F861FB6918462037BD4680BD6C
:10C1B00080B588B000AF786039603B68BB6006230B
:10C1C000FB604FF480733B6100237B614FF480532D
:10C1D000BB6107F1080319467868FFF79FFD41F23C
:10C1E00088320621786800F029F8F861FB69184662
:10C1F0002037BD4680BD80B588B000AF786039601B
:10C200003B68BB600823FB604FF480733B610023F5
:10C210007B614FF48053BB6107F1080319467868CE
:10C22000FFF77CFD41F288320821786800F006F8BB
:10C23000F861FB6918462037BD4680BD80B588B0DF
:10C2400000AFF8600B467A60FB72704B1B68704A57
:10C25000A2FB03235A0A7B6802FB03F3FB61FB6921
:10C260005A1EFA61002B02D14FF00043C9E0FB686F
:10C270005B6BBB61BA69674B1340002BEFD0BB69A6
:10C2800003F40053002BEAD1FB685B6B03F004035B
:10C29000002B04D0FB6804229A630423B1E0FB68FE
:10C2A0005B6B03F00103002B04D0FB6801229A634F
:10C2B0000123A6E0FB68584A9A63F868FFF758FD27
:10C2C00003461A46FB7A934201D0012399E00021EC
:10C2D000F868FFF75AFD78617A69504B1340002BDC
:10C2E00001D100238DE07B69002B02DA4FF000734F
:10C2F00087E07B6903F08043002B01D0402380E07E
:10C300007B6903F00053002B01D0802379E07B6927
:10C3100003F08053002B02D04FF4807371E07B69EF
:10C3200003F00063002B02D04FF4007369E07B69D7
:10C3300003F08063002B02D04FF4806361E07B69DF
:10C3400003F08073002B02D04FF4006359E07B6947
:10C3500003F40003002B02D04FF4805351E07B69BB
:10C3600003F48003002B02D04FF4005349E07B69B3
:10C3700003F40013002B02D04FF4804341E07B69AB
:10C3800003F48013002B02D04FF4004339E07B69A3
:10C3900003F48023002B02D04FF4003331E07B699B
:10C3A00003F40033002B02D04FF4802329E07B6993
:10C3B00003F48033002B02D04FF4002321E07B698B
:10C3C00003F40043002B02D04FF4801319E07B6983
:10C3D00003F48043002B02D04FF4001311E07B697B
:10C3E00003F40053002B02D04FF4800309E07B6973
:10C3F00003F00803002B02D04FF4000301E04FF4D8
:10C40000803318462037BD4680BD00BF7806002423
:10C41000D34D621045002000C500200008E0FFFD5C
:10C4200080B485B000AF78601F4B1B681F4AA2FB29
:10C4300003235B0A41F2883202FB03F3FB60FB68D3
:10C440005A1EFA60002B02D14FF0004326E07B68B1
:10C450005B6BBB60BB6803F04503002BEFD0BB6890
:10C4600003F40053002BEAD17B685B6B03F00403F9
:10C47000002B04D07B6804229A6304230EE07B68BF
:10C480005B6B03F00103002B04D07B6801229A63ED
:10C49000012303E07B68064A9A6300231846143799
:10C4A000BD465DF8047B704778060024D34D6210CA
:10C4B000C500200080B485B000AF78601A4B1B68BF
:10C4C0001A4AA2FB03235B0A41F2883202FB03F300
:10C4D000FB60FB685A1EFA60002B02D14FF000434C
:10C4E0001BE07B685B6BBB60BB6803F04503002B04
:10C4F000EFD0BB6803F40053002BEAD17B685B6B81
:10C5000003F00403002B04D07B6804229A63042305
:10C5100003E07B68064A9A63002318461437BD4639
:10C520005DF8047B704700BF78060024D34D62108D
:10C53000C500200080B485B000AF7860114B1B6847
:10C54000114AA2FB03235B0A41F2883202FB03F388
:10C55000FB60FB685A1EFA60002B02D14FF00043CB
:10C5600009E07B685B6B03F08003002BF1D07B68F4
:10C57000064A9A63002318461437BD465DF8047BCB
:10C58000704700BF78060024D34D6210C50020001C
:10C5900080B483B000AF78607B681B6803F0010350
:10C5A000012B01D1012300E0002318460C37BD46C2
:10C5B0005DF8047B704780B483B000AF7860396069
:10C5C0007B681B6823F480523B681A437B681A60BF
:10C5D00000BF0C37BD465DF8047B704780B483B064
:10C5E00000AF78607B68DB6803F0805318460C3737
:10C5F000BD465DF8047B704780B483B000AF7860BF
:10C6000039607B683A681A6400BF0C37BD465DF834
:10C61000047B704780B586B000AF78603960012335
:10C62000FB757868FFF7B4FF0346002B67D17B6882
:10C630009A68354B13403A6891693A68126A114317
:10C640003A6892680A431A437B689A603B685B6960
:10C650003B613B685B68FB607868FFF7BFFFB860D1
:10C660003B69B3F1806F12D1BB68002B03D1FB682B
:10C67000B3F5800F06D0BB68B3F1805F07D1FB68CC
:10C68000002B04D14FF480517868FFF794FF7B684A
:10C69000DA681E4B13403A6851693A68D268114310
:10C6A0003A68126911433A68D26911433A6852688C
:10C6B00011433A68126802F4C0220A431A437B68A5
:10C6C000DA607B681B6823F400623B681B6803F434
:10C6D00000631A437B681A603B681B6AB3F5800FDE
:10C6E00005D13B685B6A19467868FFF785FF7B6870
:10C6F0001B6D23F001027B681A650023FB75FB7D2F
:10C7000018461837BD4680BDE0FFBF8FFFFF39D800
:10C7100080B483B000AF786039607B683A689A6211
:10C7200000BF0C37BD465DF8047B704780B483B012
:10C7300000AF786039607B683A68DA6200BF0C3716
:10C74000BD465DF8047B704780B483B000AF78606D
:10C7500039607B683A681A6300BF0C37BD465DF8E4
:10C76000047B704780B483B000AF78607B685B69FE
:10C7700043F001027B685A6100BF0C37BD465DF88B
:10C78000047B704780B584B000AF786039607B6807
:10C790001B68FB607B683D4A934213D07B68B3F112
:10C7A000804F0FD07B683A4A93420BD07B68394A5E
:10C7B000934207D07B68384A934203D07B68374A5C
:10C7C000934206D1FB6823F070023B685B68134319
:10C7D000FB607B682D4A93421FD07B68B3F1804F8A
:10C7E0001BD07B682A4A934217D07B68294A934220
:10C7F00013D07B68284A93420FD07B68274A934224
:10C800000BD07B68264A934207D07B68254A934227
:10C8100003D07B68244A934206D1FB6823F440721C
:10C820003B68DB681343FB607B68FA681A603B680F
:10C830009B6819467868FFF779FF3B681B881946A3
:10C840007868FFF765FF7B68104A93420FD07B68DA
:10C85000124A93420BD07B68114A934207D07B68FF
:10C86000104A934203D07B680F4A934205D13B683C
:10C870001B6919467868FFF767FF7868FFF772FF52
:10C88000002318461037BD4680BD00BF00000140A0
:10C890000004004000080040000C0040000401407B
:10C8A00000400140004401400048014080B483B092
:10C8B00000AF78607B681B6803F00103012B01D196
:10C8C000012300E0002318460C37BD465DF8047BC9
:10C8D000704780B483B000AF786039607B68DB6AF2
:10C8E00023F00F033A6892B21A437B68DA6200BF02
:10C8F0000C37BD465DF8047B704780B483B000AF51
:10C90000786039607B685B6823F440523B681A4367
:10C910007B685A6000BF0C37BD465DF8047B7047EA
:10C9200080B483B000AF786039607B689B6823F483
:10C9300040723B681A437B689A6000BF0C37BD4663
:10C940005DF8047B7047000080B487B000AFF860EA
:10C95000B9607A603B607B680B2B3CD83B6A002B4C
:10C9600039D03B68B3F5004F22D17B68DBB21A4661
:10C970001C4B53F82230BA68B2FBF3F35A003B6AFF
:10C980005B081A443B6AB2FBF3F39BB27B617A69A2
:10C990004FF6F07313403B617B695B089BB203F079
:10C9A00007033A6913433B61FB683A69DA6012E0B6
:10C9B0007B68DBB21A460B4B53F82230BA68B2FBE5
:10C9C000F3F23B6A5B081A443B6AB2FBF3F39BB297
:10C9D0001A46FB68DA6000BF1C37BD465DF8047B71
:10C9E000704700BFA885030880B586B002AF7860A5
:10C9F00039600123FB730023BB607868FFF756FFA3
:10CA00000346002B7FD17B681A68414B13403A687C
:10CA100091683A68126911433A68526911433A6859
:10CA2000D2690A431A437B681A603B68DB6819467F
:10CA30007868FFF762FF3B689B6919467868FFF7E3
:10CA40006FFF7B68334A934204D13348FEF758FFA7
:10CA5000B8603DE07B68314A934204D13048FEF72C
:10CA60004FFFB86034E07B682E4A934204D12C48D3
:10CA7000FEF746FFB8602BE07B682B4A934204D157
:10CA80002748FEF73DFFB86022E07B68274A9342C3
:10CA900004D12348FEF734FFB86019E07B68244ACC
:10CAA000934204D11C48FEF72BFFB86010E07B686E
:10CAB000204A934204D11A48FEF722FFB86007E0EB
:10CAC0007B681D4A934203D11548FEF719FFB860F1
:10CAD000BB68002B11D03B685B68002B0DD0002396
:10CAE000FB733B681A683B68D9693B685B680093D5
:10CAF0000B46B9687868FFF727FF3B681B68194643
:10CB00007868FFF7E6FEFB7B18461037BD4680BD10
:10CB1000F369FFEF001001400803000700440040E4
:10CB20000800000700480040004C00400050004052
:10CB30000014014000780040007C00400A220021DF
:10CB400000F0BAB8164B10B51C68236BB3B91820A7
:10CB500000F04AFC0246206320B9124B12485221D1
:10CB600000F0DAFB1149124BC0E90013114B83604E
:10CB70000B23838100210120C2E90401216B0E48AF
:10CB80000B694C690D4A584302FB0400A3FB0232B7
:10CB9000013340EB0200C1E9043020F0004010BD39
:10CBA00098070024D8850308EF8503080E33CDAB22
:10CBB00034126DE6ECDE05002DF451582D7F954CB6
:10CBC000242B2DE9F0478646904601D8012B06D14B
:10CBD00000F066FB162303600020BDE8F0873448B0
:10CBE0000D462A4615F8014B065D16F00806F8D1E9
:10CBF0002D2C10D12C780126951C33F0100215D164
:10CC0000302C0DD12A7802F0DF02582A08D16C7836
:10CC1000023510230AE02B2C04BF2C78951CECE77E
:10CC2000002BF6D1302C14BF0A23082306F1004C48
:10CC30000CF1FF3C0022BCFBF3F9104603FB19CAC0
:10CC4000A4F13007092F0FD83C46A3421BDD571C27
:10CC500007D0814514D301D1A24511DB00FB03406D
:10CC6000012215F8014BEBE7A4F14107192F01D878
:10CC7000373CEAE7A4F16107192F04D8573CE4E7F1
:10CC80004FF0FF32EDE7531C08D12223CEF80030DD
:10CC90006046B8F1000FA0D0691E06E006B1404220
:10CCA000B8F1000F99D0002AF6D1C8F8001094E727
:10CCB000D2860308FFF784BF13460A46014602489E
:10CCC0000068FFF77DBF00BF980700242DE9F043FF
:10CCD000344E86460D46284615F8014B375D17F051
:10CCE0000807F8D12D2C10D12C780127851C33F0A2
:10CCF000100015D1302C0DD1287800F0DF00582815
:10CD000008D16C78023510230AE02B2C04BF2C7854
:10CD1000851CECE7002BF6D1302C14BF0A23082326
:10CD20004FF0FF380026B8FBF3F803FB08F96FEA71
:10CD300009093046A4F1300CBCF1090F10D8644643
:10CD4000A3421EDDB6F1FF3F07D0804516D301D1C7
:10CD5000A14513DB00FB0340012615F8014BE9E771
:10CD6000A4F1410CBCF1190F01D8373CE8E7A4F15C
:10CD7000610CBCF1190F04D8573CE1E74FF0FF36C6
:10CD8000EBE7731C06D12223CEF80030304632B9CF
:10CD9000BDE8F08307B14042002AF9D006B1691E10
:10CDA0001160F5E7D2860308FFF790BF13460A46E5
:10CDB000014602480068FFF789BF00BF98070024BA
:10CDC000002310B50446C0E90033C0E90433836092
:10CDD00081814366C2818361194608225C3000F07C
:10CDE000E1F90D4B63620D4BA3620D4BE3620D4BFA
:10CDF00023630D4B24629C4206D003F168029442E7
:10CE000002D0D0339C4205D104F15800BDE8104057
:10CE100000F070BA10BD00BF4DD0020873D00208F8
:10CE2000ABD00208CFD00208A4A60524024A0349C9
:10CE3000034800F069B800BF8C07002461E20208D3
:10CE40009C07002441680C4B994210B5044601D060
:10CE500001F006FAA168094B994202D0204601F080
:10CE6000FFF9E168064B994204D02046BDE8104026
:10CE700001F0F6B910BD00BFA4A605240CA7052437
:10CE800074A7052410B50B4B0B4C0C4A1A602046B6
:10CE900000220421FFF794FF04F168000122092118
:10CEA000FFF78EFF04F1D0000222BDE810401221EE
:10CEB000FFF786BFDCA70524A4A605242DCE020813
:10CEC000014800F018BA00BFE5A70524014800F0AA
:10CED00013BA00BFE5A7052410B50446FFF7F0FF1D
:10CEE000236A1BB1BDE81040FFF7F0BF044B23627B
:10CEF000044B1B68002BF5D1FFF7C4FFF2E700BF1E
:10CF000045CE0208DCA705242DE9F84307468846EC
:10CF100014460026D4E90195B9F1010905D5246824
:10CF2000002CF7D13046BDE8F883AB89012B07D937
:10CF3000B5F90E30013303D029463846C0470643C1
:10CF40006835E9E70CB430B5184B0C1E1D689DB070
:10CF500008DA8B232B604FF0FF301DB0BDE8304066
:10CF600002B070474FF40273ADF814304FF0000375
:10CF70001B9314BF04F1FF332346049307934FF62A
:10CF8000FF7302900690ADF81630209A21AB02A9EB
:10CF90002846019300F03AFB431CBCBF8B232B6057
:10CFA000002CDAD0029B00221A70D6E798070024E2
:10CFB0000EB410B59DB01FAB029006906FF000410B
:10CFC0000A48079104910A4953F8042B059100245B
:10CFD00002A9006801931B9400F018FB029B1C70CF
:10CFE0001DB0BDE8104003B0704700BF9807002493
:10CFF0000802FFFF0EB470B59DB021AC00254FF4C0
:10D00000017254F8046BADF814201B950290069041
:10D01000D3F770F90B4B039007900B480B934FF627
:10D02000FF73ADF816303246234602A900680F950B
:10D030001495019400F040FC1DB0BDE8704003B0B1
:10D04000704700BF6FD002089807002410B50C4647
:10D05000B1F90E1000F000F90028ABBF636DA38991
:10D060001B1823F48053ACBF6365A38110BD00205F
:10D0700070472DE9F0411F468B89DB0505460C46BC
:10D08000164605D5B1F90E100223002200F0D2F8A1
:10D09000A389B4F90E1023F48053A38132463B4692
:10D0A0002846BDE8F04100F0E9B810B50C46B1F9EA
:10D0B0000E1000F0BFF8431CA38915BF606523F470
:10D0C000805343F48053A38118BFA38110BDB1F9ED
:10D0D0000E1000F09FB830B51446002C9BB00546EA
:10D0E0001A4605DA8B2303604FF0FF301BB030BDCA
:10D0F0004FF40273ADF80C304FF00003199314BFD6
:10D1000004F1FF332346029305934FF6FF7300911A
:10D110000491ADF80E3069461E9B00F077FA431C6F
:10D12000BCBF8B232B60002CE0D0009B00221A7028
:10D13000DCE7000007B5009313460A4601460348A2
:10D140000068FFF7C8FF03B05DF804FB98070024F0
:10D1500010B501390244904201D1002005E0037866
:10D1600011F8014FA34201D0181B10BD0130F2E7A6
:10D17000884210B501EB020402D98442234607D845
:10D18000431EA14208D011F8012B03F8012FF8E744
:10D19000024401468A4200D110BD13F8014D02F845
:10D1A000014DF7E702440346934200D1704703F86C
:10D1B000011BF9E710B50246147813460132002C22
:10D1C000FAD1013B11F8012B03F8012F002AF9D104
:10D1D00010BDC9B20346184613F8012B12B18A429A
:10D1E000F9D17047002918BF0020704710B50139E8
:10D1F000034632B111F8014F03F8014B013A002CFC
:10D20000F7D11A440021934200D110BD03F8011B4D
:10D21000F9E7000038B5064D0023044608462B60A8
:10D22000F7F725F8431C02D12B6803B1236038BD02
:10D23000E0A7052438B5074D0446084611460022EC
:10D240002A601A46F7F73AF8431C02D12B6803B15B
:10D25000236038BDE0A7052438B5074D04460846CD
:10D26000114600222A601A46F6F7C8FF431C02D175
:10D270002B6803B1236038BDE0A7052438B5074DFE
:10D2800004460846114600222A601A46F6F7D3FFE4
:10D29000431C02D12B6803B1236038BDE0A70524ED
:10D2A000014B1868704700BF9807002470B50D4DFA
:10D2B0000D4C641BA4100026A64209D10B4D0C4C4A
:10D2C00001F066FB641BA4100026A64205D170BDC8
:10D2D00055F8043B98470136EEE755F8043B98476C
:10D2E0000136F2E7DC870308DC870308DC870308E4
:10D2F000E08703087047704770470A44914200F185
:10D30000FF3300D1704710B511F8014B03F8014FFE
:10D310009142F9D110BD00001FB514461A46094BC1
:10D320001B680546D8684CB1074B0091CDE9013424
:10D3300006492B4600F0BCFF01F050F8044B1C4698
:10D34000F3E700BF980700244786030854860308C4
:10D350008286030838B50546002941D051F8043CBF
:10D360000C1F002BB8BFE41800F0E8F81D4A136842
:10D3700033B9636014602846BDE8384000F0E4B873
:10D38000A34208D9206821188B4201BF19685B6845
:10D3900009182160EDE71A465B680BB1A342FAD980
:10D3A00011685018A0420BD12068014450188342E4
:10D3B0001160E0D118685B68536008441060DAE7D8
:10D3C00002D90C232B60D6E7206821188B4204BFBA
:10D3D00019685B68636004BF091821605460CAE77C
:10D3E00038BD00BFECA70524024B0146186800F0C9
:10D3F00025B800BF9807002470B50F4E0C46316861
:10D40000054611B900F0DAFF30602146284600F0E9
:10D41000D5FF431C03D14FF0FF34204670BDC41C20
:10D4200024F00304A042F8D0211A284600F0C6FFD9
:10D430000130F2D1EFE700BFE8A705242DE9F8435A
:10D44000CD1C25F0030508350C2D38BF0C25002D0B
:10D45000064601DBA94204D90C2333600020BDE855
:10D46000F883DFF8D48000F069F8D8F800301C4663
:10D4700044BB29463046FFF7BFFF431C044658D142
:10D48000D8F800402746002F43D1002C4BD023680A
:10D490003946304604EB030900F090FF814542D144
:10D4A00021686D1A29463046FFF7A6FF01303AD0B1
:10D4B00023682B442360D8F800305A6862BBC8F850
:10D4C00000700FE02268521B20D40B2A17D9611973
:10D4D000A342256018BF5960636808BFC8F80010F0
:10D4E00062514B60304600F02FF804F10B00231D11
:10D4F00020F00700C21A1CBF1B1AA350AFE76268D6
:10D50000A3420CBFC8F800205A60EBE723466468CA
:10D51000AEE73C467F68B6E71A465B68A342FBD19C
:10D5200000235360DEE70C233360304600F00CF834
:10D5300094E70560D6E700BFECA705240148FFF794
:10D54000DABE00BFE4A705240148FFF7D5BE00BF3F
:10D55000E4A705242DE9F0478E681F46BE420B68FC
:10D5600082460C4690462DD8B1F90C2012F4906FEB
:10D5700026D06569096905EB4505A3EB010905EBB3
:10D58000D5757B1C4B446D109D4238BF1D4653051D
:10D5900027D52946FFF752FF064660B321694A4660
:10D5A000FFF7ABFEA38923F4906343F08003A381CC
:10D5B000266165614E44A5EB09052660A5603E46DF
:10D5C000BE4200D93E46206832464146FFF7D0FDB4
:10D5D000A3689B1BA3602368334423600020BDE83D
:10D5E000F0872A4600F001FF06460028E0D12169B5
:10D5F0005046FFF7AFFE0C23CAF80030A38943F072
:10D600004003A3814FF0FF30E9E700002DE9F04F20
:10D6100098468B891B069DB007460D46144610D5CB
:10D620000B6973B94021FFF709FF2860286130B901
:10D630000C233B604FF0FF301DB0BDE8F08F40235E
:10D640006B610023099320238DF82930CDF80C80DD
:10D650003023DFF89C818DF82A304FF001092346F2
:10D660009A4613F8012B0AB1252AF9D1BAEB040B1B
:10D670000BD05B46224629463846FFF76BFF013048
:10D6800000F0A780099A5A4409929AF80030002BBA
:10D6900000F09F8000234FF0FF32CDE905230AF10F
:10D6A000010A049307938DF853301A9354460522C8
:10D6B00014F8011B4E48D2F72BFE049AD8B9D006B5
:10D6C00044BF20238DF85330110744BF2B238DF81E
:10D6D00053309AF800302A2B15D0079A5446002070
:10D6E0004FF00A0C214611F8013B303B092B4BD976
:10D6F000B0B1079214E0A0EB080309FA03F3134357
:10D700000493A246D2E7039B191D1B680391002BCB
:10D71000BBBF5B4242F0020207930793B8BF04927B
:10D7200023782E2B0AD163782A2B32D1039B1A1D22
:10D730001B68039243EAE37302340593DFF8C0A049
:10D74000217803225046D2F7E3FD38B1049BA0EBC9
:10D750000A004022824013430134049314F8011B51
:10D7600024488DF828100622D2F7D2FD002836D0A2
:10D77000214B1BBB039B073323F0070308330393A1
:10D78000099B334409936AE70CFB02320C460120E3
:10D79000A8E700230134059319464FF00A0C2046F0
:10D7A00010F8012B303A092A03D9002BC6D0059175
:10D7B000C4E70CFB012104460123F0E703AB00930F
:10D7C0002A460E4B04A93846AFF30080421C064699
:10D7D000D6D1AB895B063FF52DAF09982CE703AB9B
:10D7E00000932A46054B04A9384600F049FAEDE7B4
:10D7F000838603088D8603080000000055D50208C3
:10D800008986030838B54B1C144603D14FF0FF3509
:10D81000284638BD938923F020039381636B5268B7
:10D82000CDB28BB1A36B934208DD23685A1E2260F0
:10D8300003F8015C636801336360E9E7214600F0A7
:10D8400082FD0028F1D0E1E72169236851B19942B6
:10D8500008D213F8011CA94204D1013B0132236014
:10D860006260D5E7C4E90F3204F144036363032324
:10D87000A363234603F8465F23600123DCE710B56A
:10D880000C46496B69B104F14403994201D0FFF79A
:10D8900061FD236C63600020606313B1E36B236060
:10D8A00010BD2369236000236360A38943F0200334
:10D8B000A3814FF0FF30F3E72DE9F04F0C46ADF5B3
:10D8C000237D0021CDE94411A649A0910DF1040862
:10D8D000A549A64FCDF818810646A191009392F86C
:10D8E0000090B9F1000F00F0588117F8093013F0DB
:10D8F000080302F1010519D06368002B0FDD2368CE
:10D900001A78BA5C120701D42A46E8E7459A013230
:10D91000459262680133013A62602360ECE7A19BA3
:10D920002146304698470028E9D0EDE7B9F1250FA8
:10D9300040F085804193439353782A2B02BF1023F4
:10D94000951C41930A22AA461AF8011BA1F1300343
:10D95000092B1ED9DFF818B203225846D2F7D8FC9B
:10D9600038B1419AA0EB0B0001238340134341934C
:10D97000554615F8013B782B06D8572B10D8252B88
:10D980005DD057D8002B75D0032347930A234293C9
:10D9900088E0439B02FB0311303943915546D2E79F
:10D9A000A3F15802202AEFD801A151F822F000BFBC
:10D9B00083DA020889D9020889D90208DDDA020867
:10D9C00089D9020889D9020889D9020889D90208A7
:10D9D00089D9020889D9020889D90208F3DA02082C
:10D9E000D9DA02083BDA02083BDA02083BDA02081D
:10D9F00089D9020895DA020889D9020889D902086A
:10DA000089D9020889D9020803DB02089DDA0208D5
:10DA10007BDA020889D9020889D90208FFDA0208EC
:10DA200089D90208D9DA020889D9020889D90208F5
:10DA300083DA0208453B022BA6D8052331E0636850
:10DA4000002B0DDD23681A784A4540F0A68001338B
:10DA500062682360459B013A01336260459353E756
:10DA6000A19B2146304698470028EBD044980028D7
:10DA700040F08B804FF0FF308BE0419A42F0200263
:10DA80004192419A42F40072419210226E2B4292CE
:10DA900002D905E000234293032302E008234293C6
:10DAA000042347936368002B39DD419B590604D456
:10DAB00023681A78BA5C120738D4479B022B47DCDC
:10DAC0006B46224641A9304600F0F8F9012864D09F
:10DAD00002287FF419AFC9E70A22D7E72946404652
:10DAE00000F0F8FB419B43F04003419305460123BE
:10DAF000D7E7419B43F0400341930023D1E7022342
:10DB0000CFE74198C3063FF5FFAE009B459A191D2C
:10DB100000911B68C0074CBF1A801A60F4E6A19BF5
:10DB20002146304698470028BFD09FE7459A0132EA
:10DB300045926268013A002A626002DD0133236087
:10DB4000B6E7A19B2146304698470028B0D08DE724
:10DB5000042B0FDC6B46224641A9304600F008FA40
:10DB6000B4E700BF05D802087FD80208D2860308B0
:10DB7000898603080A4B002B3FF4C6AE6B4622464B
:10DB800041A93046AFF30080A0E7A3895B063FF5CB
:10DB900071AF0DF5237DBDE8F08F4498F9E700BF24
:10DBA000000000002DE9F047164698468A680B6988
:10DBB000DDF820909342B8BF1346336091F84320BC
:10DBC00007460C460AB1013333602368990642BF09
:10DBD000336802333360256815F0060506D104F179
:10DBE000190AE36832689B1AAB4226DC94F843308A
:10DBF0002268003B18BF012392062BD404F1430294
:10DC000041463846C84701301ED02368226903F0D8
:10DC10000603042B02BFE5683368ED1AA3680CBF46
:10DC200025EAE57500259342C4BF9B1AED1800262E
:10DC30001A34B5421AD1002008E001235246414669
:10DC40003846C847013003D14FF0FF30BDE8F087B8
:10DC50000135C6E7E1185A1C302081F84300224400
:10DC600094F8451082F843100233C7E70123224697
:10DC700041463846C8470130E6D00136D9E70000B2
:10DC80002DE9FF470F7E0C9E782F914680460C466B
:10DC90009A4601F1430207D8622F0AD8002F00F0FC
:10DCA000D180582F00F0B88004F1420684F8427009
:10DCB0003AE0A7F16303152BF6D801A151F823F040
:10DCC00019DD02082DDD0208A9DC0208A9DC020822
:10DCD000A9DC0208A9DC02082DDD0208A9DC020883
:10DCE000A9DC0208A9DC0208A9DC02082BDE020874
:10DCF00057DD0208E5DD0208A9DC0208A9DC0208FC
:10DD00004DDE0208A9DC020857DD0208A9DC020882
:10DD1000A9DC0208EDDD020833681A1D1B683260B9
:10DD200004F1420684F8423001239CE03368206805
:10DD3000191D3160060601D51D6803E04506FBD5B7
:10DD4000B3F90050002D03DA2D236D4284F84330DF
:10DD500058480A2311E021683368080653F8045B29
:10DD600002D4490648BFADB26F2F5248336014BF8A
:10DD70000A230823002184F843106668A660002E59
:10DD800005DB21682E4321F0040121604BD01646AB
:10DD9000B5FBF3F103FB1157C75D06F8017D2F4674
:10DDA000BB420D46F4D9082B0BD12368DF0708D5F9
:10DDB000236961689942DEBF302306F8013C06F111
:10DDC000FF36921B2261CDF800A04B4603AA2146E4
:10DDD0004046FFF7E7FE01304AD14FF0FF3004B074
:10DDE000BDE8F087236843F020032360324878279A
:10DDF00084F84570236831681F0651F8045B02D42B
:10DE00005F0648BFADB23160D90744BF43F020037D
:10DE100023601DB11023ADE72648E9E7236823F00E
:10DE200020032360F6E71646BDE73368256861697D
:10DE3000181D30602E061B6801D5196002E06806C7
:10DE4000FBD51980002323611646BCE733681A1DF1
:10DE500032601E68626800213046D2F759FA08B174
:10DE6000801B606063682361002384F84330AAE765
:10DE70002369324649464046D0470130ADD0236839
:10DE80009B0713D4E068039B9842B8BF1846A6E7E7
:10DE90000123324649464046D04701309DD00135E6
:10DEA000E36803995B1AAB42F2DCEBE7002504F16F
:10DEB0001906F5E794860308A58603082DE9F843BB
:10DEC00015468A6880460C4632B98A69002A14BF12
:10DED0004FF0FF3201228A602268DFF89090D1066D
:10DEE0005FBF1A68111D196016680027A06988B104
:10DEF000012807D12B681A7863699B5C53B9002FFE
:10DF000031D022E0022820D12B681B7819F8033089
:10DF10001B071AD42368DA065EBF2B681B7806F845
:10DF2000013B2A686B6801322A60A268013B013A12
:10DF30006B600137A26042B1002BD7DCD4F880318E
:10DF40002946404698470028D0D0236813F0100394
:10DF500005D1E2680132E260A26902B1337023693F
:10DF60003B4423610020BDE8F88300BFD28603084C
:10DF70002DE9F04F9846744B0C468246164693E8BE
:10DF8000070087B003AB83E80700704BA169704AB4
:10DF9000032908BF1A46A36801925A1EB2F5AE7F44
:10DFA00088BF6FF4AE75274682BF03EB050940F2C8
:10DFB0005D13A36057F81C3B43F4506398BF4FF0C8
:10DFC000000923603D464FF0000B316803AB097830
:10DFD00053F82B000222D2F79BF928B3BBF1010FB3
:10DFE00059D162682AB92268082142F4007261603E
:10DFF0002260226822F4A0622260A268511EA16001
:10E0000092B13268511C3160127805F8012B7268A8
:10E01000013A002A726007DCD4F88021314650466C
:10E020009047002840F085800BF1010BBBF1030FF6
:10E03000CBD163680BB90A236360636845496069A3
:10E04000C91A00F047F94FF0000BA3682268002BB3
:10E050003DD03168606991F800C010F80C000028CC
:10E0600035D0BCF1300F24D1100522D50BF1010BB6
:10E07000B9F1000F03D0013309F1FF39A3607368D0
:10E08000013B002B73601BDD336801333360A368F1
:10E09000013BA360D9E7BBF1020FAED1226802F4C5
:10E0A000C061B1F5007FC4D11021616042F480727B
:10E0B000A2E722F4106222600B7805F8013BDEE74C
:10E0C000D4F880313146504698470028DFD0236885
:10E0D000D9050DD5BD4209D915F8011CD4F87C31FC
:10E0E00032465046984705F1FF394D46BD4228D08B
:10E0F000226812F0100213D12A706368019E39461B
:10E100005046B047D8F8003021681A1DC8F80020E2
:10E1100011F0200F1B680FD01860E3680133E36033
:10E120002369ED1B5D442B442361002007B0BDE84B
:10E13000F08F4FF0000BCAE7CA074CBF1880186079
:10E14000EBE70120F2E700BF38780308B5CC0208FE
:10E15000A9CD0208C6860308B1F90C202DE9F041CB
:10E16000160705460C4654D44B68002B02DC0B6C9A
:10E17000002B48DDE66A002E45D0002312F48052C1
:10E180002F68216A2B6030D0626DA389590705D5AD
:10E190006368D21A636B0BB1236CD21A0023E66A50
:10E1A000216A2846B047431CA38906D129681D2946
:10E1B0002BD82A4ACA40D60727D500226260D90444
:10E1C0002269226004D5421C01D12B6803B9606525
:10E1D000616B2F60B9B104F14403994202D0284623
:10E1E000FFF7B8F8002363630DE001232846B0472A
:10E1F0000246501CC9D12B68002BC6D01D2B01D064
:10E20000162B1ED12F60002022E043F040031BB2EA
:10E210001BE00F69002FF6D093070E6808BF4B690B
:10E220000F6018BF0023A6EB07088B60B8F1000F42
:10E23000E9DD216AA66A43463A462846B0470028E7
:10E2400008DCB4F90C3043F04003A3814FF0FF30F9
:10E25000BDE8F0810744A8EB0008E7E70100402093
:10E2600038B50B6905460C4613B90025284638BD5C
:10E2700018B1036A0BB9FEF72FFEB4F90C30002B6E
:10E28000F3D0626ED00704D4990502D4A06DFFF7D5
:10E2900032F828462146FFF75FFF636EDA0705462E
:10E2A000E4D4A3899B05E1D4A06DFFF725F8DDE751
:10E2B0000EB403B5014603AB054853F8042B0068C0
:10E2C000019300F0E9F802B05DF804EB03B0704789
:10E2D0009807002470B50B7804465E2B0BBF4B7873
:10E2E0004A1C8A1C002108BF0121013804F1FF05E6
:10E2F00000F8011FA842FBD10BB9501E70BD81F080
:10E300000101E1541046024612F8015B2D2D05D0A3
:10E310005D2D16D0002DF1D02B46F2E746785D2E0C
:10E32000FAD0B342F8DC02301A4601329642A154C8
:10E33000FBDCF21A013A5D1CB342A8BF0022AB1805
:10E34000E1E71046DAE72DE9F0410C46496B04F1AC
:10E35000440399421DD14FF48061FFF76FF818B95B
:10E360004FF0FF30BDE8F0814FF48063A36394F871
:10E370004630606380F8FF3394F8453080F8FE3310
:10E3800094F8443080F8FD3300F2FD302060002026
:10E39000E8E7A66B77003A4600F027F80546002824
:10E3A000DED000EB0608014632464046FEF7A5FFE8
:10E3B000C4E90D57C4F80080E9E7000038B5064D00
:10E3C0000023044608462B60F5F786FF431C02D164
:10E3D0002B6803B1236038BDE0A7052408B50620EB
:10E3E00000F02EFA0120F5F7FEFE2DE9F041074678
:10E3F00014460D4621B9BDE8F0411146FFF71EB89D
:10E400002AB9FEF7A7FF25462846BDE8F08100F0AF
:10E4100033FA8442064602D8B4EB500FF4D82146B2
:10E420003846FFF70BF8804608B94546ECE7B4429A
:10E430002246294628BF3246FEF75FFF2946384666
:10E44000FEF788FFF1E79368013B002B10B493605F
:10E4500008DA9469A34201DB0A2903D15DF8044B71
:10E4600000F032B91368581C1060197008465DF846
:10E47000044B7047F8B506460F461446D518AC4213
:10E4800001D1002007E014F8011B3A463046FFF79F
:10E49000DAFF431CF3D1F8BD2DE9F04F0D469DB0D6
:10E4A00014469846064618B1036A0BB9FEF714FDE8
:10E4B0006B6ED90705D4AB899A0502D4A86DFEF717
:10E4C0001AFFAB891B0701D52B699BB9294630463A
:10E4D00000F038F970B16B6EDC0704D54FF0FF30F7
:10E4E0001DB0BDE8F08FAB899805F7D4A86DFEF795
:10E4F00003FFF3E70023099320238DF82930CDF89B
:10E500000C803023DFF8AC818DF82A304FF0010900
:10E5100023469A4613F8012B0AB1252AF9D1BAEB02
:10E52000040B0BD05B46224629463046FFF7A2FF7C
:10E53000013000F0A780099A5A4409929AF80030F5
:10E54000002B00F09F8000234FF0FF32CDE9052320
:10E550000AF1010A049307938DF853301A93544635
:10E56000052214F8011B5348D1F7D2FE049AD8B9FA
:10E57000D10644BF20238DF85330130744BF2B230B
:10E580008DF853309AF800302A2B15D0079A54464C
:10E5900000204FF00A0C214611F8013B303B092BBB
:10E5A0004BD9B0B1079214E0A0EB080309FA03F3CA
:10E5B00013430493A246D2E7039B191D1B680391E2
:10E5C000002BBBBF5B4242F0020207930793B8BF28
:10E5D000049223782E2B0AD163782A2B32D1039B05
:10E5E0001A1D1B68039243EAE37302340593DFF8B4
:10E5F000D4A0217803225046D1F78AFE38B1049B7B
:10E60000A0EB0A004022824013430134049314F823
:10E61000011B29488DF828100622D1F779FE002821
:10E620003FD0264B1BBB039B073323F00703083364
:10E630000393099B3B4409936AE70CFB02320C46A7
:10E640000120A8E700230134059319464FF00A0C76
:10E65000204610F8012B303A092A03D9002BC6D0E6
:10E660000591C4E70CFB012104460123F0E703AB4D
:10E6700000932A46124B04A93046AFF300800746A8
:10E68000781CD6D16B6ED90705D4AB899A0502D414
:10E69000A86DFEF731FEAB895B063FF51FAF099809
:10E6A0001EE703AB00932A46054B04A93046FFF74B
:10E6B000E7FAE4E7838603088D860308000000007C
:10E6C00075E4020889860308F8B50E461446054627
:10E6D00018B1036A0BB9FEF7FFFBA369A360A38916
:10E6E0001A0701D5236943B92146284600F02AF8C4
:10E6F00018B14FF0FF373846F8BD23682269981AE1
:10E700006369F6B28342374605DC21462846FFF7A7
:10E71000A7FD0028EDD1A368013BA36023685A1C24
:10E7200022601E706269431C9A4204D0A389DB07F1
:10E73000E1D50A2EDFD121462846FFF791FD0028BA
:10E74000D9D0D6E738B5294B054618680C4618B11C
:10E75000036A0BB9FEF7C0FBB4F90C30190722D4D9
:10E76000DA0607D409222A6043F04003A3814FF060
:10E77000FF3033E0580712D5616B41B104F1440317
:10E78000994202D02846FEF7E5FD00236363A38982
:10E7900023F02403A3810023636023692360A389FA
:10E7A00043F00803A38123694BB9A38903F42073C1
:10E7B000B3F5007F03D02146284600F08BF8B4F96A
:10E7C0000C3013F001020AD00022A26062695242AA
:10E7D000A261226942B913F08000C5D138BD990702
:10E7E00058BF6269A260F4E70020F7E798070024A9
:10E7F0001F2938B505460C4604D9162303604FF08F
:10E80000FF3038BDC26B12B152F821304BB92846E7
:10E8100000F030F8224601462846BDE8384000F0B6
:10E8200017B8012B0AD0591C03D11623036001200D
:10E83000E7E7002142F82410204698470020E0E74F
:10E84000024B01461868FFF7D3BF00BF98070024AA
:10E8500038B5074D00230446084611462B60F5F7EE
:10E86000B2FC431C02D12B6803B1236038BD00BF4A
:10E87000E0A70524F5F79FBC51F8043C181F002BB6
:10E88000BCBF0B58C018704770B50C46B1F90E10DC
:10E89000002996B015461E460DDAA38913F0800FA5
:10E8A0004FF0000114BF40234FF48063002031601B
:10E8B0002B6016B070BD6A4600F048F80028ECDB0B
:10E8C000019901F47041A1F50053594259414FF4A7
:10E8D0008063EBE78B89F7B59D0706460C4607D5A5
:10E8E00004F14703236023610123636103B0F0BD9A
:10E8F00001AB6A46FFF7C8FF009F05463946304620
:10E90000FEF79CFD48B9B4F90C309A05EED423F01B
:10E91000030343F00203A381E2E7A389206043F0ED
:10E920008003A381019BC4E904075BB1B4F90E1015
:10E93000304600F01DF828B1A38923F0030343F00B
:10E940000103A381A3891D43A581CFE738B5074DF6
:10E9500000230446084611462B60F5F794FC431C3F
:10E9600002D12B6803B1236038BD00BFE0A70524A6
:10E9700038B5064D0023044608462B60F5F793FC96
:10E98000431C02D12B6803B1236038BDE0A70524E6
:10E99000F8B500BFF8BC08BC9E467047F8B500BF8C
:08E9A000F8BC08BC9E4670475C
:10E9A8004F4243204F5320507265706172696E6701
:10E9B800210000004F4243204F532053746172746A
:10E9C800696E67210000000053746570205A6572F3
:10E9D8006F3A2050656E64696E672E2E2E00000017
:10E9E8005B53796E632054696D65215D00000000FA
:10E9F80053746570204F6E653A2050656E64696E79
:10EA0800672E2E2E000000005B434C492D496E7482
:10EA180065726661636520496E6974204661696C38
:10EA28005D0000005B434C492D496E746572666158
:10EA3800636520496E697420446F6E655D0000004F
:10EA48005B4C696E6B204641544653204661696CA5
:10EA58005D0000005B4C696E6B20464154465320B4
:10EA6800537563636573735D0000000053746570CC
:10EA78002054776F3A2050656E64696E672E2E2E8B
:10EA8800000000005B5350492044657669636520A7
:10EA9800496E6974204661696C5D00005B5350499A
:10EAA8002044657669636520496E697420446F6EF9
:10EAB800655D00005B535049204D61737465722099
:10EAC800496E6974204661696C5D00005B5350496A
:10EAD800204D617374657220496E697420446F6EAD
:10EAE800655D0000537465702046696E616C3A205C
:10EAF80050656E64696E672E2E2E00005374616334
:10EB08006B204F766572666C6F77202D3E205461BE
:10EB1800736B2025730000004D616C6C6F63204897
:10EB28006F6F6B204F766572666C6F770000000020
:10EB38004D494E004D4F4446535000004C4F47003E
:10EB4800526F6F74207461736B2073746172746593
:10EB580064000000212121204170706C6963617498
:10EB6800696F6E20496E697469616C697A6174694C
:10EB78006F6E204661696C65640000004F42435F18
:10EB8800526F6F745461736B0000000043616E6EC6
:10EB98006F7420537461727420526F6F742D5461B6
:10EBA800736B21212100000053797374656D20492E
:10EBB8006E69742053746570205A65726F204661BF
:10EBC800696C65642121210053746570205A65724F
:10EBD8006F3A205041535321000000005379737459
:10EBE800656D20496E69742053746570204F6E6599
:10EBF800204661696C6564212121000053746570A9
:10EC0800204F6E653A205041535321005379737455
:10EC1800656D20496E697420537465702054776F50
:10EC2800204661696C656421212100005374657078
:10EC38002054776F3A20504153532100537973740D
:10EC4800656D20496E69742046696E616C20466165
:10EC5800696C656421212100537465702046696ED2
:10EC6800616C3A205041535321000000537973746A
:10EC7800656D204661696C656421212100000000F2
:10EC88005B57454C434F4D455D0000000D0A4861F8
:10EC9800726474696D653A203230253032642D25EE
:10ECA8003032642D2530326420253032643A2530E4
:10ECB80032643A2530326420000000000D0A557095
:10ECC80074696D653A20253032753A253032753AC7
:10ECD80025303275000000000D0A57656C636F6DB2
:10ECE8006520746F2053706163654C69696E546563
:10ECF8006368202D20534C54204245452D50433104
:10ED0800204F4243200D0A0D0A0000004D494E5F76
:10ED180050726F63657373004D4F444653505F5094
:10ED2800726F6365737300005379734C6F675F5438
:10ED380061736B00536F66745F5254435F54617321
:10ED48006B00000044454255475F52585F54617359
:10ED58006B0000004558505F52585F5461736B0058
:10ED6800434C495F48616E646C655F5461736B0026
:10ED7800765461736B310000765461736B32000016
:10ED8800765461736B780000765461736B79000078
:10ED9800765461736B7A0000554152545F55534263
:10EDA8005F52585F5461736B000000004C6F674DF1
:10EDB800616E6167657200005761746368646F67AC
:10EDC8004D6F6E69746F725461736B005761746331
:10EDD80068646F6750756C73655461736B000000ED
:10EDE8004C6F674665746368696E675F5461736BDF
:10EDF800000000004578704D6F6E69746F72546141
:10EE0800736B000053444C6F636B52656C656173A0
:10EE1800655F5461736B00005B53796E63205469BE
:10EE28006D65215D0000000000000000466F7277EC
:10EE3800617264206D6F64652064697361626C65DA
:10EE4800642064756520746F20313020636F6E73A1
:10EE58006563757469766520275C272E00000000BD
:10EE6800363073204379636C65204865617274623B
:10EE78006561743A202564004D6973736564206880
:10EE880065617274626561740000000055415254F6
:10EE9800315F52580000000055415254315F5458B8
:10EEA8000000000055415254325F525800000000E3
:10EEB80055415254325F5458000000005541525495
:10EEC800375F52580000000055415254375F54587C
:10EED80000000000436F756C64206E6F74206C6FC7
:10EEE800616420757365722D7077642C20706C6571
:10EEF800617365207573652061646D696E2D707727
:10EF08006420696E7374656164210D0A0000000055
:10EF18000D0A53657373696F6E2074696D6564209B
:10EF28006F75742064756520746F20696E616374F1
:10EF380069766974792E0D0A000000001B5B324A5D
:10EF4800000000001B5B303B304800004F42433A52
:10EF5800205B434D34202D3E204F42435D0000008E
:10EF68001B5B303B314800000D0A00004C6F67699D
:10EF78006E206173205B61646D696E2F75736572B5
:10EF88005D3A200061646D696E0000005061737322
:10EF9800776F72643A200000757365720000000094
:10EFA800556E737570706F727465642074686973D8
:10EFB8002075736572206E616D652E205B61646DCE
:10EFC800696E2F757365725D0D0A000048656C6C7B
:10EFD8006F576F726C640D0A00000000E280BEE299
:10EFE80080BEE280BEE280BEE280BEE280BEE280F9
:10EFF800BEE280BEE280BEE280BEE280BEE280BEAB
:10F00800E280BEE280BEE280BEE280BEE280BEE276
:10F0180080BEE280BEE280BEE280BEE280BEE280C8
:10F02800BEE280BEE280BEE280BEE280BEE280BE7A
:10F03800E280BEE280BEE280BEE280BEE280BEE246
:10F0480080BE0D0A000000004C6F67676564206988
:10F058006E2061732061646D696E3A20534C542DA3
:10F068004F42432076312E322E3000005F5F5F5FC3
:10F078005F5F5F5F5F5F5F5F5F5F5F5F5F5F5F5F98
:10F088005F5F5F5F5F5F5F5F5F5F5F5F5F5F0D0A2F
:10F09800000000002020205F5F5F5F5F5F205F5FF0
:10F0A8005F5F5F5F5F205F5F5F5F20205F5F5F2064
:10F0B800205F5F5F5F5F0D0A0000000020202F20A7
:10F0C8005F5F2F202F2F5F20205F5F285F29205F41
:10F0D8005F205C2F205F20292F205F5F5F2F0D0AA4
:10F0E80000000000205F5C205C2F202F5F5F2F2036
:10F0F8002F205F202F202F5F2F202F205F20202FF1
:10F10800202F5F5F20200D0A000000002F5F5F5F47
:10F118002F5F5F5F5F2F5F2F20285F295C5F5F5F36
:10F128005F2F5F5F5F5F2F5C5F5F5F2F20200D0A9F
:10F13800000000004C6F6767656420696E2061738A
:10F1480020757365723A20534C542D4F42432076F4
:10F15800312E322E30000000546F6F206D616E79B1
:10F16800206661696C656420617474656D70747380
:10F178002E20506C65617365207472792061676117
:10F18800696E2E00496E636F7272656374207061D8
:10F198007373776F72642E20506C65617365207489
:10F1A800727920616761696E2E00000048656C6C99
:10F1B8006F3132330D0A0000556C7469730000001A
:10F1C800646576005072696E74206C697374206F80
:10F1D8006620646576656C6F70657220636F6D6D0F
:10F1E800616E64730000000068656C7000000000C8
:10F1F8005072696E74206C697374206F6620636F37
:10F208006D6D616E6473205B4669726D77617265BE
:10F218003A20315D00000000636C7300436C656147
:10F2280072732074686520636F6E736F6C6500007D
:10F2380054696D65000000007274635F7365740043
:10F24800536574205254432074696D653A20727472
:10F25800635F736574203C683E203C6D3E203C73C0
:10F268003E203C44443E203C4D4D3E203C59593EB6
:10F27800000000007274635F67657400476574205E
:10F288005254432E2055736167653A207274635F48
:10F29800676574203C686172647C736F66747C7700
:10F2A8006F726B7C65706F63687C616C6C3E00008C
:10F2B80065706F63685F7365740000005365742040
:10F2C8005254432074696D652062792065706F63BC
:10F2D800683A207274635F73657465706F63682041
:10F2E8003C65706F63683E006672616D5F77726936
:10F2F80074650000577269746520746F2046524126
:10F308004D3A206672616D5F7772697465205B6142
:10F318006464726573735D205B76616C75655D000E
:10F328006672616D5F7265616400000052656164B8
:10F338002066726F6D204652414D3A206672616DAB
:10F348005F72656164205B616464726573735D00FC
:10F3580046696C6553797374656D00006C730000C1
:10F368004C6973742066696C657320696E206669E0
:10F378006C6573797374656D0000000073645F6C6D
:10F388006F636B696E0000004C6F636B2053442001
:10F3980066696C6573797374656D000073645F7278
:10F3A800656C65617365000052656C656173652005
:10F3B80053442066696C6573797374656D00000049
:10F3C80076696D5F62797061737300005772697452
:10F3D80065206E6F2071756575653A2076696D5F79
:10F3E800627970617373203C66696C656E616D65E6
:10F3F8003E2022636F6E74656E74220076696D001C
:10F4080057726974652071756575653A2076696DFE
:10F41800203C66696C656E616D653E2022636F6E87
:10F4280074656E7422000000636174005265616443
:10F438002066696C6520636F6E74656E743A20632C
:10F448006174203C66696C656E616D653E00000004
:10F4580052502D434D340000636D345F7273740055
:10F468005472696767657220434D3420726573650D
:10F47800742070756C736520286C6F7720746865CC
:10F488006E20686967682900636D345F646973007A
:10F4980044697361626C6520434D3420706F7765F1
:10F4A800722028647269766520656E61626C6520D9
:10F4B8006C6F772900000000636D345F656E610032
:10F4C800456E61626C6520434D3420706F776572BC
:10F4D8002028647269766520656E61626C652068B3
:10F4E8006967682900000000455850006578705F1A
:10F4F800666F727761726400456E61626C65206642
:10F508006F7277617264206D6F64653A20657870F8
:10F518005F666F7277617264203C636D347C7573CB
:10F52800627C6E6F726D616C3E0000006578705F82
:10F5380073656E640000000053656E64204D736748
:10F5480020746F204558503A206578705F73656E57
:10F558006420226D65737361676522006578705F4A
:10F568006C697374656E000043686F6F736520770C
:10F57800206C697374656E20746F204558503A206A
:10F588006578705F6C697374656E203C636D347C5C
:10F598007573627C6F66663E000000005379737471
:10F5A800656D0000616C6976655F636865636B0013
:10F5B800436865636B20616C697665204F42432020
:10F5C8002D204558503A20616C6976655F636865FF
:10F5D800636B000072746F735F636865636B000030
:10F5E800436865636B204672656552544F532074B7
:10F5F80061736B733A2072746F735F636865636BD2
:10F60800000000006C6F675F6F7574004C6F6720B7
:10F618004F7574007077645F6368616E676500009A
:10F628004368616E676520757365722070617373D6
:10F63800776F72643A207077645F6368616E67659C
:10F64800203C6E65775F70617373776F72643E00FC
:10F65800646D6573670000005072696E7420646D94
:10F66800657367206C6F67733A20646D65736720F4
:10F678005B4E5D00726573657400000052657365CA
:10F6880074204D43553A207265736574000000007C
:10F698004D656D6F7279000072616D5F66696C6CA3
:10F6A8000000000046696C6C203230304B4220521A
:10F6B800414D5F44322077697468207061747465C5
:10F6C800726E206461746120317C327C33000000EA
:10F6D80072616D5F64756D700000000044756D7037
:10F6E80020636F6E74656E7473206F6620323030DD
:10F6F8004B422052414D5F443200000073746174E4
:10F70800655F746F636D3400476574206F72207293
:10F718006573657420746F434D3420737461746528
:10F728003A2073746174655F746F636D34203C674D
:10F7380065747C72657365743E000000636F6C6C61
:10F748006563745F6461746100000000436F6C6CF2
:10F7580065637420646174613A20636F6C6C6563DF
:10F76800745F64617461203C747970653E203C73F9
:10F77800616D706C653E000070756C6C5F646174DF
:10F788006100000050756C6C2064617461207374B2
:10F79800617475733A2070756C6C5F646174610094
:10F7A800736C6176657370695F7273740000000032
:10F7B80052657365742053504920536C61766520F7
:10F7C80044657669636520746F20696E6974696140
:10F7D8006C207374617465006D61737465725F7217
:10F7E80065616400526561642064617461207669B2
:10F7F800612053504936204D61737465723A206D0B
:10F8080061737465725F72656164203C73697A65BF
:10F818003E0000006578705F706C656173655F72AB
:10F8280065736574000000002D0000007465737432
:10F838005F636F6E6E656374696F6E0053656E64A7
:10F8480020544553545F434F4E4E454354494F4E01
:10F858005F434D44207769746820612033322D62FC
:10F8680069742076616C7565000000006578705FCA
:10F878007365745F727463006578705F7365745F35
:10F88800727463202D20557365204F4243205254D3
:10F89800430000006E74635F7365745F636F6E741A
:10F8A800726F6C006E74635F7365745F636F6E7400
:10F8B800726F6C203C636F6E74726F6C206D617335
:10F8C8006B3E00007365745F74656D705F70726F76
:10F8D80066696C65000000003C7265665F743E20D6
:10F8E8003C6D696E5F743E203C6D61785F743E20AC
:10F8F8003C6E74635F7072693E203C6E74635F7324
:10F9080065633E203C6175746F5F7263763E203C90
:10F918007465635F6D61736B3E203C6865617465F7
:10F92800725F6D61736B3E203C7465635F766F6CCC
:10F938003E203C6865617465725F647574793E0049
:10F9480073746172745F74656D705F70726F6669ED
:10F958006C65000053656E642053544152545F54E3
:10F96800454D505F50524F46494C455F434D44000A
:10F9780073746F705F74656D705F70726F66696CB9
:10F988006500000053656E642053544F505F544522
:10F998004D505F50524F46494C455F434D4400001F
:10F9A8007365745F6F766572726964655F746563A9
:10F9B8005F70726F66696C65000000007365745F44
:10F9C8006F766572726964655F7465635F70726F84
:10F9D80066696C65203C6974763E203C696E646596
:10F9E800783E203C766F6C3E0000000073746172B4
:10F9F800745F6F766572726964655F7465635F7062
:10FA0800726F66696C65000053656E6420535441DB
:10FA180052545F4F564552524944455F5445435FDF
:10FA280050524F46494C455F434D440073746F70C4
:10FA38005F6F766572726964655F7465635F707223
:10FA48006F66696C6500000053656E642053544FFF
:10FA5800505F4F564552524944455F5445435F50A5
:10FA6800524F46494C455F434D4400007365745FEF
:10FA780073616D706C696E675F70726F66696C65D3
:10FA8800000000007365745F73616D706C696E6768
:10FA98005F70726F66696C65203C726174653E20A8
:10FAA8003C7072653E203C696E3E203C706F7374FA
:10FAB8003E0000007365745F6C617365725F696E08
:10FAC80074656E73697479007365745F6C617365CE
:10FAD800725F696E74656E73697479203C696E74BF
:10FAE800656E736974793E007365745F706F7369CE
:10FAF80074696F6E000000007365745F706F7369DE
:10FB080074696F6E203C706F736974696F6E3E0024
:10FB180073746172745F73616D706C696E675F6333
:10FB280079636C650000000053656E64205354418E
:10FB380052545F53414D504C494E475F4359434CD3
:10FB4800455F434D440000006765745F696E666FEA
:10FB58005F73616D706C650053656E642047455432
:10FB68005F494E464F5F53414D504C455F434D44AE
:10FB7800000000006765745F6368756E6B000000C5
:10FB88006765745F6368756E6B203C6E756D5F6347
:10FB980068756E6B3E0000006765745F6368756E1C
:10FBA8006B5F6372630000006765745F6368756EFE
:10FBB8006B5F637263203C6E756D5F6368756E6B17
:10FBC8003E0000007365745F6578745F6C617365EF
:10FBD800725F70726F66696C650000007365745FB0
:10FBE8006578745F6C617365725F70726F66696C5B
:10FBF80065203C696E74656E736974793E00000017
:10FC08007475726E5F6F6E5F6578745F6C61736533
:10FC1800720000007475726E5F6F6E5F6578745F56
:10FC28006C61736572203C706F736974696F6E3EA6
:10FC3800000000007475726E5F6F66665F657874A9
:10FC48005F6C61736572000053656E642054555291
:10FC58004E5F4F46465F4558545F4C415345525F8F
:10FC6800434D44007365745F6C617365725F696EC0
:10FC7800740000007365745F6C617365725F696E10
:10FC880074203C706F733E203C70657263656E74BF
:10FC98003E0000007365745F6C617365725F657820
:10FCA800740000007365745F6C617365725F6578DA
:10FCB80074203C706F733E203C70657263656E748F
:10FCC8003E0000006765745F63757272656E74004C
:10FCD800637573746F6D5F636D64000073656E6444
:10FCE8005F637573746F6D5F636D64203C737472CA
:10FCF800696E673E000000007363726970745F6D1F
:10FD0800616E61676572000065726173655F736338
:10FD180072697074000000006C776C5F64656275CE
:10FD2800670000006C776C5F6C6F6700616C6976C8
:10FD380065636D345F6C6F67000000005573616721
:10FD4800653A2072616D5F66696C6C203C317C326B
:10FD58007C333E203C73697A653E2028313A203056
:10FD68002D3235352C20323A2041534349492C2035
:10FD7800333A2072616E646F6D2C2073697A653A2C
:10FD880020312D3230304B4229000000496E766117
:10FD98006C69642073697A652E204D7573742062CE
:10FDA80065203120746F20256C7520627974657325
:10FDB8002E000000524541445953454E440000006E
:10FDC8004552524F5200000042555359000000005E
:10FDD80043616E6E6F742066696C6C2052414D2EC3
:10FDE8002043757272656E742073746174653A206D
:10FDF8002573000046696C6C656420256C7520626B
:10FE08007974657320776974682070617474657299
:10FE18006E20302D32353520726570656174696EDB
:10FE28006700000046696C6C656420256C7520626B
:10FE38007974657320776974682041534349492070
:10FE48007061747465726E2028307832302D307885
:10FE58003746290046696C6C656420256C752062FC
:10FE68007974657320776974682072616E646F6D48
:10FE78002062797465730000496E76616C6964204C
:10FE88006F7074696F6E2E205573653A2072616DBC
:10FE98005F66696C6C203C317C327C333E203C735D
:10FEA800697A653E000000005374617274206F66C1
:10FEB8002052414D5F4432202830782530386C5824
:10FEC800293A20307825303258000000456E6420E9
:10FED8006F662052414D5F443220283078253038F3
:10FEE8006C58293A20307825303258004352433133
:10FEF800362D584D4F44454D3A20307825303458EA
:10FF0800000000000000000055736167653A207228
:10FF1800616D5F64756D70203C73697A653E202859
:10FF280073697A653A20312D3230304B422900000E
:10FF380044756D70696E6720256C752062797465EB
:10FF480073206F662052414D5F443320636F6E7497
:10FF5800656E74733A0000004261736520616464E1
:10FF6800726573733A2030782530386C582C2064C9
:10FF78006174615B305D2040202570003078253049
:10FF8800386C583A20000000253032582000000014
:10FF980044756D7020636F6D706C6574652E2043B9
:10FFA8006F756E7465642062797465733A20256C88
:10FFB800752C2043524331362D584D4F44454D3A08
:10FFC800203078253034580055736167653A2073BE
:10FFD800746174655F746F636D34203C6765747C0D
:10FFE80072657365743E000067657400746F434DF5
:08FFF800342053746174653A72
:020000040803EF
:10000000204552524F520000746F434D34205374B8
:100010006174653A20524541445953454E440000AD
:10002000746F434D342053746174653A20425553C4
:1000300059000000746F434D342053746174653A65
:100040002049444C45000000746F434D34205374E4
:100050006174653A20554E4B4E4F574E00000000DC
:10006000746F434D342053746174652072657365F9
:100070007420746F2049444C45000000496E76613D
:100080006C6964206F7074696F6E2E2055736167A0
:10009000653A2073746174655F746F636D34203CDE
:1000A0006765747C72657365743E00005350492027
:1000B000536C61766520446576696365206E6F7464
:1000C00020696E697469616C697A6564000000007A
:1000D00053504920536C61766520446576696365A9
:1000E00020726573657420746F2049444C452073F9
:1000F00074617465000000004661696C6564207479
:100100006F2072657365742053504920536C61767B
:10011000652044657669636500000000557361677A
:10012000653A20636F6C6C6563745F646174612011
:100130003C747970653E203C73616D706C653E0067
:10014000436F6C6C656374656420256C7520736106
:100150006D706C6573202874797065202564292C76
:100160002073697A653A20256C752062797465730D
:100170002C204352433A2030782530345800000078
:1001800054797065202564206E6F7420696D706CE1
:10019000656D656E746564207965742E00000000DD
:1001A0004661696C656420746F20636F6C6C656375
:1001B0007420646174612E204572726F7220636FC7
:1001C00064653A202564000053746174653A2049DF
:1001D000444C450053746174653A204255535900AC
:1001E00053746174653A20524541445953454E4415
:1001F0002C204352433A203078253034582C205359
:10020000697A653A20256C752062797465730000FF
:1002100053746174653A20524541445953454E44E4
:100220002C20627574206E6F2076616C6964206486
:1002300061746120636F6E746578740053746174C7
:10024000653A204552524F520000000053746174C9
:10025000653A20554E4B4E4F574E0000557361671F
:10026000653A206D61737465725F72656164203CEC
:1002700073697A653E202873697A653A20312D3298
:1002800030304B4229000000535049204D617374B7
:10029000657220446576696365206E6F7420696EAF
:1002A000697469616C697A65640000005265616413
:1002B00020256C75206279746573207669612053FE
:1002C000504936204D61737465722C204352433A75
:1002D00020307825303458004661696C656420749C
:1002E0006F207265616420646174612E20457272B2
:1002F0006F7220636F64653A202564001B5B324A8D
:100300000000000055736167653A207274635F7383
:100310006574203C686F75723E203C6D696E757423
:10032000653E203C7365636F6E643E203C6461797A
:100330003E203C6D6F6E74683E203C796561723E74
:1003400000000000496E76616C696420686F757208
:1003500020286D75737420626520302D3233292E6C
:1003600020506C6561736520656E746572206167ED
:1003700061696E2E00000000496E76616C69642030
:100380006D696E75746520286D75737420626520C3
:10039000302D3539292E20506C6561736520656ECE
:1003A00074657220616761696E2E0000496E766126
:1003B0006C6964207365636F6E6420286D75737457
:1003C00020626520302D3539292E20506C656173EF
:1003D0006520656E74657220616761696E2E00002C
:1003E000496E76616C69642064617920286D75734B
:1003F0007420626520312D3331292E20506C6561C7
:10040000736520656E74657220616761696E2E0088
:10041000496E76616C6964206D6F6E746820286D1A
:1004200075737420626520312D3132292E20506C75
:100430006561736520656E74657220616761696EC0
:100440002E000000496E76616C69642079656172E6
:1004500020286D7573742062652032206469676995
:1004600074732C20652E672E2C20323520666F7217
:100470002032303235292E20506C6561736520653D
:100480006E74657220616761696E2E002D2D3E20AD
:100490005254432073657420746F20253032643ABF
:1004A000253032643A253032642C20253032642FD6
:1004B000253032642F323025303264005573616745
:1004C000653A207274635F676574203C686172648A
:1004D0007C736F66747C776F726B7C65706F63681A
:1004E0007C616C6C3E00000068617264000000007A
:1004F0002D2D3E2048617264205254433A205469A5
:100500006D653A20253032643A253032643A253020
:1005100032642C20446174653A20253032642F25E2
:100520003032642F3230253032642C2054656D70A7
:100530003A202564000000004661696C65642074FF
:100540006F206765742068617264205254430D0AFD
:1005500000000000736F6674000000002D2D3E2027
:10056000536F6674205254433A2054696D653A20A3
:10057000253032643A253032643A253032642C20FA
:10058000446174653A20253032642F253032642F5F
:100590003230253032640000776F726B000000004B
:1005A0002D2D3E20576F726B696E672055707469F0
:1005B0006D653A2054696D653A20253032643A25DC
:1005C0003032643A253032642C20446179733A2009
:1005D0002564000065706F63680000002D2D3E20CB
:1005E00045706F63683A20256C750000616C6C0083
:1005F0004661696C656420746F206765742068616A
:100600007264205254430000556E6B6E6F776E20FB
:100610006D6F64652E205573653A207274635F6751
:100620006574203C686172647C736F66747C776F5C
:10063000726B7C65706F63687C616C6C3E0000005F
:1006400055736167653A207274635F736574657092
:100650006F6368203C65706F63683E00496E766129
:100660006C69642065706F63682E204D757374200B
:100670006265203E3D20256C750000005573616762
:10068000653A206672616D5F7772697465205B619F
:100690006464726573735D205B76616C75655D0083
:1006A0005772697465204F4B3A2041646472203060
:1006B0007825303458203D203078253032580000DD
:1006C0004652414D205772697465204572726F72AF
:1006D00020617420307825303458000055736167EC
:1006E000653A206672616D5F72656164205B61646A
:1006F00064726573735D000052656164204F4B3A0C
:10070000204164647220307825303458203D2030F8
:1007100078253032580000004652414D2052656124
:1007200064204572726F72206174203078253034F5
:100730005800000053442066696C657379737465D2
:100740006D206C6F636B65642D696E005B4C696E28
:100750006B204641544653204661696C5D000000A1
:100760005B4C696E6B20464154465320537563635E
:1007700065737366756C6C795D0000005344206688
:10078000696C6573797374656D2072656C656173EE
:100790006564000055736167653A2076696D203C99
:1007A00066696C656E616D653E2022636F6E74656F
:1007B0006E742200436F6E74656E74207772697474
:1007C00074656E20746F202573000000436F6E7493
:1007D000656E74206578636565647320384B4220CC
:1007E0006C696D69740000004661696C6564207411
:1007F0006F20777269746520746F2066696C65007C
:1008000055736167653A20636174203C66696C6565
:100810006E616D653E000000434D34207265736566
:10082000742070756C736520747269676765726592
:10083000642E0000434D3420706F77657220646928
:100840007361626C65642028656E61626C6520640A
:10085000726976656E206C6F77292E00434D3420C7
:10086000706F77657220656E61626C6564202865C3
:100870006E61626C652064726976656E2068696776
:1008800068292E0055736167653A206578705F6648
:100890006F7277617264203C636D347C7573627C27
:1008A0006E6F726D616C3E00636D3400466F7277DF
:1008B000617264206D6F646520656E61626C656451
:1008C0003A20434D34203C2D3E2045585020666F41
:1008D0007277617264696E672E0000007573620042
:1008E000466F7277617264206D6F646520656E611A
:1008F000626C65643A20434443203C2D3E204558B9
:100900005020666F7277617264696E672E00000016
:100910006E6F726D616C0000466F72776172642059
:100920006D6F64652064697361626C65642E204F2D
:100930007065726174696E6720696E204E4F524D0A
:10094000414C206D6F64652E00000000496E766199
:100950006C696420706172616D657465722E2055DA
:10096000736167653A206578705F666F7277617250
:1009700064203C636D347C7573627C6E6F726D6154
:100980006C3E000055736167653A206578705F6C56
:10099000697374656E203C636D347C7573627C6F23
:1009A00066663E004C697374656E206D6F646520E9
:1009B000656E61626C65643A2045585020646174CC
:1009C000612066726F6D2055415254372077696CF3
:1009D0006C2062652073656E7420746F20554152DF
:1009E000545F44454255472E000000004C69737423
:1009F000656E206D6F646520656E61626C65643A3A
:100A00002045585020646174612066726F6D2055D6
:100A1000415254372077696C6C2062652073656E93
:100A20007420746F204344432E0000006F666600FC
:100A30004C697374656E206D6F64652064697361C1
:100A4000626C65642E204F7065726174696E6720F8
:100A5000696E204E4F524D414C206D6F64652E00E3
:100A6000496E76616C696420706172616D65746550
:100A7000722E2055736167653A206578705F6C69E6
:100A80007374656E203C636D347C7573627C6F6635
:100A9000663E000055736167653A206578705F7344
:100AA000656E6420226D65737361676522000000C6
:100AB0004D6573736167652073656E7420746F2074
:100AC000455850207669612055415254372E000018
:100AD00043616C6C6261636B2045766572790000DE
:100AE00043616C6C6261636B204D6F6D656E740069
:100AF00043616C6C6261636B20436F756E74646FED
:100B0000776E000048656C6C6F2066726F6D204FC9
:100B100042432D53544D33322E20537461747573F8
:100B20003A204F4B0000000053706172726F7720C3
:100B300063616C6C204561676C652E20436F646552
:100B40003A204F4B000000004561676C6520636CE4
:100B50006561722C20656E642E20436F64653A20B7
:100B60004F4B00004E756D626572206F6620746198
:100B7000736B732072756E6E696E673A20256C75A3
:100B8000000000004E6F207461736B7320666F75F8
:100B90006E64206F72206572726F72206F6363756E
:100BA000727265642E000000546F74616C20546191
:100BB000736B733A20256C75000000005461736BF1
:100BC000204E616D652020202020202020202053F1
:100BD0007461746520202020205072696F2020539A
:100BE0007461636B204C6566740000002D2D2D2D03
:100BF0002D2D2D2D2D2D2D2D2D2D2D2D2D2D2D2D25
:100C00002D2D2D2D2D2D2D2D2D2D2D2D2D2D2D2D14
:100C10002D2D2D2D0000000052756E6E696E67003F
:100C20005265616479000000426C6F636B6564001B
:100C300053757370656E640044656C65746564001B
:100C4000556E6B6E6F776E00252D31387320252D14
:100C500031307320252D346C75202531306C7500B2
:100C60004C6F6767696E67206F75742E2E2E0000BB
:100C70004C6F676F757454696D6572005573616769
:100C8000653A207077645F6368616E6765203C6ECB
:100C900065775F70617373776F72643E0000000068
:100CA00050617373776F726420746F6F206C6F6E16
:100CB0006720286D61782031362063686172616336
:100CC00074657273292E00004661696C6564207436
:100CD0006F2077726974652070617373776F7264C7
:100CE000206C656E67746820746F204652414D2EEB
:100CF0000D0A00004661696C656420746F2077728C
:100D00006974652070617373776F726420746F20EB
:100D10004652414D2E0D0A00557365722070617365
:100D200073776F7264207570646174656420737585
:100D3000636365737366756C6C792E004D7573749F
:100D4000206265206C6F6767656420696E2061733F
:100D50002061646D696E20746F206368616E6765E1
:100D60002070617373776F72642E0000446D657339
:100D700067202D204C6F67676572204D6573736126
:100D800067653A002D2D3E204F6C64657374203EDC
:100D90003E0000002D2D3E204C6174657374203C94
:100DA0003C0000004C617465737420256C75204C08
:100DB0006F67733A0000000053656E742045585009
:100DC0002D504C454153455F52455345545F434D6B
:100DD0004400000055736167653A20746573745F61
:100DE000636F6E6E656374696F6E203C76616C75BF
:100DF00065283332626974293E00000053656E74C1
:100E000020544553545F434F4E4E454354494F4E33
:100E10005F434D4420776974682076616C75653A4C
:100E200020256C750000000053656E7420534554F6
:100E30005F574F524B494E475F5254435F434D44B7
:100E400020776974682025752D25753A25753A2512
:100E50007500000055736167653A207365745F6EB5
:100E600074635F636F6E74726F6C203C6E7463307A
:100E70005B303A6F66662F313A6F6E5D3E203C6E96
:100E80007463313E202E2E2E203C6E7463373E005C
:100E9000496E76616C696420617267756D656E7408
:100EA00020666F72206E746325642E20506C65611D
:100EB000736520757365203020286F666629206F62
:100EC00072203120286F6E292E00000053656E7449
:100ED000205345545F4E54435F434F4E54524F4C42
:100EE0005F434D44207769746820446174612048F1
:100EF00065783A203078253032582C204E544330D3
:100F00003A2025642C204E5443313A2025642C206D
:100F10004E5443323A2025642C204E5443333A2019
:100F200025642C204E5443343A2025642C204E5402
:100F300043353A2025642C204E5443363A2025640C
:100F40002C204E5443373A202564000055736167C6
:100F5000653A207365745F74656D705F70726F665B
:100F6000696C65203C7265665F743E203C6D696EFD
:100F70005F743E203C6D61785F743E203C6E74630C
:100F80005F7072693E203C6E74635F7365633E20E0
:100F90003C6175746F5F7263763E203C7465635F7D
:100FA0006D61736B3E203C6865617465725F6D6155
:100FB000736B3E203C7465635F766F6C3E203C68CB
:100FC00065617465725F647574793E0053656E7413
:100FD000205345545F54454D505F50524F46494C45
:100FE000455F434D44207769746820706172616D7C
:100FF000733A25752C2025752C2025752C202575F8
:101000002C2025752C2025752C2025752C20257548
:101010002C2025752C2025750000000053656E746A
:101020002053544152545F54454D505F50524F46E7
:10103000494C455F434D440053656E742053544FF3
:10104000505F54454D505F50524F46494C455F43A9
:101050004D44000055736167653A207365745F6F96
:10106000766572726964655F7465635F70726F66DE
:10107000696C65203C696E74657276616C3E203CDB
:101080007465635F696E6465783E203C7465635F78
:10109000766F6C3E0000000053656E74205345541B
:1010A0005F4F564552524944455F5445435F505245
:1010B0004F46494C455F434D442077697468207022
:1010C0006172616D733A2025752C2025752C2025C1
:1010D0007500000053656E742053544152545F4FA5
:1010E000564552524944455F5445435F50524F461E
:1010F000494C455F434D440053656E742053544F33
:10110000505F4F564552524944455F5445435F50E6
:10111000524F46494C455F434D440000557361674B
:10112000653A207365745F73616D706C696E675F9B
:1011300070726F66696C65203C726174653E203C1C
:101140007072653E203C696E3E203C706F73743E49
:101150000000000053656E74205345545F53414DA9
:10116000504C494E475F50524F46494C455F434DA6
:1011700044207769746820706172616D733A72619E
:1011800074653D256C752C207072653D25752C208D
:10119000696E3D25752C20706F73743D25750000B8
:1011A00055736167653A207365745F6C617365722E
:1011B0005F696E74656E73697479203C696E7465DD
:1011C0006E736974793E000053656E742053455404
:1011D0005F4C415345525F494E54454E5349545913
:1011E0005F434D44207769746820696E74656E733F
:1011F0006974793A2025750055736167653A2073E3
:1012000065745F706F736974696F6E203C706F7383
:101210006974696F6E3E000053656E7420534554C7
:101220005F504F534954494F4E5F434D44207769B7
:10123000746820706F736974696F6E3A2025750049
:1012400053656E742053544152545F53414D504C7A
:10125000494E475F4359434C455F434D44000000AE
:1012600053656E74204745545F494E464F5F534166
:101270004D504C455F434D4400000000557361677D
:10128000653A206765745F6368756E6B203C6E75A8
:101290006D5F6368756E6B3E0000000053656E7491
:1012A000204745545F4348554E4B5F434D442066AD
:1012B0006F72206368756E6B3A2025750000000020
:1012C00055736167653A206765745F6368756E6B17
:1012D0005F637263203C6E756D5F6368756E6B3E15
:1012E0000000000055736167653A207365745F659F
:1012F00078745F6C617365725F70726F66696C653C
:10130000203C696E74656E736974793E000000005C
:1013100053656E74205345545F4558545F4C415398
:1013200045525F50524F46494C455F434D442077EC
:1013300069746820696E74656E736974793A2025E2
:101340007500000055736167653A207475726E5FB1
:101350006F6E5F6578745F6C61736572203C706F4F
:10136000736974696F6E3E0053656E7420545552F4
:101370004E5F4F4E5F4558545F4C415345525F435B
:101380004D4420666F7220706F736974696F6E3A96
:101390002025750053656E74205455524E5F4F469C
:1013A000465F4558545F4C415345525F434D44009E
:1013B00055736167653A207365745F6C617365721C
:1013C0005F696E74203C706F733E203C7065726381
:1013D000656E743E0000000053656E7420534554E2
:1013E0005F4C415345525F494E545F434D44207713
:1013F00069746820506F736974696F6E3A2025753F
:101400002C2050657263656E743A202575000000CB
:1014100055736167653A207365745F6C61736572BB
:101420005F657874203C706F733E203C706572631A
:10143000656E743E0000000053656E742053455481
:101440005F4C415345525F4558545F434D442077AC
:1014500069746820506F736974696F6E3A202575DE
:101460002C2050657263656E743A2025750000006B
:1014700053656E74204745545F43555252454E5450
:101480005F434D440000000055736167653A206377
:101490007573746F6D5F636D64203C737472696EF5
:1014A000673E000053656E7420435553544F4D5FA3
:1014B000434F4D4D414E44207769746820737472D8
:1014C000696E673A202225732200000054696D6519
:1014D000206C6F676765643A20253032642F2530B1
:1014E00032642F32302530326420253032643A2580
:1014F0003032643A253032640D0A0000434D342006
:101500004D69737320436F756E743A202575202FD3
:101510002025640D0A0000005553422D4F424340E0
:1015200053544D33323A7E20242000000D0A00002F
:101530001B5B43001B5B44001B5B73001B5B750064
:101540001B5B40001B5B50003E20000020000000A1
:10155000000000002D6800002D2D68656C700000F3
:101560001B5B25752563000048656C70206973203E
:101570006E6F7420617661696C61626C6500000059
:101580005B0000005D000000202020200000000023
:101590007C200000286E6F2068656C7029000000B8
:1015A000436F6D6D616E643A2000000043617465A5
:1015B000676F72793A20000048656C703A2000002D
:1015C000436F6D6D616E64202268656C70222072BD
:1015D00065636569766573206F6E65206F72207A2A
:1015E00065726F20617267756D656E7473000000BF
:1015F0004E6F20646576656C6F706D656E742063E8
:101600006F6D6D616E647320617661696C61626C8F
:1016100065000000446576004465706C6F796D6507
:101620006E740000436F6D6D616E64202264657698
:1016300022207265636569766573206F6E65206F21
:1016400072207A65726F20617267756D656E747352
:1016500000000000556E6B6E6F776E20636F6D6DCE
:10166000616E643A20220000222E20577269746550
:10167000202268656C702220666F722061206C6980
:101680007374206F6620617661696C61626C65209D
:10169000636F6D6D616E6473000000004661696C7C
:1016A000656420746F206372656174652066696C7F
:1016B0006573797374656D206D75746578000000CD
:1016C00046696C6573797374656D20696E697469B8
:1016D000616C697A6564207375636365737366759D
:1016E0006C6C79004661696C656420746F2061637D
:1016F0007175697265204653206D757465780000B8
:101700004661696C656420746F206F70656E206639
:10171000696C652025733A202564000000000000F4
:101720004661696C656420746F207265616420662F
:10173000696C652025733A20256400004661696C58
:10174000656420746F206F70656E206F7220637205
:10175000656174652066696C652025733A2025648F
:10176000000000004661696C656420746F20777228
:1017700069746520746F2066696C652025733A2052
:10178000256400005375636365737366756C6C79CB
:101790002077726F746520746F202573000000003D
:1017A0004C697374696E672066696C657320696E35
:1017B0002025732E2E2E000020205B4449525D20F0
:1017C0002025730020205B46494C455D2025732071
:1017D00020256C7520627974657300004661696C20
:1017E000656420746F206F70656E20646972656334
:1017F000746F72792025733A20256400256C75007A
:10180000646174655F74696D652E7478740000009E
:101810005B4C6F674665746368696E675D205374DF
:10182000617274696E672066696C6573797374653B
:101830006D20636C65616E75702E2E2E00000000A9
:101840005B4C6F674665746368696E675D204661CF
:10185000696C656420746F206163717569726520BD
:101860004653206D7574657820666F7220636C65D1
:10187000616E7570000000005B4C6F6746657463B5
:1018800068696E675D2046696C6573797374656D10
:1018900020636C65616E757020636F6D706C65742C
:1018A0006564207375636365737366756C6C79002A
:1018B0005B4C6F674665746368696E675D2046615F
:1018C000696C656420746F2072656D6F756E74202D
:1018D000616674657220636C65616E7570000000EE
:1018E0005B4C6F674665746368696E675D20665F11
:1018F0006D6B6673206661696C65642064757269DE
:101900006E6720636C65616E75700000436C656185
:101910007265642070656E64696E6720636F6D6DBB
:10192000616E643A204944203078253032582C20AA
:101930004578706563746564203078253032580DC1
:101940000A0000004D494E2D54696D656F75742174
:10195000000000004D494E2050726F636573732084
:10196000496E697421000000526573706F6E736573
:10197000204F4B202D20504C454153455F5245533D
:1019800045545F434D44000054696D656F75742084
:10199000504C454153455F52455345545F434D4478
:1019A00000000000526573706F6E7365204F4B200E
:1019B0002D20544553545F434F4E4E454354494F99
:1019C0004E5F434D4400000054696D656F7574208F
:1019D000544553545F434F4E4E454354494F4E5F19
:1019E000434D440002030000526573706F6E7365CF
:1019F000204F4B202D205345545F574F524B494E9B
:101A0000475F5254435F434D4400000054696D6585
:101A10006F7574205345545F574F524B494E475F83
:101A20005254435F434D44000405000052657370F7
:101A30006F6E7365204F4B202D205345545F4E54DD
:101A4000435F434F4E54524F4C5F434D44000000A0
:101A500054696D656F7574205345545F4E54435FF0
:101A6000434F4E54524F4C5F434D44000809000011
:101A7000526573706F6E7365204F4B202D20534558
:101A8000545F54454D505F50524F46494C455F435B
:101A90004D44000054696D656F7574205345545F63
:101AA00054454D505F50524F46494C455F434D445D
:101AB000000000000A0B0000526573706F6E7365C2
:101AC000204F4B202D2053544152545F54454D50CC
:101AD0005F50524F46494C455F434D440000000063
:101AE00054696D656F75742053544152545F544569
:101AF0004D505F50524F46494C455F434D440000A6
:101B00000C0D0000526573706F6E7365204F4B2093
:101B10002D2053544F505F54454D505F50524F4607
:101B2000494C455F434D440054696D656F757420A1
:101B300053544F505F54454D505F50524F46494C9F
:101B4000455F434D440000000E0F00005265737066
:101B50006F6E7365204F4B202D205345545F4F56B9
:101B60004552524944455F5445435F50524F4649A0
:101B70004C455F434D44000054696D656F7574209A
:101B80005345545F4F564552524944455F5445436F
:101B90005F50524F46494C455F434D4400000000A2
:101BA00010110000526573706F6E7365204F4B20EB
:101BB0002D2053544152545F4F564552524944458B
:101BC0005F5445435F50524F46494C455F434D4437
:101BD0000000000054696D656F75742053544152C4
:101BE000545F4F564552524944455F5445435F50F8
:101BF000524F46494C455F434D44000012130000CC
:101C0000526573706F6E7365204F4B202D205354B7
:101C10004F505F4F564552524944455F5445435FCC
:101C200050524F46494C455F434D440054696D65E1
:101C30006F75742053544F505F4F5645525249446C
:101C4000455F5445435F50524F46494C455F434DB5
:101C50004400000014150000526573706F6E7365C8
:101C6000204F4B202D205345545F53414D504C493C
:101C70004E475F50524F46494C455F434D4400002C
:101C800054696D656F7574205345545F53414D50D1
:101C90004C494E475F50524F46494C455F434D4477
:101CA0000000000016170000526573706F6E7365B8
:101CB000204F4B202D205345545F4C415345525FDC
:101CC000494E54454E534954595F434D440000001A
:101CD00054696D656F7574205345545F4C4153458D
:101CE000525F494E54454E534954595F434D440049
:101CF00018190000526573706F6E7365204F4B208A
:101D00002D205345545F504F534954494F4E5F4324
:101D10004D44000054696D656F7574205345545FE0
:101D2000504F534954494F4E5F434D44000000000B
:101D30001A1B0000526573706F6E7365204F4B2045
:101D40002D2053544152545F53414D504C494E47FE
:101D50005F4359434C455F434D44000054696D65F2
:101D60006F75742053544152545F53414D504C4948
:101D70004E475F4359434C455F434D4400000000CC
:101D80001C1D0000526573706F6E7365204F4B20F1
:101D90002D204745545F494E464F5F53414D504CAF
:101DA000455F434D4400000054696D656F757420B4
:101DB0004745545F494E464F5F53414D504C455F38
:101DC000434D44001E1F0000526573706F6E7365B3
:101DD000204F4B202D204745545F4348554E4B5FC5
:101DE000434D440054696D656F7574204745545FD9
:101DF0004348554E4B5F434D4400000020210000F6
:101E0000526573706F6E7365204F4B202D204745D0
:101E1000545F4348554E4B5F4352435F434D44002C
:101E200054696D656F7574204745545F4348554E3E
:101E30004B5F4352435F434D4400000022230000A8
:101E4000526573706F6E7365204F4B202D20534584
:101E5000545F4558545F4C415345525F50524F4672
:101E6000494C455F434D440054696D656F7574205E
:101E70005345545F4558545F4C415345525F50524F
:101E80004F46494C455F434D44000000282900005F
:101E9000526573706F6E7365204F4B202D20545523
:101EA000524E5F4F4E5F4558545F4C415345525F11
:101EB000434D440054696D656F7574205455524EFE
:101EC0005F4F4E5F4558545F4C415345525F434D01
:101ED000440000002A2B0000526573706F6E73651A
:101EE000204F4B202D205455524E5F4F46465F45A4
:101EF00058545F4C415345525F434D44000000002D
:101F000054696D656F7574205455524E5F4F464647
:101F10005F4558545F4C415345525F434D44000068
:101F20002C2D0000526573706F6E7365204F4B202F
:101F30002D205345545F4C415345525F494E545FE9
:101F4000434D440054696D656F7574205345545F6B
:101F50004C415345525F494E545F434D440000008D
:101F60002E2F0000526573706F6E7365204F4B20EB
:101F70002D205345545F4C415345525F4558545FA3
:101F8000434D440054696D656F7574205345545F2B
:101F90004C415345525F4558545F434D4400000047
:101FA00030310000526573706F6E7365204F4B20A7
:101FB0002D204745545F43555252454E545F434D83
:101FC0004400000054696D656F7574204745545F87
:101FD00043555252454E545F434D44003233000046
:101FE000526573706F6E7365204F4B202D204745EF
:101FF000545F4C4F475F434D4400000054696D658A
:102000006F7574204745545F4C4F475F434D440004
:1020100034350000526573706F6E7365204F4B202E
:102020002D20435553544F4D5F434F4D4D414E442A
:102030005F434D440000000054696D656F75742066
:10204000435553544F4D5F434F4D4D414E445F43B5
:102050004D44000036370000526573706F6E736533
:10206000204F4B202D20434C45414E5F50524F4650
:10207000494C455F434D440054696D656F7574204C
:10208000434C45414E5F50524F46494C455F434D8E
:102090004400000006070000526573706F6E7365A0
:1020A000204F4B202D205345545F5044415F5052E8
:1020B0004F46494C455F434D4400000054696D65EF
:1020C0006F7574205345545F5044415F50524F46E2
:1020D000494C455F434D4400526573706F6E7365A4
:1020E000204F4B202D2053544152545F53414D50AB
:1020F0004C455F4359434C455F434D44000000004D
:1021000054696D656F75742053544152545F534147
:102110004D504C455F4359434C455F434D4400008F
:10212000526573706F6E7365204F4B202D204745AD
:10213000545F4C415345525F43555252454E545F94
:10214000444154415F434D440000000054696D65B3
:102150006F7574204745545F4C415345525F43555A
:102160005252454E545F444154415F434D44000038
:1021700024250000526573706F6E7365204F4B20ED
:102180002D204745545F4C415345525F43555252B1
:10219000454E545F4352435F434D440054696D655F
:1021A0006F7574204745545F4C415345525F43550A
:1021B0005252454E545F4352435F434D440000002A
:1021C00026270000526573706F6E7365204F4B2099
:1021D0002D205345545F4558545F4C415345525F41
:1021E000494E54454E534954595F434D44000000F5
:1021F00054696D656F7574205345545F4558545F3D
:102200004C415345525F494E54454E534954595FD2
:10221000434D4400537563636573730053746F7269
:10222000616765206E6F7420696E697469616C699D
:102230007A656400496E76616C69642070617261D0
:102240006D65746572730000496E76616C69642017
:102250007363726970742073697A6500496E766180
:102260006C6964206D6167696320636F6465000059
:10227000435243206D69736D617463680000000010
:102280004652414D2072656164206572726F720022
:102290004652414D207772697465206572726F7283
:1022A0000000000042756666657220746F6F2073CF
:1022B0006D616C6C00000000536372697074206E75
:1022C0006F7420666F756E6400000000556E6B6E53
:1022D0006F776E206572726F720000005B5344531B
:1022E00063686564756C65725D20436F6E666967CF
:1022F000757265643A2052656C6561736520402093
:10230000253032753A253032753A2530327520281D
:10231000257573292C204C6F636B2D696E2040202E
:10232000253032753A253032753A253032752028FD
:1023300025757329000000005B5363726970744D4A
:10234000616E616765725D20537461727420746997
:102350006D65203D206E6F7720282575207365639D
:102360006F6E64732066726F6D2030303A30303A91
:10237000303029005B5363726970744D616E616720
:1023800065725D20496E76616C69642074696D6563
:1023900020666F726D61743A20253032753A2530AF
:1023A00032753A253032752C207573696E67206E50
:1023B0006F7700005B5363726970744D616E616783
:1023C00065725D2053746172742074696D65207349
:1023D000657420746F20253032753A253032753A95
:1023E0002530327520282575207365636F6E647300
:1023F0002066726F6D2030303A30303A303029002C
:102400005B5363726970744D616E616765725D20C4
:1024100047656E65726174696E67206E65787420B9
:102420006461792074696D6520706F696E747320C2
:102430007374617274696E67206174206461696C81
:10244000792074696D653A20257500005B536372CD
:102450006970744D616E616765725D20496E766169
:102460006C696420706172616D6574657273206659
:102470006F722074696D6520706F696E7420676576
:102480006E65726174696F6E000000005B53637269
:102490006970744D616E616765725D20496E766129
:1024A0006C69642073746172745F6461696C795FD4
:1024B00074696D653A20257520286D7573742062E6
:1024C0006520302D38363339392900005B5363726B
:1024D0006970744D616E616765725D2047656E65F8
:1024E000726174696E672074696D6520706F696EC2
:1024F00074733A0020202D2053746172742064613B
:10250000696C792074696D653A202575207365635F
:102510006F6E64730000000020202D20496E7465EA
:102520007276616C3A202575207365636F6E6473F3
:102530000000000020202D2043757272656E74200B
:102540006461696C792074696D653A202575207322
:1025500065636F6E647300005B5363726970744DE2
:10256000616E616765725D2043616E6E6F74206697
:102570006974206E65787420696E74657276616C1A
:1025800020282575202B202575203E202575292CF7
:102590002073746F7070696E6700000020202D201A
:1025A000506F696E742025753A20253032753A25B2
:1025B0003032753A2530327520286461696C795F54
:1025C00074696D657374616D703A2025752900001A
:1025D0005B5363726970744D616E616765725D20F3
:1025E00047656E6572617465642025752074696D38
:1025F0006520706F696E7473000000005B53637236
:102600006970744D616E616765725D204E657874A6
:102610002074696D6520706F696E7420696E6465E1
:10262000783A20257520286461696C795F74696D3A
:10263000657374616D703A20257529005B53637270
:102640006970744D616E616765725D20416C6C20CC
:1026500074696D6520706F696E7473206172652096
:10266000696E20746865207061737420666F7220D3
:10267000746F6461792C2077696C6C20737461725B
:10268000742066726F6D20666972737420706F6952
:102690006E7420746F6D6F72726F77005B5363722C
:1026A0006970744D616E616765725D2025733A20B3
:1026B00054696D6520706F696E742072656163681E
:1026C00065643A20253032753A253032753A253026
:1026D000327520286461696C795F74696D65737403
:1026E000616D703A2025752C20696E64657820250F
:1026F000752900005B5363726970744D616E616788
:1027000065725D2025733A20416C6C2074696D659B
:1027100020706F696E747320636F6D706C65746583
:102720006420666F7220746F6461792C2072657307
:10273000657474696E6720666F7220746F6D6F7256
:10274000726F77005B5363726970744D616E61677D
:1027500065725D2025732054696D6520506F696E28
:1027600074733A00594553004E4F000020202D202D
:10277000436F6E666967757265643A202573000061
:1027800020202D20496E74657276616C3A20257583
:10279000207365636F6E647320282575206D696EE4
:1027A000757465732900000020202D20546F74611A
:1027B0006C20706F696E74733A20257500000000FC
:1027C00020202D2043757272656E7420696E6465D9
:1027D000783A20257500000020202D204375727264
:1027E000656E742073797374656D2074696D653AD4
:1027F000203230253032642D253032642D253032A0
:102800006420253032643A253032643A253032640F
:1028100020286461696C793A202575290000000040
:1028200000000000203C2D2D204E45585400000093
:102830002028636F6D706C6574656429000000006A
:102840002028706173742064756529002020202081
:102850005B25755D20253032753A253032753A2575
:1028600030327520286461696C795F74696D6573B5
:1028700074616D703A2025752925730020202D2064
:102880004E6578742072756E20696E3A2025752029
:102890007365636F6E647320282575206D696E758E
:1028A00074657329202D20746F6461790000000025
:1028B00020202D204E6578742072756E20696E3A46
:1028C000202575207365636F6E647320282575203D
:1028D0006D696E7574657329202D20746F6D6F722C
:1028E000726F770020202D20416C6C20706F696E14
:1028F000747320636F6D706C6574656420666F72AD
:1029000020746F6461792C2077696C6C2072657318
:102910006574206174206D69646E69676874000075
:102920005B5363726970744D616E616765725D209F
:10293000494E49542073637269707420636F6D70DF
:102940006C657465642C20656E61626C696E6720CD
:10295000726F7574696E6573000000005B5363727B
:102960006970744D616E616765725D205363726951
:1029700070742074797065202564206661696C65C7
:1029800064206166746572206D617820726574726E
:10299000696573005B5363726970744D616E616742
:1029A00065725D205363726970742074797065205C
:1029B0002564207265747279696E6720737465701E
:1029C0002025642028617474656D70742025642F3F
:1029D000256429005B5363726970744D616E616791
:1029E00065725D204572726F723A204661696C654E
:1029F0006420746F206372656174652073796E63FF
:102A000068726F6E697A6174696F6E206F626A6551
:102A1000637473005B5363726970744D616E6167B8
:102A200065725D204572726F723A204661696C650D
:102A30006420746F20696E697469616C697A6520BD
:102A40007363726970742073746F726167650000DC
:102A50005B5363726970744D616E616765725D206E
:102A6000496E697469616C697A6564207375636322
:102A700065737366756C6C79000000005B5363725C
:102A80006970744D616E616765725D204661696C45
:102A9000656420746F20696E697469616C697A6518
:102AA0002053696D706C65204461746120547261BB
:102AB0006E736665720000005B5363726970744DDB
:102AC000616E616765725D2053696D706C6520444D
:102AD000617461205472616E7366657220696E69FB
:102AE0007469616C697A6564207375636365737377
:102AF00066756C6C790000005B5363726970744D8D
:102B0000616E616765725D204261636B67726F75AC
:102B10006E64206C6F67206665746368696E6720F9
:102B2000454E41424C4544005B5363726970744D9D
:102B3000616E616765725D204261636B67726F757C
:102B40006E64206C6F67206665746368696E6720C9
:102B500044495341424C4544000000005B536372BA
:102B60006970744D616E616765725D204572726F48
:102B7000723A20496E76616C696420706172616D91
:102B8000657465727320666F722073637269707406
:102B9000206C6F6164696E67000000005B536372B4
:102BA0006970744D616E616765725D204572726F08
:102BB000723A204661696C656420746F207061729E
:102BC0007365207363726970742074797065202551
:102BD000642C20726573756C743A202564000000C3
:102BE0005B5363726970744D616E616765725D20DD
:102BF0005375636365737366756C6C79206C6F6174
:102C000064656420736372697074207479706520E0
:102C10002564207769746820256420737465707357
:102C2000000000005B5363726970744D616E6167F0
:102C300065725D20536372697074207479706520C9
:102C4000256420736176656420746F204652414D7F
:102C5000207375636365737366756C6C790000002F
:102C60005B5363726970744D616E616765725D205C
:102C70005761726E696E673A204661696C656420BF
:102C8000746F207361766520736372697074207449
:102C900079706520256420746F204652414D2028AC
:102CA000726573756C743A20256429005B536372F6
:102CB0006970744D616E616765725D204572726FF7
:102CC000723A20494E495420736372697074206EC1
:102CD0006F74206C6F616465640000005B53637205
:102CE0006970744D616E616765725D2053746172C5
:102CF00074656420657865637574696F6E000000A3
:102D00005B5363726970744D616E616765725D20BB
:102D100053746F7070656420657865637574696F4E
:102D20006E0000005B5363726970744D616E616781
:102D300065725D20436865636B696E6720666F72BC
:102D4000206175746F2D6C6F616420636F6E6469B0
:102D500074696F6E732E2E2E000000005B53637239
:102D60006970744D616E616765725D204E6F20738E
:102D700063726970747320666F756E6420696E206B
:102D80004652414D2C2077616974696E6720666FE9
:102D900072207573657220696E7075742E2E2E0008
:102DA0005B5363726970744D616E616765725D201B
:102DB0005363726970747320666F756E6420696EF8
:102DC000204652414D2C207374617274696E6720E5
:102DD0006175746F2D6C6F61642073657175656EBC
:102DE00063652E2E2E0000005B5363726970744D74
:102DF000616E616765725D20416C6C2073637269FE
:102E0000707473206175746F2D6C6F6164656420DC
:102E10007375636365737366756C6C79000000008D
:102E20005B5363726970744D616E616765725D209A
:102E30005061727469616C206175746F2D6C6F6183
:102E40006420636F6D706C65746564202825642F41
:102E50002564207363726970747329005B53637215
:102E60006970744D616E616765725D204175746F44
:102E70002D6C6F6164206661696C65642C207265DD
:102E80007175657374696E672073637269707473AA
:102E90002066726F6D206D617374657200000000B2
:102EA0005B5363726970744D616E616765725D201A
:102EB00052657175657374696E67207363726970AA
:102EC00074732066726F6D206D61737465722E2E3F
:102ED0002E000000494E495400000000444C5300AD
:102EE00043414D005B5363726970744D616E61675D
:102EF00065725D2052657175657374696E67202512
:102F000073207363726970742066726F6D206D61D7
:102F100073746572000000005B5363726970744DD6
:102F2000616E616765725D204D616E75616C2046F2
:102F300052414D206C6F61642072657175657374C8
:102F4000656400005B5363726970744D616E616704
:102F500065725D2045726173696E6720616C6C20DB
:102F6000736372697074732066726F6D204652418C
:102F70004D2E2E2E000000005B5363726970744D5D
:102F8000616E616765725D204661696C656420747D
:102F90006F20657261736520257320736372697099
:102FA000743A2025730000005B5363726970744D9E
:102FB000616E616765725D20416C6C20736372693C
:102FC000707473206572617365642066726F6D2022
:102FD0004652414D207375636365737366756C6CFF
:102FE000790000005B5363726970744D616E6167B4
:102FF00065725D205761726E696E673A20556E6B1F
:103000006E6F776E206672616D652049443A20309C
:1030100078253032580000005B5363726970744D3C
:10302000616E616765725D2052656365697665648E
:1030300020494E4954206672616D652C2073697A6F
:10304000653A2025750000005B5363726970744D0A
:10305000616E616765725D20494E495420736372E9
:10306000697074206C6F6164656420737563636557
:10307000737366756C6C79005B5363726970744D21
:10308000616E616765725D2052656365697665642E
:1030900020444C53206672616D652C2073697A65FB
:1030A0003A202575000000005B5363726970744D0F
:1030B000616E616765725D20444C53207363726971
:1030C0007074206C6F6164656420737563636573ED
:1030D0007366756C6C7900005B5363726970744D34
:1030E000616E616765725D205265636569766564CE
:1030F0002043414D206672616D652C2073697A65AD
:103100003A202575000000005B5363726970744DAE
:10311000616E616765725D2043414D207363726922
:103120007074206C6F61646564207375636365738C
:103130007366756C6C7900005B5363726970744DD3
:10314000616E616765725D2052656365697665646D
:103150002048414C54206672616D65005B53637278
:103160006970744D616E616765725D2052544320D1
:1031700073657420746F20253032643A25303264D0
:103180003A253032642C20253032642F25303264C9
:103190002F323025303264005B5363726970744D96
:1031A000616E616765725D2052656365697665640D
:1031B0002052554E206672616D6500005B5363724C
:1031C0006970744D616E616765725D2053656E74E0
:1031D000205254433A20253032643A253032643A42
:1031E000253032642C20253032642F253032642F74
:1031F00032302530326420746F20434D340000009B
:103200005B5363726970744D616E616765725D20B6
:103210005265636569766564205550444154455F45
:103220004F4243206672616D650000005B5363721C
:103230006970744D616E616765725D20526563658A
:1032400069766564205550444154455F4558502087
:103250006672616D650000005B5363726970744D46
:10326000616E616765725D20547269676765726936
:103270006E6720444C5320726F7574696E65000050
:103280005B5363726970744D616E616765725D2036
:1032900054726967676572696E672043414D207299
:1032A0006F7574696E6500005B5363726970744476
:1032B0004C535D205374617274696E6720444C53A3
:1032C00020726F7574696E652065786563757469C1
:1032D0006F6E00005B536372697074444C535D20E1
:1032E0004D617820726574726965732072656163DF
:1032F00068656420666F7220737465702025642091
:10330000E2809420736B697070696E6720746869DD
:10331000732072756E0000005B53637269707444B1
:103320004C535D205265747279696E6720737465C1
:10333000702025642028617474656D707420256484
:103340002F256429000000005B5363726970744488
:103350004C535D20526F7574696E6520636F6D709C
:103360006C65746564207375636365737366756CEF
:103370006C792028746F74616C2072756E733A20BA
:10338000257529005B53637269707443414D5D205C
:103390005374617274696E672043414D20726F757A
:1033A00074696E6520657865637574696F6E000079
:1033B0005B53637269707443414D5D204D617820A9
:1033C00072657472696573207265616368656420F3
:1033D000666F72207374657020256420E2809420EB
:1033E000736B697070696E67207468697320727599
:1033F0006E0000005B53637269707443414D5D2041
:103400005265747279696E672073746570202564E3
:103410002028617474656D70742025642F256429DB
:10342000000000005B53637269707443414D5D207E
:10343000526F7574696E6520636F6D706C6574652D
:1034400064207375636365737366756C6C7920288B
:10345000746F74616C2072756E733A202575290043
:103460005B4C6F674665746368696E675D204C6F7F
:103470006720726574656E74696F6E20706572691D
:103480006F642065786365656465642E205065729D
:10349000666F726D696E6720636C65616E75702E04
:1034A0002E2E00005B4C6F674665746368696E671B
:1034B0005D20436C65616E757020636F6D706C6527
:1034C000746564207375636365737366756C6C797A
:1034D000000000005B4C6F674665746368696E6747
:1034E0005D20436C65616E7570206661696C656412
:1034F0002C20636F6E74696E75696E6720776974CE
:10350000682063757272656E742066696C657300FD
:103510005B4C6F674665746368696E675D204461E4
:10352000746520747261636B696E672066696C658F
:103530002063726561746564000000005B4C6F6716
:103540004665746368696E675D204661696C656491
:1035500020746F20637265617465206461746520F6
:1035600066696C65000000005B4C6F6746657463BC
:1035700068696E675D20537461626C6520455850C0
:103580002074726967676572206465746563746529
:10359000642E20496E6974696174696E6720737066
:1035A000656369616C207472616E736665722E006A
:1035B0006578705F6C6F675F32302530326425301C
:1035C0003264253032645F25303264253032642520
:1035D000303264005B4C6F674665746368696E6780
:1035E0005D204E6F20737461626C652045585020D9
:1035F000747269676765722C2070726F636573738C
:10360000696E67206275666665726564206C6F67B7
:10361000732E2E2E000000005B53445363686564D4
:10362000756C65725D2053442052656C65617365ED
:10363000000000005B53445363686564756C6572F9
:103640005D205344204C6F636B2D696E00000000B9
:103650005B53445363686564756C65725D205B4CB5
:10366000696E6B204641544653204661696C5D008B
:103670005B53445363686564756C65725D205B4C95
:10368000696E6B20464154465320537563636573DE
:103690007366756C6C795D005B5363726970744915
:1036A0006E69745D20457865637574696E67207313
:1036B0007465702025753A20616374696F6E5F6967
:1036C00064203D2030782530325800005B5363720F
:1036D000697074496E69745D202D3E434C454152BA
:1036E0005F50524F46494C45000000005B536372E7
:1036F000697074496E69745D202D3E5345545F5363
:10370000595354454D3A2053797374656D20737441
:10371000617274206461696C792074696D65203D03
:10372000202575207365636F6E6473005B5363724D
:10373000697074496E69745D202D3E5345545F5322
:10374000595354454D3A2052656C65617365205458
:10375000696D65203D20253032753A253032753A45
:10376000253032752028696E666F206F6E6C79295E
:10377000000000005B536372697074496E69745D88
:10378000202D3E5345545F53595354454D3A204CD8
:103790006F636B2D696E2054696D65203D20253067
:1037A00032753A253032753A253032752028696EE7
:1037B000666F206F6E6C7929000000005B536372A6
:1037C000697074496E69745D202D3E5345545F5392
:1037D000595354454D3A20444C5320496E746572F8
:1037E00076616C203D202575207365636F6E647370
:1037F000000000005B536372697074496E69745D08
:10380000202D3E5345545F53595354454D3A204360
:10381000414D20496E74657276616C203D2025759E
:10382000207365636F6E6473000000005B53637206
:10383000697074496E69745D202D3E5345545F5321
:10384000595354454D3A20444C532074696D6520BA
:10385000706F696E74732067656E657261746564FC
:10386000207375636365737366756C6C7900000013
:103870005B536372697074496E69745D202D3E53A9
:1038800045545F53595354454D3A204661696C6520
:103890006420746F2067656E657261746520444CA6
:1038A000532074696D6520706F696E747300000039
:1038B0005B536372697074496E69745D202D3E5369
:1038C00045545F53595354454D3A2043414D20745C
:1038D000696D6520706F696E74732067656E6572BF
:1038E00061746564207375636365737366756C6C6E
:1038F000790000005B536372697074496E69745D8E
:10390000202D3E5345545F53595354454D3A20465C
:1039100061696C656420746F2067656E657261749F
:10392000652043414D2074696D6520706F696E7428
:10393000730000005B536372697074496E69745D53
:10394000202D3E5345545F5254433A20536F7572B5
:10395000636520747970653A202575202D204F42CB
:10396000432D5254430000005B53637269707449E5
:103970006E69745D202D3E5345545F5254433A2086
:10398000536F7572636520747970653A20257520D0
:103990002D204E616E6F64652D4E54500000000066
:1039A0005B536372697074496E69745D202D3E5378
:1039B00045545F5254433A20556E6B6E6F776E20BC
:1039C000736F757263652074797065202D2025757D
:1039D000000000005B536372697074496E69745D26
:1039E000202D3E5345545F5254433A205365742072
:1039F000525443202D20736F757263653D25752CDD
:103A000020696E74657276616C3D2575000000005A
:103A10005B536372697074496E69745D202D3E5307
:103A200045545F4E54435F434F4E54524F4C3A20DF
:103A30004661696C656420746F20706172736520E3
:103A4000656E61626C655F696E6465785F2575009F
:103A50005B536372697074496E69745D202D3E53C7
:103A600045545F4E54435F434F4E54524F4C3A209F
:103A7000496E76616C69642076616C75652061744D
:103A800020656E61626C655F696E6465785F25753F
:103A90003A20257520286D757374206265203020CA
:103AA0006F72203129000000454E41424C454400D0
:103AB00044495341424C4544000000005B5363724B
:103AC000697074496E69745D202D3E5345545F4E94
:103AD00054435F434F4E54524F4C3A204E54435B35
:103AE00025755D20257300005B536372697074490E
:103AF0006E69745D205345545F4E54435F434F4E8F
:103B000054524F4C2072656365697665643A20258E
:103B100075206279746573005B53637269707449D0
:103B20006E69745D204661696C656420746F205312
:103B300045545F4E54435F434F4E54524F4C000028
:103B40005B536372697074496E69745D202D3E53D6
:103B500045545F54454D505F50524F46494C453A8D
:103B6000205461726765743D25752C204D696E3D4A
:103B700025752C204D61783D257500005B536372DF
:103B8000697074496E69745D205072696D617279F3
:103B9000204E54433D25752C205365636F6E646140
:103BA0007279204E54433D25750000005B536372CB
:103BB000697074496E69745D20544543206D61736A
:103BC0006B3D3078253032582C2048656174657221
:103BD000206D61736B3D3078253032580000000055
:103BE0005B536372697074496E69745D2054454318
:103BF00020766F6C746167653D2575206D562C20AD
:103C000048656174657220647574793D2575252554
:103C10002C204175746F2D7265636F7665723D253A
:103C2000750000005B536372697074496E69745D5E
:103C3000205345545F54454D505F50524F46494CB8
:103C4000452072656365697665643A202575206252
:103C500079746573000000005B5363726970744986
:103C60006E69745D204661696C656420746F2053D1
:103C700045545F54454D505F50524F46494C4500A6
:103C80005B536372697074496E69745D2052657329
:103C9000706F6E7365205345545F54454D505F50AF
:103CA000524F46494C45206E6F74204F4B2C20726A
:103CB00065747279210000005B5363726970744906
:103CC0006E69745D202D3E53544152545F54454DEE
:103CD000505F50524F46494C450000005B536372A1
:103CE000697074496E69745D2053544152545F5435
:103CF000454D505F50524F46494C452072656365B3
:103D0000697665643A2025752062797465730000D0
:103D10005B536372697074496E69745D20466169B2
:103D20006C656420746F2053544152545F54454D68
:103D3000505F50524F46494C450000005B53637240
:103D4000697074496E69745D202D3E5345545F4F10
:103D5000564552524944455F5445435F50524F4681
:103D6000494C453A20696E74657276616C3D2575E3
:103D7000207365632C20696E6465783D25752C2061
:103D8000766F6C746167653D2575206D5600000087
:103D90005B536372697074496E69745D2053455456
:103DA0005F4F564552524944455F5445435F505218
:103DB0004F46494C452072656365697665643A20D3
:103DC0002575206279746573000000005B5363728F
:103DD000697074496E69745D204661696C65642020
:103DE000746F205345545F4F564552524944455FC6
:103DF0005445435F50524F46494C45005B536372F4
:103E0000697074496E69745D20526573706F6E736A
:103E100065205345545F4F564552524944455F54BF
:103E200045435F50524F46494C455F434D44206ED9
:103E30006F74204F4B2C2072657472792100000042
:103E40005B536372697074496E69745D202D3E53D3
:103E5000544152545F4F564552524944455F544570
:103E6000435F50524F46494C450000005B5363721C
:103E7000697074496E69745D2053544152545F4FA8
:103E8000564552524944455F5445435F50524F4650
:103E9000494C452072656365697665643A202575ED
:103EA00020627974657300005B53637269707449B2
:103EB0006E69745D204661696C656420746F20537F
:103EC000544152545F4F564552524944455F544500
:103ED000435F50524F46494C450000005B536372AC
:103EE000697074496E69745D202D3E5345545F506E
:103EF00044415F50524F46494C453A2052617465E7
:103F00003D257520487A2C205072654C617365728E
:103F10003D25752075732C20496E53616D706C655D
:103F20003D25752075732C20506F73744C6173653B
:103F3000723D2575207573005B5363726970744917
:103F40006E69745D205345545F5044415F50524F39
:103F500046494C452072656365697665643A20255B
:103F600075206279746573005B536372697074497C
:103F70006E69745D204661696C656420746F2053BE
:103F800045545F5044415F50524F46494C450000F4
:103F90005B536372697074496E69745D2052657316
:103FA000706F6E7365205345545F5044415F5052AB
:103FB0004F46494C455F434D44206E6F74204F4B34
:103FC0002C2072657472792100000000556E6B6EB2
:103FD0006F776E004C6F770048616C6600000000E0
:103FE00046756C6C000000005B5363726970744925
:103FF0006E69745D202D3E5345545F43414D4552DB
:10400000415F50524F46494C453A205265733D2519
:10401000732C20436F6D70726573733D25752C2072
:104020004578706F737572653D25752C2047616901
:104030006E3D2575000000005B5363726970744922
:104040006E69745D20556E6B6E6F776E2061637460
:10405000696F6E3A20307825303258005B536372B6
:10406000697074444C535D20457865637574696E5E
:104070006720737465702025753A20616374696FD9
:104080006E5F6964203D2030782530325800000092
:104090005B536372697074444C535D202D3E5345ED
:1040A000545F444C535F494E54455256414C3A205C
:1040B0005265616368656420737465702077697404
:1040C0006820696E74657276616C20257520736551
:1040D000636F6E647320287573696E672074696DF1
:1040E0006520706F696E747320696E7374656164A6
:1040F000290000005B536372697074444C535D2067
:104100004E6F772C204F4243207368616C6C207394
:1041100065742045585020576F726B696E67205246
:10412000544300005B536372697074444C535D20C8
:104130005345545F574F524B494E475F52544320AB
:1041400072656365697665643A20257520627974C5
:10415000657300005B536372697074444C535D2057
:104160004661696C656420746F205345545F574FF6
:10417000524B494E475F5254430000005B536372F9
:10418000697074444C535D202D3E5345545F4C413F
:104190005345525F494E54454E534954593A205362
:1041A0006574206C6173657220696E74656E7369E5
:1041B00074792025750000005B5363726970744444
:1041C0004C535D205345545F4C415345525F494E1B
:1041D00054454E5349545920726563656976656448
:1041E0003A20257520627974657300005B53637211
:1041F000697074444C535D204661696C6564207439
:104200006F205345545F4C415345525F494E5445CE
:104210004E534954590000005B53637269707444F3
:104220004C535D20526573706F6E73652053455417
:104230005F4C415345525F494E54454E5349545982
:10424000206E6F74204F4B2C2072657472792100A0
:104250005B536372697074444C535D202D3E53452B
:10426000545F504F534954494F4E3A205365742080
:10427000706F736974696F6E3A20257500000000D5
:104280005B536372697074444C535D205345545FB3
:10429000504F534954494F4E2072656365697665A6
:1042A000643A202575206279746573005B536372EC
:1042B000697074444C535D204661696C6564207478
:1042C0006F205345545F504F534954494F4E00009F
:1042D0005B536372697074444C535D205265737014
:1042E0006F6E7365205345545F504F534954494F87
:1042F0004E206E6F74204F4B2C20726574727921A2
:10430000000000005B536372697074444C535D207D
:104310002D3E53544152545F53414D504C494E47EA
:104320005F4359434C453A20537461727420736162
:104330006D706C65206379636C6500005B5363721C
:10434000697074444C535D2054696D656F75743A9F
:10435000204D494E42555359206973206E6F742089
:104360004C4F5720696E203130306D73206F7220B2
:104370004849474820746F206C6F6E6720256C7524
:10438000206D73005B536372697074444C535D20FD
:104390004D494E42555359204C4F57203130306DC6
:1043A000732C206E65787420737465702E00000085
:1043B0005B536372697074444C535D202D3E4745D6
:1043C000545F53414D504C453A204765742073610A
:1043D0006D706C65000000005B536372697074441B
:1043E0004C535D204745545F494E464F5F53414D06
:1043F000504C452072656365697665643A20257581
:1044000020627974657300005B5363726970744451
:104410004C535D204661696C656420746F2047458C
:10442000545F494E464F5F53414D504C450000008C
:104430005B536372697074444C535D2057726F6EA6
:104440006720746F74616C206368756E6B3A202509
:104450007520283E20323536290000005B536372F8
:10446000697074444C535D20476F7420746F74619D
:104470006C206368756E6B3A20257520283E2032CB
:1044800035362900646C735F64617461000000005C
:1044900025735F3230253032642530326425303266
:1044A000645F253032642530326425303264000088
:1044B0005B536372697074444C535D202D3E4745D5
:1044C000545F53414D504C453A204368756E6B73B1
:1044D0003D25752C20426173653D25730000000069
:1044E0005B536372697074444C535D202D3E4745A5
:1044F000545F53414D504C453A20446174612061F2
:1045000063717569736974696F6E20636F6D706C28
:1045100065746564207375636365737366756C6C2D
:10452000790000005B536372697074444C535D20E2
:104530002D3E4745545F53414D504C453A20446110
:104540007461206163717569736974696F6E206647
:1045500061696C65643A2025730000005B536372E7
:10456000697074444C535D202D3E4745545F534160
:104570004D504C453A2046696E69736820636F6CF4
:104580006C656374204368756E6B00005B536372E7
:10459000697074444C535D20556E6B6E6F776E205E
:1045A000616374696F6E3A203078253032580000AC
:1045B0005B53637269707443414D5D204578656358
:1045C0007574696E6720737465702025753A206173
:1045D0006374696F6E5F6964203D203078253032E6
:1045E000580000005B53637269707443414D5D2055
:1045F0002D3E5345545F43414D4552415F494E5412
:10460000455256414C3A2052656163686564207397
:10461000746570207769746820696E74657276615C
:104620006C202575207365636F6E64732028757325
:10463000696E672074696D6520706F696E74732090
:10464000696E737465616429000000005B536372D6
:1046500069707443414D5D202D3E5345545F45586C
:10466000545F4C415345525F494E54454E53495453
:10467000593A204578742D6C6173657220696E74A7
:10468000656E736974793A20257500005B53637217
:10469000697074444C535D205345545F4558545FD2
:1046A0004C415345525F494E54454E53495459204D
:1046B00072656365697665643A2025752062797450
:1046C000657300005B536372697074444C535D20E2
:1046D0004661696C656420746F205345545F45588A
:1046E000545F4C415345525F494E54454E534954D3
:1046F000590000005B536372697074444C535D2031
:10470000526573706F6E7365205345545F455854FE
:104710005F4C415345525F494E54454E534954599D
:10472000206E6F74204F4B2C2072657472792100BB
:104730005B53637269707443414D5D202D3E545547
:10474000524E5F4F4E5F4558545F4C415345523A6D
:10475000205475726E206F6E206578742D6C6173B5
:1047600065722025750000005B53637269707444A4
:104770004C535D205455524E5F4F4E5F4558545F29
:104780004C415345525F434D4420726563656976E1
:1047900065643A2025752062797465730000000015
:1047A0005B536372697074444C535D204661696C5D
:1047B000656420746F205455524E5F4F4E5F4558CC
:1047C000545F4C415345525F434D44005B53637209
:1047D000697074444C535D20526573706F6E7365DD
:1047E000205455524E5F4F4E5F4558545F4C4153D5
:1047F00045525F434D44206E6F74204F4B2C207206
:1048000065747279210000005B53637269707443B0
:10481000414D5D202D3E5345545F43414D4552412E
:104820005F504F534954494F4E3A205365742043CB
:1048300049532D4944202575000000005B536372E5
:1048400069707443414D5D204D61737465722073CE
:1048500065742063616D65726120706F736974693E
:104860006F6E206661696C65640000005B53637263
:1048700069707443414D5D202D3E54414B455F4965
:104880004D473A2054616B6520696D6167652077FB
:104890006974682074696D656F7574005B53637229
:1048A00069707443414D5D204D617374657220746D
:1048B000616B6520696D616765206661696C65641F
:1048C000000000005B53637269707443414D5D20CA
:1048D0002D3E44454C41593A2044656C617920662F
:1048E0006F722063616D657261202575206D7300A4
:1048F0005B53637269707443414D5D202D3E4445A6
:104900004C41593A2044656C61792073746172742A
:10491000210000005B53637269707443414D5D2058
:104920002D3E44454C41593A2044656C61792065DF
:104930006E6421005B53637269707443414D5D2066
:104940002D3E5455524E5F4F46465F4558545F4C7E
:10495000415345523A205475726E20616C6C20654B
:1049600078742D6C61736572206F666600000000BC
:104970005B536372697074444C535D205455524EBE
:104980005F4F46465F4558545F4C415345525F4325
:104990004D442072656365697665643A202575200B
:1049A00062797465730000005B53637269707444CC
:1049B0004C535D204661696C656420746F205455CA
:1049C000524E5F4F46465F4558545F4C41534552E7
:1049D0005F434D44000000005B5363726970744391
:1049E000414D5D20556E6B6E6F776E20616374690B
:1049F0006F6E3A2030782530325800005B53637276
:104A00006970744D616E616765725D203D3D3D204A
:104A1000535441545553205245504F5254203D3D1C
:104A20003D0000005B5363726970744D616E616795
:104A300065725D2043757272656E74205254433AFC
:104A4000203230253032642D253032642D2530322D
:104A50006420253032643A253032643A253032649D
:104A6000000000005B5363726970744D616E616792
:104A700065725D2053797374656D2074696D653A54
:104A8000202575207365636F6E6473005B536372DA
:104A90006970744D616E616765725D204D616E6114
:104AA0006765722072756E6E696E673A20257300B5
:104AB0005B5363726970744D616E616765725D20EE
:104AC000496E697420636F6D706C657465643A201B
:104AD000257300005B5363726970744D616E61678A
:104AE00065725D204C6F67204665746368696E6708
:104AF0003A202573000000005B5363726970744DA7
:104B0000616E616765725D2053797374656D2073A2
:104B100074617274206461696C792074696D653A9E
:104B2000202575207365636F6E6473005B53637239
:104B30006970744D616E616765725D203D3D3D2019
:104B40005344204C4F434B2F52454C454153452035
:104B5000535441545553203D3D3D000020202D200D
:104B6000436F6E666967757265643A2059455300F4
:104B700020202D2052656C656173652074696D6518
:104B80003A20253032753A253032753A2530327563
:104B9000202825752073290020202D204C6F636B61
:104BA0002D696E2074696D653A20253032753A257D
:104BB0003032753A2530327520282575207329004A
:104BC00020202D2052656C656173656420746F64CC
:104BD00061793A202573000020202D204C6F636BF3
:104BE00065642D696E20746F6461793A20257300C5
:104BF00020202D20436F6E666967757265643A20C8
:104C00004E4F00005B5363726970744D616E616753
:104C100065725D202573205363726970743A0000D9
:104C200020202D204C6F6164656420696E20524104
:104C30004D3A20257300000020202D20457869730F
:104C4000747320696E204652414D3A20257300004E
:104C500020202D2053746174653A202573000000D4
:104C600020202D2043757272656E742073746570F8
:104C70003A2025640000000020202D205265747227
:104C80007920636F756E743A2025642F25640000C7
:104C900020202D2054696D6520706F696E7473201B
:104CA000636F6E666967757265643A2025730000EC
:104CB00020202D2043757272656E7420706F696EAE
:104CC000743A20257500000020202D204E65787450
:104CD0002072756E3A2025752028696E2025752072
:104CE0007365636F6E647329000000005B53637229
:104CF0006970744D616E616765725D205374617493
:104D00006973746963733A0020202D20444C53204A
:104D100072756E733A2025750000000020202D204A
:104D200043414D2072756E733A20257500000000D6
:104D300020202D20546F74616C206572726F727325
:104D40003A202575000000005B5363726970744D52
:104D5000616E616765725D203D3D3D204652414D6B
:104D60002053544F524147452053544154555320EA
:104D70003D3D3D005B5363726970744D616E6167C8
:104D800065725D203D3D3D20444C532054494D45C6
:104D900020504F494E5453203D3D3D005B536372BC
:104DA0006970744D616E616765725D203D3D3D20A7
:104DB00043414D2054494D4520504F494E545320B6
:104DC0003D3D3D005B5363726970744D616E616778
:104DD00065725D203D3D3D20454E44205354415475
:104DE0005553203D3D3D000049444C450000000026
:104DF00052554E4E494E470057414954494E47007F
:104E0000434F4D504C455445440000004552524FCD
:104E1000520000004641494C45445F4D41585F52A5
:104E20004554524945530000E84D0308F04D03082E
:104E3000F84D0308004E03080C4E0308144E0308F7
:104E4000D42E0308DC2E0308E02E03085B53696DA3
:104E5000706C65446174615472616E736665725DF5
:104E600020496E697469616C697A65642073756341
:104E70006365737366756C6C790000005B53696DD4
:104E8000706C65446174615472616E736665725DC5
:104E9000205374617274696E672025732074726187
:104EA0006E73666572202D206368756E6B202575A4
:104EB000000000005B53696D706C6544617461545F
:104EC00072616E736665725D205472616E736665A1
:104ED0007220636F6D706C657465642073756363B5
:104EE00065737366756C6C79000000005B53696DC7
:104EF000706C65446174615472616E736665725D55
:104F0000205472616E73666572206661696C6564B7
:104F10003A202573000000005B53696D706C654496
:104F20006174615472616E736665725D2053746161
:104F30007274696E67202573207472616E73666582
:104F400072202D202575206368756E6B730000003C
:104F50005B53696D706C65446174615472616E730A
:104F60006665725D204661696C65642061742063CA
:104F700068756E6B2025752F25753A202573000006
:104F80005B53696D706C65446174615472616E73DA
:104F90006665725D204368756E6B2025752F2575DB
:104FA00020636F6D706C6574656400005B53696DA0
:104FB000706C65446174615472616E736665725D94
:104FC00020416C6C202575206368756E6B732074AE
:104FD00072616E7366657272656420737563636572
:104FE000737366756C6C79005B53696D706C6544A6
:104FF0006174615472616E736665725D205374658D
:105000007020303A2054727920746F2073656E647A
:10501000696E6720636F6D6D616E642025752E2E3D
:105020002E0000005B53696D706C654461746154BF
:1050300072616E736665725D204661696C6564209D
:10504000746F2053656E64206765742D6368756E98
:105050006B2066726F6D20736C617665202575001C
:105060005B53696D706C65446174615472616E73F9
:105070006665725D204661696C656420746F2053BB
:10508000656E64206765742D63757272656E742039
:1050900066726F6D20736C61766500005B53696D9D
:1050A000706C65446174615472616E736665725DA3
:1050B000204661696C656420746F2053656E6420BE
:1050C0006765742D6C6F672066726F6D20736C61FD
:1050D000766500005B53696D706C65446174615462
:1050E00072616E736665725D205374657020313A2B
:1050F0002057616974696E6720666F72204461741D
:10510000612072656164792E2E2E00005B53696DFB
:10511000706C65446174615472616E736665725D32
:10512000204441544152454144592074696D656F92
:10513000757400005B53696D706C654461746154F3
:1051400072616E736665725D205374657020323AC9
:105150002052656164696E672025752062797465E7
:10516000732066726F6D20736C61766520286174A0
:1051700074656D7074202575292E2E2E0000000098
:105180005B53696D706C65446174615472616E73D8
:105190006665725D205350492072656164206661C6
:1051A000696C6564000000005B53696D706C654458
:1051B0006174615472616E736665725D20537465CB
:1051C0007020322E353A205369676E616C696E67C4
:1051D0002052454144444F4E4520616E6420776122
:1051E0006974696E6720666F72204441544152456C
:1051F000414459206C6F772E2E2E00005B53696D51
:10520000706C65446174615472616E736665725D41
:105210002054696D656F75742077616974696E6774
:1052200020666F72204441544152454144592074D4
:105230006F20676F206C6F772061667465722052F3
:10524000454144444F4E45005B53696D706C654465
:105250006174615472616E736665725D2048616E3F
:10526000647368616B6520636F6D706C6574652E27
:1052700020444154415245414459206973206C6F88
:10528000772E00005B53696D706C654461746154E6
:1052900072616E736665725D205374657020333A77
:1052A00020566572696679696E67204352432E2ED7
:1052B0002E0000005B53696D706C6544617461542D
:1052C00072616E736665725D204661696C6564200B
:1052D000746F20676574204352432066726F6D209F
:1052E000736C6176650000005B53696D706C65449A
:1052F0006174615472616E736665725D20496E7689
:10530000616C69642043524320726573706F6E73E1
:1053100065206C656E677468000000005B53696D02
:10532000706C65446174615472616E736665725D20
:1053300020435243206D69736D61746368202D2092
:1053400045787065637465643A2030782530345848
:105350002C2043616C63756C617465643A2030780D
:1053600025303458000000005B53696D706C654453
:105370006174615472616E736665725D205265740A
:105380007279696E672043524320636865636B20BE
:105390002825752F2575292E2E2E00005B53696D4B
:1053A000706C65446174615472616E736665725DA0
:1053B000204D617820435243207265747269657391
:1053C0002065786365656465640000005B53696D02
:1053D000706C65446174615472616E736665725D70
:1053E000204352432076657269666965643A2030CD
:1053F00078253034580000005B53696D706C65444B
:105400006174615472616E736665725D2046696C89
:105410006573797374656D20627573792C2072657C
:10542000747279696E672E2E2E00000046696C65D5
:1054300073797374656D206275737900577269743E
:1054400065206572726F72005B53696D706C6544A4
:105450006174615472616E736665725D2046696C39
:10546000652073617665206661696C65643A202504
:10547000730000005B53696D706C65446174615426
:1054800072616E736665725D205374657020353A83
:105490002053656E64696E67206461746120746F67
:1054A000206D61737465722E2E2E00005B53696D42
:1054B000706C65446174615472616E736665725D8F
:1054C0002053504920736C61766520736574757044
:1054D000206661696C6564005B53696D706C65443E
:1054E0006174615472616E736665725D2053746598
:1054F0007020363A2054726967676572696E67205A
:105500006D61737465722E2E2E0000005B53696D01
:10551000706C65446174615472616E736665725D2E
:10552000204D6173746572207472696767657220BB
:105530006661696C656400005B53696D706C6544FD
:105540006174615472616E736665725D2053746537
:105550007020373A2057616974696E6720666F72F0
:10556000206D61737465722061636B6E6F776C651B
:1055700064676D656E742E2E2E0000005B53696D9E
:10558000706C65446174615472616E736665725DBE
:10559000204D61737465722061636B6E6F776C650B
:1055A00064676D656E742074696D656F7574000055
:1055B0005B53696D706C65446174615472616E73A4
:1055C0006665725D204D6173746572204E41434B78
:1055D0002072656365697665642C207265747279E2
:1055E000696E67202825752F257529005B53696D25
:1055F000706C65446174615472616E736665725D4E
:10560000204D6178206D61737465722072657472CB
:1056100069657320657863656564656400000000F2
:105620005B53696D706C65446174615472616E7333
:105630006665725D204572726F723A204C6F67200A
:105640006461746120706F696E7465722069732083
:105650006E756C6C2E0000005B53696D706C654458
:105660006174615472616E736665725D2053617618
:10567000696E67206C6F6720746F2025732E2E2E45
:10568000000000005B53696D706C65446174615487
:1056900072616E736665725D205472616E736665C9
:1056A0007220636F6D706C657465642073756363DD
:1056B00065737366756C6C7920666F722025730054
:1056C0005B53696D706C65446174615472616E7393
:1056D0006665725D204D6178206D6173746572201E
:1056E0007265747269657320657863656564656465
:1056F00020666F7220257300000000002E64617424
:105700000000000025735F6368756E6B2575257357
:10571000000000002E63646174000000257325738F
:10572000000000002E6C6F670000000053554343DB
:10573000455353004D494E425553595F54494D45C9
:105740004F5554005350495F524541445F464149CB
:105750004C4544004352435F4D49534D41544348E7
:105760000000000046494C455F534156455F4641A5
:10577000494C4544000000004D41535445525F548C
:105780005249474745525F4641494C454400000055
:105790004D41535445525F41434B5F54494D454F32
:1057A00055540000494E56414C49445F50415241C6
:1057B0004D530000554E4B4E4F574E5F4552524F82
:1057C000520000004348554E4B00000043555252D2
:1057D000454E54004C4F4700554E4B4E4F574E00D0
:1057E0003D3D3D2053494D504C45204441544120BE
:1057F0005452414E534645522053544154495354F8
:10580000494353203D3D3D005375636365737366A3
:10581000756C205472616E73666572733A202575DB
:10582000000000004661696C6564205472616E730B
:10583000666572733A2025750000000043524320CC
:105840004572726F72733A20257500005B53696D63
:10585000706C65446174615472616E736665725DEB
:10586000205265636569766564206D617374657245
:105870002041434B000000005B53696D706C654430
:105880006174615472616E736665725D2052656306
:105890006569766564206D6173746572204E41435D
:1058A0004B202D20435243206572726F720000001E
:1058B0005B53696D706C65446174615472616E73A1
:1058C0006665725D20556E6B6E6F776E206D6173CD
:1058D00074657220726573706F6E73653A203078EC
:1058E00025303258000000005B494E464F5D2020B5
:1058F000000000005B44454255475D200000000069
:105900005B4E4F544943455D000000005B574152D8
:105910004E5D2020000000005B4552524F525D203A
:10592000000000005B464154414C5D200000000037
:105930005B554E4B5D202020000000005B2045524F
:10594000205D20005B204F4B205D20002573000070
:1059500025732D3E5B4F42432D53544D33325D2012
:1059600000000000222573220D0A000025732D3E41
:105970005B5553422D53544D33325D2000000000DF
:105980003230253032642D253032642D253032649A
:1059900020253032643A253032643A253032642092
:1059A00000000000253032753A253032753A253036
:1059B00032752000257320004F4243005B25735D44
:1059C00020000000222573000D0A00005B494E46AE
:1059D0004F5D2020000000005B44454255475D209C
:1059E000000000005B4E4F544943455D000000003D
:1059F0005B5741524E5D2020000000005B45525233
:105A00004F525D20000000005B464154414C5D2038
:105A1000000000005B554E4B5D2020200000000080
:105A20003230253032642D253032642D25303264F9
:105A300020253032643A253032643A2530326420F1
:105A400000000000256C752B253032753A25303268
:105A5000753A253032752000253032753A253032BE
:105A6000753A253032752000257320004F424300DF
:105A70005B25735D20000000222573005B256C759B
:105A80002D253032753A253032753A253032755D24
:105A9000200000000D0A00005B5061727365725DAA
:105AA000204572726F723A2046696C6520746F6F80
:105AB00020736D616C6C20666F722068656164652F
:105AC00072202B20435243005B5061727365725DFC
:105AD000204572726F723A20496E76616C6964205B
:105AE000686561646572206D616769633A2030782A
:105AF00025303858000000005B5061727365725D9C
:105B0000204572726F723A20546F6F206D616E790A
:105B10002073746570733A2025750A005B506172BA
:105B20007365725D2048656164657220435243204D
:105B30006D69736D617463683A206578706563742C
:105B40006564203078253034582C20676F742030FD
:105B500078253034580000005B5061727365725DC7
:105B600020546F74616C20435243206D69736D61E2
:105B70007463683A20657870656374656420307872
:105B8000253034582C20676F7420307825303458F5
:105B9000000000005B5061727365725D2057617296
:105BA0006E696E673A206F666673657420737472EF
:105BB00075637420213D2031302C20776520776F6C
:105BC000756C64206368616E676520746F206F6612
:105BD00066736574203130005B5061727365725D6D
:105BE000204572726F723A205374657020257520BB
:105BF000686561646572206F7574206F6620626FDE
:105C0000756E6473000000005B5061727365725DB5
:105C1000204572726F723A2053746570202575208A
:105C2000696E76616C6964206D616769633A2030E2
:105C300078253038580000005B5061727365725DE2
:105C4000204572726F723A2053746570202575205A
:105C5000706172616D6574657220746F6F206C6F16
:105C60006E673A20257500005B5061727365725D46
:105C7000204572726F723A2053746570202575202A
:105C8000706172616D657465722064617461206F0A
:105C90007574206F6620626F756E6473000000007B
:105CA0005B5061727365725D205374657020257559
:105CB0003A20616374696F6E5F69643D25752C20BD
:105CC000706172616D5F6C656E3D2575000000004E
:105CD000494E495400000000444C530043414D00DC
:105CE000554E4B4E4F574E005B5363726970745361
:105CF000746F726167655D204572726F723A2046FB
:105D000061696C656420746F206765742046524138
:105D10004D2068616E646C65000000005B53637227
:105D200069707453746F726167655D20496E697440
:105D300069616C697A656420737563636573736602
:105D4000756C6C79000000005B536372697074536A
:105D5000746F726167655D204652414D20736372B6
:105D60006970742073746F726167653A0000000097
:105D700020202D2042617365206164647265737315
:105D80003A203078253036580000000020202D20A1
:105D9000494E495420736C6F743A20307825303660
:105DA00058202D2030782530365820282564206250
:105DB000797465732900000020202D20444C532065
:105DC000736C6F743A2020307825303658202D209F
:105DD0003078253036582028256420627974657320
:105DE0002900000020202D2043414D20736C6F744A
:105DF0003A2020307825303658202D203078253034
:105E000036582028256420627974657329000000C3
:105E10005B53637269707453746F726167655D2060
:105E20004572726F723A2053746F72616765206EAB
:105E30006F7420696E697469616C697A65640000C9
:105E40005B53637269707453746F726167655D2030
:105E50004572726F723A20496E76616C6964207087
:105E60006172616D65746572730000005B536372EB
:105E700069707453746F726167655D204572726FEB
:105E8000723A20496E76616C69642073637269703E
:105E9000742073697A6520257520286D75737420C8
:105EA00062652025642D256420627974657329005C
:105EB0005B53637269707453746F726167655D20C0
:105EC000536176696E6720257320736372697074FD
:105ED00020746F204652414D202873697A653A201C
:105EE0002575206279746573290000005B53637225
:105EF00069707453746F726167655D2025732073D8
:105F000063726970742064657461696C733A00002F
:105F100020202D204652414D2061646472657373C8
:105F20003A203078253036580000000020202D20FF
:105F30004D6167696320636F64653A20307825306E
:105F40003458000020202D20446174612073697A48
:105F5000653A2025752062797465730020202D2014
:105F600043524331363A203078253034580000000F
:105F70005B53637269707453746F726167655D20FF
:105F80004572726F723A204661696C656420746F65
:105F90002077726974652068656164657220746F2A
:105FA000204652414D20287374617475733A202540
:105FB000642900005B53637269707453746F72617B
:105FC00067655D204572726F723A204661696C6543
:105FD0006420746F20777269746520646174612035
:105FE000746F204652414D20287374617475733A62
:105FF00020256429000000005B53637269707453AC
:10600000746F726167655D204572726F723A2046E7
:1060100061696C656420746F2077726974652043D0
:10602000524320746F204652414D2028737461748E
:1060300075733A20256429005B5363726970745349
:10604000746F726167655D20257320736372697078
:10605000742073617665642073756363657373661A
:10606000756C6C7920746F204652414D0000000021
:106070005B53637269707453746F726167655D20FE
:106080004C6F6164696E6720257320736372697059
:10609000742066726F6D204652414D202861646401
:1060A000726573733A203078253036582900000025
:1060B0005B53637269707453746F726167655D20BE
:1060C0004572726F723A204661696C656420746F24
:1060D0002072656164206865616465722066726F14
:1060E0006D204652414D20287374617475733A20B7
:1060F000256429005B53637269707453746F726115
:1061000067655D202573207363726970743A204956
:106110006E76616C6964206D6167696320636F648A
:106120006520307825303458202865787065637490
:106130006564203078253034582900005B53637241
:1061400069707453746F726167655D202573207385
:1061500063726970743A20496E76616C6964206478
:106160006174612073697A6520257520286D7573C7
:10617000742062652025642D256429005B536372B9
:1061800069707453746F726167655D202573207345
:1061900063726970743A20446174612073697A652E
:1061A0002025752065786365656473206275666671
:1061B00065722073697A6520257500005B536372F0
:1061C00069707453746F726167655D202573207305
:1061D0006372697074206865616465722076616CB1
:1061E00069643A005B53637269707453746F7261CF
:1061F00067655D204572726F723A204661696C6511
:106200006420746F207265616420736372697074B6
:1062100020646174612066726F6D204652414D208A
:10622000287374617475733A202564290000000096
:106230005B53637269707453746F726167655D203C
:106240004572726F723A204661696C656420746FA2
:106250002072656164204352432066726F6D204650
:1062600052414D20287374617475733A2025642956
:10627000000000005B53637269707453746F726145
:1062800067655D202573207363726970743A2043DB
:106290005243206D69736D61746368212053746F7C
:1062A0007265643A203078253034582C2043616C74
:1062B00063756C617465643A203078253034580019
:1062C0005B53637269707453746F726167655D20AC
:1062D000257320736372697074206C6F61646564E8
:1062E000207375636365737366756C6C793A00002F
:1062F00020202D2043524331363A20307825303447
:106300005820287665726966696564290000000076
:106310005B53637269707453746F726167655D205B
:1063200045726173696E67202573207363726970AB
:10633000742066726F6D204652414D005B5363724C
:1063400069707453746F726167655D204572726F16
:10635000723A204661696C656420746F20657261D1
:106360007365207363726970742068656164657217
:1063700020287374617475733A2025642900000025
:106380005B53637269707453746F726167655D20EB
:10639000257320736372697074206572617365641C
:1063A000207375636365737366756C6C79000000A8
:1063B0005B53637269707453746F726167655D20BB
:1063C0004175746F2D6C6F61642064697361626CD8
:1063D0006564206F72206E6F7420696E69746961E4
:1063E0006C697A65640000005B5363726970745372
:1063F000746F726167655D205374617274696E6752
:10640000206175746F2D6C6F6164207365717565A3
:106410006E63652E2E2E00005B5363726970745399
:10642000746F726167655D2057616974696E67207A
:106430002575207365636F6E647320666F722075B7
:1064400073657220696E7075742E2E2E0000000028
:106450005B53637269707453746F726167655D201A
:106460005573657220616374697669747920646517
:106470007465637465642C2063616E63656C696E1A
:1064800067206175746F2D6C6F6164005B5363727C
:1064900069707453746F726167655D204175746FC4
:1064A0002D6C6F61642064656C617920636F6D7021
:1064B0006C657465642C206C6F6164696E67207311
:1064C0006372697074732066726F6D204652414D1D
:1064D0002E2E2E005B53637269707453746F726159
:1064E00067655D204175746F2D6C6F616465642014
:1064F00025732073637269707420737563636573A9
:106500007366756C6C7900005B53637269707453C9
:10651000746F726167655D204661696C65642074A3
:106520006F206C6F616420257320736372697074CF
:1065300020696E746F206D616E6167657200000086
:106540005B53637269707453746F726167655D2029
:106550004661696C656420746F206C6F61642025EE
:1065600073207363726970742066726F6D20465277
:10657000414D2028726573756C743A20256429009A
:106580005B53637269707453746F726167655D20E9
:106590004E6F2076616C6964202573207363726985
:1065A000707420666F756E6420696E204652414D8E
:1065B000000000005B53637269707453746F726102
:1065C00067655D20416C6C20736372697074732021
:1065D0006C6F61646564207375636365737366755E
:1065E0006C6C792066726F6D204652414D2C207381
:1065F00074617274696E6720657865637574696F1C
:106600006E2E2E2E000000005B536372697074536F
:10661000746F726167655D205061727469616C208E
:1066200073637269707473206C6F61646564202891
:1066300025752F2575292C2077616974696E67206F
:10664000666F722072656D61696E696E6720736333
:1066500072697074732E2E2E000000005B536372FB
:1066600069707453746F726167655D204E6F20733B
:10667000637269707473206C6F6164656420667204
:106680006F6D204652414D2C207265717565737493
:10669000696E6720616C6C2073637269707473201B
:1066A00066726F6D206D61737465722E2E2E000000
:1066B0005B53637269707453746F726167655D20B8
:1066C0003D3D3D2053544F52414745205354415482
:1066D0005553203D3D3D0000594553004E4F0000AD
:1066E0005B53637269707453746F726167655D2088
:1066F000496E697469616C697A65643A2025730032
:106700005B53637269707453746F726167655D2067
:106710004175746F2D6C6F616420656E61626C658C
:10672000643A2025730000005B53637269707453F0
:10673000746F726167655D204175746F2D6C6F6158
:10674000642064656C61793A202575207365636FF8
:106750006E6473005B53637269707453746F72611B
:1067600067655D204652414D20626173652061641A
:1067700064726573733A2030782530365800000013
:106780005B53637269707453746F726167655D20E7
:1067900053637269707420736C6F742073697A65C7
:1067A0003A20257520627974657300005B5363722B
:1067B00069707453746F726167655D204D617820F4
:1067C0007363726970742073697A653A2025752045
:1067D00062797465730000005B536372697074536F
:1067E000746F726167655D205363726970742061B4
:1067F0007661696C6162696C6974793A00000000C5
:1068000045584953545300004E4F5420464F554E5F
:106810004400000020202D2025733A2025732028D5
:1068200030782530365829005B5363726970745391
:10683000746F726167655D203D3D3D20454E44208B
:10684000535441545553203D3D3D0000454E414277
:106850004C45440044495341424C4544000000002B
:106860005B53637269707453746F726167655D2006
:106870004175746F2D6C6F616420257300000000FA
:106880005B53637269707453746F726167655D20E6
:106890004175746F2D6C6F61642064656C61792043
:1068A00073657420746F202575207365636F6E6443
:1068B000730000002A3A3C3E7C223F7F000000002B
:1068C0002B2C3B3D5B5D0000EB76904558464154D8
:1068D00020202000464154333220202000000000B8
:1068E000EBFE904D53444F53352E30004E4F204E0B
:1068F000414D4520202020464154333220202000A5
:106900004E4F204E414D452020202046415420200E
:10691000202020004E614E00494E46004F56000098
:1069200049444C4500000000546D722053766300CA
:10693000546D7251000000006F62635F6C6F675F9F
:1069400032302530326425303264253032645F25A0
:106950003032642530326425303264005B4C6F671E
:106960004D616E616765725D20496E69746961741D
:10697000696E67207472616E7366657220666F72ED
:1069800020257320646174612E2E2E005B4C6F678E
:106990004D616E616765725D205472616E736665EC
:1069A0007220666F7220257320737563636565645A
:1069B00065642E005B4C6F674D616E616765725D4B
:1069C000205472616E7366657220666F7220257343
:1069D000206661696C65642E20526573756C743A2B
:1069E000202573004F424300455850002D2D2D2087
:1069F0004C6F67204D616E616765722044656275FA
:106A00006720496E666F2028257329202D2D2D00C3
:106A100043757272656E7420496E6465783A2025FC
:106A20006C75206279746573000000004C45465413
:106A30000000000052494748540000004163746957
:106A40007665204275666665723A202573000000FF
:106A5000545255450000000046414C53450000008B
:106A60005472616E73666572205265616479204666
:106A70006C61673A202573002D2D2D2D2D2D2D2D88
:106A80002D2D2D2D2D2D2D2D2D2D2D2D2D2D2D2D36
:106A90002D2D2D2D2D2D2D2D2D2D2D2D2D2D000080
:106AA0002D2D2D2044756D70696E67202573204251
:106AB000756666657220666F72202573202853699B
:106AC0007A653A20256C7520627974657329202DCA
:106AD0002D2D00002530346C583A200025303258D6
:106AE00020000000257300002D2D2D2D2D2D2D2D86
:106AF0002D2D2D2D2D2D2D2D2D2D2D2D2D2D2D2DC6
:106B00002D2D2D2D2D2D2D2D2D2D2D2D2D2D2D2DB5
:106B10002D2D2D2D2D2D2D2D0000000054696D657E
:106B20003A54696D6520436F756E74657220696EA5
:106B300020736563203D20253464000054656D702A
:106B400065726174757265204E5443303A20253267
:106B500064204E5443313A20253264204E5443334E
:106B60003A253264204E5443343A20253264204E74
:106B70005443353A253264204E5443363A25326424
:106B8000204E5443373A253264204E5443383A203D
:106B9000253264004E5443206368616E6E656C203C
:106BA000253164203A2025326400000054656D7060
:106BB000657261747572653A204552524F522C20AD
:106BC000507269204E5443203D2025326420536585
:106BD00063204E5443203D202532640054656D707F
:106BE000657261747572653A204155544F204D4F5E
:106BF000444500005445433A204155544F206D6FA1
:106C0000646520544543204F4E2077697468207690
:106C10006F6C746167652025326400005445433A07
:106C2000204155544F206D6F646520544543204FDB
:106C3000464600005445433A20253164204F4E001B
:106C40005445433A20253164204F46460000000059
:106C50005445432053746174757320546563203028
:106C60003A202531642054656320313A202531646F
:106C70002054656320323A20253164205465632016
:106C8000333A202531642054656320343A2025317D
:106C9000642054656320353A2025316420546563AF
:106CA00020363A202531642054656320373A202568
:106CB00031640000486561746572204E756D6265CF
:106CC000723A20253164204F4E00000048656174FF
:106CD0006572204E756D6265723A20253164204FD1
:106CE000464600004865617465722053746174758E
:106CF000732048656174657220303A202531642024
:106D000068656174657220313A20253164206865B8
:106D10006174657220323A2025316420686561749F
:106D2000657220333A20253164206865617465728C
:106D300020343A20253164206865617465722035FD
:106D40003A202531642068656174657220363A20E6
:106D50002531642068656174657220373A202531D9
:106D6000640000004C617365723A20496E7465726C
:106D70006E616C206C6173657220253164204F4E0A
:106D8000206174202531642070657263656E740023
:106D90004C617365723A20496E7465726E616C2045
:106DA0006C6173657220253164204F4646000000F7
:106DB0004C617365723A2045787465726E616C201F
:106DC0006C6173657220253164204F4E2061742000
:106DD0002531642070657263656E74004C61736563
:106DE000723A2045787465726E616C206C617365CF
:106DF0007220253164204F464600000050686F74B1
:106E00006F64696F64653A205374617274207361B2
:106E10006D706C696E672070686F746F64696F6401
:106E200065206E756D62657220253164000000007A
:106E300050686F746F64696F64653A2046696E6963
:106E400073682073616D706C696E67005379737439
:106E5000656D3A205265736574696E6700000000C5
:106E600053797374656D3A2046696E697368205072
:106E700065726970686572616C20496E69746961D8
:106E80006C697A6174696F6E0000000053797374E5
:106E9000656D3A205374617274204170706C69633F
:106EA0006174696F6E7300004F42432D53544D332C
:106EB00032204C6F6720426C6F636B2D2D2D2D2D72
:106EC0002D2D2D2D2D2D2D2D2D2D2D2D2D2D2D2DF2
:106ED0002D2D2D004F42432D53544D3332205465F8
:106EE0007374204C6F6700004F42432D53544D3351
:106EF0003220537461727420557000004F42432D4C
:106F000053544D333220426F6F74696E6720617441
:106F100020253032642F253032642F253034642010
:106F2000253032643A253032643A2530326400002C
:106F30004F42432D53544D3332204C6F6754657389
:106F40007420617420253032642F253032642F255F
:106F500030346420253032643A253032643A2530AA
:106F6000326400005061796C6F6164205445535461
:106F70005F434F4E4E454354494F4E5F41434B2074
:106F8000282575206279746573293A0020253032EE
:106F9000580000000D0A00004D6573736167653A83
:106FA00020222573220D0A005061796C6F616420E4
:106FB0005345545F4E54435F434F4E54524F4C5FC2
:106FC00041434B20282575206279746573293A0066
:106FD0005061796C6F6164205345545F54454D5046
:106FE0005F50524F46494C455F41434B2028257521
:106FF000206279746573293A000000005061796C51
:107000006F61642053544152545F54454D505F505A
:10701000524F46494C455F41434B2028257520621D
:1070200079746573293A0000257300005061796C0A
:107030006F61642053544F505F54454D505F505220
:107040004F46494C455F41434B20282575206279C6
:10705000746573293A0000005061796C6F61642097
:107060005345545F4F564552524944455F5445433A
:107070005F50524F46494C455F41434B2028257590
:10708000206279746573293A000000005061796CC0
:107090006F61642053544152545F4F5645525249D8
:1070A00044455F5445435F50524F46494C455F410C
:1070B000434B20282575206279746573293A0000B6
:1070C0005061796C6F61642053544F505F4F564547
:1070D00052524944455F5445435F50524F46494CD4
:1070E000455F41434B2028257520627974657329DB
:1070F0003A0000005061796C6F6164205345545F21
:1071000053414D504C494E475F50524F46494C45B4
:107110005F41434B20282575206279746573293AB5
:10712000000000005061796C6F6164205345545F2A
:107130004C415345525F494E54454E534954595F53
:1071400041434B20282575206279746573293A00E4
:107150005061796C6F6164205345545F504F5349BF
:1071600054494F4E5F41434B202825752062797466
:107170006573293A000000005061796C6F616420EA
:1071800053544152545F53414D504C494E475F4315
:1071900059434C455F41434B202825752062797443
:1071A0006573293A000000005061796C6F616420BA
:1071B0004745545F494E464F5F53414D504C455FE4
:1071C00041434B20282575206279746573293A0064
:1071D0005061796C6F6164204745545F4348554E58
:1071E0004B5F41434B2028257520627974657329D4
:1071F0003A0000005061796C6F6164205345545F20
:107200004558545F4C415345525F494E54454E5387
:107210004954595F41434B20282575206279746594
:1072200073293A005061796C6F6164205455524E55
:107230005F4F4E5F4558545F4C415345525F414349
:107240004B20282575206279746573293A00000067
:107250005061796C6F6164205455524E5F4F4646C1
:107260005F4558545F4C415345525F41434B202882
:107270002575206279746573293A00005061796C34
:107280006F616420435553544F4D5F434F4D4D4103
:107290004E445F41434B2028257520627974657305
:1072A000293A00005061796C6F61642050494E4763
:1072B0005F434D4420282575206279746573293A0F
:1072C000000000005061796C6F616420504F4E47A0
:1072D0005F434D4420282575206279746573293AEF
:1072E000000000005061796C6F6164204D494E5F71
:1072F000524553505F4E414B2028257520627974CA
:107300006573293A000000005061796C6F61642058
:107310004D494E5F524553505F41434B20282575E0
:10732000206279746573293A000000005061796C1D
:107330006F6164204D494E5F524553505F57524F25
:107340004E4720282575206279746573293A00001C
:107350005061796C6F6164204D494E5F52455350C6
:107360005F444F4E45202825752062797465732946
:107370003A0000005061796C6F6164204D494E5FA6
:10738000524553505F4641494C202825752062796B
:10739000746573293A0000005061796C6F61642054
:1073A0004D494E5F524553505F4F4B202825752065
:1073B0006279746573293A00537461727431000004
:1073C000537461727432000049443A203078253099
:1073D00032582028256429004C454E2D4C4F573AF1
:1073E000202564004C454E2D484947483A202564E5
:1073F00000000000444154415B25645D3A20307830
:1074000025303258202825642900000043524320AB
:107410004F4B21004552524F5220435243212121CC
:107420000000000053746F703100000053746F70DF
:107430003200000043616C6C2048616E646C6572C0
:107440000000000054696D656F7574202D20526531
:10745000736574207374617465206D616368696E0F
:10746000650000005B4D4F444653505D3A200000DC
:107470000D0A00004750494F000000004D444D41A7
:1074800000000000444D4100424D44410000000016
:10749000555341525431000055534152543200006B
:1074A000493243320000000053444D4D4331000047
:1074B000535049340000000053504935000000008B
:1074C000535049360000000054494D31000000007F
:1074D00055415254370000000D0A2D2D2D2D2D3E03
:1074E00020426F6F74696E672053544D33324837B2
:1074F000202D20436F72746578204D37206F6E20E9
:107500004F4243202E2E2E0D0A0000005B204F4BD1
:10751000205D2053797374656D436C6F636B3A2003
:107520003234304D487A2C20496E697469616C6937
:107530007A696E67205065726970686572616C73F4
:107540002E2E2E0D0A0000005B204F4B205D205395
:107550005953434C4B204F4B212C2048414C204F3A
:107560004B210D0A000000005B204F4B205D20479F
:1075700050494F20496E697469616C697A65642E5F
:107580000D0A00005B204F4B205D204445425547CB
:10759000303A205B2B5D207C204445425547313AF0
:1075A000205B2B5D0D0A00005B204F4B205D204DC2
:1075B000444D4120496E697469616C697A65642E35
:1075C0000D0A00005B204552205D204D444D4120B6
:1075D000496E6974204572726F72212E0D0A000087
:1075E0005B204F4B205D20444D4120496E697469FA
:1075F000616C697A65642E0D0A0000005B204F4BB8
:10760000205D2042444D4120496E697469616C6976
:107610007A65642E0D0A00005B204F4B205D2055DB
:10762000534152543120496E697469616C697A65BD
:10763000642C204261756420526174653A203131B6
:10764000353230302E0D0A005B204F4B205D205527
:10765000534152543220496E697469616C697A658C
:10766000642C204261756420526174653A20313186
:10767000353230302E0D0A005B204F4B205D204903
:10768000324332202D3E2052544320496E697469A2
:10769000616C697A65642E0D0A0000005B204F4B17
:1076A000205D2053444D4D4331202D3E204D6169D6
:1076B0006E53746F7261676520496E697469616C9D
:1076C000697A65642E0D0A005B204552205D2053C7
:1076D000444D4D4331202D3E204D61696E53746FF2
:1076E0007261676520496E6974204572726F7221FC
:1076F0002E0D0A005B204F4B205D20535049342053
:107700002D3E2045784D656D6F727920496E697404
:1077100069616C697A65642E0D0A00005B204F4B2D
:10772000205D2053504935202D3E20486F73742032
:10773000496E697469616C697A65642E0D0A00008E
:107740005B204F4B205D2053504936202D3E204575
:10775000585020496E697469616C697A65642E0DB0
:107760000A0000005B204F4B205D2054696D65725C
:107770002D436C6F636B2052656164792E0D0A0096
:107780005B204F4B205D20554152543720496E6994
:107790007469616C697A65642C2042617564205259
:1077A0006174653A203131353230302E0D0A0000D7
:1077B0005B204552205D2053797374656D204861CC
:1077C00072647761726520507265706172696E676C
:1077D000204661696C212E2E2E0D0A5B2045522019
:1077E0005D20536F6D657468696E672077726F6E88
:1077F0006720696E204861726477617265205374F6
:107800006172742D75700D0A000000005B204F4BF3
:10781000205D2053797374656D20486172647761CF
:10782000726520507265706172696E6720446F6E78
:10783000652E2E2E0D0A0000C8860308CB8603088D
:10784000CE860308102840587088A0B8C0F10208FE
:10785000C8F10208CCF1020800000000000000009E
:1078600045790008C0F10208F0F10208F8F10208B9
:107870000000000000000000A9750008C0F1020827
:1078800020F2020824F202080000000000000000BC
:107890005D3E000838F2020840F2020848F2020891
:1078A0000100000000000000913E000838F20208CC
:1078B0007CF2020884F202080100000000000000CF
:1078C000C940000838F20208B8F20208C4F20208FF
:1078D0000100000000000000494400080000000012
:1078E000F0F20208FCF202080100000000000000B3
:1078F000494500080000000028F3020834F302089C
:1079000001000000000000002946000858F30208AA
:1079100064F3020868F302080000000000000000A1
:10792000E946000858F3020884F3020890F30208BD
:1079300000000000000000001147000858F3020892
:10794000A4F30208B0F302080000000000000000E9
:107950006D47000858F30208C8F30208D4F3020880
:107960000100000000000000A147000858F30208D1
:1079700004F4020808F402080100000000000000FE
:107980002948000858F3020830F4020834F40208C9
:107990000100000000000000E548000858F402085B
:1079A00060F4020868F40208000000000000000013
:1079B0002949000858F4020890F4020898F40208D3
:1079C00000000000000000007149000858F402089F
:1079D000C0F40208C8F40208000000000000000023
:1079E000AD490008F0F40208F4F4020800F50208BA
:1079F0000000000000000000E9490008F0F402085F
:107A000034F5020840F50208010000000000000003
:107A1000614B0008F0F4020864F5020870F50208F2
:107A20000100000000000000A54A0008A4F50208BB
:107A3000ACF50208B8F502080000000000000000E4
:107A4000E94B0008A4F50208DCF50208E8F5020895
:107A500000000000000000002D4C0008A4F5020802
:107A60000CF6020814F602080000000000000000F6
:107A7000894E0008A4F502081CF6020828F6020840
:107A80000100000000000000F54E0008A4F5020807
:107A900058F6020860F6020801000000000000002D
:107AA000D94F0008000000007CF6020884F60208A6
:107AB00000000000000000006950000898F602086D
:107AC000A0F60208ACF60208010000000000000069
:107AD0007134000800000000D8F60208E4F602083D
:107AE00000000000000000006D37000800000000EA
:107AF00004F7020810F7020801000000000000006F
:107B0000B13900080000000044F7020854F70208E9
:107B100001000000000000005D3B000800000000C4
:107B200080F702088CF70208000000000000000047
:107B30007D3C000800000000A8F70208B8F7020822
:107B40000000000000000000CD3A00080000000026
:107B5000E0F70208ECF70208010000000000000056
:107B6000453D0008000000001CF8020830F802083B
:107B70000000000000000000795000080000000034
:107B800034F8020844F80208010000000000000078
:107B9000BD5000080000000074F8020880F80208D8
:107BA00000000000000000003D510008000000003F
:107BB0009CF80208ACF80208010000000000000078
:107BC0009951000800000000CCF80208E0F8020813
:107BD00001000000000000006553000800000000E4
:107BE00048F902085CF902080000000000000000EB
:107BF000455600080000000078F902088CF90208D8
:107C000000000000000000007556000800000000A1
:107C1000A8F90208C4F902080100000000000000F1
:107C2000A556000800000000F4F9020810FA020846
:107C30000000000000000000915700080000000054
:107C400034FA020850FA02080000000000000000A8
:107C5000C15700080000000074FA02088CFA0208FC
:107C60000100000000000000F157000800000000C3
:107C7000BCFA0208D0FA020801000000000000006F
:107C80000D59000800000000F0FA020800FB02088D
:107C900001000000000000009559000800000000ED
:107CA00018FB020830FB0208000000000000000082
:107CB0001D5A00080000000050FB020860FB02088B
:107CC00000000000000000004D5A00080000000005
:107CD0007CFB020888FB0208010000000000000095
:107CE0007D5A000800000000A0FB0208B0FB02085B
:107CF0000100000000000000055B0008000000001B
:107D0000CCFB0208E4FB02080100000000000000B8
:107D10008D5B00080000000008FC02081CFC020843
:107D20000100000000000000155C000800000000D9
:107D30003CFC020850FC02080000000000000000AB
:107D40009D5C0008000000006CFC02087CFC02083E
:107D50000100000000000000CD5C000800000000F1
:107D60009CFC0208ACFC02080100000000000000BE
:107D7000855D000800000000CCFC020830F8020815
:107D800000000000000000003D5E00080000000050
:107D9000D8FC0208E4FC020801000000000000001A
:107DA000815E00080000000000FD020830F80208B3
:107DB0000000000000000000FD5E00080000000060
:107DC00010FD020830F8020800000000000000006A
:107DD000255F00080000000020FD020830F80208BE
:107DE0000000000000000000495F000800000000E3
:107DF0002CFD020830F8020800000000000000001E
:107E0000995F00080000000034FD020830F8020805
:107E1000000000000000000039600008081C304429
:107E2000586C8094102840587088A0B81F1C1F1EE2
:107E30001F1E1F1F1E1F1E1F01030507090E101204
:107E40001416181C1E000000435545414141414392
:107E500045454549494941414592924F4F4F5555F6
:107E6000594F554F9C4F9E9F41494F55A5A5A6A7D9
:107E7000A8A9AAABACADAEAFB0B1B2B3B441414169
:107E8000B8B9BABBBCBDBEBFC0C1C2C3C4C5414105
:107E9000C8C9CACBCCCDCECFD1D14545454949493A
:107EA00049D9DADBDCDD49DF4FE14F4F4F4FE6E8E0
:107EB000E85555555959EEEFF0F1F2F3F4F5F6F7B0
:107EC000F8F9FAFBFCFDFEFF0700000000000000CF
:107ED0000000000000000000010002000400080093
:107EE000100020000000000001000400100040000D
:107EF00000010002000000009D8B0108C18B0108F9
:107F0000E18B01080D8C0108398C0108C700FC00C9
:107F1000E900E200E400E000E500E700EA00EB0031
:107F2000E800EF00EE00EC00C400C500C900E60068
:107F3000C600F400F600F200FB00F900FF00D600D6
:107F4000DC00F800A300D800D7009201E100ED00AA
:107F5000F300FA00F100D100AA00BA00BF00AE00A1
:107F6000AC00BD00BC00A100AB00BB009125922578
:107F7000932502252425C100C200C000A900632565
:107F8000512557255D25A200A5001025142534256F
:107F90002C251C2500253C25E300C3005A2554252B
:107FA00069256625602550256C25A400F000D000C9
:107FB000CA00CB00C8003101CD00CE00CF0018258B
:107FC0000C2588258425A600CC008025D300DF0061
:107FD000D400D200F500D500B500FE00DE00DA00C6
:107FE000DB00D900FD00DD00AF00B400AD00B10042
:107FF0001720BE00B600A700F700B800B000A80028
:10800000B700B900B300B200A025A00061001A03B8
:10801000E0001703F8000703FF00010078010001EA
:10802000300132010601390110014A012E017901A6
:10803000060180014D004302810182018201840119
:10804000840186018701870189018A018B018B01E7
:108050008D018E018F019001910191019301940195
:10806000F60196019701980198013D029B019C0140
:108070009D0120029F01A001A001A201A201A40173
:10808000A401A601A701A701A901AA01AB01AC01A6
:10809000AC01AE01AF01AF01B101B201B301B30157
:1080A000B501B501B701B801B801BA01BB01BC0106
:1080B000BC01BE01F701C001C101C201C301C4017D
:1080C000C501C401C701C801C701CA01CB01CA016A
:1080D000CD011001DD0101008E01DE011201F3016D
:1080E0000300F101F401F401F80128012202120158
:1080F0003A020900652C3B023B023D02662C3F021E
:1081000040024102410246020A015302400081013D
:108110008601550289018A0158028F015A02900195
:108120005C025D025E025F029301610262029401E1
:108130006402650266026702970196016A02622C78
:108140006C026D026E029C01700271029D0173024D
:1081500074029F0176027702780279027A027B022A
:108160007C02642C7E027F02A60181028202A901A8
:108170008402850286028702AE014402B101B20187
:1081800045028D028E028F0290029102B7017B039D
:108190000300FD03FE03FF03AC0304008603880312
:1081A00089038A03B1031103C2030200A303A303DB
:1081B000C4030803CC0303008C038E038F03D8038E
:1081C0001801F2030A00F903F303F403F503F603BD
:1081D000F703F703F903FA03FA033004200350040A
:1081E0001007600422018A043601C1040E01CF0485
:1081F0000100C004D0044401610526040000000011
:108200007D1D0100632C001E9601A01E5A01001F57
:108210000806101F0606201F0806301F0806401F0C
:108220000606511F0700591F521F5B1F541F5D1F79
:10823000561F5F1F601F0806701F0E00BA1FBB1F6E
:10824000C81FC91FCA1FCB1FDA1FDB1FF81FF91F6A
:10825000EA1FEB1FFA1FFB1F801F0806901F08066E
:10826000A01F0806B01F0400B81FB91FB21FBC1F13
:10827000CC1F0100C31FD01F0206E01F0206E51F2E
:108280000100EC1FF31F0100FC1F4E2101003221F1
:1082900070211002842101008321D0241A05302C82
:1082A0002F04602C0201672C0601752C0201802C22
:1082B0006401002D260841FF1A030000060000009B
:1082C00000070E091C1B1215383F363124232A2DB6
:1082D00070777E796C6B6265484F464154535A5DA6
:1082E000E0E7EEE9FCFBF2F5D8DFD6D1C4C3CACD96
:1082F00090979E998C8B8285A8AFA6A1B4B3BABD86
:10830000C7C0C9CEDBDCD5D2FFF8F1F6E3E4EDEA75
:10831000B7B0B9BEABACA5A28F88818693949D9A65
:108320002720292E3B3C35321F18111603040D0A55
:108330005750595E4B4C45426F68616673747D7A45
:10834000898E878095929B9CB1B6BFB8ADAAA3A435
:10835000F9FEF7F0E5E2EBECC1C6CFC8DDDAD3D425
:10836000696E676075727B7C51565F584D4A434415
:10837000191E171005020B0C21262F283D3A333405
:108380004E49404752555C5B7671787F6A6D6463F5
:108390003E39303722252C2B0601080F1A1D1413E5
:1083A000AEA9A0A7B2B5BCBB9691989F8A8D8483D5
:1083B000DED9D0D7C2C5CCCBE6E1E8EFFAFDF4F3C5
:1083C00000000000000000001C6B03080400000017
:1083D0003C6B030810000000946B030803000000CE
:1083E000AC6B030804000000DC6B03080000000015
:1083F000F46B0308020000001C6C0308000000007E
:10840000346C030801000000406C03080100000008
:10841000506C030808000000B46C03080100000061
:10842000CC6C030801000000E46C030808000000A5
:10843000646D030802000000906D03080100000055
:10844000B06D030802000000DC6D030801000000AD
:10845000FC6D030801000000306E030800000000FE
:108460004C6E030800000000606E0308000000006E
:108470008C6E030800000000A86E030800000000D6
:10848000D46E030800000000E86E0308000000003E
:10849000FC6E030806000000306F030806000000B1
:1084A0000300000049E5010809000000ADE60108ED
:1084B0000B00000011E801080D00000075E901083B
:1084C0000F000000E1EA0108110000004DEC010876
:1084D00013000000B9ED01081500000025EF0108A8
:1084E0001700000091F0010819000000FDF10108DB
:1084F0001B00000069F301081D000000D5F401080D
:108500001F00000041F6010821000000ADF701083E
:108510002900000019F901082B00000085FA010864
:108520002D000000F1FB0108370000005DFD01088F
:1085300038000000C9FE010839000000EDFF010805
:108540003A000000110102083B0000003502020859
:108550003C000000590302083D0000007D040208B1
:108560003E000000A10502083F000000C506020809
:1085700000000000010203040102030406070809C9
:10858000102840587088A0B8081C3044586C80945B
:10859000102840587088A0B80000000001020304B1
:1085A00001020304060708090100000002000000A0
:1085B0000400000006000000080000000A0000009F
:1085C0000C0000001000000020000000400000002F
:1085D00080000000000100005245454E54206D61AE
:1085E0006C6C6F6320737563636565646564002FED
:1085F0006275696C642F676E752D746F6F6C732D67
:10860000666F722D73746D33325F31332E332E7279
:10861000656C312E32303234303932362D313731CB
:10862000352F7372632F6E65776C69622F6E657775
:108630006C69622F6C6962632F7374646C69622F5A
:1086400072616E642E63002C2066756E6374696FB0
:108650006E3A2000617373657274696F6E20222513
:108660007322206661696C65643A2066696C6520D6
:10867000222573222C206C696E65202564257325C4
:10868000730A00232D302B2000686C4C0065666750
:108690004546470030313233343536373839414278
:1086A000434445460030313233343536373839614A
:1086B000626364656600412D46612D66383930314C
:1086C0003233343536375D002B2D0030300078588A
:1086D00000002020202020202020202828282828B2
:1086E000202020202020202020202020202020208A
:1086F00020208810101010101010101010101010E2
:1087000010100404040404040404040410101010E1
:10871000101010414141414141010101010101019C
:10872000010101010101010101010101011010100C
:10873000101010424242424242020202020202026F
:1087400002020202020202020202020202101010DF
:1087500010200000000000000000000000000000E9
:108760000000000000000000000000000000000009
:1087700000000000000000000000000000000000F9
:1087800000000000000000000000000000000000E9
:1087900000000000000000000000000000000000D9
:1087A00000000000000000000000000000000000C9
:1087B00000000000000000000000000000000000B9
:1087C00000000000000000000000000000000000A9
:0487D00000000000A5
:0887D4000C7BFC7F010000009A
:0487DC00C5020008CA
:0487E000A1020008EA
:1087E40038EB0208000000003CEB02080000000027
:1087F40044EB02080000000001000000010000003A
:108804000010014000000000000000000000000013
:108814000000000000000000000000000000000054
:108824000000000000000000000000000000000044
:108834000000000000000000000000000000000034
:108844000000000000000000000000000000000024
:108854000000000000000000000000000000000014
:1088640000000000000000000000024000000000C2
:10887400D83000240008000000000000004400403C
:1088840000000000000000000000000000000000E4
:1088940000000000000000000000000000000000D4
:1088A40000000000000000000000000000000000C4
:1088B40000000000000000000000000000000000B4
:1088C40000000000000000000000000000000000A4
:1088D4000000000000000000000000000000000094
:1088E400000000000000024001000000D8480024FD
:1088F40000100000000000000078004000000000AC
:108904000000000000000000000000000000000063
:108914000000000000000000000000000000000053
:108924000000000000000000000000000000000043
:108934000000000000000000000000000000000033
:108944000000000000000000000000000000000023
:108954000000000000000000000000000000000013
:108964000004024001000000D8780024000C00003C
:10897400000000002C150308301503083415030803
:10898400381503083C15030840150308441503086B
:10899400000000200000002000440040010100000D
:1089A4000000FFFFFF010000AAAAAAAA010000001C
:1089B4000090D0030090D0030000000074740308FA
:1089C40000000100B13502080000000001000000B1
:1089D4007C74030800000100E13402080000000078
:1089E400020000008474030800000100053402083A
:1089F4000000000003000000887403080000010068
:108A04008933020800000000040000009074030889
:108A140000000100393002080000000005000000D9
:108A24009874030800000100E1310208000000000E
:108A340006000000A074030800000100512702088A
:108A44000000000007000000A874030800000100F3
:108A5400652802088D1D020808000000B074030890
:108A640000000100B5280208000000000900000011
:108A7400B874030800000100ED290208000000009A
:108A84000A000000C0740308000001008D2B0208D6
:108A9400000000000B000000C8740308000001007F
:108AA400E52D0208000000000C000000D07403084B
:108AB400000001008D2E02080000000010000000DC
:108AC400010000000000000003000000A4A605242B
:108AD4009C07002400000000A4A605240CA705247C
:108AE40074A705240000000000000000000000003E
:108AF4000000000000000000000000000000000072
:108B04000000000000000000000000000000000061
:108B14000000000000000000000000000000000051
:040000050802434565
:00000001FF
