:020000040804EE
:100000000000082431580608ED520608F55206088B
:10001000FD520608055306080D53060800000000AF
:1000200000000000000000000000000081DD050865
:10003000155306080000000041E00508A9E0050886
:100040008558060885580608855806088558060804
:1000500085580608855806088558060885580608F4
:100060008558060885580608855806082553060849
:10007000D553060885580608855806088558060889
:1000800085580608855806088558060885580608C4
:1000900085580608855806088558060885580608B4
:1000A00085580608855406088558060885580608A8
:1000B0008558060885580608855806088558060894
:1000C0008558060885580608855806088558060884
:1000D0008558060891540608C9540608855806082C
:1000E000855806088558060800000000855806084F
:1000F00085580608855806088558060801550608DB
:100100008558060849550608855806088558060882
:100110008558060885580608855806085D5506085E
:10012000855806087155060885580608855806083A
:100130008558060885580608855806088558060813
:1001400085580608855806080000000000000000D9
:1001500085580608855806088558060885580608F3
:1001600085580608855806088558060885580608E3
:1001700085580608855806088558060800000000BE
:100180008558060885580608215606088558060829
:100190008558060859560608675606088558060801
:1001A00085580608855806088558060885580608A3
:1001B0008558060885580608855806088558060893
:1001C0008558060885580608855806088558060883
:1001D0008558060885580608855806088558060873
:1001E0008558060885580608855806088558060863
:1001F0008558060885580608855806088558060853
:100200008558060885580608855806088558060842
:100210008558060885580608855806088558060832
:10022000855806088558060875560608000000001F
:100230008558060885580608855806088558060812
:1002400085580608895606089556060885580608F2
:1002500085580608855806088558060885580608F2
:1002600085580608855806088558060885580608E2
:1002700085580608855806088558060885580608D2
:1002800085580608855806088558060800000000AD
:08029000855806088558060890
:1002A00010B5054C237833B9044B13B10448AFF3B0
:1002B00000800123237010BDDC0700240000000033
:1002C000A8FA060808B5034B1BB103490348AFF36E
:1002D000008008BD00000000E0070024A8FA06081E
:1002E00010F8012B11F8013B012A28BF9A42F7D0E0
:1002F000D01A7047034613F8012B002AFBD1181AB5
:1003000001387047000000000000000000000000FD
:1003100001F0FF01102A2BDB10F0070F08D010F8B6
:10032000013B013A8B422DD010F0070F42B3F6D1BA
:10033000F0B441EA012141EA014122F007047FF0D3
:1003400000070023F0E80256083C85EA010586EA2A
:10035000010685FA47F5A3FA87F586FA47F6A5FA66
:1003600087F68EB9EED1F0BC01F0FF0102F0070272
:1003700032B110F8013B013A83EA010313B1F8D11D
:100380000020704701387047002D06BF35460338FE
:10039000073815F0010F07D1013015F4807F02BF37
:1003A000013015F4C03F0130F0BC0138704700BF88
:1003B00053B94AB9002908BF00281CBF4FF0FF31CC
:1003C0004FF0FF3000F088B9ADF1080C6DE904CEB4
:1003D00000F006F8DDF804E0DDE9022304B0704720
:1003E0002DE9F047089D8E4604468846002B4AD1E9
:1003F0008A42174662D9B2FA82F64EB1C6F120039C
:1004000001FA06F820FA03F3B74043EA0808B440BB
:100410004FEA174E1FFA87FCB8FBFEF1230C0EFBC8
:10042000118843EA084301FB0CF29A4209D9FB18F0
:1004300001F1FF3080F0EA809A4240F2E780023911
:100440003B449A1AA3B2B2FBFEF00EFB102243EA21
:10045000024300FB0CFC9C4509D9FB1800F1FF325C
:1004600080F0D6809C4540F2D3803B44023840EA7D
:100470000140A3EB0C0300211DB1F3400022C5E9AC
:100480000032BDE8F0878B4205D90DB1C5E9000106
:1004900000210846F5E7B3FA83F1002946D17345F8
:1004A00002D3824200F20581841A6EEB030201201E
:1004B0009046002DE5D0C5E90048E2E7002A00F0AB
:1004C0009080B2FA82F6002E40F0A4808A1A030CC3
:1004D0004FEA174E80B2BCB20121B2FBFEFC0EFB0C
:1004E0001C2243EA024304FB0CF29A4207D9FB1890
:1004F0000CF1FF3802D29A4200F2E080C4469B1A07
:10050000B3FBFEF20EFB123340EA034302FB04F49A
:100510009C4207D9FB1802F1FF3002D29C4200F244
:10052000CA8002461B1B42EA0C40A5E7C1F1200627
:100530008B4022FA06F71F430EFA01F420FA06F365
:100540002EFA06FE4FEA1749234300FA01F81FFA74
:1005500087FCBEFBF9F01C0C09FB10EE44EA0E44CC
:1005600000FB0CFEA64502FA01F209D93C1900F184
:10057000FF3A80F09C80A64540F2998002383C44C6
:10058000A4EB0E041FFA83FEB4FBF9F309FB13443A
:100590004EEA044403FB0CFCA44508D93C1903F1C2
:1005A000FF3E80F08280A4457FD9023B3C4443EA71
:1005B0000040A4EB0C04A0FB02EC64457346E1464A
:1005C00062D35FD05DB1B8EB030264EB090404FAB7
:1005D00006F622FA01F31E43CC40C5E9006400216F
:1005E0004FE7B1FBF2FC010C41EA0E4180B240EA58
:1005F00001423B4638463C46B846BE462026B1FB43
:10060000F7F1A2EB080241EA0C4166E7014618E760
:1006100010462CE7C6F120022EFA02F3B740B14093
:1006200020FA02F24FEA174E0A43B3FBFEF8BCB2BF
:100630000EFB1833110C41EA034108FB04F9B040EA
:1006400089454FEA104380B23ED9791808F1FF3C42
:1006500001D289451FD8A1EB0901B1FBFEF909FBC5
:1006600004F80EFB191192B242EA0142424529D226
:10067000BA1809F1FF31C4D24245C2D2A9F1020130
:100680003A44BEE7F0459DD2BEEB02036CEB070C8B
:100690000138E14696E7A7EB09094944A8F1020CA5
:1006A000B1FBFEF909FB04F8DBE773467FE7504630
:1006B00066E70846FDE63B44023A33E7ACF1020C3C
:1006C0003B441CE749469CE7A1EB0901C446B1FB4A
:1006D000FEF909FB04F8C4E7704700BF80B582B09B
:1006E00000AF0123FB711C4B01221A701B4810F054
:1006F000F3F910221A491B4810F046FB01F0ECFEFA
:100700000346FB7110F0E0FA11F00CFD002001F03F
:1007100039FC154A0221002010F00AF8124A002183
:10072000002010F005F8104A0121002010F000F818
:100730000D4A032100200FF0FBFF0B4A042100208B
:100740000FF0F6FF084A052100200FF0F1FFFB79BA
:1007500018460837BD4680BDF80700240058004001
:100760000010025800340140C0FA060880B500AFFE
:10077000044A022100200FF0DBFF00F027F900BF40
:1007800080BD00BFD4FA0608F0B589B004AF0023DD
:10079000FB73284B02221A70274A002100200FF019
:1007A000C7FF1EF0F5FA1EF021F81EF0CBFB0BF090
:1007B00059F9B860BB681A0ABB68190CBB681B0EF4
:1007C00000930B46B9683C201EF0EEFA11F05AFD7A
:1007D0000346002B22D1194A022100200FF002FF0C
:1007E0003B46184611F0C8FCBB7803F5FA63FB8062
:1007F0003B781D467B781E46FA88FB881B0A9BB215
:10080000F97838797C79039402900191009313462A
:10081000324629462B201EF0C7FA05E0054AFB7B2D
:100820009370044B07221A70FB7B18461437BD46A1
:10083000F0BD00BFF8070024E8FA060800FB060830
:1008400080B582B000AF234B03221A700123FB71E5
:10085000214A002100200FF06BFF06F03BF9034610
:10086000FB71FB79002B0BD01C4A042101200FF0F7
:10087000B9FE184AFB799370164B07221A7004E0F0
:10088000174A022100200FF0ADFE08F053FB03468B
:10089000FB71FB79002B0BD0124A042101200FF0D1
:1008A000A1FE0C4AFB7993700A4B07221A7004E0F0
:1008B0000D4A022100200FF095FE10F021F8FB797F
:1008C0001A4601212D201EF06FFAFB7918460837D1
:1008D000BD4680BDF807002410FB060828FB06086B
:1008E00044FB060860FB060874FB060880B582B06E
:1008F00000AF244B04221A700123FB71224A00210D
:1009000000200FF015FF11F0D9F80346FB71FB79B9
:10091000002B0BD01D4A042101200FF063FE194A61
:10092000FB799370174B07221A7004E0184A0221D2
:1009300000200FF057FE10221649174810F08EFDC8
:100940000346FB71FB79002B0BD0144A04210120D4
:100950000FF048FE0B4AFB7993700A4B07221A707E
:1009600004E00F4A022100200FF03CFEFB791A46FA
:1009700002212D201EF018FAFB7918460837BD46D3
:1009800080BD00BFF80700248CFB0608A4FB060806
:10099000BCFB06080000025800140058D4FB0608EF
:1009A000ECFB060880B500AF064B05221A70054B1C
:1009B00006221A70044A002100200FF0B9FE00231D
:1009C000184680BDF807002404FC060880B500AF77
:1009D00000F04CF900BF80BD80B5C2B000AF07F594
:1009E0008473A3F58273186007F58473A3F5847389
:1009F000196007F58473A3F5847307F108001B6879
:100A0000054A4FF480712DF0E9FE00BF00BF07F5E5
:100A10008477BD4680BD00BF1CFC060880B5C0B011
:100A200000AF3B46054A4FF4807118462DF0D6FEC4
:100A300000BF00BF07F58077BD4680BD38FC0608C3
:100A400080B500AF032000F003F800BF80BD0000B8
:100A500080B483B000AF0346FB71FB79032B0BD846
:100A600001A252F823F000BF790A0408790A0408A9
:100A7000790A0408790A040800BF00BF0C37BD4694
:100A80005DF8047B704700BF80B400AF03231846B5
:100A9000BD465DF8047B704780B483B000AF034669
:100AA000FB71064AFB791370054B00221A7000BFD8
:100AB0000C37BD465DF8047B704700BFFB07002480
:100AC000FC07002480B400AF034B1B781846BD46DA
:100AD0005DF8047B704700BFFB07002480B483B03F
:100AE00000AF0346FB71FB795C2B06D10E4B1B78E4
:100AF0000133DAB20C4B1A7002E00B4B00221A7071
:100B0000094B1B78092B07D9084B00221A70064B9A
:100B100000221A70012300E0002318460C37BD465E
:100B20005DF8047B704700BFFC070024FB0700242E
:100B300080B483B000AF786039607B681A693B6825
:100B400013403A689A4201D1012300E0002318467D
:100B50000C37BD465DF8047B704780B483B000AFAE
:100B6000786039607B683A689A6100BF0C37BD468F
:100B70005DF8047B704780B483B000AF7860396063
:100B80003B681A047B689A6100BF0C37BD465DF86C
:100B9000047B704780B584B000AF0346FB71FB79DE
:100BA000FB73FB7B1946034801F04CFE00BF103776
:100BB000BD4680BD0010014080B584B000AF7860B4
:100BC000174B1B680A2118461AF004FB0346012B39
:100BD00021D10023FB6014E0124AFB6852F8333045
:100BE00079681846FFF77CFB0346002B06D10D4AB7
:100BF000FB68DB00134401221A7105E0FB68013336
:100C0000FB60FB68022BE7DD054B18680023002220
:100C100000211AF03BF800BF1037BD4680BD00BF71
:100C2000CC3000249804002480B582B000AF7860F6
:100C30000B4A022100200FF07BFD00F05FF8034615
:100C4000002B07D0074A042101200FF0CBFC064BF4
:100C500002225A7000201BF0D7F800BFFDE700BF4A
:100C600060FC060874FC06080008002480B586B005
:100C700004AF0F4B02930F4B019305230093002306
:100C80004FF4A0620C490D481AF00BFF78607B68A6
:100C9000002B06D10A4A052101200FF0A3FC00BF5A
:100CA000FDE71BF0DFFA00BF0837BD4680BD00BF7F
:100CB00070300024701C00249CFC0608290C0408D9
:100CC000ACFC060880B500AF012019F0C6FF034652
:100CD000084A1360074B1B68002B02D100BF012399
:100CE00005E00022044902200FF030FD00231846E1
:100CF00080BD00BFCC300024C8FC060880B584B09D
:100D000002AF0123FB71FFF73FFD0346FB71FB7947
:100D1000002B05D0B14A052101200FF063FC04E04F
:100D2000AF4A002100200FF05DFCFFF789FD03466C
:100D3000FB71FB79002B05D0AA4A052101200FF099
:100D400051FC04E0A84A002100200FF04BFCFFF703
:100D5000CDFD0346FB71FB79002B05D0A34A05218D
:100D600001200FF03FFC04E0A14A002100200FF019
:100D700039FCFFF717FE0346FB71FB79002B05D00A
:100D80009C4A052101200FF02DFC04E09A4A002125
:100D900000200FF027FC08F011F80AF0DFFC08F043
:100DA0005FFDFB79002B05D0944A052101200FF04F
:100DB00019FC04E0924A002100200FF013FCFB799B
:100DC0001A4603212D201DF0EFFFFFF77BFF0BF0EC
:100DD00023FC01200BF0A4FC8A4821F0EBF807F07B
:100DE00083FFC8201BF03CF907F0FCFE00230193B1
:100DF0000123009300234FF42062834983481AF0B3
:100E0000B4FE0346012B01D001238EE100230193A0
:100E10000123009300234FF420627D497D481AF09E
:100E2000A4FE0346012B01D001237EE100230193A0
:100E30000123009300234FF4A062774977481AF00A
:100E400094FE0346012B01D001236EE100230193A0
:100E50000123009300234FF42072714971481AF066
:100E600084FE0346012B01D001235EE16E4801F0B0
:100E700009FB034600220192012200924FF42062F6
:100E80006A496B481AF071FE0346012B01D0012319
:100E90004BE1684801F0F6FA034600220192012274
:100EA00000924FF42062644964481AF05EFE0346E3
:100EB000012B01D0012338E100230193012300938A
:100EC00000234FF4A0625E495E481AF04EFE0346CE
:100ED000012B01D0012328E100230193012300937A
:100EE00000238022584959481AF03FFE0346012B3F
:100EF00001D0012319E10023019301230093002372
:100F00008022534953481AF030FE0346012B01D08A
:100F100001230AE1002301930123009300234FF4EE
:100F200020624D494D481AF020FE0346012B01D0A6
:100F30000123FAE0002301930123009300234FF4DF
:100F40002062474947481AF010FE0346012B01D0A2
:100F50000123EAE0002301930123009300234FF4CF
:100F60002062414941481AF000FE0346012B01D09E
:100F70000123DAE0002301930123009300234FF4BF
:100F800080723B493B481AF0F0FD0346012B01D02B
:100F90000123CAE0384801F075FA034600220192A5
:100FA000012200924FF42062344935481AF0DDFDE9
:100FB0000346012B01D00123B7E000230193012355
:100FC000009300234FF480722E492F481AF0CDFD74
:100FD0000346012B5AD00123A7E000BF04FD0608F9
:100FE00024FD060838FD060858FD060868FD0608B9
:100FF00088FD060898FD0608B4FD0608C8FD060829
:10100000DCFD060860080024E8FD0608C514040895
:10101000F4FD06087914040804FE06081D090508F5
:101020000CFE06085D1104080044004018FE060886
:10103000ED1304080078004024FE0608111304088C
:101040002CFE0608A911040838FE0608F11404084D
:1010500040FE06082515040848FE060865D3040866
:1010600058FE060855D5040864FE060855D704083E
:1010700070FE060859150408001001407CFE0608A1
:101080000112040888FE0608751504080023019360
:101090000123009300234FF48072264926481AF05A
:1010A00064FD0346012B01D001233EE000230193A0
:1010B0000123009300234FF42072204920481AF0A6
:1010C00054FD0346012B01D001232EE000230193A0
:1010D0000123009300234FF4A0621A491A481AF022
:1010E00044FD0346012B01D001231EE000230193A0
:1010F0000123009300234FF48072144914481AF01E
:1011000034FD0346012B01D001230EE001201AF02B
:10111000A7FF1049104801F03BFF07F035FB002204
:1011200001212D201DF040FE002318460837BD4642
:1011300080BD00BF98FE060855160408A8FE0608E4
:10114000252C0408B8FE060849D90408C4FE060880
:101150008D160408950B04080408002480B582B09D
:1011600000AF786010F052FF0D4B1B6801330C4A42
:1011700013600B4B1B68B3F5E15F0CD9084B0022E1
:101180001A6011F07FF80346002B04D100220549B4
:1011900002200FF0DBFA4FF47A701AF061FFE1E7FA
:1011A000B4040024D0FE060880B584B000AF786097
:1011B000114802F0D1F90346FB73FB7B032B02D0ED
:1011C000FB7B042B13D10C4B1B6A012B09D105F0BF
:1011D000CDFC03460949184605F072FE064B002275
:1011E0001A6205F0C3FC0346184605F0D8FD6420DA
:1011F0001AF036FFDCE700BF04080024E0FE060812
:1012000080B586B000AF78607B687B617B695B6E80
:101210004FF0FF31184619F0DDFF0346012B6DD169
:1012200062E0FFF74FFC0346FB73FB7B022B15D1FB
:101230003B69DBB21946334801F004FB3B69DBB282
:101240001846FFF74BFC0346002B4DD005F08EFCF3
:1012500003462D49184605F033FE45E0FB7B042B81
:101260001ED13B69DBB21846FFF738FC0346002B62
:1012700006D005F07BFC03462349184605F020FE06
:1012800005F074FC02463B69DBB21946104605F0D6
:1012900063FD05F06BFC0346184605F080FD23E076
:1012A0001A4802F059F90346BB73BB7B032B02D0EB
:1012B000BB7B042B12D1154801F058FE05F056FCFB
:1012C00002463B69DBB21946104605F045FD05F0C4
:1012D0004DFC0346184605F062FD05E03B69DBB2B4
:1012E00019460A4801F064FF7B691B68184601F043
:1012F00017FC38613B69B3F1FF3F92D101201AF02E
:10130000AFFE83E700780040E4FE060804080024EE
:1013100080B588B000AF78607B68FB61FB695B6E6D
:101320000021184619F056FF0346012B56D1FFF74E
:10133000C9FB0346FB76FB7E012B11D105E0BB68A0
:10134000DBB21946274801F07DFAFB691B68184695
:1013500001F0E6FBB860BB68B3F1FF3FEFD13DE0C1
:10136000FB7E022B11D105E0FB68DBB219461E485B
:1013700001F068FAFB691B68184601F0D1FBF860C0
:10138000FB68B3F1FF3FEFD128E0FB7E032B11D1C7
:1013900005E03B69DBB21946124801F053FAFB69DC
:1013A0001B68184601F0BCFB38613B69B3F1FF3F95
:1013B000EFD113E0FB7E042B10D105E07B69DBB29B
:1013C0001946094801F03EFAFB691B68184601F00E
:1013D000A7FB78617B69B3F1FF3FEFD101201AF0E1
:1013E0003FFE9BE7004400400010014080B586B0FE
:1013F00000AF78607B687B617B695B6E4FF0FF318B
:10140000184619F0E7FE0346012B2CD1FFF75AFBD3
:101410000346FB74FB7C012B11D105E0BB68DBB2FA
:101420001946134801F00EFA7B691B68184601F053
:1014300077FBB860BB68B3F1FF3FEFD113E0FB7CF3
:10144000032B10D105E0FB68DBB21946094801F017
:10145000F9F97B691B68184601F062FBF860FB68CC
:10146000B3F1FF3FEFD101201AF0FAFDC4E700BF4E
:10147000007800400044004080B584B000AF786040
:10148000FFF720FB0346FB73FB7B002B0CD10A48C4
:1014900001F067FB0346002B03D0084821F07CF8DD
:1014A00002E0064821F078F80548FFF785FB0220A6
:1014B0001AF0D6FDE4E700BF0044004060080024B5
:1014C00054FC060880B584B000AF7860FFF7FAFAE4
:1014D0000346FB73FB7B002B01D108F0F3F90348B3
:1014E000FFF76AFB02201AF0BBFDEFE750FC06088D
:1014F00080B582B000AF78604FF480710848FFF784
:101500003AFB4FF47A701AF0ABFD4FF48071044847
:10151000FFF723FB4FF47A701AF0A2FD00BFEBE750
:10152000000C025880B582B000AF78604FF40071B3
:101530000848FFF712FB4FF47A701AF091FD4FF450
:1015400000710448FFF717FB4FF47A701AF088FD1A
:1015500000BFEBE7000C025880B582B000AF7860A6
:101560000348FFF729FB64201AF07AFD00BFF7E774
:101570005CFC0608B0B58CB004AF78604FF4FA702C
:101580001AF06EFD0123FB612D4B1B6832211846BA
:1015900019F020FE0346012B48D10023BB6127E050
:1015A000284ABB69DB0013441B79002B1DD10023A3
:1015B000FB610022244903200FF0C8F807F10C0357
:1015C000184610F0D9FD3B7B18467B7B1C46BB7B45
:1015D0001D46FB7B3A7C797C0291019200932B465D
:1015E000224601462E201DF0DFFBBB690133BB61A3
:1015F000BB69022BD4DDFB69DAB2144B1A700023ED
:101600007B6108E00F4A7B69DB00134400221A71FA
:101610007B6901337B617B69022BF3DD084B186822
:1016200000230022002119F031FBA7E7002208491E
:1016300004200FF08BF8054B00221A709EE700BFC4
:10164000CC3000249804002430FF0608B0040024A5
:1016500044FF060880B582B000AF78600A4B1B7863
:10166000DBB2002B01D00FF03FFB0FF059FB03461C
:10167000012B03D1C8201AF0F3FCEFE74FF41670EA
:101680001AF0EEFCEAE700BFB004002480B58AB08F
:1016900000AF78604FF480614148FFF749FA034694
:1016A000002B0CBF01230023DBB287F827301AF090
:1016B00039FF38620023FB770BF048FE0346002B0E
:1016C00005D10023FB7764201AF0CAFC66E04FF4D2
:1016D00080613348FFF72CFA0346002B0CBF01232F
:1016E0000023DBB2BB771AF01DFFB861BA7F97F811
:1016F00027309A4205D0BB7F87F82730BB693B6211
:1017000049E0BA693B6AD31A7B61BB7F002B36D0B4
:101710007B69632B33D9FB7F002B30D10023FB7314
:1017200007F10F0207F110031146184608F0E2FF17
:101730000346002B09D0002300221421194820F071
:101740007FFE0120FFF7A8F913E007F10F0207F170
:1017500010031146184608F0CDFF0346002B08D0B1
:101760000023002214210F4820F06AFE0120FFF719
:1017700093F90120FFF790F90123FB770BE0BB7F82
:10178000002B08D17B69632B05D90020FFF784F972
:1017900000200BF0C1FD0A201AF062FC8CE700BFAC
:1017A000001002586008002480B483B000AF786055
:1017B0007B689B6903F00103012B01D1012300E049
:1017C000002318460C37BD465DF8047B704780B493
:1017D00083B000AF78607B689B6903F00203022B43
:1017E00001D1012300E0002318460C37BD465DF807
:1017F000047B704780B483B000AF78607B689B69DE
:1018000003F00403042B01D1012300E00023184658
:101810000C37BD465DF8047B704780B483B000AFE1
:1018200078607B689B6903F01003102B01D10123C2
:1018300000E0002318460C37BD465DF8047B704776
:1018400080B483B000AF78607B689B6903F4004389
:10185000B3F5004F01D1012300E0002318460C37F7
:10186000BD465DF8047B704780B483B000AF7860FC
:1018700039607B685B6823F400423B681A437B68ED
:101880005A6000BF0C37BD465DF8047B704700000E
:1018900080B487B000AFF860B9607A603B60BB6825
:1018A000C3F309027B6803F400631A433B681B041B
:1018B00003F47F031A433B6A1A437B6A134323F002
:1018C00000437B61FB685A687B6A5B0D03F48061AF
:1018D000064B0B43DB431A407B691A43FB685A6093
:1018E00000BF1C37BD465DF8047B7047FF7BFF03DC
:1018F00080B483B000AF78607B685B6ADBB2184667
:101900000C37BD465DF8047B704780B483B000AFF0
:1019100078600B46FB70FA787B689A6200BF0C37E0
:10192000BD465DF8047B704780B588B002AFF860B3
:101930007B600B46FB721346BB7210F017FE3861DA
:101940000DE010F013FE02463B69D31A0A2B06D9AC
:10195000FB681B68184621F0ADFD022396E0FB688A
:101960001B681846FFF76CFF0346002BE9D1FB68A4
:101970001868FB7A590097F8203001331A46454B16
:1019800001934FF00073009313460022FFF780FF8E
:1019900010F0ECFD386117E0FB681B681846FFF794
:1019A0003CFF0346002B01D001236FE010F0DEFD69
:1019B00002463B69D31A0A2B06D9FB681B681846F6
:1019C00021F078FD032361E0FB681B681846FFF7F0
:1019D000FEFE0346002BDFD0FB681B68BA7A114677
:1019E0001846FFF792FF0023FB752FE010F0BEFDB5
:1019F000386117E0FB681B681846FFF70EFF0346C7
:101A0000002B01D0012341E010F0B0FD02463B69FC
:101A1000D31A0A2B06D9FB681B68184621F04AFD29
:101A2000032333E0FB681B681846FFF7D0FE03462C
:101A3000002BDFD0FB681868FB7D7A6813441B78A5
:101A40001946FFF762FFFB7D0133FB75FA7D97F8BE
:101A500020309A42CAD310F089FD38610DE010F0B1
:101A600085FD02463B69D31A0A2B06D9FB681B6821
:101A7000184621F01FFD032308E0FB681B68184689
:101A8000FFF792FE0346002BE9D0002318461837D3
:101A9000BD4680BD0020008090B589B002AFF860DF
:101AA0007B600B46FB721346BB7210F05FFD386122
:101AB0000DE010F05BFD02463B69D31A0A2B06D9F4
:101AC000FB681B68184621F0F5FC0223B8E0FB68B0
:101AD0001B681846FFF7B4FE0346002BE9D1FB68EC
:101AE0001868FB7A5900584B019300230093012397
:101AF0000022FFF7CDFE10F039FD386117E0FB68DA
:101B00001B681846FFF789FE0346002B01D001230E
:101B100096E010F02BFD02463B69D31A0A2B06D93A
:101B2000FB681B68184621F0C5FC032388E0FB68AE
:101B30001B681846FFF74BFE0346002BDFD0FB68FF
:101B40001B68BA7A11461846FFF7DFFE10F00EFD4B
:101B5000386117E0FB681B681846FFF75EFE034616
:101B6000002B01D001236BE010F000FD02463B6921
:101B7000D31A0A2B06D9FB681B68184621F09AFC79
:101B800003235DE0FB681B681846FFF70DFE034664
:101B9000002BDFD0FB681B6800211846FFF764FEAE
:101BA000FB681868FB7A5900FB7A5B0043F001037D
:101BB0001C4697F82830254A01924FF00072009297
:101BC0002246FFF765FE10F0D1FC38610023FB755B
:101BD00030E010F0CBFC386117E0FB681B6818465A
:101BE000FFF71BFE0346002B01D0012328E010F075
:101BF000BDFC02463B69D31A0A2B06D9FB681B6859
:101C0000184621F057FC03231AE0FB681B681846AE
:101C1000FFF7F0FD0346002BDFD0FB681968FB7D62
:101C20007A68D4180846FFF763FE03462370FB7DED
:101C30000133FB75FA7D97F828309A42C9D3002307
:101C400018461C37BD4690BD00200080002400804F
:101C500080B584B000AF78600023FB60786800F046
:101C600095F8786800F00BF80346002B02D06FF06F
:101C70000303FB60FB6818461037BD4680BD80B586
:101C800084B000AF78600023FB73786824F0F2FE24
:101C90000346002B01D00123FB73FB7B1846103752
:101CA000BD4680BD80B586B000AFF860B9607A608F
:101CB0003B603B687A68B968F86824F0D7FF034650
:101CC000002B03D06FF003037B6101E000237B61F5
:101CD0007B6918461837BD4680BD80B586B000AF19
:101CE000F860B9607A603B603B687A68B968F86808
:101CF00025F080F80346002B03D06FF003037B61CF
:101D000001E000237B617B6918461837BD4680BD22
:101D100080B582B000AF7860786825F07FFE03461A
:101D2000042B14BF01230023DBB218460837BD463D
:101D300080BD80B584B000AF78603960396878685C
:101D400025F07CFC0346002B03D06FF00303FB60FF
:101D500001E00023FB60FB6818461037BD4680BDDC
:101D600080B582B000AF7860786818F01BFB00BFC8
:101D70000837BD4680BD80B582B000AF7860786816
:101D800018F03AFB00BF0837BD4680BD80B582B071
:101D900000AF7860786822F041FF00BF0837BD4689
:101DA00080BD80B483B000AF78607B681B6803F0AF
:101DB0000103012B01D1012300E0002318460C3759
:101DC000BD465DF8047B704780B483B000AF786097
:101DD0007B685B6903F00103012B01D1012300E063
:101DE000002318460C37BD465DF8047B704780B46D
:101DF00083B000AF78607B685B6903F48053B3F510
:101E0000805F01D1012300E0002318460C37BD4656
:101E10005DF8047B704780B483B000AF78607B6866
:101E200030331B78DBB218460C37BD465DF8047BB7
:101E3000704780B483B000AF78600B46FB707B685E
:101E40002033FA781A7000BF0C37BD465DF8047B6A
:101E5000704780B586B000AFF8600B467A60FB72C1
:101E6000F868FFF79EFF0346002B01D1012335E000
:101E700010F07CFB7861FB7A1946F868FFF7D9FF10
:101E800008E010F073FB02467B69D31A0A2B01D9D4
:101E9000032323E0F868FFF7AAFF0346002BF0D0E6
:101EA00010F064FB786108E010F060FB02467B698B
:101EB000D31A0A2B01D9032310E0F868FFF784FF37
:101EC0000346002BF0D07B68002B06D0F868FFF7A4
:101ED000A2FF03461A467B681A700023184618377B
:101EE000BD4680BD80B584B000AF78600B46FB7006
:101EF0007868FFF756FF0346002B01D101231BE052
:101F000010F034FBF860FB7819467868FFF791FF12
:101F100008E010F02BFB0246FB68D31A0A2B01D90C
:101F2000032309E07868FFF762FF0346002BF0D037
:101F30007868FFF770FF002318461037BD4680BD54
:101F400080B582B000AF0346FB71FB79002B10D146
:101F5000FB79002B06D14FF48062002107482CF05A
:101F60003FFD07E04FF48062002105482CF038FD6A
:101F700000E000BF0837BD4680BD00BF00F8003854
:101F800000FC003880B582B000AF0346FB71FB79DE
:101F9000002B04D1FB791846FFF7D2FF00E000BF09
:101FA0000837BD4680BD80B483B000AF78607B68E1
:101FB0001B6843F001027B681A6000BF0C37BD4606
:101FC0005DF8047B704780B483B000AF78607B68B5
:101FD0001B6823F001027B681A6000BF0C37BD4606
:101FE0005DF8047B704780B483B000AF78607B6895
:101FF000DB6903F00203022B01D1012300E000237F
:1020000018460C37BD465DF8047B704780B483B03A
:1020100000AF78607B68DB6903F00403042B01D117
:10202000012300E0002318460C37BD465DF8047B11
:10203000704780B483B000AF78607B68DB6903F0E1
:102040000803082B01D1012300E0002318460C37B8
:10205000BD465DF8047B704780B483B000AF786004
:102060007B68DB6903F08003802B01D1012300E052
:10207000002318460C37BD465DF8047B704780B4DA
:1020800083B000AF78607B6802221A6200BF0C3711
:10209000BD465DF8047B704780B483B000AF7860C4
:1020A0007B6804221A6200BF0C37BD465DF8047BD2
:1020B000704780B483B000AF78607B6808221A62F2
:1020C00000BF0C37BD465DF8047B704780B489B013
:1020D00000AF78607B68FB60FB6853E8003FBB6043
:1020E000BB6843F01003FB617B68FA69BA617B61EE
:1020F0007969BA6941E800233B613B69002BE9D16A
:1021000000BF00BF2437BD465DF8047B704780B434
:1021100089B000AF78607B68FB60FB6853E8003FE4
:10212000BB60BB6843F08003FB617B68FA69BA61FE
:102130007B617969BA6941E800233B613B69002B07
:10214000E9D100BF00BF2437BD465DF8047B70476E
:1021500080B489B000AF78607B68FB60FB6853E8AF
:10216000003FBB60BB6823F08003FB617B68FA69BA
:10217000BA617B617969BA6941E800233B613B69D7
:10218000002BE9D100BF00BF2437BD465DF8047BBA
:10219000704780B483B000AF78607B681B6803F041
:1021A0008003802B01D1012300E0002318460C3767
:1021B000BD465DF8047B704780B489B000AF78609D
:1021C0007B680833FB60FB6853E8003FBB60BB687B
:1021D00043F04003FB617B680833FA69BA617B61B5
:1021E0007969BA6941E800233B613B69002BE7D17B
:1021F00000BF00BF2437BD465DF8047B704780B444
:1022000085B000AF786039603B68002B03D17B68F4
:102210002833FB6002E07B682433FB60FB681846D0
:102220001437BD465DF8047B704780B483B000AFBF
:1022300078600B46FB70FA787B689A6200BF0C37B7
:10224000BD465DF8047B704780B485B000AF786010
:1022500039607B68FB600C4A3B6813441B781A4664
:10226000FB6813441B6808493A680A44127811460F
:10227000FA680A4443F00103136000BF1437BD46F7
:102280005DF8047B704700BFECA1070880B485B0FF
:1022900000AF786039607B68FB600C4A3B68134490
:1022A0001B781A46FB6813441B6808493A680A44BD
:1022B00012781146FA680A4423F00103136000BF44
:1022C0001437BD465DF8047B704700BFECA10708DA
:1022D00080B487B000AFF860B9607A60FB687B615A
:1022E0000D4ABB6813441B781A467B6913445A682D
:1022F0000A4B13400849BA680A44127811467A69B1
:102300000A4411467A6813434B6000BF1C37BD4630
:102310005DF8047B704700BFECA107080000FFFFD9
:1023200080B485B000AF786039607B68FB60074A95
:102330003B6813441B781A46FB6813445B689BB2E6
:1023400018461437BD465DF8047B7047ECA10708BA
:1023500080B487B000AFF860B9607A60FB687B61D9
:10236000074ABB6813441B781A467B6913441A4614
:102370007B68D36000BF1C37BD465DF8047B7047A7
:10238000ECA1070880B487B000AFF860B9607A604C
:10239000FB687B61074ABB6813441B781A467B695C
:1023A00013441A467B68936000BF1C37BD465DF836
:1023B000047B7047ECA1070880B485B000AF78605B
:1023C00039607B68FB600C4A3B6813441B781A46F3
:1023D000FB6813441B6808493A680A44127811469E
:1023E000FA680A4443F00803136000BF1437BD467F
:1023F0005DF8047B704700BFECA1070880B485B08E
:1024000000AF786039607B68FB600C4A3B6813441E
:102410001B781A46FB6813441B6808493A680A444B
:1024200012781146FA680A4443F00403136000BFAF
:102430001437BD465DF8047B704700BFECA1070868
:1024400080B485B000AF786039607B68FB600C4A6F
:102450003B6813441B781A46FB6813441B68084901
:102460003A680A4412781146FA680A4443F01003A5
:10247000136000BF1437BD465DF8047B704700BF92
:10248000ECA1070880B485B000AF78600023FB6042
:1024900015E01049FA6813465B019B1A9B000B4438
:1024A0001B687A689A4207D1FA6813465B019B1A47
:1024B0009B00084A134406E0FB680133FB60FB689D
:1024C000022BE6DD002318461437BD465DF8047B79
:1024D000704700BFB8040024B0B584B002AF002339
:1024E0007B6022E0B5497A6813465B019B1A9B002A
:1024F0000B441B681846FFF766FDB0497A6813461F
:102500005B019B1A9B000B4468331868AB497A68DF
:1025100013465B019B1A9B000B446C331B681946E6
:10252000FFF7B4FE7B6801337B607B68022BD9DD4B
:102530004FF400630093A24BA24A0121A2480FF07E
:10254000BCFE4FF400630093A04BA14A0221A148B6
:102550000FF0B3FE03220021012018F0ECFA03462D
:10256000964A5366954B9C6E944BDD6E01219A48BA
:10257000FFF745FE03461A4629462046FFF702FFAD
:102580008E4B9B6E8D4AD16E8C4AB2F874201846E1
:10259000FFF79EFE894B9B6E884AD16E874A126F69
:1025A0001846FFF7D5FE854B9B6E844AD26E1146C6
:1025B0001846FFF745FF814B9B6E804AD26E11464D
:1025C0001846FFF7F9FE7D4B9B6E7C4AD26E114692
:1025D0001846FFF713FF8048FFF7EEFD774B9B6E21
:1025E000764AD26E11461846FFF72EFE7A48FFF75C
:1025F0006DFD4FF480530093784B794A052179485B
:102600000FF05BFE4FF480530093774B774A06211F
:1026100077480FF052FE03220021012018F08BFAB8
:102620000346664AC2F8E030644BD3F8E440634B9B
:10263000D3F8E85001216F48FFF7E1FD03461A4641
:1026400029462046FFF79EFE5C4BD3F8E4305B4AF8
:10265000D2F8E810594AB2F8F0201846FFF738FED1
:10266000564BD3F8E430554AD2F8E810534AD2F822
:10267000EC201846FFF76CFE504BD3F8E4304F4A7D
:10268000D2F8E82011461846FFF7DAFE4B4BD3F894
:10269000E4304A4AD2F8E82011461846FFF78CFE8B
:1026A000464BD3F8E430454AD2F8E82011461846A4
:1026B000FFF7A4FE4F48FFF77FFD404BD3F8E4300F
:1026C0003E4AD2F8E82011461846FFF7BDFD4948BA
:1026D000FFF7FCFC4FF440630093474B474A0B2144
:1026E00047480FF0EAFD4FF440630093454B464ADC
:1026F0000C2146480FF0E1FD03220021012018F0D3
:102700001AFA03462D4AC2F85C312C4BD3F86041CB
:102710002A4BD3F8645101213D48FFF770FD034671
:102720001A4629462046FFF72DFE244BD3F8603188
:10273000224AD2F86411214AB2F86C211846FFF7F8
:10274000C7FD1E4BD3F860311C4AD2F864111B4AF6
:10275000D2F868211846FFF7FBFD184BD3F860311B
:10276000164AD2F8642111461846FFF769FE134B4A
:10277000D3F86031114AD2F8642111461846FFF7A8
:102780001BFE0E4BD3F860310C4AD2F8642111467F
:102790001846FFF733FE1E48FFF70EFD074BD3F830
:1027A0006031064AD2F8642111461846FFF74CFD05
:1027B0001748FFF78BFC00233B6039E0B804002486
:1027C000D038002470FF0608BC040024D040002448
:1027D0007CFF0608EC04002400100140D0580024BF
:1027E00088FF060838050024D068002494FF0608F6
:1027F0006805002400440040D0840024A0FF06089F
:10280000B4050024D0900024ACFF0608E4050024A1
:10281000007800400A493A6813465B019B1A9B0006
:102820000B441B681846FFF7BEFB3B6801333B6057
:102830003B68022BEEDD002318460837BD46B0BDCD
:10284000B804002480B584B000AF78600B46FB70FC
:102850007868FFF717FEB860BB68002B1FD0134BDA
:10286000FB6005E0FB68013BFB60FB68002B18D0B8
:10287000BB683433FA78114618460FF051FD034611
:1028800083F00103DBB2002BECD17868FFF781FC09
:102890000346002B06D17868FFF739FC02E000BF41
:1028A00000E000BF1037BD4680BD00BF20A107007B
:1028B00080B584B000AF786039607868FFF7E2FDDA
:1028C000F860FB68002B11D03B68002B0ED008E0AD
:1028D0003B681B7819467868FFF7B4FF3B68013303
:1028E0003B603B681B78002BF2D100E000BF103743
:1028F000BD4680BD80B584B000AF78607868FFF7D2
:10290000C1FDF860FB68002B75D0FB681B68DB69B4
:1029100003F00203002B03D0FB681B6802221A623B
:10292000FB681B68DB6903F00403002B03D0FB6822
:102930001B6804221A62FB681B68DB6903F480537E
:10294000002B04D0FB681B684FF480521A62FB68AE
:102950001B68DB6903F40033002B04D0FB681B68A1
:102960004FF400321A62FB681B681846FFF73BFB06
:102970000346002B04D0FB681B681846FFF77FFB5B
:10298000FB681B681846FFF741FB0346002B04D089
:10299000FB681B681846FFF77FFBFB681B6818463F
:1029A000FFF747FB0346002B04D0FB681B68184663
:1029B000FFF77FFB7868FFF74FFB0346002B1BD028
:1029C0007868FFF7E6FB0346002B15D0FB6834332D
:1029D00007F10B02114618460FF0E8FC0346002BE6
:1029E00005D0FB7A19467868FFF71FFC04E0786889
:1029F000FFF7AEFB00E000BF1037BD4680BD000012
:102A000080B58AB000AF78600023BB607868FFF7BC
:102A100039FDB861BB69002B7CD0BB699B6F7B61C2
:102A2000BB699A6EBB69DB6E19461046FFF778FCEE
:102A300003467B82BB69B3F874301A467B8AD31A8B
:102A4000FB60FA687B699A4265D0FA687B699A42B2
:102A500014D97B697B620CE0BB69181DBB691A6FD6
:102A60007B6A13441B7819460FF05AFC7B6A0133CA
:102A70007B627A6AFB689A42EED32AE07B693B620A
:102A80000CE0BB69181DBB691A6F3B6A13441B78C5
:102A900019460FF045FC3B6A01333B62BB69B3F852
:102AA00074301A463B6A9342EBD30023FB610CE07F
:102AB000BB69181DBB691A6FFB6913441B78194663
:102AC0000FF02EFCFB690133FB61FA69FB689A4247
:102AD000EED3BB695B6E07F108021146184618F089
:102AE000DFF9BB68002B07D00C4B4FF080521A6007
:102AF000BFF34F8FBFF36F8FBB69FA689A67BB69EB
:102B00009B6FBA69B2F87420934204D1BB6900226A
:102B10009A6700E000BF2837BD4680BD04ED00E0A5
:102B200080B584B000AF78607868FFF7ABFCF860E0
:102B3000FB68002B02D14FF0FF330EE0FB6804333B
:102B400007F10B02114618460FF030FC0346002B2C
:102B500001D0FB7A01E04FF0FF3318461037BD4635
:102B600080BD80B584B000AF78607868FFF78AFCDC
:102B7000F860FB68002B01D1002305E0FB680433FB
:102B800018460FF090FC034618461037BD4680BD2E
:102B900080B584B000AF78607868FFF773FCF860A8
:102BA000FB68002B01D1002306E0FB683433184694
:102BB0000FF03DFC034600BF18461037BD4680BDF0
:102BC00080B483B000AF786039607B681A693B6875
:102BD00013403A689A4201D1012300E000231846CD
:102BE0000C37BD465DF8047B704780B483B000AFFE
:102BF000786039607B683A689A6100BF0C37BD46DF
:102C00005DF8047B704780B483B000AF78603960B2
:102C10003B681A047B689A6100BF0C37BD465DF8BB
:102C2000047B7047F0B58DB004AF786019F07AFC82
:102C300003463B614FF400414B48FFF7E4FF00239C
:102C4000FB7719F06FFCB8610DE04FF40061474865
:102C5000FFF7B6FF0346002B02D10123FB770AE002
:102C6000322019F0FDF919F05DFC0246BB69D31A58
:102C7000B3F5FA7FE9D34FF400413B48FFF7B5FFC6
:102C80000023BB7719F04EFCB8610DE04FF40061F2
:102C90003648FFF795FF0346002B02D00123BB7790
:102CA0000AE0322019F0DCF919F03CFC0246BB695D
:102CB000D31AB3F5FA7FE9D3FB7F002B06D0BB7F95
:102CC000002B03D02A4B00221A8010E0284B1B88CF
:102CD0001946274B1B881B0A9BB21A463D201CF045
:102CE00063F8234B1B8801339AB2214B1A80204B87
:102CF0001B88772B30D907F1080318460FF03CFAF0
:102D0000BB7A03F5FA63FB823B7A1D467B7A1E464B
:102D1000FA8AFB8A1B0A9BB2F97A387B7C7B039484
:102D20000290019100931346324629463E201CF042
:102D30003BF800220F4904200DF008FD80210E48C9
:102D4000FFF761FF642019F08BF980210A48FFF733
:102D50004CFF074B00221A8007F1100341F2883123
:102D6000184619F0F5F865E70014025800100258EB
:102D7000D09C0024B8FF06080018025880B400AFA9
:102D8000034B1B881846BD465DF8047B704700BFA7
:102D9000D09C002480B485B000AF78600D4BFB6000
:102DA0000CE07B685A1C7A601B781A46FB6853401B
:102DB000FB60FB68084A02FB03F3FB607B681B783F
:102DC000002BEED1FB6818461437BD465DF8047B36
:102DD000704700BFC59D1C819301000180B485B080
:102DE00000AF786039607A683B685340FB60FB68ED
:102DF0001B0CFA681343FB60FB681B0AFA68134359
:102E0000FB60FB68DBB2002B0CBF01230023DBB2AD
:102E100018461437BD465DF8047B704780B584B012
:102E200000AF78607868FFF7B5FFF860054BBB60CE
:102E3000B968F868FFF7D2FF034618461037BD4659
:102E400080BD00BFA37B47C580B584B000AF78606C
:102E50000DF090FFF8600023FB7207F10B020123D5
:102E60000021F8680EF07DF80346002B02D1FB7AB2
:102E7000102B07D91549786800F020F9144B01226E
:102E80001A6020E0FB7A002B16D0FB7A114A012150
:102E9000F8680EF066F80346002B05D1FB7A1A4657
:102EA0000C4B002199540EE00849786800F006F9AF
:102EB000074B01221A6006E00449786800F0FEF82A
:102EC000034B01221A601037BD4680BDDCFF0608A7
:102ED000E89C0024D49C002480B584B000AF7860C6
:102EE0000E4B1B68012B0BD17868FFF753FFF8607E
:102EF0000B4BBB60B968F868FFF770FF034609E049
:102F000008497868FDF7ECF90346002B01D101234D
:102F100000E0002318461037BD4680BDE89C002421
:102F2000A37B47C5D49C002480B582B000AF7860F5
:102F30007B6893F82830042B10D17B685B6D5A1C9A
:102F40007B685A657B685B6D064A934206D3786856
:102F500000F068F80449786800F0B0F800BF08375E
:102F6000BD4680BDE09304001800070880B483B01C
:102F700000AF78607B6893F82830042B02D17B681F
:102F800000225A6500BF0C37BD465DF8047B7047D0
:102F900080B582B000AF786039607B683A689A6526
:102FA0007B6800221A627B6800225A627B680022DA
:102FB00083F828207B680022DA627B6800221A6589
:102FC0007B6800225A657B682022002118462BF07E
:102FD00007FD7B6830332022002118462BF000FDCE
:102FE0000B49786800F06AF80A49786800F066F8DA
:102FF0000949786800F062F80849786800F05EF8DE
:103000000749786800F05AF800BF0837BD4680BD10
:10301000440007084C000708540007086800070828
:103020007000070880B582B000AF78607B6801222D
:103030001A627B6800225A627B68002283F828208B
:103040007B680022DA627B6800221A657B680022B6
:103050005A657B682022002118462BF0C1FC7B6852
:1030600030332022002118462BF0BAFC0D49786835
:1030700000F024F80C49786800F020F80B497868D3
:1030800000F01CF80A49786800F018F809497868D7
:1030900000F014F80849786800F010F800BF08370D
:1030A000BD4680BD440007084C00070854000708CF
:1030B00068000708700007087400070880B582B030
:1030C00000AF7860396007E07B689A6D3B68591CF7
:1030D00039601B78184690473B681B78002BF3D16A
:1030E00000BF00BF0837BD4680BD000080B582B07C
:1030F00000AF78607B6893F82830002B37D17B686D
:1031000024491846FDF7ECF80346002B0BD17B68E9
:10311000012283F828207B680022DA621E49786841
:10312000FFF7CCFF31E07B681C491846FDF7D8F863
:103130000346002B0ED17868FFF786FE7B680222DB
:1031400083F828207B680022DA6213497868FFF749
:10315000B5FF1AE012497868FFF7B0FF11497868A7
:10316000FFF7ACFF10497868FFF7A8FF0DE07B6818
:1031700093F82830032B04D07B6893F82830042B75
:1031800003D10A497868FFF799FF00BF0837BD46A9
:1031900080BD00BF8C00070894000708A000070846
:1031A000A80007087000070874000708D400070883
:1031B000F0B59DB006AF78600B46FB707B6893F866
:1031C0002830012B05D07B6893F82830022B40F083
:1031D0003A810A22FB78934204D00D22FB78934275
:1031E00040F002817B681B6D7A681344002283F8EB
:1031F00030207B6893F82830012B5ED17B68303318
:103200001846FFF70BFE0346012B56D17B680322BD
:1032100083F82820A6497868FFF750FFA549786809
:10322000FFF74CFFA4497868FFF748FF07F1500308
:1032300018460EF0A1FF97F850301E4697F851300F
:1032400097F8522097F8531097F85400044697F8CF
:103250005500054607F10800049503940291019278
:1032600000933346954A40212BF0B8FA07F1080342
:1032700019467868FFF722FF8D497868FFF71EFF2F
:103280008F497868FFF71AFF8E497868FFF716FFB5
:103290008D497868FFF712FF8C497868FFF70EFFB9
:1032A0008B497868FFF70AFF85497868FFF706FFC2
:1032B0007F497868FFF702FF92E07B6893F8283037
:1032C000022B5ED17B6830331846FFF705FE0346BC
:1032D000012B56D17B68042283F828207449786832
:1032E000FFF7ECFE73497868FFF7E8FE79497868E4
:1032F000FFF7E4FE07F1480318460EF03DFF97F88C
:1033000048301E4697F8493097F84A2097F84B10F6
:1033100097F84C00044697F84D00054607F1080061
:10332000049503940291019200933346634A40212D
:103330002BF054FA07F1080319467868FFF7BEFE30
:103340005B497868FFF7BAFE5D497868FFF7B6FE1B
:103350005C497868FFF7B2FE5B497868FFF7AEFE1C
:103360005A497868FFF7AAFE59497868FFF7A6FE20
:1033700053497868FFF7A2FE4D497868FFF79EFE33
:103380002EE07B68DB6A5A1C7B68DA624849786801
:10339000FFF794FE7B68DB6A0322934214DB7B68B1
:1033A000002283F828204C497868FFF787FE4049BF
:1033B0007868FFF783FE3E497868FFF77FFE47494C
:1033C0007868FFF77BFE0BE045497868FFF776FEEB
:1033D00037497868FFF772FE42497868FFF76EFE5A
:1033E0007B6800221A65B2E07F22FB78934216D1F7
:1033F0007B681B6D002B40F3AA807B681B6D5A1EF7
:103400007B681A657B689B6D082098477B689B6D7D
:10341000202098477B689B6D0820984797E07B6841
:103420001B6D1E2B00F393807B681B6D591C7A6803
:1034300011657A681344FA7883F830207B689B6DB5
:103440002A20984783E07B6893F82830032B04D028
:103450007B6893F82830042B04D123497868FFF760
:103460002DFE75E00A22FB78934203D00D22FB78F3
:1034700093423BD17B685B6A7A680021D1547B68B8
:103480005B6A002B0ADD0A497868FFF717FE786847
:10349000FFF72CFE7B6800225A6259E004497868E5
:1034A000FFF70CFE0D497868FFF708FE50E000BFFB
:1034B00070000708E40007085001070878010708B2
:1034C000A4010708CC010708F40107081C0207083B
:1034D000440207086C0207089002070874000708F6
:1034E000BC02070894000708E40207087F22FB7863
:1034F00093421AD17B685B6A002B29DD7B685B6A8B
:103500005A1E7B685A627B685B6A7A680021D154D4
:103510007B689B6D082098477B689B6D20209847AF
:103520007B689B6D0820984712E07B685B6A1E2BC6
:103530000EDC7B685B6A591C7A6851627A68F9789C
:10354000D1547B689B6DFA781046984700E000BF25
:1035500000BF5C37BD46F0BD80B483B000AF78607B
:103560007B6893F8283018460C37BD465DF8047B1D
:103570007047000080B400AFBFF34F8F00BF064B11
:10358000DB6803F4E0620449044B1343CB60BFF3F0
:103590004F8F00BF00BFFDE700ED00E00400FA051B
:1035A00080B483B000AF786039607B683A689A6114
:1035B00000BF0C37BD465DF8047B704780B483B014
:1035C00000AF786039603B681A047B689A6100BF7D
:1035D0000C37BD465DF8047B704780B485B000AF02
:1035E00003460A46FB8013467B7141F22103BB81EF
:1035F0007B791BB21B021AB2B7F9063053401BB2DB
:10360000FB800023FB7313E0B7F90630002B09DAC7
:10361000B7F906305B001AB2B7F90C3053401BB251
:10362000FB8002E0FB885B00FB80FB7B0133FB73CC
:10363000FB7B072BE8D9FB8818461437BD465DF89D
:10364000047B704780B5A8B002AFF860B9607A60BB
:103650000121B86803F0F6FCC7F884000221B868BD
:1036600003F0F0FCC7F880000023A7F89630D7F8E5
:103670008430002B03D0D7F88030002B04D1A04930
:10368000F86803F01DFC38E1D7F884002AF0A6FEA4
:10369000F86700220021D7F880002AF0D3FFB8672E
:1036A000BB6F002B03D0BB6FB3F5483F0ED907F1BA
:1036B00010004FF44833934A64212BF08FF807F140
:1036C00010031946F86803F0FBFB16E1FDF7DCF97F
:1036D0000346032B1BD0FDF7D7F90346022B08D076
:1036E000FDF7D2F90346012B01D1874B02E0874B4E
:1036F00000E0874B07F11000864A64212BF06EF83A
:1037000007F110031946F86803F0DAFBF5E0022030
:10371000FDF79EF9FB6F032B6DD0FB6F032B00F3BE
:103720009C80FB6F012B03D0FB6F022B2CD094E00D
:103730000023C7F890301AE0D7F8903087F875303A
:10374000D7F89030744A134497F875201A7097F898
:103750007520B7F8963011461846FFF73EFF03462E
:10376000A7F89630D7F890300133C7F89030D7F8E3
:103770009020BB6F9A42DFD307F11000BB6F674AFE
:1037800064212BF02BF870E00023C7F88C3025E083
:10379000D7F88C10624BA3FB01239A0913465B00F8
:1037A00013445B01CA1AD3B2203387F87630D7F8B6
:1037B0008C30594A134497F876201A7097F876207F
:1037C000B7F8963011461846FFF707FF0346A7F8EB
:1037D0009630D7F88C300133C7F88C30D7F88C206E
:1037E000BB6F9A42D4D307F11000BB6F4D4A6421DE
:1037F0002AF0F4FF39E00023C7F8883020E02AF0EF
:10380000F1FD03465A42DBB2D2B258BF534287F8A9
:103810007730D7F88830404A134497F877201A70E9
:1038200097F87720B7F8963011461846FFF7D5FE7F
:103830000346A7F89630D7F888300133C7F88830A8
:10384000D7F88820BB6F9A42D9D307F11000BB6F1D
:10385000354A64212AF0C2FF07E03449F86803F0D2
:103860002FFB0320FDF7F4F847E04FF47A7018F0CF
:10387000F7FB0120FDF7ECF807F110031946F86893
:1038800003F01EFB244A244B1B7807F11000009321
:103890001346274A64212AF0A1FF07F110031946B5
:1038A000F86803F00DFBBB6F013B1B4A134419463C
:1038B000BB6F013B184A13441B7807F110000093BB
:1038C0000B461C4A64212AF089FF07F110031946B0
:1038D000F86803F0F5FAB7F8963007F11000164AC9
:1038E00064212AF07BFF07F110031946F86803F002
:1038F000E7FA1249F86803F0E3FA9837BD4680BD4D
:1039000070100708C0100708E8100708F41007082F
:10391000FC100708041107080000003028110708F0
:10392000ABAAAAAA5811070888110708AC11070802
:10393000DC110708001207082012070838120708D0
:1039400080B5AAB002AFF860B9607A600121B868AA
:1039500003F078FBC7F884001023C7F880300023F9
:10396000C7F89C300023A7F89A30D7F88430002B92
:1039700004D17C49F86803F0A3FAEFE000220021AB
:10398000D7F884002AF05EFEF86707F11400FB6F99
:10399000754A64212AF022FF07F114031946F868DA
:1039A00003F08EFA714A07F11400704B009313462E
:1039B0006F4A64212AF012FF07F114031946F868D0
:1039C00003F07EFA0023C7F89430ACE0674AD7F8DA
:1039D0009430134407F11400664A64212AF0FEFE75
:1039E00007F114031846FCF785FC024607F114039F
:1039F0001344C7F890300023C7F88C3030E0D7F874
:103A00009420D7F88C301344584AD35C87F87B3025
:103A100007F11403D7F89020D31AC3F1640197F883
:103A20007B30554AD7F890002AF0D8FED7F890306E
:103A30000333C7F89030D7F89C300133C7F89C3077
:103A400097F87B20B7F89A3011461846FFF7C5FD66
:103A50000346A7F89A30D7F88C300133C7F88C307A
:103A6000D7F88C20D7F880309A4207D2D7F8942024
:103A7000D7F88C301344FA6F9A42C0D8D7F89030F8
:103A80005A1CC7F8902020221A70D7F890305A1C80
:103A9000C7F890207C221A700023C7F8883020E0F5
:103AA000D7F89420D7F888301344304AD35C87F88D
:103AB0007A3097F87A301F2B06D997F87A307E2B18
:103AC00002D897F87A1000E02E21D7F890305A1CCF
:103AD000C7F890200A461A70D7F888300133C7F823
:103AE0008830D7F88820D7F880309A4207D2D7F8A4
:103AF0009420D7F888301344FA6F9A42D0D8D7F878
:103B0000903000221A7007F114031946F86803F088
:103B1000D7F9012018F0A4FAD7F89420D7F880300C
:103B20001344C7F89430D7F89420FB6F9A42FFF4FF
:103B30004DAFB7F89A3007F114000093D7F89C30D6
:103B40000E4A64212AF04AFE07F114031946F86868
:103B500003F0B6F90A49F86803F0B2F9A037BD4698
:103B600080BD00BF3C12070864120708000000383F
:103B70008C120708B0120708BC120708C412070805
:103B80003812070880B5A0B000AFF860B9607A605D
:103B90000121B86803F056FAF867FB6F002B04D1D7
:103BA0003449F86803F08CF960E03349F86FFCF7AA
:103BB00097FB0346002B42D1FCF766FF034687F8CC
:103BC0007B3097F87B30032B2AD801A252F823F0E0
:103BD000E13B0408F13B0408013C0408113C0408E3
:103BE00007F11403254A642118462AF0F7FD1FE067
:103BF00007F11403224A642118462AF0EFFD17E06A
:103C000007F114031F4A642118462AF0E7FD0FE06C
:103C100007F114031C4A642118462AF0DFFD07E06F
:103C200007F11403194A642118462AF0D7FD00BF92
:103C300007F114031946F86803F042F912E0144939
:103C4000F86FFCF74DFB0346002B07D10320FCF770
:103C5000FFFE1049F86803F033F903E00E49F868F5
:103C600003F02EF90D49F86803F02AF98037BD46B4
:103C700080BD00BFFC1207081C13070820130708AB
:103C8000341307084C130708601307087413070858
:103C9000340807088C130708A81307083812070808
:103CA00080B5A0B000AFF860B9607A600DF0FCFE9E
:103CB000F867FB6F1B7D83F00103DBB2002B04D0A0
:103CC0001749F86803F0FCF827E00EF02BF80346DC
:103CD00087F87B3097F87B30002B0DD107F1140368
:103CE000104A642118462AF079FD07F11403194699
:103CF000F86803F0E5F80CE007F114030A4A6421C0
:103D000018462AF06BFD07F114031946F86803F012
:103D1000D7F80649F86803F0D3F88037BD4680BD70
:103D2000D8130708FC1307082414070838120708DB
:103D300090B5ABB004AFF860B9607A600121B868A3
:103D400003F080F9C7F894000221B86803F07AF90B
:103D5000C7F89000D7F89430002B03D0D7F89030F4
:103D6000002B04D13449F86803F0AAF861E0D7F8D1
:103D700094002AF033FB034687F88F30002200219D
:103D8000D7F890002AF05EFCC7F888002B4A97F815
:103D90008F30D7F8881018460DF0BEFE034687F81E
:103DA000873097F88730002B1ED107F11003184693
:103DB0000DF04EFF0346002B37D17A693B7C194644
:103DC000BB69B88B044607F120000294019300916F
:103DD00013461B4A64212AF001FD07F1200319460E
:103DE000F86803F06DF820E097F88730022B0ED1C9
:103DF00097F88F3007F12000124A64212AF0EEFC78
:103E000007F120031946F86803F05AF80DE097F817
:103E1000873007F120000C4A64212AF0DFFC07F10B
:103E200020031946F86803F04BF80849F86803F0D6
:103E300047F89C37BD4690BD481407080000003085
:103E40006C140708AC140708CC14070838120708CC
:103E500080B5A4B002AFF860B9607A600DF09CFF45
:103E6000034687F8873097F88730032B38D801A2AC
:103E700052F823F0D73E0408993E04088F3E040808
:103E8000853E04081D49F86803F01AF82DE01C4926
:103E9000F86803F015F828E007F1100318460DF054
:103EA000D7FE0346002B11D1BB8B1A46BB6907F125
:103EB000200000931346134A64212AF08FFC07F177
:103EC00020031946F86802F0FBFF0EE00E49F8687F
:103ED00002F0F6FF09E00D49F86802F0F1FF04E096
:103EE0000B49F86802F0ECFF00BF0A49F86802F0DD
:103EF000E7FF00BF8837BD4680BD00BFF414070848
:103F0000001507080C1507083C1507086815070871
:103F1000781507083812070880B5A6B002AFF86018
:103F2000B9607A600121B86803F08CF8C7F88400A2
:103F3000D7F88430002B04D13A49F86802F0C0FF6A
:103F40006CE000220021D7F884002AF07BFBC7F840
:103F500080000DF079FAF867FB6FDB7A83F00103DC
:103F6000DBB2002B04D03049F86802F0A9FF55E01D
:103F70002E4BD7F8801018460DF0B2FA034687F89A
:103F80007B304FF400512A48FFF70AFB97F87B304B
:103F9000002B31D10023A7F88E300023C7F88830DA
:103FA00012E0224AD7F8883013441A78B7F88E30D6
:103FB00011461846FFF711FB0346A7F88E30D7F8D5
:103FC00088300133C7F88830D7F88820D7F8803098
:103FD0009A42E6D3B7F88E3007F114000093D7F871
:103FE0008030144A64212AF0F9FB07F114031946C2
:103FF000F86802F065FF0DE097F87B3007F11400D8
:104000000D4A64212AF0EAFB07F114031946F86807
:1040100002F056FF0949F86802F052FF9037BD469A
:1040200080BD00BF88150708B415070800000038D8
:1040300000100258D8150708041607083812070898
:1040400080B588B000AFF860B9607A604FF4005175
:104050000948FFF7B3FA07F11403084A0A21184682
:104060002AF0BCFB07F114031946F86802F028FF98
:1040700000BF2037BD4680BD001002582816070833
:10408000F0B5B3B006AFF860B9607A600121B868E6
:1040900002F0D8FFC7F8AC000221B86802F0D2FFE6
:1040A000C7F8A8000321B86802F0CCFFC7F8A40045
:1040B0000421B86802F0C6FFC7F8A0000521B8685F
:1040C00002F0C0FFC7F89C000621B86802F0BAFFF2
:1040D000C7F89800D7F8AC30002B13D0D7F8A83029
:1040E000002B0FD0D7F8A430002B0BD0D7F8A0307E
:1040F000002B07D0D7F89C30002B03D0D7F898308E
:10410000002B0DD107F11803624A642118462AF0EA
:1041100065FB07F118031946F86802F0D1FEB6E016
:10412000D7F8AC002AF05AF9C7F89400D7F8A800DD
:104130002AF054F9C7F89000D7F8A4002AF04EF9F5
:10414000C7F88C00D7F8A0002AF048F9C7F8880013
:10415000D7F89C002AF042F9C7F88400D7F89800F5
:104160002AF03CF9C7F88000D7F89430002B03DB25
:10417000D7F89430172B04DD4749F86802F0A0FE09
:1041800085E0D7F89030002B03DBD7F890303B2B3D
:1041900004DD4249F86802F093FE78E0D7F88C30ED
:1041A000002B03DBD7F88C303B2B04DD3C49F8684F
:1041B00002F086FE6BE0D7F88830002B03DDD7F8DD
:1041C00088301F2B04DD3749F86802F079FE5EE085
:1041D000D7F88430002B03DDD7F884300C2B04DDB6
:1041E0003149F86802F06CFE51E0D7F88030002BBE
:1041F00003DBD7F88030632B04DD2C49F86802F02C
:104200005FFE44E0D7F89430DBB2FB74D7F890300F
:10421000DBB23B75D7F88C30DBB27B75D7F88830D2
:10422000DBB23B74D7F88430DBB27B74D7F88030D4
:10423000DBB2BB7407F1100318460DF0B3FF0CF0AE
:1042400069FCF86707F110031946F86F0CF0B8FC29
:10425000FB7C1E463B7D7A7D397C787C0446B87CAD
:10426000054607F11800049503940291019200930A
:1042700033460F4A64212AF0B1FA07F118031946B0
:10428000F86802F01DFE0B49F86802F019FEB43719
:10429000BD46F0BD3016070870160708A4160708BB
:1042A000D81607080C1707083C17070870170708E7
:1042B000B817070838120708F0B5B7B006AFF860AE
:1042C000B9607A600121B86802F0BCFEC7F8BC0092
:1042D000D7F8BC30002B0DD107F14803C84A642140
:1042E00018462AF07BFA07F148031946F86802F0ED
:1042F000E7FD82E1C349D7F8BC00FBF7F1FF0346B5
:10430000002B3FD10CF006FCC7F8AC0007F14003CE
:104310001946D7F8AC000CF007FC0346002B2CD153
:1043200007F13E031946D7F8AC000CF08DFC97F866
:1043300043309C4697F8443097F8452097F8401052
:1043400097F84100044697F842000546B7F93E0049
:10435000064607F1480005960495039402910192E0
:1043600000936346A84A64212AF038FA07F148030B
:104370001946F86802F0A4FD3BE1A449F86802F090
:104380009FFD36E1A249D7F8BC00FBF7A9FF034621
:10439000002B26D107F1380318460DF0EDFE97F8F3
:1043A0003B301E4697F83C3097F83D2097F8381080
:1043B00097F83900044697F83A00054607F1480097
:1043C000049503940291019200933346914A64212B
:1043D0002AF004FA07F148031946F86802F070FD64
:1043E00007E18D49D7F8BC00FBF77AFF0346002BA5
:1043F0002ED100237B63002387F83330002387F816
:104400003230002387F8313007F1310307F13202EF
:1044100007F1330107F134000DF008FF97F833304E
:104420001C4697F8323097F83120796BC9B207F102
:1044300048000291019200932346784A64212AF0B1
:10444000CDF907F148031946F86802F039FDD0E0CC
:104450007349D7F8BC00FBF743FF0346002B12D18A
:104460000DF0D6FEC7F8B00007F14800D7F8B0301D
:104470006C4A64212AF0B2F907F148031946F8683A
:1044800002F01EFDB5E06849D7F8BC00FBF728FF35
:104490000346002B40F0A0800CF03CFBC7F8B800AE
:1044A00007F128031946D7F8B8000CF03DFB034686
:1044B000002B2CD107F116031946D7F8B8000CF0E1
:1044C000C3FB97F82B309C4697F82C3097F82D209B
:1044D00097F8281097F82900044697F82A0005460F
:1044E000B7F91600064607F14800059604950394AF
:1044F0000291019200936346434A64212AF06EF9C7
:1045000007F148031946F86802F0DAFC03E047496E
:10451000F86802F0D5FC07F1200318460DF02CFED8
:1045200097F823301E4697F8243097F8252097F8FF
:10453000201097F82100044697F82200054607F15D
:104540004800049503940291019200933346314A46
:1045500064212AF043F907F148031946F86802F08C
:10456000AFFC0023FB610023FB760023BB76002316
:104570007B7607F1190307F11A0207F11B0107F116
:104580001C000DF053FEFB7E1C46BB7E7A7EF96953
:10459000C9B207F1480002910192009323461F4AD5
:1045A00064212AF01BF907F148031946F86802F064
:1045B00087FC0DF02DFEC7F8B40007F14800D7F8CE
:1045C000B430184A64212AF009F907F14803194662
:1045D000F86802F075FC0CE007F14803144A642106
:1045E00018462AF0FBF807F148031946F86802F06C
:1045F00067FC1049F86802F063FCC437BD46F0BDA3
:10460000E8170708141807081C1807086418070893
:104610008018070888180708C4180708CC18070866
:104620000019070808190708181907081C190708AE
:104630003419070838120708F0B5A9B006AFF860BA
:10464000B9607A600121B86802F0FCFCC7F8840008
:10465000D7F88430002B0DD107F118032F4A6421BD
:1046600018462AF0BBF807F118031946F86802F05B
:1046700027FC50E000220021D7F8840029F0E2FF57
:10468000C7F88000D7F88030254A93420DD807F14B
:104690001800244B244A64212AF0A0F807F11803DB
:1046A0001946F86802F00CFC35E0D7F880000DF0F0
:1046B0008FFDD7F880201D4B134407F110021146DF
:1046C00018460DF01BFC0CF025FAF86707F11003F3
:1046D0001946F86F0CF074FAFB7C1E463B7D7A7D20
:1046E000397C787C0446B87C054607F118000495AF
:1046F000039402910192009333460D4A64212AF0FB
:104700006DF807F118031946F86802F0D9FB09495A
:10471000F86802F0D5FB8C37BD46F0BD6C19070870
:104720007F436D3880436D388819070880BC92C775
:10473000B81707083812070880B5A4B002AFF860B0
:10474000B9607A600121B86802F07CFCC7F8840087
:104750000221B86802F076FCC7F88000D7F88430F0
:10476000002B03D0D7F88030002B0DD107F11403B4
:10477000254A642118462AF031F807F11403194636
:10478000F86802F09DFB3CE000220021D7F884008D
:1047900029F0E0FE0346A7F87E3000220021D7F87A
:1047A000800029F0D7FE0346DBB2FB740CF0E2FA7E
:1047B000B867B7F87E1007F113020123B86F0CF049
:1047C00041FB0346002B0AD1B7F87E30FA7C07F193
:1047D000140000920D4A64212AF000F807E0B7F8AF
:1047E0007E3007F114000A4A642129F0F7FF07F12F
:1047F00014031946F86802F063FB0649F86802F0F2
:104800005FFB8837BD4680BDA8190708CC1907088B
:10481000EC1907083812070880B5A4B002AFF86099
:10482000B9607A600121B86802F00CFCC7F8840016
:10483000D7F88430002B0DD107F11803224A6421E8
:10484000184629F0CBFF07F118031946F86802F063
:1048500037FB35E000220021D7F8840029F07AFEEA
:104860000346A7F882300023FB750CF083FAF86743
:10487000B7F8821007F117020123F86F0CF071FBF3
:104880000346002B0AD1B7F88230FA7D07F11800F1
:1048900000920E4A642129F0A1FF07E0B7F88230A8
:1048A00007F118000A4A642129F098FF07F118035C
:1048B0001946F86802F004FB0649F86802F000FBAC
:1048C0008837BD4680BD00BF081A0708241A0708AC
:1048D000441A07083812070880B584B000AFF860A2
:1048E000B9607A60F86804F0F3FD0449F86802F0F2
:1048F000E7FA00BF1037BD4680BD00BF3812070879
:1049000080B584B000AFF860B9607A6004F06AF9ED
:104910000549F86802F0D4FA0449F86802F0D0FAC0
:1049200000BF1037BD4680BD601A0708381207085F
:1049300080B584B000AFF860B9607A6004F0D4F953
:104940000549F86802F0BCFA0449F86802F0B8FAC0
:1049500000BF1037BD4680BD781A07083812070817
:1049600080B5A6B000AFF860B9607A600121B86880
:1049700002F068FBC7F894000221B86802F062FBFD
:10498000C7F89000D7F89430002B03D0D7F89030B8
:10499000002B04D11149F86802F092FA1BE0D7F815
:1049A0009020D7F89410F86804F0A6FC0346002B7A
:1049B0000DD107F11000D7F89430094A802129F071
:1049C0000DFF07F110031946F86802F079FA05495E
:1049D000F86802F075FA9837BD4680BD901A07084E
:1049E000B01A07083812070880B5A8B000AFF86001
:1049F000B9607A600121B86802F024FBC7F89C0016
:104A00000221B86802F01EFBC7F89800D7F89C3066
:104A1000002B03D0D7F89830002B04D11C49F8683C
:104A200002F04EFA31E0D7F89800FBF763FCC7F8C4
:104A30009400D7F89430B3F5005F04D91549F868AD
:104A400002F03EFA21E0D7F89420D7F89810D7F872
:104A50009C0004F0CBF90346002B0ED107F11400A3
:104A6000D7F89C300C4A802129F0B8FE07F11403D6
:104A70001946F86802F024FA03E00849F86802F0E1
:104A80001FFA0749F86802F01BFAA037BD4680BD3F
:104A9000901A0708C81A0708B01A0708E41A070886
:104AA0003812070880B586B000AFF860B9607A6048
:104AB0000121B86802F0C6FA78617B69002B04D145
:104AC0000749F86802F0FCF907E07969F86804F032
:104AD00039FB0449F86802F0F3F91837BD4680BD88
:104AE000FC1A07083812070880B5A8B000AFF860B4
:104AF000B9607A6007F19403184604F03DFA034662
:104B0000002B2AD0D7F8943007F11400194A8021DD
:104B100029F064FE07F114031946F86802F0D0F991
:104B2000D7F8983007F11400134A802129F056FE77
:104B300007F114031946F86802F0C2F997F89C309F
:104B400007F114000D4A802129F048FE07F11403F3
:104B50001946F86802F0B4F903E00949F86802F070
:104B6000AFF90849F86802F0ABF900BFA037BD46BD
:104B700080BD00BF141B0708281B07083C1B070843
:104B8000501B07083812070880B584B000AFF860E2
:104B9000B9607A6080210B48FEF710FD642017F0A1
:104BA0005FFA80210748FEF7FBFC0749F86802F02E
:104BB00087F90649F86802F083F900BF1037BD464F
:104BC00080BD00BF001802586C1B07083812070888
:104BD00080B584B000AFF860B9607A604FF480713E
:104BE0000748FEF7DDFC0749F86802F069F9064955
:104BF000F86802F065F900BF1037BD4680BD00BF00
:104C000000180258881B07083812070880B584B0BE
:104C100000AFF860B9607A604FF480710748FEF722
:104C2000CDFC0749F86802F04BF90649F86802F034
:104C300047F900BF1037BD4680BD00BF00180258BD
:104C4000B01B07083812070880B586B000AFF860BF
:104C5000B9607A600121B86802F0F4F978617B6983
:104C6000002B04D11E49F86802F02AF935E01D49ED
:104C70007869FBF735FB0346002B07D11A49F86822
:104C800002F01EF90120FBF707FF22E017497869BF
:104C9000FBF726FB0346002B07D11549F86802F005
:104CA0000FF90220FBF7F8FE13E012497869FBF7D1
:104CB00017FB0346002B07D10F49F86802F000F9F3
:104CC0000020FBF7E9FE04E00C49F86802F0F8F870
:104CD00003E00B49F86802F0F3F81837BD4680BDD1
:104CE000D81B0708FC1B0708001C0708301C070816
:104CF000341C0708641C07086C1C0708A01C070864
:104D00003812070880B584B000AFF860B9607A60E7
:104D10000520FBF7C1FE0449F86802F0D1F800BF96
:104D20001037BD4680BD00BF3812070880B586B079
:104D300000AFF860B9607A600121B86802F082F9CA
:104D400078617B69002B04D11E49F86802F0B8F83D
:104D500034E01D497869FBF7C3FA0346002B07D1FD
:104D60000320FBF799FE1949F86802F0A9F821E041
:104D700017497869FBF7B4FA0346002B07D10420E2
:104D8000FBF78AFE1349F86802F09AF812E012491C
:104D90007869FBF7A5FA0346002B07D10020FBF743
:104DA0007BFE0E49F86802F08BF803E00C49F868C6
:104DB00002F086F80B49F86802F082F81837BD4611
:104DC00080BD00BFD81C0708FC1B0708F81C07089B
:104DD000301C0708401D0708801D0708841D0708B0
:104DE000B41D07083812070880B588B000AFF86016
:104DF000B9607A600121B86802F024F9B861BB6932
:104E0000002B04D11649F86802F05AF825E0B86979
:104E1000FBF770FA78610D211248FDF713FD0023AE
:104E2000FB610AE0BA69FB6913441B7819460D4817
:104E3000FDF708FDFB690133FB61FA697B699A4262
:104E4000F0D30D210748FDF7FDFC0749F86802F093
:104E500037F80649F86802F033F82037BD4680BDC0
:104E6000E81D070800780040041E070838120708EC
:104E700080B584B000AFF860B9607A600949F8681D
:104E800002F01EF80849F86802F01AF80749F868B5
:104E900002F016F80649F86802F012F800BF103761
:104EA000BD4680BD581E07087C1E07089C1E0708CB
:104EB0003812070890B5ADF2544D04AF07F588637A
:104EC000A3F23443186007F58863A3F5876319607C
:104ED00007F58863A3F23C431A601623C7F83434FD
:104EE00017F030FBC7F8300407F11400D7F830345E
:104EF000734A4FF4807129F071FC07F1140207F531
:104F00008863A3F234431146186801F0D9FF07F50E
:104F10008A730022D7F83414184617F01FFBC7F81D
:104F20002C04D7F82C34002B10D107F58863A3F29A
:104F300034436449186801F0C3FF07F58863A3F29E
:104F400034436149186801F0BBFFB4E007F1140075
:104F5000D7F82C345D4A4FF4807129F03FFC07F1FB
:104F6000140207F58863A3F234431146186801F070
:104F7000A7FF07F58863A3F234435549186801F089
:104F80009FFF07F58863A3F234435249186801F084
:104F900097FF0023C7F83C3477E007F58863A3F553
:104FA0004B71D7F83C241346DB0013449B000B44A1
:104FB0000C331B78042B21D801A252F823F000BF38
:104FC000D54F0408DD4F0408E54F0408ED4F0408F1
:104FD000F54F0408404BC7F8383413E03F4BC7F88F
:104FE00038340FE03E4BC7F838340BE03D4BC7F880
:104FF000383407E03C4BC7F8383403E03B4BC7F884
:10500000383400BF07F58863A3F54B71D7F83C240B
:105010001346DB0013449B000B4404331C6807F564
:105020008863A3F54B71D7F83C241346DB00134487
:105030009B000B441033196807F58863A3F54B7088
:10504000D7F83C241346DB0013449B000344203371
:105050001B6807F1140002930191D7F838340093CC
:105060002346234A4FF4807129F0B8FB07F114025C
:1050700007F58863A3F234431146186801F020FF56
:10508000D7F83C340133C7F83C34D7F83C24D7F880
:105090002C349A4281D307F58863A3F234430D4937
:1050A000186801F00DFF07F58863A3F23443064941
:1050B000186801F005FF07F24447BD4690BD00BFE8
:1050C000B81E0708D81E070838120708FC1E070874
:1050D000101F0708401F07086C1F0708741F0708E8
:1050E0007C1F0708841F07088C1F0708941F0708E8
:1050F0009C1F070880B582B000AF78600348FDF7B9
:1051000091FF00BF0837BD4680BD00BF04080024E2
:1051100090B587B002AFF860B9607A601349F8685B
:1051200001F0CEFE124B1B68002B0AD1114B0093ED
:10513000002300226421104818F09AFA03460C4A12
:1051400013600B4B1B68002B0BD0094B1C6817F02E
:10515000E9F902460023009300230121204618F0BC
:10516000E3FA00BF1437BD4690BD00BFB41F070867
:10517000EC9C0024F5500408C41F070880B58AB0D1
:1051800000AFF860B9607A600121B86801F05AFF99
:1051900078627B6A002B04D12949F86801F090FEFF
:1051A0004AE02848FEF7D8F9034687F8233097F8F5
:1051B0002330032B3BD1786AFBF79CF8F861FB693D
:1051C000102B04D92049F86801F07AFE34E00BF086
:1051D000D1FDB861FB69DBB2FB7507F11702012352
:1051E0000021B8690BF02EFE0346002B04D01749AE
:1051F000F86801F065FE1FE0FB69002B0ED0FB692B
:105200009BB27A6A0121B8690BF01CFE0346002BA1
:1052100004D00F49F86801F053FE0DE00D49F8681D
:1052200001F04EFE0C49F86801F04AFE04E00B491B
:10523000F86801F045FE00BF2837BD4680BD00BFBD
:10524000D01F070804080024F41F07081C200708C3
:10525000482007086C200708381207089020070824
:1052600080B596B000AFF860B9607A600121B86887
:1052700001F0E8FE78651949F86801F021FE7B6DC0
:10528000002B0BD11649F86801F01AFEF86803F0FC
:10529000D5FB1449F86801F013FE16E00A2200213C
:1052A000786D29F0CFF9386507F110003B6D0E4A93
:1052B000402129F093FA07F110031946F86801F02C
:1052C000FFFDF968386D03F0FDFB0849F86801F04F
:1052D000F7FD00BF5837BD4680BD00BFC02007089E
:1052E000D8200708E8200708F82007083812070820
:1052F00080B584B000AFF860B9607A60FEF73AF923
:1053000080B5A0B000AFF860B9607A600023FB758B
:1053100007F1170207F118031146184605F0EAF9DC
:105320000346002B07D0FB7D07F11C000C4A6421CB
:1053300029F054FA06E007F11C030A4A64211846D2
:1053400029F04CFA07F11C031946F86801F0B8FD82
:105350000549F86801F0B4FD00BF8037BD4680BD47
:105360000C2107082C2107083812070880B5A0B0C7
:1053700000AFF860B9607A600121B86801F062FEA0
:10538000F867FB6F002B0DD107F11403144A642159
:10539000184629F023FA07F114031946F86801F0BA
:1053A0008FFD19E000220021F86F29F04BF9B86752
:1053B000B86F04F0AFFA07F11400BB6F094A64211B
:1053C00029F00CFA07F114031946F86801F078FD8A
:1053D0000549F86801F074FD8037BD4680BD00BF07
:1053E0005C210708842107083812070880B5A0B09F
:1053F00000AFF860B9607A600121B86801F022FE60
:10540000F867FB6F002B0DD107F114031D4A6421CF
:10541000184629F0E3F907F114031946F86801F07A
:105420004FFD2CE000220021F86F29F00BF9B8673E
:10543000BB6F1B0EDBB23B74BB6F1B0CDBB27B7410
:10544000BB6F1B0ADBB2BB74BB6FDBB2FB7407F133
:105450001002042399210C481CF0F2FF07F11400FC
:10546000BB6F0A4A642129F0B9F907F11403194600
:10547000F86801F025FD0649F86801F021FD803744
:10548000BD4680BDB021070860080024DC21070864
:105490003812070890B5A5B004AFF860B9607A601B
:1054A00004F088FA07F1140318460CF065FE3B7D02
:1054B0001C46FB7D3A7E797E07F11C000291019229
:1054C00000932346084A642129F088F907F11C0358
:1054D0001946F86801F0F4FC0449F86801F0F0FCA2
:1054E00000BF8437BD4690BD0C220708381207085C
:1054F000F0B5BFB008AFF860B9607A60002387F8F4
:10550000D7300023C7F8D03015E0D7F8D0309BB2A1
:1055100001339BB21946B86801F094FD0246D7F8F2
:10552000D0309B00D8333B4443F8C82CD7F8D03058
:105530000133C7F8D030D7F8D030072BE5DD002392
:10554000C7F8CC301BE0D7F8CC309B00D8333B44B5
:1055500053F8C83C002B0DD107F13003534A962174
:10556000184629F03BF907F130031946F86801F0B5
:10557000A7FC97E0D7F8CC300133C7F8CC30D7F888
:10558000CC30072BDFDD0023C7F8C83033E0D7F875
:10559000C8309B00D8333B4453F8C83C002200215C
:1055A000184629F04FF8034687F8C73097F8C730F8
:1055B000012B0ED907F13000D7F8C8303C4A9621AC
:1055C00029F00CF907F130031946F86801F078FC6E
:1055D00068E097F8C720D7F8C83002FA03F35AB248
:1055E00097F9D73013435BB287F8D730D7F8C83074
:1055F0000133C7F8C830D7F8C830072BC7DD97F894
:10560000D730184604F026FA97F8D7E097F8D73045
:1056100003F001033B6097F8D7205208D2B202F0A2
:10562000010297F8D7108908C9B201F0010197F873
:10563000D700C008C0B200F0010097F8D740240995
:10564000E4B204F0010497F8D7506D09EDB205F00B
:10565000010597F8D760B609F6B206F0010697F88B
:10566000D7C04FEADC1C5FFA8CFC0CF0010307F199
:10567000300C0793069605950494039002910192CD
:105680003B68009373460B4A9621604629F0A6F8C2
:1056900007F130031946F86801F012FC0649F86872
:1056A00001F00EFCDC37BD46F0BD00BF3822070814
:1056B00074220708B022070838120708F0B5DFB0D7
:1056C0000AAF07F5A873A3F59E73186007F5A873D2
:1056D000A3F5A073196007F5A873A3F5A2731A6068
:1056E00007F5A873A3F5A0730121186801F0AAFCBF
:1056F000C7F84C0107F5A873A3F5A0730221186839
:1057000001F0A0FCC7F8480107F5A873A3F5A07342
:105710000321186801F096FCC7F8440107F5A87347
:10572000A3F5A0730421186801F08CFCC7F84001B0
:1057300007F5A873A3F5A0730521186801F082FC92
:10574000C7F83C0107F5A873A3F5A07306211868F4
:1057500001F078FCC7F8380107F5A873A3F5A0732A
:105760000721186801F06EFCC7F8340107F5A8732B
:10577000A3F5A0730821186801F064FCC7F8300194
:1057800007F5A873A3F5A0730921186801F05AFC66
:10579000C7F82C0107F5A873A3F5A0730A211868B0
:1057A00001F050FCC7F82801D7F84C31002B23D06A
:1057B000D7F84831002B1FD0D7F84431002B1BD02D
:1057C000D7F84031002B17D0D7F83C31002B13D03D
:1057D000D7F83831002B0FD0D7F83431002B0BD04D
:1057E000D7F83031002B07D0D7F82C31002B03D05D
:1057F000D7F82831002B12D107F11803644A4FF46F
:105800008071184628F0EAFF07F1180207F5A8731F
:10581000A3F59E731146186801F052FBB3E0002215
:105820000021D7F84C0128F00DFF0346A7F82631D8
:1058300000220021D7F8480128F004FF0346A7F80A
:10584000243100220021D7F8440128F0FBFE034652
:10585000A7F8223100220021D7F8400128F0F2FEFB
:10586000034687F8213100220021D7F83C0128F0B7
:10587000E9FE034687F8203100220021D7F83801DD
:1058800028F0E0FE034687F81F3100220021D7F8F8
:10589000340128F0D7FE034687F81E31002200218C
:1058A000D7F8300128F0CEFE034687F81D310022DC
:1058B0000021D7F82C0128F0C5FE0346A7F81A31BD
:1058C00000220021D7F8280128F0BCFE034687F803
:1058D000193197F82141B7F82221B7F82411B7F808
:1058E000260197F819310593B7F81A31049397F800
:1058F0001D31039397F81E31029397F81F310193DE
:1059000097F820310093234604F0E6F8B7F826E133
:10591000B7F82431BB60B7F8222197F8211197F826
:10592000200197F81F4197F81E5197F81D61B7F8AD
:105930001A317B6097F819C1634607F1180C089378
:105940007B68079306960595049403900291019253
:10595000BB68009373460F4A4FF48071604628F08D
:105960003DFF07F1180207F5A873A3F59E731146D2
:10597000186801F0A5FA07F5A873A3F59E73064908
:10598000186801F09DFA07F5AA77BD46F0BD00BF83
:1059900030230708B02307083812070880B584B001
:1059A00000AFF860B9607A6004F01CF90549F86846
:1059B00001F086FA0449F86801F082FA00BF103756
:1059C000BD4680BD002407083812070880B584B0A2
:1059D00000AFF860B9607A6004F042F90549F868F0
:1059E00001F06EFA0449F86801F06AFA00BF103756
:1059F000BD4680BD1C2407083812070880B5A4B036
:105A000002AFF860B9607A600121B86801F01AFB52
:105A1000C7F884000221B86801F014FBC7F88000C1
:105A20000321B86801F00EFBF867D7F88430002B2B
:105A300006D0D7F88030002B02D0FB6F002B0DD1A1
:105A400007F11003254A6421184628F0C7FE07F124
:105A500010031946F86801F033FA3BE000220021F8
:105A6000D7F8840028F0EEFD0346A7F87A3000222C
:105A70000021D7F8800028F0E5FD034687F879304B
:105A800000220021F86F28F0DDFD0346A7F87630EC
:105A9000B7F8762097F87910B7F87A30184604F0FE
:105AA0001DF9B7F87A1097F87930B7F8762007F132
:105AB0001000019200930B46094A642128F08EFEE3
:105AC00007F110031946F86801F0FAF90549F8687A
:105AD00001F0F6F98837BD4680BD00BF38240708BD
:105AE0007C2407083812070880B584B000AFF8603E
:105AF000B9607A6004F04EF90549F86801F0E0F900
:105B00000449F86801F0DCF900BF1037BD4680BDDC
:105B1000B82407083812070880B584B000AFF860D1
:105B2000B9607A6004F074F90549F86801F0C8F9C1
:105B30000449F86801F0C4F900BF1037BD4680BDC4
:105B4000DC2407083812070880B5B0B004AFF8604D
:105B5000B9607A600121B86801F074FAC7F8AC0046
:105B60000221B86801F06EFAC7F8A8000321B868EE
:105B700001F068FAC7F8A4000421B86801F062FADD
:105B8000C7F8A000D7F8AC30002B0BD0D7F8A8305E
:105B9000002B07D0D7F8A430002B03D0D7F8A030C3
:105BA000002B0DD107F114032B4A8021184628F051
:105BB00015FE07F114031946F86801F081F947E072
:105BC00000220021D7F8AC0028F03CFDC7F89C006B
:105BD00000220021D7F8A80028F034FD0346A7F8DA
:105BE0009A3000220021D7F8A40028F02BFD0346AC
:105BF000A7F8983000220021D7F8A00028F022FD55
:105C00000346A7F89630B7F89630B7F89820B7F85B
:105C10009A10D7F89C0004F039F9B7F89A30B7F821
:105C20009820B7F8961007F11400029101920093A2
:105C3000D7F89C30094A802128F0D0FD07F11403E1
:105C40001946F86801F03CF90549F86801F038F99F
:105C5000B037BD4680BD00BF0025070838250708BE
:105C60003812070880B5A0B000AFF860B9607A605C
:105C70000121B86801F0E6F9F867FB6F002B0DD140
:105C800007F11403164A6421184628F0A7FD07F10E
:105C900014031946F86801F013F91EE000220021F0
:105CA000F86F28F0CFFC034687F87B3097F87B30FD
:105CB000184604F063F997F87B3007F11400094A9D
:105CC000642128F08BFD07F114031946F86801F0F0
:105CD000F7F80549F86801F0F3F88037BD4680BD54
:105CE00084250708AC2507083812070880B5A0B03E
:105CF00000AFF860B9607A600121B86801F0A2F9DC
:105D0000F867FB6F002B0DD107F11403164A6421CD
:105D1000184628F063FD07F114031946F86801F0EE
:105D2000CFF81EE000220021F86F28F08BFC03461C
:105D300087F87B3097F87B30184604F065F997F8C0
:105D40007B3007F11400094A642128F047FD07F170
:105D500014031946F86801F0B3F80549F86801F032
:105D6000AFF88037BD4680BDDC250708FC25070855
:105D70003812070880B584B000AFF860B9607A6067
:105D800004F088F90549F86801F09AF80449F868C0
:105D900001F096F800BF1037BD4680BD24260708E5
:105DA0003812070880B584B000AFF860B9607A6037
:105DB00004F0AEF90549F86801F082F80449F86882
:105DC00001F07EF800BF1037BD4680BD44260708AD
:105DD0003812070880B5A0B000AFF860B9607A60EB
:105DE0000121B86801F02EF9F867FB6F002B0DD187
:105DF00007F11403164A6421184628F0EFFC07F156
:105E000014031946F86801F05BF81EE00022002137
:105E1000F86F28F017FC034687F87B3097F87B3043
:105E2000184604F0B3F997F87B3007F11400094ADB
:105E3000642128F0D3FC07F114031946F86801F037
:105E40003FF80549F86801F03BF88037BD4680BD52
:105E500060260708802607083812070880B5A0B01A
:105E600000AFF860B9607A600121B86801F0EAF823
:105E7000F867FB6F002B0DD107F11403164A64215C
:105E8000184628F0ABFC07F114031946F86801F036
:105E900017F81EE000220021F86F28F0D3FB03461C
:105EA00087F87B3097F87B30184604F0B5F997F8FF
:105EB0007B3007F11400094A642128F08FFC07F1B8
:105EC00014031946F86800F0FBFF0549F86800F074
:105ED000F7FF8037BD4680BDA42607088026070847
:105EE0003812070880B5A0B000AFF860B9607A60DA
:105EF0000121B86801F0A6F8F867FB6F002B0DD1FF
:105F000007F11403174A6421184628F067FC07F1CB
:105F100014031946F86800F0D3FF1FE000220021A7
:105F2000F86F28F08FFB034687F87B3097F87B30BB
:105F30001946012004F0B6F997F87B3007F11400F8
:105F4000094A642128F04AFC07F114031946F8684D
:105F500000F0B6FF0549F86800F0B2FF8037BD4693
:105F600080BD00BFC8260708F426070838120708B6
:105F700080B5A2B000AFF860B9607A60002387F8FE
:105F800087300123C7F880300023FB6721E000221F
:105F90000021F86F28F056FB034687F87B3097F80E
:105FA0007B30002B10D097F87B30082B0CD897F85B
:105FB0007B30013B012202FA03F35AB297F9873092
:105FC00013435BB287F88730D7F880300133C7F8C6
:105FD0008030D7F880309BB21946B86801F032F8AB
:105FE000F867FB6F002BD2D197F88730002B0DD1CB
:105FF00007F11403134A6421184628F0EFFB07F158
:1060000014031946F86800F05BFF17E097F8873033
:106010001946012004F096F997F8873007F114002B
:10602000094A642128F0DAFB07F114031946F868DD
:1060300000F046FF0549F86800F042FF8837BD468A
:1060400080BD00BF2827070858270708381207080F
:1060500080B584B000AFF860B9607A60012004F0C8
:10606000C1F90649F86800F02BFF0549F86800F00F
:1060700027FF00BF1037BD4680BD00BF8827070837
:106080003812070880B5A2B002AFF860B9607A6034
:106090000121B86800F0D6FFF8670221B86800F067
:1060A000D1FFB867FB6F002B02D0BB6F002B0DD167
:1060B00007F110031E4A6421184628F08FFB07F1F0
:1060C00010031946F86800F0FBFE2DE000220021C5
:1060D000F86F28F0B7FA034687F8773000220021DE
:1060E000B86F28F0AFFA034687F8763097F8762035
:1060F00097F877301146184604F0BAF997F87720E8
:1061000097F8763007F1100000931346094A64218E
:1061100028F064FB07F110031946F86800F0D0FE80
:106120000549F86800F0CCFE8037BD4680BD00BF51
:10613000A4270708CC2707083812070880B5A2B0A3
:1061400002AFF860B9607A600121B86800F07AFFA8
:10615000F8670221B86800F075FFB867FB6F002B85
:1061600002D0BB6F002B0DD107F110031E4A642132
:10617000184628F033FB07F110031946F86800F0C1
:106180009FFE2DE000220021F86F28F05BFA034605
:1061900087F8773000220021B86F28F053FA0346C1
:1061A00087F8763097F8762097F8773011461846BA
:1061B00004F0AEF997F8772097F8763007F11000E1
:1061C00000931346094A642128F008FB07F11003E5
:1061D0001946F86800F074FE0549F86800F070FE92
:1061E0008037BD4680BD00BF042807082C2807085B
:1061F0003812070880B5A2B002AFF860B9607A60C3
:106200000023FB7407F1130207F11403114618462B
:1062100005F0F0F80346002B20D03B7D1BB21B029B
:106220001AB27B7D1BB213431BB2A7F87E30BB7D35
:106230001BB21B021AB2FB7D1BB213431BB2A7F8A1
:106240007C30B7F87E20B7F87C3007F11800009357
:1062500013460D4A642128F0C1FA06E007F118033D
:106260000A4A6421184628F0B9FA07F118031946BA
:10627000F86800F025FE0649F86800F021FE00BF2E
:106280008037BD4680BD00BF64280708A8280708DE
:106290003812070880B59EB000AFF860B9607A6028
:1062A000BB68002B03D0BB681B78002B0DD107F116
:1062B0001403144A6421184628F090FA07F11403D5
:1062C0001946F86800F0FCFD19E0B868FAF712F812
:1062D0000346DBB21946B86804F06AF907F1140006
:1062E000BB68094A642128F079FA07F114031946BA
:1062F000F86800F0E5FD0549F86800F0E1FD783741
:10630000BD4680BDEC280708082907083812070891
:1063100080B584B000AFF860B9607A6006F052FCD6
:1063200008F0D8FE0349F86800F0CAFD00BF103736
:10633000BD4680BD3812070880B584B000AFF86054
:10634000B9607A6006F0ACFB0349F86800F0B8FD6C
:1063500000BF1037BD4680BD3812070880B584B035
:1063600000AFF860B9607A6018F0CEFB002018F03A
:1063700043FC012018F040FC0349F86800F0A0FD40
:1063800000BF1037BD4680BD38120708F0B59DB07C
:1063900006AFF860B9607A6007F1500318460BF059
:1063A000EBFE97F85030184697F851301C4697F896
:1063B00052301D4697F8533097F8542097F85510EF
:1063C0000291019200932B46224601462C2018F0A0
:1063D000EBFC97F850301E4697F8513097F8522052
:1063E00097F8531097F85400044697F8550005465F
:1063F00007F1100004950394029101920093334633
:10640000084A402128F0EAF907F110031946F86814
:1064100000F056FD0449F86800F052FD00BF5C37FB
:10642000BD46F0BD302907083812070880B596B080
:1064300002AFF860B9607A60FCF7A0FC03461A4628
:1064400007F11000782300931346094A402128F0F1
:10645000C5F907F110031946F86800F031FD054948
:10646000F86800F02DFD00BF5037BD4680BD00BF6D
:10647000602907083812070880B596B000AFF860A9
:10648000B9607A60BB68002B3BD0BB681B78002BDF
:1064900037D00121B86800F0D5FD78657B6D002B01
:1064A00004D15A49F86800F00BFDABE05849786D0B
:1064B000F9F716FF0346002B0BD1564B4FF0FF3276
:1064C0001A60554B00221A705449F86800F0F8FC25
:1064D00098E0786D27F082FF03464E4A13604E4BDA
:1064E0001B78002B0DD14B4B1B6807F110004C4A59
:1064F000402128F073F907F110031946F86800F0FD
:10650000DFFC444B1B68002B55D1434B1B78042BFD
:106510003ED801A252F823F02D6504084165040815
:1065200055650408696504087D6504083D49F868F7
:1065300000F0C6FC7A683C49F868FFF705FB33E0D9
:106540003A49F86800F0BCFC7A683949F868FFF706
:10655000CDFB29E03749F86800F0B2FC7A6836498B
:10656000F868FFF77FFB1FE03449F86800F0A8FCEB
:106570007A683349F868FFF7FDFB15E03149F868A0
:1065800000F09EFC7A683049F868FFF723FC0BE0C6
:106590002E49F86800F094FC1E4B4FF0FF321A6051
:1065A0001D4B00221A702DE01B4B1B780133DAB211
:1065B000194B1A7026E0174B1B68022B1ED10023C3
:1065C00087F85030222387F85130002387F8523063
:1065D000442387F8533007F15002042321211C483B
:1065E0001BF02EFF0346002B03D01A49F86800F079
:1065F00067FC1949F86800F063FC03E01749F86884
:1066000000F05EFC5837BD4680BD00BF7C290708FE
:10661000340807082C060024F09C00249C29070855
:10662000B4290708CC290708002A0708182A0708F0
:10663000342A0708382A07085C2A0708602A07084E
:1066400038120708802A0708982A07089C2A070892
:1066500060080024B82A0708CC2A0708DC2A0708A3
:1066600080B586B000AFF860B9607A6002F0ECFFE8
:106670000346FB75FB7D002B04D10C49F86800F044
:106680001FFC0BE0FB7D022B04D10949F86800F0E8
:1066900017FC03E00749F86800F012FC0649F868A7
:1066A00000F00EFC00BF1837BD4680BD082B070860
:1066B0002C2B0708502B070838120708B0B5AEB0CE
:1066C00002AFF860B9607A600121B86800F0BAFCE6
:1066D000C7F8AC000221B86800F0B4FCC7F8A80005
:1066E000D7F8AC30002B03D0D7F8A830002B04D15A
:1066F0006049F86800F0E4FBB9E05F49D7F8AC0006
:10670000F9F7EEFD0346002B1FD1D7F8A80027F0BC
:1067100065FEC7F89400D7F89430DBB2184605F050
:10672000C1F80346002B08D007F11400D7F89430C5
:10673000524A802128F052F893E007F11403504A9E
:106740008021184628F04AF88BE04E49D7F8AC0073
:10675000F9F7C6FD0346002B1FD1D7F8A80027F094
:106760003DFE034687F89B3097F89B30184605F0AE
:10677000B7F80346002B08D097F89B3007F11400B8
:10678000414A802128F02AF86BE007F114033F4AC0
:106790008021184628F022F863E03D49D7F8AC0084
:1067A000F9F79EFD0346002B53D10221B86800F093
:1067B00049FCC7F8A4000321B86800F043FCC7F8FF
:1067C000A0000421B86800F03DFCC7F89C00D7F891
:1067D000A430002B07D0D7F8A030002B03D0D7F877
:1067E0009C30002B04D12B49F86800F069FB3EE097
:1067F000D7F8A40027F0F2FD0346DCB2D7F8A000DA
:1068000027F0ECFD0346DDB2D7F89C0027F0E6FD4B
:106810000346DBB21A462946204605F081F80346B6
:10682000002B0ED007F11400D7F89C300193D7F855
:10683000A0300093D7F8A430174A802127F0CEFF6C
:106840000FE007F11403154A8021184627F0C6FF10
:1068500007E007F11400D7F8AC30114A802127F087
:10686000BDFF07F114031946F86800F029FBB037A3
:10687000BD46B0BD6C2B0708A02B0708AC2B070842
:10688000C02B0708D82B0708E42B0708002C0708A3
:10689000182C0708202C0708442C0708602C070830
:1068A0007C2C070880B5A8B002AFF860B9607A60A8
:1068B00004F0B6FF034607F118001C4A802127F0B8
:1068C0008DFF07F118031946F86800F0F9FA04F093
:1068D000B3FF034607F11800154A802127F07EFF19
:1068E00007F118031946F86800F0EAFA07F11502F3
:1068F00007F1160107F11703184604F0A9FFFB7D05
:106900001946BB7D7A7D07F11800019200930B4672
:10691000084A802127F062FF07F118031946F8683A
:1069200000F0CEFA00BF9837BD4680BD902C070816
:10693000A02C0708B02C070880B584B000AFF86021
:10694000B9607A6005F08AFF0549F86800F0B8FA86
:106950000449F86800F0B4FA00BF1037BD4680BDA6
:10696000D02C07083812070880B584B000AFF86053
:10697000B9607A6005F0ACFF0549F86800F0A0FA4C
:106980000449F86800F09CFA00BF1037BD4680BD8E
:10699000F02C07083812070880B584B000AFF86003
:1069A000B9607A600021002006F0C0FA0549F86855
:1069B00000F086FA0449F86800F082FA00BF103748
:1069C000BD4680BD102D07083812070880B584B079
:1069D00000AFF860B9607A600021002006F062FA2A
:1069E0000549F86800F06CFA0449F86800F068FAA4
:1069F00000BF1037BD4680BD282D07083812070894
:106A000080B596B000AFF860B9607A6005F02AF8FA
:106A100078657B6DB3F1FF3F10D07B6D002B03D009
:106A20007B6D012B05D00EE01249F86800F048FAA2
:106A300017E01149F86800F043FA12E00F49F868CE
:106A400000F03EFA0DE007F114007B6D0C4A402186
:106A500027F0C4FE07F114031946F86800F030FA75
:106A600000BF0849F86800F02BFA00BF5837BD4650
:106A700080BD00BF402D0708542D07086C2D070866
:106A8000902D07083812070880B400AF024B184653
:106A9000BD465DF8047B7047F4A1070880B400AFE1
:106AA0004A231846BD465DF8047B704780B584B024
:106AB00000AF78600B46FB70FB78FB73FB7B1946DD
:106AC0000348FBF7BFFE00BF1037BD4680BD00BFC7
:106AD0000010014080B582B000AF00F053F878603C
:106AE0007B681D4ADA607B684FF440621A827B68DB
:106AF00010229A807B684022DA807B6880221A818B
:106B00007B6820225A817B6801229A747B68134A31
:106B10001A60FFF7B9FF02467B685A61FFF7BEFFB4
:106B200003461A467B681A83786800F086F80346A5
:106B30000B4A13600A4B1B68002B01D1012307E0AD
:106B4000074B1B68074A1A60074B01221A70002383
:106B500018460837BD4680BDF49C0024B02D0708B8
:106B6000F4A80024AD6A0408F8A8002480B400AF9B
:106B7000034B1B681846BD465DF8047B704700BF99
:106B8000F4A8002480B400AF114B40229A80104B2F
:106B90004022DA800E4B80221A810D4B0022DA60EF
:106BA0000B4B00221A820A4B08225A81084B012201
:106BB0009A74074B074A1A60054B00221A83044B4C
:106BC00000225A61024B1846BD465DF8047B7047AF
:106BD000FCA80024E02D070880B485B000AF7860E1
:106BE0007B685B69002B02D17B685B8900E0002336
:106BF000FB817B689B8803339A087B68DB880333BF
:106C00009B081A447B681B8903339B08D118FA89B7
:106C100013465B001344DB0003339B08CA18FB894F
:106C200003339B08134412339BB29B009BB218465C
:106C30001437BD465DF8047B704780B588B000AF5F
:106C400078600023FB617868FFF7C6FF0346BB61ED
:106C50000023FB757B68DB68002B05D07B681B8AF3
:106C60001A46BB69934201D9002371E07B68DB6857
:106C70003B61BA690021386927F0B2FE3B69FB61CC
:106C80003B6910333B61FB693A69DA603B69383331
:106C90003B61FB69DB68FB60FB683A691A617B68F2
:106CA0009B88033323F003033A6913443B61FB6879
:106CB0003A69DA617B68DB88033323F003033A69BE
:106CC00013443B617B685A69FB685A627B681A8B84
:106CD000FB689A857B681A8BFB68DA85FB683A69E2
:106CE0005A607B681A89FB681A81FB7D002B08D0EB
:106CF000FB6893F8333043F00403DAB2FB6883F89F
:106D000033207B689B7C002B08D0FB6893F83330E2
:106D100043F02003DAB2FB6883F833207B689A885B
:106D2000FB681A83FB6800229A82FB680022DA82E1
:106D30007B68DA88FB685A84FB68002283F832207B
:106D40007B681A68FB681A60FB6800229A86FB69F8
:106D500018462037BD4680BD80B584B000AF78604E
:106D60000B46FB707B68DB68FB60FB681033FA78CE
:106D70001146184600F08AFF034683F00103DBB298
:106D8000002B08D0FB6893F8333043F00103DAB2EC
:106D9000FB6883F8332000BF1037BD4680BD80B547
:106DA00084B000AF78607B681B68002B00F08380A4
:106DB0007B68DB68FB60FB6893F8333003F0020309
:106DC000002B55D1FB6893F8333043F00203DAB25D
:106DD000FB6883F83320FB681B681946786800F06D
:106DE0007EFE45E0FB681033184600F027FF03469F
:106DF000FB72FB6893F8333003F00803002B05D0D7
:106E0000FB7A1946786800F0F5F92AE0FB6893F8F8
:106E100032301B2B0CD1FB7A5B2B09D1FB6893F82A
:106E2000333043F00803DAB2FB6883F8332018E00C
:106E3000FB7A184600F0AAFE0346002B05D0FB7A29
:106E40001946786800F086FA0BE0FB7A184600F0E5
:106E5000BDFE0346002B04D0FB7A1946786800F08B
:106E600027FA786800F012FDFB68FA7A83F832207E
:106E7000FB681033184600F0C0FE0346002BB1D16A
:106E8000FB6893F8333003F00103002B14D0FB6848
:106E900000221A84FB68DB69FA68128C1344002212
:106EA0001A70FB6893F8333023F00103DAB2FB6801
:106EB00083F8332000E000BF1037BD4680BD0000DE
:106EC00080B584B000AF786039607B681B68002BA8
:106ED0003ED07B68DB68FB60FB689B8E7B81FB6838
:106EE00093F8333003F01003002B02D1786800F0E0
:106EF000C1FDFB687A899A863968786800F0EFFDF1
:106F0000154B1B681946786800F0E9FDFB6893F89B
:106F1000333003F01003002B1BD1FB681B681946AC
:106F2000786800F0DCFDFB68DB691946786800F0E2
:106F3000D6FDFB681A8CFB681A86FB689B8E0022C4
:106F40001946786800F0ECFD786800F09FFC00E0DE
:106F500000BF1037BD4680BD3006002480B588B024
:106F600000AF78607B68002B66D0354BFB60002358
:106F7000FB770023BB770023BB6100237B6147E0E5
:106F80007B6901337B61BB7F002B02D00023BB7781
:106F900029E0FB7C5C2B02D10123BB7738E0FB7C32
:106FA000222B10D1FB7F002B14BF01230023DBB267
:106FB00083F00103DBB2FB77FB7F03F00103FB7778
:106FC0000023FB740FE0FB7F83F00103DBB2002B97
:106FD00009D0FB7C1946F86827F019FD0346002B01
:106FE00001D00023FB74FB7C002B09D1BB69002B73
:106FF0000EDDBB69013B7A6813441B78002B07D078
:10700000BB697A681344FA7C1A70BB690133BB61AF
:107010007B697A6813441B78FB74FB7C002BAFD12F
:10702000BB697A68134400221A70BB6901337A681D
:10703000134400221A7000E000BF2037BD4680BD17
:10704000E42D070880B584B000AF78600B467B80E4
:107050007B881946786800F020FF0346FB81FB8996
:107060004FF6FF72934203D0FB897A68134400E025
:10707000002318461037BD4680BD80B584B000AFF0
:1070800078600B467B807B881946786800F005FFA6
:107090000346FB81FB894FF6FF72934203D0FB89C5
:1070A0007A68134400E0002318461037BD4680BDBF
:1070B00080B485B000AF78607B68002B03D07B681C
:1070C0001B78002B01D1002319E00023FB60012372
:1070D0007B81FB687A6813441B78002B09D1FB681D
:1070E00001337A6813441B78002B06D07B89013367
:1070F0007B81FB680133FB60EBE700BF7B891846AF
:107100001437BD465DF8047B7047000080B586B03B
:1071100000AF78600B46FB707B68DB683B613B69C6
:107120009B89002B5FD0FB78002B05D03B695A89E7
:107130003B699B899A4256D0FB7883F00103DBB20E
:10714000002B03D03B695B89002B4CD0786800F0A2
:1071500091FC3B691B681946786800F0C0FCFB781D
:10716000002B06D03B695B8901339AB23B695A8197
:1071700005E03B695B89013B9AB23B695A813B69F7
:107180001A1D3B695B891946104600F00DFE7861B7
:107190007B69002B01D1164B7B617869F9F7AAF85E
:1071A0000346FB813B69DB69FA897969184627F058
:1071B000C2FC3B69DA69FB89134400221A703B69FF
:1071C000FA891A843B69DB691946786800F087FC04
:1071D0003B691A8C3B691A863B6900229A8678685B
:1071E00000F054FB00E000BF1837BD4680BD00BF73
:1071F000E82D070890B585B000AF78600B46FB70AE
:107200007B68DB68FB60FB783F2B48D9FB787E2BE3
:1072100045D8FB6893F8333023F00803DAB2FB68F3
:1072200083F83320FB78412B02D0FB78422B09D125
:10723000FB78412B0CBF01230023DBB21946786891
:10724000FFF764FFFB78432B0FD1FB689B8E002B6D
:107250000BD0FB689B8E013B9AB2FB689A86124B5F
:107260001B681946786800F03AFCFB78442B16D16D
:10727000FB689B8E1C46FB68DB691846F9F73AF8F9
:1072800003469C420BD2FB689B8E01339AB2FB688B
:107290009A86064B1B681946786800F020FC00BFF0
:1072A0001437BD4690BD00BF3406002438060024C4
:1072B00080B584B000AF78600B46FB707B68DB68FC
:1072C000FB60FB681B8C0233FA68528C93423BDAFA
:1072D000FB68DB691846F9F70DF80246FB689B8EE0
:1072E000D31ABB60FB68DA69BB680133D018FB684E
:1072F000DA69BB68D118FB689B8E01331A4627F008
:1073000055FBFB681B8C01339AB2FB681A84FB683F
:107310001B8E01339AB2FB681A86FB68DA69BB6878
:107320001344FA781A70FB689B8E002B05D0084B2B
:107330001B681946786800F0D2FB7B681B68FA78F6
:1073400011467868984700E000BF1037BD4680BD01
:107350004406002480B584B000AF78600B46FB7013
:107360007B68DB68FB60FB6893F832300D2B02D141
:10737000FB780A2B78D0FB6893F832300A2B02D1C5
:10738000FB780D2B70D0FB780D2B02D0FB780A2BED
:1073900029D1786800F0DCFA354B1B68194678680B
:1073A00000F09DFBFB681B8C002B02D0786800F07E
:1073B00065F8FB6800221A84FB68DB69FA68128CA6
:1073C000134400221A70FB6800221A86FB68002210
:1073D0005A81FB6800229A86FB681B681946786808
:1073E00000F07DFB41E0FB78082B02D0FB787F2B7F
:1073F00033D1FB681B8C1A46FB689B8ED31A002B7B
:107400002BDD1C4B1B681946786800F068FB1A4B93
:107410001B681946786800F062FBFB68DB69184658
:10742000F8F768FF0246FB689B8ED31ABB60FB68C7
:10743000DA69BB68013BD018FB68DA69BB68D11810
:10744000FB689B8E01331A4627F0B0FAFB681B8C51
:10745000013B9AB2FB681A8407E0FB78092B04D140
:10746000786800F075FA00E000BF1037BD4680BDB7
:1074700030060024380600244806002490B58FB05A
:1074800000AF78607B68DB68BB61012387F8373029
:1074900000233B630DE0BB69DA693B6B13441B7847
:1074A000202B03D0002387F8373008E03B6B0133F3
:1074B0003B63BB691B8C1A463B6B9342EBDB97F833
:1074C0003730002B40F0FA80BB691A1DBB69DB69BD
:1074D0001946104600F004FC0023FB620023BB6247
:1074E000002387F8273000233B6230E0BB69DA696C
:1074F0003B6A13441B78FB75FB7D202B0FD1BB6AC5
:10750000002B05D1BB69DA693B6A134400221A706B
:10751000FB6A002B18D0012387F8273014E0FB6AA0
:10752000002B05D1BB69DA693B6A1344FB620BE0AF
:10753000BB6A002B08D197F82730002B04D0BB6919
:10754000DA693B6A1344BB623B6A01333B62BB6945
:107550001B8C1A463B6A9342C8DBBB69DA69BB697C
:107560001B8C0133134400221A70FB6A002B00F0BD
:10757000A7800023FB6172E0BB69596AFA69134670
:107580005B001344DB000B445B681946F86AF8F7AC
:10759000A7FE0346002B5FD1BB69596AFA691346FF
:1075A0005B001344DB000B445B69002B5ED0BB69BE
:1075B000596AFA6913465B001344DB000B441B7BDA
:1075C000002B02D0B86AFFF7C9FCBB6993F83330CF
:1075D00043F01003DAB2BB6983F83320BB6A002B97
:1075E0001AD03949B86AF8F77BFE0346002B06D05B
:1075F0003649B86AF8F774FE0346002B0CD1BB6914
:10760000596AFA6913465B001344DB000B441946C0
:10761000786800F05DF815E0BB69596AFA691346AD
:107620005B001344DB000B445C69BB69596AFA696F
:1076300013465B001344DB000B441B691A46B96A0E
:107640007868A047BB6993F8333023F01003DAB2AF
:10765000BB6983F8332034E0FB690133FB61BB690C
:107660009B8D1A46FB69934286DB00E000BF7B6876
:107670005B68002B1DD0FB6AFB60BB6A3B61BB698A
:1076800093F8333043F01003DAB2BB6983F8332048
:107690007B685B6807F10C02114678689847BB6904
:1076A00093F8333023F01003DAB2BB6983F8332048
:1076B00007E0F96A786801F045F802E000BF00E0F1
:1076C00000BF3C37BD4690BDEC2D0708F02D0708E4
:1076D00080B582B000AF786039603B689B68002B52
:1076E00010D07B681B680921786898473B689B68C5
:1076F0001946786800F0F3F9044B1B68194678685E
:1077000000F0EDF900BF0837BD4680BD300600240B
:1077100080B58EB000AFF860B9607A6000233B613D
:107720000023BB820023FB827868F8F7E3FD7862D0
:10773000BB68DB683B623B6A9B8D002B02D07B6A97
:10774000002B08D1FB681A4607F1100393E80300E9
:1077500082E8030095E000237B6383E03B6A596A7B
:107760007A6B13465B001344DB000B445B68FB61E0
:10777000F869F8F7BFFDB8613B6A9A6A7B6B1344FE
:107780001A783B6A996A7B6B0B4422F00102D2B2F1
:107790001A70BA697B6A9A425ED3012387F8333044
:1077A0000023FB6210E07A68FB6A13441A78F969D7
:1077B000FB6A0B441B789A4203D0002387F83330CE
:1077C00006E0FB6A0133FB62FA6A7B6A9A42EAD3FB
:1077D00097F8333083F00103DBB2002B3ED13B6AD4
:1077E0009A6A7B6B13441A783B6A996A7B6B0B44E9
:1077F00042F00102D2B21A70FB8A002B04D0BB8A7D
:107800001A46BB69934202D2BB699BB2BB82FB8A18
:1078100001339BB2FB82FB8A012B02D1FB693B61E6
:107820001DE03B6A1B8CBB6210E03A69BB6A1344E3
:107830001A78F969BB6A0B441B789A4203D0BB6A79
:107840009BB2BB820BE0BB6A0133BB62BB8A1A46A8
:10785000BB6A9342E9D302E000BF00E000BF7B6B4C
:1078600001337B633B6A9B8D1A467B6B9342FFF629
:1078700075AFFB681A4607F1100393E8030082E82E
:107880000300F8683837BD4680BD000080B588B079
:1078900000AF78607B68DB687B617B6993F833308D
:1078A00003F02003002B4AD07B69DA6907F10C034F
:1078B00079681846FFF72CFF7B8A002B02D17B6981
:1078C0001B8C3B82204B1B681946786800F007F937
:1078D0007B699B8E01221946786800F021F97B694B
:1078E0001B8CFB610BE07B681B68F968FA690A4432
:1078F0001278114678689847FB690133FB613B8A2F
:107900001A46FB699342EED33B8ABB6107E07B6872
:107910001B68202178689847BB690133BB617B698C
:107920001B8E1A46BB699342F1D33A8A7B691A8649
:10793000064B1B681946786800F0D1F800E000BFDC
:107940002037BD4680BD00BF3C0600244006002411
:1079500080B588B000AF78607B68DB68BB61BB69CD
:10796000DA6907F10C0379681846FFF7D1FE7B8AC4
:10797000002B78D07B8A012B04D03A8ABB691B8C00
:107980009A4231D9BB69DB69F9683A8A184627F00F
:10799000D2F87B8A012B09D1BB69DB693A8A13448F
:1079A00020221A703B8A01339BB23B82BB69DB69A0
:1079B0003A8A134400221A70BB69DB69BA69128CD7
:1079C0001146BA69928E8A1A13441946786800F0F3
:1079D00086F83A8ABB691A84BB691A8CBB691A8615
:1079E000BB6900229A863FE0786800F043F80023E4
:1079F000FB6121E0BB699A6AFB6913441B7803F0C1
:107A00000103002B14D0BB69596AFA6913465B0065
:107A10001344DB000B445B687B617969786800F094
:107A20005EF8134B1B681946786800F058F800E0C0
:107A300000BFFB690133FB61BB699B8D1A46FB6983
:107A40009342D7DBBB691B681946786800F047F89A
:107A5000BB69DB691946786800F041F8BB691A8C8C
:107A6000BB691A8600E000BF2037BD4680BD00BF5D
:107A70003006002490B587B000AF78607B68DB6883
:107A80003B613B691B8E1C463B691B681846F8F737
:107A900031FC03462344FB607B681B680D2178683A
:107AA000984700237B6107E07B681B68202178688A
:107AB00098477B6901337B617A69FB689A42F3D30B
:107AC0007B681B680D21786898473B6900221A86FD
:107AD0003B6900229A8600BF1C37BD4690BD80B529
:107AE00084B000AF786039603868F8F703FCB8609C
:107AF0000023FB600BE07B681B683968FA680A4466
:107B00001278114678689847FB680133FB60FA6881
:107B1000BB689A42EFD300BF00BF1037BD4680BD9F
:107B200080B586B000AF78600B467B8013467B70D3
:107B30007B88002B20D007F10C0300221A605A60CA
:107B40001A727B78002B04D00D4B1B6802331B7814
:107B500003E00C4B1B6802331B78FB757A88FB7DB6
:107B600007F10C00084926F06FFE07F10C031946D7
:107B70007868FFF7B4FF00E000BF1837BD4680BD4E
:107B80003406002438060024F82D070880B483B09A
:107B900000AF0346FB71FB790D2B0BD0FB790A2B51
:107BA00008D0FB79082B05D0FB79092B02D0FB7993
:107BB0007F2B01D1012300E0002303F00103DBB29E
:107BC00018460C37BD465DF8047B704780B483B01F
:107BD00000AF0346FB71FB791F2B04D9FB797E2B89
:107BE00001D8012300E0002303F00103DBB21846B3
:107BF0000C37BD465DF8047B704780B483B000AF9E
:107C000078607B68DA887B689B889A4206D37B68B9
:107C1000DA887B689B88D31A9BB209E07B681A8953
:107C20007B689B88D31A9AB27B68DB8813449BB22B
:107C300018460C37BD465DF8047B704780B485B0AC
:107C400000AF78600023FB737B689A887B68DB88D1
:107C50009A4214D07B681B687A68928813441B7818
:107C6000FB737B689B8801339BB27A681289B3FBF4
:107C7000F2F101FB02F29B1A9AB27B689A80FB7BBD
:107C800018461437BD465DF8047B704780B485B054
:107C900000AF78600B46FB707B68DB8801339BB2DA
:107CA0007A681289B3FBF2F101FB02F29B1AFB81A5
:107CB0007B689B88FA899A420BD07B681B687A683C
:107CC000D2881344FA781A707B68FA89DA80012323
:107CD00000E0002318461437BD465DF8047B70476A
:107CE00080B588B000AF786039603868F8F702FB7B
:107CF000B8617B689B881A46BB6901339A4201D2FE
:107D000000234DE03968786800F06AF824E07B6869
:107D10001B891946786800F047F878617869F8F7A8
:107D2000E9FA38617B681B687A69D31A1A463B699D
:107D300013440133FB617B689B881A46FB69D31AA5
:107D4000FB60BB690133FA689A420AD27B681B89DF
:107D5000013B9AB27B681A817B681B89002BD6D1C4
:107D600000E000BF7B681B89002B0AD07B681A6883
:107D7000BB690133D0187B681B68FA69194626F085
:107D800015FE7B681868BB6901331A46396826F00E
:107D9000D2FE7B681B8901339AB27B681A8101236A
:107DA00018462037BD4680BD80B582B000AF7860F0
:107DB0000B467B807B88002B04D07B681B897A88EC
:107DC0009A4201D9002307E07B681B687A88114634
:107DD0001846FFF737F9034618460837BD4680BDF9
:107DE00080B586B000AF786039603B68002B4CD01E
:107DF0007B681B89002B48D000237B6101237B8299
:107E000013E07B681B687A8A11461846FFF735F93C
:107E1000786139687869F8F763FA0346002B0AD06D
:107E200000237B617B8A01337B827B681B897A8A92
:107E30009A42E6D900E000BF7B69002B27D07B681F
:107E40001B89013B9AB27B681A817A8A7B681B89FD
:107E500001339A421DD07869F8F74CFAF8607B68D4
:107E60009B881946FB6801337A691A447B681B6852
:107E7000D31ACB1ABB60FB6801337A691344BA6822
:107E80001946786926F092FD04E000BF02E000BFC9
:107E900000E000BF1837BD4680BD80B485B000AF9C
:107EA00078600B467B807B68002B02D07B88002BA0
:107EB00002D14FF6FF7328E00023FB810123BB8131
:107EC000BA897B889A4213D0FB897A6813441B785D
:107ED000002B09D1BB890133BB81FB8901337A684F
:107EE00013441B78002B05D0FB890133FB81E7E7A6
:107EF00000BF00E000BFFB897A6813441B78002BA9
:107F000001D0FB8901E04FF6FF7318461437BD46D8
:107F10005DF8047B704780B586B000AFF860B9604B
:107F20007A6000237B6110E07B699B00BA68134490
:107F30001B681946F868F8F7D3F90346002B01D1FE
:107F40007B6908E07B6901337B617A697B689A42CF
:107F5000EADB4FF0FF3318461837BD4680BD0000FE
:107F600080B586B000AFF860B9607A60B868F8F79D
:107F7000C1F903463B61B968F868FFF7B0FD00231B
:107F80007B6106E00849F868FFF7A9FD7B690133CA
:107F90007B617A683B69D31A7A699A42F2DB00BF47
:107FA00000BF1837BD4680BDE42D07082DE9F0431A
:107FB00095B000AFF860B9607A60FB68DB687B63FE
:107FC0007B6B9B8D002B0AD18249F868FFF787FDF8
:107FD000814B1B681946F868FFF781FDA3E1B8687B
:107FE000FFF766F803467B867B8E002B40F0E2802D
:107FF0006B461E462023BB62BB6A013B7B62BB6AA9
:108000000022984691464FF000024FF000034FEADD
:10801000491343EAD8634FEA4812BB6A00221C4660
:1080200015464FF000024FF000036B0143EAD463A2
:108030006201BB6A9B000733DB08DB00ADEB030D7D
:108040006B4603339B089B003B620023FB640023C9
:10805000BB6423E07B6B596ABA6C13465B00134424
:10806000DB000B441B68BB61BB69002B13D0FA6CAF
:10807000396AB869FFF74FFF78617B69002B0ADA2C
:10808000FA6CBB6A9A4206DAFB6C5A1CFA643A6ACA
:10809000B96942F82310BB6C0133BB647B6B9B8DC9
:1080A0001A46BB6C9342D5DB00237B647BE04B49D3
:1080B000F868FFF714FD3B6A7A6C53F822301946D2
:1080C000F868FFF70CFD4649F868FFF708FD424BDA
:1080D0001B681946F868FFF702FD00233B6453E074
:1080E0007B6B596A3A6C13465B001344DB000B440C
:1080F0001B68FB61FB69002B43D03B6A7A6C53F829
:1081000022301946F869F8F7EBF80346002B38D10E
:108110003449F868FFF7E3FC7B6B596A3A6C134605
:108120005B001344DB000B445B681C221946F868B3
:10813000FFF716FF2C49F868FFF7D1FC7B6B596AF3
:108140003A6C13465B001344DB000B449B68002B26
:108150000DD07B6B596A3A6C13465B001344DB000D
:108160000B449B681946F868FFF7B9FC03E01F4908
:10817000F868FFF7B4FC184B1B681946F868FFF75E
:10818000AEFC3B6C01333B647B6B9B8D1A463B6CB6
:108190009342A5DB104B1B681946F868FFF79FFC5C
:1081A0007B6C01337B647A6CFB6C9A42FFF67FAF89
:1081B000B546B8E07B8E012B40F0AB800121B8685A
:1081C000FEF740FFF862002387F83F300023BB63CF
:1081D0008CE000BF002E070830060024182E070888
:1081E0001C2E0708202E0708282E07082C2E07080B
:1081F0007B6B596ABA6B13465B001344DB000B447C
:108200001B68002B6ED07B6B596ABA6B13465B0000
:108210001344DB000B445B68F96A1846F8F760F812
:108220000346002B5FD1012387F83F304049F868AF
:10823000FFF755FC7B6B596ABA6B13465B0013441E
:10824000DB000B445B681946F868FFF748FC394BC4
:108250001B681946F868FFF742FC3749F868FFF7D2
:108260003EFC7B6B596ABA6B13465B001344DB0020
:108270000B441B681946F868FFF731FC2D4B1B684F
:108280001946F868FFF72BFC7B6B596ABA6B1346EB
:108290005B001344DB000B449B68002B17D027497D
:1082A000F868FFF71CFC7B6B596ABA6B13465B00DE
:1082B0001344DB000B449B681946F868FFF70FFC7A
:1082C0001C4B1B681946F868FFF709FC15E01C49B0
:1082D000F868FFF704FC174B1B681946F868FFF7AE
:1082E000FEFB0AE000BFBB6B0133BB637B6B9B8D66
:1082F0001A46BB6B9342FFF67BAF97F83F3083F093
:108300000103DBB2002B0ED0F96AF86800F01AFA0C
:1083100009E00C49F868FFF7E2FB064B1B681946B9
:10832000F868FFF7DCFB5437BD46BDE8F08300BFBB
:10833000382E070830060024442E0708502E070860
:108340002C2E0708582E07082DE9F04397B000AFF0
:10835000F860B9607A60FB68DB68FB63FB6B9B8D40
:10836000002B0AD19349F868FFF7B9FB924B1B68C1
:108370001946F868FFF7B3FBCFE1B868FEF798FE3F
:1083800003467B877B8F002B40F005816B461E46A2
:108390002023FB62FB6A013BBB62FB6A002298461A
:1083A00091464FF000024FF000034FEA491343EAB1
:1083B000D8634FEA4812FB6A00221C4615464FF06C
:1083C00000024FF000036B0143EAD4636201FB6AD1
:1083D0009B000733DB08DB00ADEB030D6B4603337B
:1083E0009B089B007B6200237B6500233B6533E099
:1083F000FB6B596A3A6D13465B001344DB000B4478
:108400001B68BB61BB69002B06D06C49B869F7F7E4
:1084100067FF0346002B1BD1BB69002B01D0BB6952
:1084200000E0674B7B617A6D796A7869FFF773FDCD
:1084300038613B69002B0CDA7A6DFB6A9A4208DAE4
:108440007B6D5A1C7A657A6A796942F8231000E0DC
:1084500000BF3B6D01333B65FB6B9B8D1A463B6D4B
:108460009342C5DB7B6D002B0BD15249F868FFF7B7
:1084700036FB514B1B681946F868FFF730FBB546D1
:108480004BE10023FB647FE04E49F868FFF727FBD0
:108490007B6AFA6C53F822301946F868FFF71FFB25
:1084A0004949F868FFF71BFB434B1B681946F868FE
:1084B000FFF715FB0023BB6457E0FB6B596ABA6CEE
:1084C00013465B001344DB000B441B683B623B6AB2
:1084D000002B01D03B6A00E0394BFB617B6AFA6CF0
:1084E00053F822301946F869F7F7FAFE0346002BD5
:1084F00038D13649F868FFF7F2FAFB6B596ABA6C63
:1085000013465B001344DB000B445B681C221946D6
:10851000F868FFF725FD2E49F868FFF7E0FAFB6BD6
:10852000596ABA6C13465B001344DB000B449B682A
:10853000002B0DD0FB6B596ABA6C13465B001344D9
:10854000DB000B449B681946F868FFF7C8FA03E0A4
:108550002049F868FFF7C3FA174B1B681946F868FB
:10856000FFF7BDFABB6C0133BB64FB6B9B8D1A46F6
:10857000BB6C9342A1DB104B1B681946F868FFF7F0
:10858000AEFAFB6C0133FB64FA6C7B6D9A42FFF62A
:108590007BAFB546C1E07B8F012B40F0B480012159
:1085A000B868FEF74FFD7863002387F84730002353
:1085B0003B6495E0882E070830060024AC2E07089F
:1085C000B02E0708182E07081C2E0708202E0708B3
:1085D000282E07082C2E0708FB6B596A3A6C1346A5
:1085E0005B001344DB000B445B68796B1846F7F7BC
:1085F00077FE0346002B70D1FB6B596A3A6C134629
:108600005B001344DB000B441B683B633B6B002B9C
:1086100006D04449386BF7F763FE0346002B5BD165
:10862000012387F847304049F868FFF758FAFB6B99
:10863000596A3A6C13465B001344DB000B445B68D9
:108640001946F868FFF74BFA384B1B681946F8686B
:10865000FFF745FA3649F868FFF741FA3B6B002B04
:1086600001D03B6B00E0334B1946F868FFF737FA4F
:108670002E4B1B681946F868FFF731FAFB6B596AF5
:108680003A6C13465B001344DB000B449B68002BE1
:1086900017D02949F868FFF722FAFB6B596A3A6C40
:1086A00013465B001344DB000B449B681946F868D3
:1086B000FFF715FA1D4B1B681946F868FFF70FFA0C
:1086C00015E01E49F868FFF70AFA184B1B681946AF
:1086D000F868FFF704FA0AE000BF3B6C01333B6423
:1086E000FB6B9B8D1A463B6C9342FFF675AF97F878
:1086F000473083F00103DBB2002B0ED0796BF868B2
:1087000000F020F809E00E49F868FFF7E8F9074B98
:108710001B681946F868FFF7E2F95C37BD46BDE80B
:10872000F08300BFAC2E0708382E0708300600245F
:10873000442E0708B02E0708502E07082C2E0708D5
:10874000BC2E070880B582B000AF786039600B4955
:108750007868FFF7C4F939687868FFF7C0F9084905
:108760007868FFF7BCF9074B1B6819467868FFF774
:10877000B6F900BF0837BD4680BD00BFEC2E070824
:10878000002F07083006002480B500AF0B4B0C4AC1
:108790001A600C4B0A4A1A600B4B00221A60012027
:1087A00012F05BFA0346094A1360084B1B68002B62
:1087B00001D100BFFDE700BF80BD00BF4C06002413
:1087C000000000205006002418A900241CA9002441
:1087D00080B487B000AF786039603B68FF2B01D967
:1087E000FF233B603B680133FB60484B1A68484BF2
:1087F0001B689A4209D8464B1A68444B1B68D21A28
:1088000047F6FF739B1A7B613CE0404B1A68404B74
:108810001B68D31A013B7B6134E03C4B1B681B781F
:10882000FB723A4B1A68FB7A01331344374A1360E0
:10883000364B1B68374A934208D3344B1B68354A82
:108840009B1A1A46344B1344304A1360334B1B684F
:10885000013B324A13602D4B1A682D4B1B689A421C
:1088600009D82B4B1A68294B1B68D21A47F6FF739D
:108870009B1A7B6106E0254B1A68254B1B68D31AAF
:10888000013B7B617A69FB689A4203D2234B1B68E8
:10889000002BC2D11E4B1B683A68D2B21A701C4B17
:1088A0001B6801331A4A1360194B1B68194A93421B
:1088B00002D3174B184A1A6000233B6116E07A680E
:1088C0003B691A44124B1B6812781A70104B1B68D4
:1088D00001330F4A13600E4B1B680E4A934202D3BA
:1088E0000B4B0D4A1A603B6901333B613A693B68A7
:1088F0009A42E4D3094B1B680133084A136000BF56
:108900001C37BD465DF8047B704700BF500600244D
:108910004C060024008000200000002018A900243C
:1089200080B584B000AF78607868F7F7E3FCF86052
:10893000F9687868FFF74CFF00BF1037BD4680BD6F
:1089400080B582B000AF78600D4B1B68002B13D050
:108950000B4B1B684FF0FF31184612F03BFC0346EF
:10896000012B09D17868FFF7DBFF054B186800235E
:108970000022002112F08AF900BF0837BD4680BDF1
:108980001CA9002480B5A6B000AF786039607B6870
:108990001B681B7887F893307B681B685A1C7B68C0
:1089A0001A607B681B68234A934202D37B68224A81
:1089B0001A6097F99330002B02DB97F8933000E0B0
:1089C0008023C7F88C300023C7F894301BE07B6805
:1089D0001B68197807F10802D7F8943013440A4647
:1089E0001A707B681B685A1C7B681A607B681B685E
:1089F000104A934202D37B680F4A1A60D7F894302A
:108A00000133C7F89430D7F89420D7F88C309A42C5
:108A1000DDD307F10802D7F88C30134400221A7016
:108A200007F1080319463868FEF74AFA00BF98377D
:108A3000BD4680BD008000200000002080B586B0CB
:108A400000AF78601B4B1B68002B2ED0194B1B68A6
:108A50004FF0FF31184612F0BDFB0346012B24D125
:108A6000154B1B68BB60154B1B683B61144B1B68A7
:108A7000FB6000237B6108E007F108037968184672
:108A8000FFF780FF7B6901337B617A69FB689A425B
:108A900003D2BB683A699A42EED1064B18680023AC
:108AA0000022002112F0F2F800E000BF1837BD46A6
:108AB00080BD00BF1CA90024500600244C060024E1
:108AC00018A9002480B588B000AF78603960314BB8
:108AD0001B68002B59D02F4B1B684FF0FF311846F5
:108AE00012F078FB0346012B4FD12B4B1B687A68A1
:108AF0009A4202D9284B1B687B607B68002B07D108
:108B0000244B186800230022002112F0BFF83DE03A
:108B1000214B1A687B68D31A7B61204B1B68FB6072
:108B20000023FB6115E0FB681B78FB74FA68FB7C93
:108B300001331344FB60FB68194A934206D3FB6878
:108B4000174A9B1A1A46174B1344FB60FB69013303
:108B5000FB61FA697B699A42E5D30023BB6108E0B7
:108B600007F10C0339681846FFF70CFFBB690133A6
:108B7000BB61BA697B689A42F2D3064B186800233E
:108B80000022002112F082F800E000BF2037BD462D
:108B900080BD00BF1CA9002418A900245006002491
:108BA000008000200000002080B483B000AF786017
:108BB00039607B683A689A6100BF0C37BD465DF842
:108BC000047B704780B483B000AF786039603B6845
:108BD0001A047B689A6100BF0C37BD465DF8047BC0
:108BE00070470000B0B586B004AF384B1B684FF437
:108BF0007A71184612F0EEFA0346012B06D00022D5
:108C00003349042007F0A2FD00235BE0314B1B78C1
:108C1000002B08D12D4B186800230022002112F0F0
:108C200035F801234EE010212B48FFF7BDFF14203B
:108C300013F016FA4FF400412848FFF7B5FFC8209B
:108C400013F00EFA1AF060FC00F074F90346FB71A1
:108C5000FB79002B26D11F4B00221A7001222049DC
:108C6000012007F073FD3B46184609F085FA3B7872
:108C700018467B781C46BB781D46FB783A79797993
:108C80000291019200932B4622460146302016F0B5
:108C90008BF80E4B186800230022002111F0F6FF1C
:108CA00001230FE00B4B03221A7001220D4904200F
:108CB00007F04CFD054B186800230022002111F03D
:108CC000E5FF002318460837BD46B0BD24A900249F
:108CD000342F070828A90024000C0258001002585D
:108CE000602F0708882F0708B0B586B004AF2D4B5A
:108CF0001B684FF47A71184612F06CFA0346012B88
:108D000006D000222849042007F020FD002345E07A
:108D1000C82013F0A5F900200FF05AFA142013F020
:108D20009FF90022214900200EF0B6FA1F4811F0E9
:108D3000E3F9142013F094F91AF0DCFB642013F02B
:108D40008FF94FF400411A48FFF73CFF142013F04D
:108D500087F910211748FFF735FF174B01221A70CA
:108D60003B46184609F008FA3B7818467B781C46C3
:108D7000BB781D46FB783A7979790291019200938C
:108D80002B46224601462F2016F00EF8054B186898
:108D900000230022002111F079FF01231846083733
:108DA000BD46B0BD24A90024AC2F070820A900248B
:108DB00000100258000C025828A9002480B500AF0A
:108DC000012011F04AFF0346064A1360054B1B6859
:108DD000002B05D101220449042007F0B7FC00BF95
:108DE00080BD00BF24A90024D82F070880B5ADF5A9
:108DF0001E7D00AF07F51E73A3F51B73186007F502
:108E00001E73A3F51C73196007F51E73A3F51D737C
:108E10001A6007F51E73A3F51B731B68002B0DD09A
:108E200007F51E73A3F51C731B68002B06D007F50E
:108E30001E73A3F51D731B68002B01D1012372E083
:108E40003B4B1B684FF47A71184612F0C3F9034686
:108E5000012B01D0022366E0012387F8763207F563
:108E60001E73A3F51B7307F11800322219680EF068
:108E700089FA034687F8773297F87732002B49D181
:108E800007F1140307F51E72A2F51D7207F51E7196
:108E9000A1F51C7107F11800126809680EF0B5FF02
:108EA000034687F8773297F87732002B13D107F50E
:108EB0001E73A3F519731B6807F51E72A2F51D72C8
:108EC00012689A4207D107F1180318460FF080F98B
:108ED000034687F8773207F1180318460FF02EFB88
:108EE000034687F8753297F87732002B12D107F5D1
:108EF0001E73A3F519731B6807F51E72A2F51D7288
:108F000012689A4206D197F87532002B02D10023DD
:108F100087F87632064B186800230022002111F0F2
:108F2000B5FE97F87632184607F51E77BD4680BD28
:108F300024A9002480B582B000AF11F0EBFA78606C
:108F40000B49786811F090F80346002B0BD10122F1
:108F5000074908480EF0A0F903463B603B68002B28
:108F600001D0012300E0002318460837BD4680BD2C
:108F700020A90024000000242DE9F04F9FB000AF8D
:108F8000F863FB6B002B01D10023D1E06B4B1B6816
:108F90004FF47A71184612F01DF90346012B01D0E7
:108FA0000023C5E007F1440207F140031946644875
:108FB0000FF0BDFC034687F8773097F87730002B29
:108FC00008D05E4B186800230022002111F05EFEDD
:108FD0000023ADE07B6CDB69023B0022BB61FA61E0
:108FE000D7E90623C7E91A237B6C5B899BB2002271
:108FF0003B637A634FF000024FF00003796B4B0242
:10900000396B43EAD153396B4A02C7E91823FA6E28
:109010003B6E03FB02F17A6EBB6E02FB03F3194455
:10902000BA6E3B6EA2FB038901EB09039946C7E9BF
:109030001689C7E916893B6C0022BB62FA627B6E17
:10904000D7E90A89424602FB03F23B6E494601FB1F
:1090500003F31A443B6E4146A3FB01AB02EB0B0347
:109060009B46C7E914ABC7E914ABD7E916014FF02B
:1090700000024FF00003820A42EA81528B0AFB6B26
:109080001A60D7E914014FF000024FF00003820A82
:1090900042EA81528B0AFB6B5A60D7E916231343CD
:1090A0003BD0D7E91601D7E91423861A3E6161EB5C
:1090B00003037B61D7E90423C7E91223D7E912012F
:1090C00002460B469618BE605B41FB60D7E902235F
:1090D000141843EB01054FF000024FF000036B0141
:1090E00043EAD4636201A6183E6045EB03037B604C
:1090F000D7E9004523461B183B622B4641EB03038F
:109100007B62D7E91623D7E90801F7F751F9024640
:109110000B46D2B2FB6B1A7202E0FB6B00221A7292
:10912000064B186800230022002111F0AFFD012337
:1091300018467C37BD46BDE8F08F00BF24A9002447
:1091400020A9002490B5ADF55D7D02AF07F55A73F7
:10915000A3F55973186007F55A73A3F55A7319608C
:1091600007F55A73A3F558731F335B095C015D4B18
:109170001B684FF47A71184612F02CF80346012B45
:109180000AD007F55A73A3F5597357491868FDF7C4
:1091900097FE4FF0FF33A0E007F55A73A3F55A731B
:1091A00007F58470012219680EF0ECF8034687F881
:1091B000673397F86733002B21D097F8672307F5BB
:1091C0005A73A3F55A7307F1840000921B68474A4B
:1091D000802125F003FB07F1840207F55A73A3F5FC
:1091E000597311461868FDF76BFE3E4B1868002353
:1091F0000022002111F04AFD4FF0FF336DE007F52A
:109200005A73A3F559733A491868FDF759FE60225D
:109210000021204625F0E4FB07F5827307F58470F2
:109220005F2221460EF04AFC034687F8673397F821
:109230006733002B26D097F8672307F55A73A3F5F9
:109240005A7307F1840000921B682A4A802125F096
:10925000C5FA07F1840207F55A73A3F5597311464D
:109260001868FDF72DFE07F5847318460FF066F9B0
:109270001C4B186800230022002111F007FD4FF05D
:10928000FF332AE007F55A73A3F519731B68002210
:10929000E25407F55A73A3F5597321461868FDF790
:1092A0000FFE07F55A73A3F519731B68002BAED197
:1092B00007F55A73A3F559730D491868FDF700FEB9
:1092C00007F5847318460FF039F9064B1868002328
:1092D0000022002111F0DAFC0023184607F55B7725
:1092E000BD4690BD24A90024FC2F070818300708AC
:1092F000343007083830070890B5ADF5417D02AF2E
:1093000007F53E73A3F53B73186007F53E73A3F5AD
:109310003C73196007F53E73A3F53D731A60674B04
:109320001B684FF47A71184611F054FF0346012B65
:109330000AD007F53E73A3F53B7361491868FDF742
:10934000BFFD4FF0FF33B4E007F53E73A3F53C7368
:1093500007F19800322219680EF014F8034687F8D6
:10936000F73297F8F732002B21D097F8F72207F55C
:109370003E73A3F53C7307F1180000921B68514A35
:10938000802125F02BFA07F1180207F53E73A3F5AB
:109390003B7311461868FDF793FD484B186800238E
:1093A0000022002111F072FC4FF0FF3381E007F53D
:1093B0003E73A3F53D731B68002B58D007F53E7331
:1093C000A3F53D731B681B78002B50D007F53E7347
:1093D000A3F53D731868F6F78DFF044607F11403F3
:1093E00007F53E72A2F53D7107F198002246096823
:1093F0000EF00BFD034687F8F73297F8F732002B93
:109400000ED107F53E73A3F53D731868F6F772FFAA
:10941000024607F53E73A3F539731B689A4226D0BE
:1094200097F8F72207F53E73A3F53C7307F1180090
:1094300000921B68244A802125F0D0F907F1180218
:1094400007F53E73A3F53B7311461868FDF738FD29
:1094500007F1980318460FF071F8184B18680023AD
:109460000022002111F012FC4FF0FF3321E007F140
:10947000980318460FF062F8104B1868002300227A
:10948000002111F003FC07F53E73A3F53C7307F1CF
:1094900018001B680D4A802125F0A0F907F1180279
:1094A00007F53E73A3F53B7311461868FDF708FDF9
:1094B0000023184607F53F77BD4690BD24A9002438
:1094C000FC2F0708543007087C3007089C30070839
:1094D00080B5ADF5227D02AF07F52073A3F51F73AC
:1094E0001860524BC7F87C32514B1B684FF47A71AD
:1094F000184611F06FFE0346012B08D007F52073C4
:10950000A3F51F734B491868FDF7DAFC89E007F1F2
:109510000800D7F87C32484A4FF4C07125F05EF954
:1095200007F1080207F52073A3F51F7311461868A9
:10953000FDF7C6FC07F50A73D7F87C1218460FF042
:109540002CF8034687F87B3297F87B32002B4BD1FF
:1095500007F5C47207F50A73114618460FF067F94C
:10956000034687F87B3297F87B32002B36D197F889
:10957000A231002B32D097F8943103F01003002B66
:1095800014D007F5C4731A3307F108002B4A4FF4BF
:10959000C07125F023F907F1080207F52073A3F540
:1095A0001F7311461868FDF78BFCD1E7D7E96223DA
:1095B00007F5C4731A3307F108000092204A4FF4EC
:1095C000C07125F00BF907F1080207F52073A3F528
:1095D0001F7311461868FDF773FCB9E707F50A73A6
:1095E00018460FF0F9F815E097F87B3207F10800FC
:1095F0000093D7F87C32134A4FF4C07125F0EEF88F
:1096000007F1080207F52073A3F51F7311461868C8
:10961000FDF756FC064B186800230022002111F0CC
:1096200035FB07F52077BD4680BD00BF20A900248B
:1096300024A90024FC2F0708B8300708D0300708F9
:10964000DC300708F430070890B5ADF5077D00AFB2
:10965000324B1B6841F28831184611F0BBFD0346BE
:10966000012B06D000222E49042007F06FF80223B8
:109670004FE000222B4900200DF00EFE07F5067387
:10968000A3F50573284A1C4613460FCB84E80F0048
:1096900007F11402391D4FF4007322480FF078FBD4
:1096A000034687F8173297F81732002B1FD1012293
:1096B0001C491E480DF0F0FD034687F8173297F855
:1096C0001732002B0DD100221949002007F03EF877
:1096D000124B186800230022002111F0D7FA002352
:1096E00017E000221349042007F030F804E00022BC
:1096F0001149042007F02AF801220A490B480DF00D
:10970000CBFD064B186800230022002111F0BEFAA1
:109710000123184607F50777BD4690BD24A900240C
:109720001431070820A90024C431070800000024D0
:1097300044310708703107089C31070880B584B0B0
:1097400000AF3B461846FFF717FC034683F00103C2
:10975000DBB2002B06D000220A49042006F0F6FFF7
:1097600000230AE002F068F80346FB733B7AFA7BB9
:109770009A4234BF01230023DBB218461037BD469E
:1097800080BD00BFE831070880B584B000AF034654
:109790003960FB711346BB71104B1B6807F10C015C
:1097A0000022184611F01CFE0346012B12D17B7BD0
:1097B000FA799A420ED1094B1B6807F10C0100227D
:1097C000184611F01FFC064B1868002300220021E8
:1097D00011F05CFA00BF1037BD4680BD40AB0024DD
:1097E0003CAB002480B59CB002AF124B1B6807F164
:1097F00064010022184611F005FC0346012B14D128
:1098000097F864301A4697F8653038460093134647
:10981000094A642124F0E2FF3B4600221946042055
:1098200006F094FF054816F035FA00BF6837BD46CC
:1098300080BD00BF40AB0024083307082CA90024DA
:1098400080B582B000AF786001220449042006F0A0
:109850007DFF00BF0837BD4680BD00BF3C33070811
:1098600080B500AF0021114816F0E6F910490F4805
:1098700016F02FFA03220021012011F05CF90346B3
:109880000C4A1360002202210A2011F054F9034609
:10989000094A136016F006FB084816F099FA084AC0
:1098A0000021002006F09EFE00BF80BD2CA90024F0
:1098B000419804083CAB002440AB0024899704087D
:1098C0004C33070880B582B000AF0FE00F48F9F7BE
:1098D00027F978607B68002B08DB7B68DBB2FB70C4
:1098E000FB1C012219460A4816F002FA0748F9F74C
:1098F00038F90346002BE9D100220021044816F074
:10990000F7F900BF0837BD4680BD00BF00780040B2
:109910002CA9002480B584B000AF78600023FB60E0
:109920007B681B0EDBB2FB737B681B0CDBB2BB736B
:109930007B681B0ADBB27B737B68DBB23B7307F18E
:109940000C0204230221154816F024FA144B1B883C
:109950003B81144B186807F1080100234FF0FF32D8
:1099600011F094F9104B1B684FF47A71184611F0FE
:1099700031FC0346012B05D100220C49022006F0E0
:10998000E5FE06E000220A49042006F0DFFEFFF7AC
:1099900029FF00BF1037BD4680BD00BF2CA90024A1
:1099A000C033070840AB00243CAB002480330708D9
:1099B000A433070880B586B000AF07F1100318463E
:1099C00008F0DAFB07F1080300221A601A713B7CE9
:1099D0003B72FB7C7B723B7DBB727B7DFB72FF230A
:1099E0003B7307F1080205230421144816F0D2F94D
:1099F000134B1B88BB80134B1868391D00234FF095
:109A0000FF3211F043F9104B1B684FF47A7118467E
:109A100011F0E0FB0346012B05D100220B49022087
:109A200006F094FE06E000220949042006F08EFEAE
:109A3000FFF7D8FE00BF1837BD4680BD2CA9002413
:109A40000434070840AB00243CAB0024C4330708AF
:109A5000E833070880B584B000AF0346FB71FB799B
:109A60003B7307F10C0201230821154816F092F907
:109A7000144B1B883B81144B186807F10801002325
:109A80004FF0FF3211F002F9104B1B684FF47A715E
:109A9000184611F09FFB0346012B05D100220C490B
:109AA000022006F053FE06E000220A49042006F0D8
:109AB0004DFEFFF797FE00BF1037BD4680BD00BFCB
:109AC0002CA900244834070840AB00243CAB0024F8
:109AD000083407082C34070890B589B000AF044655
:109AE000084611461A462346FB800346BB800B46B8
:109AF0007B8013467B7007F1100300221A605A60C6
:109B00009A60C3F80B20FB881B0A9BB2DBB23B7444
:109B1000FB88DBB27B74BB881B0A9BB2DBB2BB74D5
:109B2000BB88DBB2FB747B881B0A9BB2DBB23B7544
:109B30007B88DBB27B757B78BB7597F83030FB7523
:109B400097F834303B7697F838307B7697F83C308E
:109B5000BB76B7F840301B0A9BB2DBB2FB76B7F896
:109B60004030DBB23B7797F844307B77FF23BB77FD
:109B700007F110020F230A21144816F00BF9144BB9
:109B80001B88BB81134B186807F10C0100234FF0B1
:109B9000FF3211F07BF8104B1B684FF47A711846B6
:109BA00011F018FB0346012B05D100220B490220BE
:109BB00006F0CCFD06E000220949042006F0C6FDAF
:109BC000FFF710FE00BF2437BD4690BD2CA900242E
:109BD0009034070840AB00243CAB00244C34070809
:109BE0007034070880B582B000AFFF233B713A1D87
:109BF00001230C21144816F0CDF8144B1B883B8030
:109C0000134B1868394600234FF0FF3211F03EF82D
:109C1000104B1B684FF47A71184611F0DBFA0346BB
:109C2000012B05D100220C49022006F08FFD06E031
:109C300000220A49042006F089FDFFF7D3FD00BF8A
:109C40000837BD4680BD00BF2CA90024DC340708BE
:109C500040AB00243CAB002494340708BC34070814
:109C600080B582B000AFFF233B713A1D01230E2166
:109C7000144816F08FF8144B1B883B80134B186860
:109C8000394600234FF0FF3211F000F8104B1B68EB
:109C90004FF47A71184611F09DFA0346012B05D155
:109CA00000220C49022006F051FD06E000220A497C
:109CB000042006F04BFDFFF795FD00BF0837BD46B9
:109CC00080BD00BF2CA900242435070840AB002428
:109CD0003CAB0024E03407080435070880B586B0A3
:109CE00000AF0346FB800B467B7113467B8007F178
:109CF000100300221A609A80FB881B0A9BB2DBB219
:109D00003B74FB88DBB27B747B79BB747B881B0A5A
:109D10009BB2DBB2FB747B88DBB23B75FF237B75A8
:109D200007F1100206231021144816F033F8144BE3
:109D30001B88BB81134B186807F10C0100234FF0FF
:109D4000FF3210F0A3FF104B1B684FF47A711846D6
:109D500011F040FA0346012B05D100220B490220E5
:109D600006F0F4FC06E000220949042006F0EEFCAF
:109D7000FFF738FD00BF1837BD4680BD2CA9002471
:109D80007C35070840AB00243CAB0024283507088D
:109D90005435070880B582B000AFFF233B713A1DF0
:109DA00001231221144815F0F5FF144B1B883B804A
:109DB000134B1868394600234FF0FF3210F066FF4E
:109DC000104B1B684FF47A71184611F003FA0346E2
:109DD000012B05D100220C49022006F0B7FC06E059
:109DE00000220A49042006F0B1FCFFF7FBFC00BF8B
:109DF0000837BD4680BD00BF2CA90024D835070810
:109E000040AB00243CAB002480350708B035070880
:109E100080B582B000AFFF233B713A1D01231421AE
:109E2000144815F0B7FF144B1B883B80134B186880
:109E3000394600234FF0FF3210F028FF104B1B680B
:109E40004FF47A71184611F0C5F90346012B05D17C
:109E500000220C49022006F079FC06E000220A49A3
:109E6000042006F073FCFFF7BDFC00BF0837BD46B9
:109E700080BD00BF2CA900243036070840AB002469
:109E80003CAB0024DC3507080836070880B588B0ED
:109E900000AFF860084611461A4603467B810B4620
:109EA0003B811346FB8007F1140300221A605A60BD
:109EB000C3F80720FB681B0EDBB23B75FB681B0C6D
:109EC000DBB27B75FB681B0ADBB2BB75FB68DBB2E0
:109ED000FB757B891B0A9BB2DBB23B767B89DBB2CD
:109EE0007B763B891B0A9BB2DBB2BB763B89DBB23C
:109EF000FB76FB881B0A9BB2DBB23B77FB88DBB2AD
:109F00007B77FF23BB7707F114020B23162115483B
:109F100015F040FF144B1B883B82144B186807F167
:109F2000100100234FF0FF3210F0B0FE104B1B6801
:109F30004FF47A71184611F04DF90346012B05D103
:109F400000220C49022006F001FC06E000220A492A
:109F5000042006F0FBFBFFF745FC00BF2037BD46A1
:109F600080BD00BF2CA900248036070840AB002428
:109F70003CAB0024343607085C36070880B584B053
:109F800000AF0346FB710023BB81FB793B73FF23CA
:109F90007B7307F10C0202231821154815F0FAFE15
:109FA000144B1B883B81144B186807F108010023F0
:109FB0004FF0FF3210F06AFE104B1B684FF47A71BD
:109FC000184611F007F90346012B05D100220C4970
:109FD000022006F0BBFB06E000220A49042006F03E
:109FE000B5FBFFF7FFFB00BF1037BD4680BD00BFCC
:109FF0002CA90024CC36070840AB00243CAB00243D
:10A0000084360708AC36070880B584B000AF034635
:10A01000FB710023BB81FB793B73FF237B7307F14B
:10A020000C0202231A21154815F0B4FE144B1B88AC
:10A030003B81144B186807F1080100234FF0FF32F1
:10A0400010F024FE104B1B684FF47A71184611F083
:10A05000C1F80346012B05D100220C49022006F06D
:10A0600075FB06E000220A49042006F06FFBFFF7AB
:10A07000B9FB00BF1037BD4680BD00BF2CA900242E
:10A080000C37070840AB00243CAB0024D03607084F
:10A09000F036070880B582B000AFFF233B713A1D50
:10A0A00001231C21144815F075FE144B1B883B80BE
:10A0B000134B1868394600234FF0FF3210F0E6FDCD
:10A0C000104B1B684FF47A71184611F083F8034661
:10A0D000012B05D100220C49022006F037FB06E0D7
:10A0E00000220A49042006F031FBFFF77BFB00BF8A
:10A0F0000837BD4680BD00BF2CA900245C37070887
:10A1000040AB00243CAB0024103707083837070861
:10A1100080B582B000AFFF233B713A1D01231E21A1
:10A12000144815F037FE144B1B883B80134B1868FE
:10A13000394600234FF0FF3210F0A8FD104B1B688A
:10A140004FF47A71184611F045F80346012B05D1FA
:10A1500000220C49022006F0F9FA06E000220A4922
:10A16000042006F0F3FAFFF73DFB00BF0837BD46B9
:10A1700080BD00BF2CA90024A037070840AB0024F5
:10A180003CAB0024603707088437070880B584B0EB
:10A1900000AF0346FB710023BB81FB793B73FF23B8
:10A1A0007B7307F10C0202232021154815F0F2FD04
:10A1B000144B1B883B81144B186807F108010023DE
:10A1C0004FF0FF3210F062FD104B1B684FF47A71B4
:10A1D000184610F0FFFF0346012B05D100220C4961
:10A1E000022006F0B3FA06E000220A49042006F035
:10A1F000ADFAFFF7F7FA00BF1037BD4680BD00BFCC
:10A200002CA90024D837070840AB00243CAB00241D
:10A21000A4370708C037070880B584B000AF0346ED
:10A22000FB710023BB81FB793B73FF237B7307F139
:10A230000C0202232221154815F0ACFD144B1B889B
:10A240003B81144B186807F1080100234FF0FF32DF
:10A2500010F01CFD104B1B684FF47A71184610F07B
:10A26000B9FF0346012B05D100220C49022006F05C
:10A270006DFA06E000220A49042006F067FAFFF7AB
:10A28000B1FA00BF1037BD4680BD00BF2CA9002425
:10A290001838070840AB00243CAB0024DC37070823
:10A2A000FC37070880B584B000AF03460A46FB714F
:10A2B0001346BB7107F10C0300210A461A800A46B7
:10A2C0009A70FB793B73BB797B73FF23BB7307F1F8
:10A2D0000C0203232821154815F05CFD144B1B8844
:10A2E0003B81144B186807F1080100234FF0FF323F
:10A2F00010F0CCFC104B1B684FF47A71184610F02C
:10A3000069FF0346012B05D100220C49022006F00B
:10A310001DFA06E000220A49042006F017FAFFF7AA
:10A3200061FA00BF1037BD4680BD00BF2CA90024D4
:10A330007438070840AB00243CAB00241C380708E5
:10A340004C38070880B584B000AF03460A46FB715D
:10A350001346BB7107F10C0300210A461A800A4616
:10A360009A70FB793B73BB797B73FF23BB7307F157
:10A370000C0203232A21154815F00CFD144B1B88F1
:10A380003B81144B186807F1080100234FF0FF329E
:10A3900010F07CFC104B1B684FF47A71184610F0DB
:10A3A00019FF0346012B05D100220C49022006F0BB
:10A3B000CDF906E000220A49042006F0C7F9FFF7AC
:10A3C00011FA00BF1037BD4680BD00BF2CA9002484
:10A3D000C438070840AB00243CAB00247838070899
:10A3E000A038070880B584B000AF0346FB71002396
:10A3F000BB81FB793B73FF237B7307F10C020223C4
:10A400002C21154815F0C6FC144B1B883B81144BBE
:10A41000186807F1080100234FF0FF3210F036FCF6
:10A42000104B1B684FF47A71184610F0D3FE0346A8
:10A43000012B05D100220C49022006F087F906E025
:10A4400000220A49042006F081F9FFF7CBF900BF8A
:10A450001037BD4680BD00BF2CA900241439070861
:10A4600040AB00243CAB0024C8380708F03807088C
:10A4700080B584B000AF03460A46FB711346BB713A
:10A4800007F10C0300210A461A800A469A70FB79EC
:10A490003B73BB797B73FF23BB7307F10C02032370
:10A4A0002E21154815F076FC144B1B883B81144B6C
:10A4B000186807F1080100234FF0FF3210F0E6FBA7
:10A4C000104B1B684FF47A71184610F083FE034658
:10A4D000012B05D100220C49022006F037F906E0D5
:10A4E00000220A49042006F031F9FFF77BF900BF8A
:10A4F0001037BD4680BD00BF2CA900245439070881
:10A5000040AB00243CAB0024183907083839070851
:10A5100080B584B000AF03460A46FB711346BB7199
:10A5200007F10C0300210A461A800A469A70FB794B
:10A530003B73BB797B73FF23BB7307F10C020323CF
:10A540003021154815F026FC144B1B883B81144B19
:10A55000186807F1080100234FF0FF3210F096FB56
:10A56000104B1B684FF47A71184610F033FE034607
:10A57000012B05D100220C49022006F0E7F806E085
:10A5800000220A49042006F0E1F8FFF72BF900BF8A
:10A590001037BD4680BD00BF2CA9002494390708A0
:10A5A00040AB00243CAB0024583907087839070831
:10A5B00080B584B000AF78600B46FB70FB787A689A
:10A5C0003621154815F0E6FB144B1B88BB81144B54
:10A5D000186807F10C0100234FF0FF3210F056FB12
:10A5E000104B1B684FF47A71184610F0F3FD0346C8
:10A5F000012B05D100220C49022006F0A7F806E045
:10A6000000220A49042006F0A1F8FFF7EBF800BF8A
:10A610001037BD4680BD00BF2CA900240C3A0708A6
:10A6200040AB00243CAB0024CC390708F0390708C4
:10A6300080B588B000AF7860396007F1180318461C
:10A6400007F09AFD07F1100300221A601A713B7E91
:10A650003B74FB7E7B743B7FBB747B7FFB74FF236F
:10A660003B7507F11002052304211C4815F092FBED
:10A670001B4B1B88BB811B4B186807F10C01002387
:10A680004FF0FF3210F002FB174B1B684FF47A714A
:10A69000184610F09FFD0346012B13D100221349E9
:10A6A000022006F053F87B68002B09D03B68002B92
:10A6B00006D064223968786815F00AFC034609E080
:10A6C000012307E000220A49042006F03FF8FFF7C3
:10A6D00089F8002318462037BD4680BD2CA90024E8
:10A6E0000434070840AB00243CAB0024C433070803
:10A6F000E833070880B584B000AF78603960FF2385
:10A700003B7307F10C02012300211D4815F042FBA9
:10A7100000233B7201237B721A4B186807F1080172
:10A7200000234FF0FF3210F0B1FA174B1B684FF4C3
:10A730007A71184610F04EFD0346012B13D100220A
:10A740001249022006F002F87B68002B09D03B6812
:10A75000002B06D064223968786815F0B9FB0346EF
:10A7600009E0012307E000220949042005F0EEFF7B
:10A77000FFF738F8002318461037BD4680BD00BFEC
:10A780002CA9002440AB00243CAB0024103A07085D
:10A79000303A070880B586B000AF0346B9607A60EA
:10A7A000FB73FB7B3B7507F11402012308211C4856
:10A7B00015F0F0FA1B4B1B883B821B4B186807F106
:10A7C000100100234FF0FF3210F060FA174B1B68A6
:10A7D0004FF47A71184610F0FDFC0346012B13D19B
:10A7E00000221349022005F0B1FFBB68002B09D0FD
:10A7F0007B68002B06D064227968B86815F068FB86
:10A80000034609E0012307E000220A49042005F07D
:10A810009DFFFEF7E7FF002318461837BD4680BDB1
:10A820002CA900244834070840AB00243CAB00248A
:10A83000083407082C34070890B589B000AF0446E7
:10A84000084611461A462346FB800346BB800B464A
:10A850007B8013467B7007F1100300221A605A6058
:10A860009A60C3F80B20FB881B0A9BB2DBB23B74D7
:10A87000FB88DBB27B74BB881B0A9BB2DBB2BB7468
:10A88000BB88DBB2FB747B881B0A9BB2DBB23B75D7
:10A890007B88DBB27B757B78BB7597F83030FB75B6
:10A8A00097F834303B7697F838307B7697F83C3021
:10A8B000BB76B7F840301B0A9BB2DBB2FB76B7F829
:10A8C0004030DBB23B7797F844307B77FF23BB7790
:10A8D00007F110020F230A211C4815F05BFA1C4BEC
:10A8E0001B88BB811B4B186807F10C0100234FF03C
:10A8F000FF3210F0CBF9184B1B684FF47A711846F1
:10A9000010F068FC0346012B13D1002213490220EA
:10A9100005F01CFFBB6C002B09D0FB6C002B06D094
:10A920006422F96CB86C15F0D3FA034609E00123F0
:10A9300007E000220A49042005F008FFFEF752FF55
:10A94000002318462437BD4690BD00BF2CA9002423
:10A950009034070840AB00243CAB00244C3407087B
:10A960007034070880B584B000AF78603960FF2389
:10A970003B7307F10C0201230C211C4815F00AFA65
:10A980001B4B1B883B811B4B186807F108010023F8
:10A990004FF0FF3210F07AF9174B1B684FF47A71C1
:10A9A000184610F017FC0346012B13D1002213495F
:10A9B000022005F0CBFE7B68002B09D03B68002B02
:10A9C00006D064223968786815F082FA034609E0F7
:10A9D000012307E000220A49042005F0B7FEFEF734
:10A9E00001FF002318461037BD4680BD2CA9002466
:10A9F000DC34070840AB00243CAB00249434070847
:10AA0000BC34070880B588B000AF7B600346FB818B
:10AA10000B467B7313467B8107F1180300221A60F3
:10AA20009A80FB891B0A9BB2DBB23B76FB89DBB2C7
:10AA30007B767B7BBB767B891B0A9BB2DBB2FB768A
:10AA40007B89DBB23B77FF237B7707F11802062374
:10AA500010211C4815F09EF91B4B1B88BB821B4B19
:10AA6000186807F1140100234FF0FF3210F00EF9BF
:10AA7000174B1B684FF47A71184610F0ABFB034676
:10AA8000012B13D100221349022005F05FFE7B68E1
:10AA9000002B09D0BB6A002B06D06422B96A786803
:10AAA00015F016FA034609E0012307E000220A49DF
:10AAB000042005F04BFEFEF795FE002318462037D4
:10AAC000BD4680BD2CA900247C35070840AB00247E
:10AAD0003CAB0024283507085435070880B584B0FE
:10AAE00000AF78603960FF233B7307F10C0201234C
:10AAF00012211C4815F04EF91B4B1B883B811B4B48
:10AB0000186807F1080100234FF0FF3210F0BEF87B
:10AB1000174B1B684FF47A71184610F05BFB034625
:10AB2000012B13D100221349022005F00FFE7B6890
:10AB3000002B09D03B68002B06D064223968786866
:10AB400015F0C6F9034609E0012307E000220A498F
:10AB5000042005F0FBFDFEF745FE002318461037E4
:10AB6000BD4680BD2CA90024D835070840AB002481
:10AB70003CAB002480350708B035070880B588B0A5
:10AB800000AFF860084611461A4603467B810B4623
:10AB90003B811346FB8007F1140300221A605A60C0
:10ABA000C3F80720FB681B0EDBB23B75FB681B0C70
:10ABB000DBB27B75FB681B0ADBB2BB75FB68DBB2E3
:10ABC000FB757B891B0A9BB2DBB23B767B89DBB2D0
:10ABD0007B763B891B0A9BB2DBB2BB763B89DBB23F
:10ABE000FB76FB881B0A9BB2DBB23B77FB88DBB2B0
:10ABF0007B77FF23BB7707F114020B2316211C4838
:10AC000015F0C8F81B4B1B883B821B4B186807F1DB
:10AC1000100100234FF0FF3210F038F8174B1B687B
:10AC20004FF47A71184610F0D5FA0346012B13D170
:10AC300000221349022005F089FDBB6A002B09D0D0
:10AC4000FB6A002B06D06422F96AB86A15F040F955
:10AC5000034609E0012307E000220A49042005F029
:10AC600075FDFEF7BFFD002318462037BD4680BDA9
:10AC70002CA900248036070840AB00243CAB0024FC
:10AC80008C3A0708B03A070880B586B000AF034693
:10AC9000B9607A60FB730023BB82FB7B3B75FF23AB
:10ACA0007B7507F11402022318211C4815F072F875
:10ACB0001B4B1B883B821B4B186807F110010023BC
:10ACC0004FF0FF320FF0E2FF174B1B684FF47A7121
:10ACD000184610F07FFA0346012B13D100221349C6
:10ACE000022005F033FDBB68002B09D07B68002BE8
:10ACF00006D064227968B86815F0EAF8034609E0DE
:10AD0000012307E000220A49042005F01FFDFEF799
:10AD100069FD002318461837BD4680BD2CA90024C4
:10AD2000CC36070840AB00243CAB0024843607082F
:10AD3000AC36070880B586B000AF0346B9607A60CC
:10AD4000FB730023BB82FB7B3B75FF237B7507F105
:10AD5000140202231A211C4815F01CF81B4B1B88F7
:10AD60003B821B4B186807F1100100234FF0FF32A4
:10AD70000FF08CFF174B1B684FF47A71184610F0D8
:10AD800029FA0346012B13D100221349022005F0B2
:10AD9000DDFCBB68002B09D07B68002B06D0642249
:10ADA0007968B86815F094F8034609E0012307E0D4
:10ADB00000220A49042005F0C9FCFEF713FD002318
:10ADC00018461837BD4680BD2CA900240C3707084B
:10ADD00040AB00243CAB0024D0360708F03607080F
:10ADE00080B584B000AF7860396000233B73FF23E7
:10ADF0003B7307F10C0201231C211C4814F0CAFF0D
:10AE00001B4B1B883B811B4B186807F10801002373
:10AE10004FF0FF320FF03AFF174B1B684FF47A7177
:10AE2000184610F0D7F90346012B13D1002213491D
:10AE3000022005F08BFC7B68002B09D03B68002BBF
:10AE400006D064223968786815F042F8034609E0B4
:10AE5000012307E000220A49042005F077FCFEF7F1
:10AE6000C1FC002318461037BD4680BD2CA9002424
:10AE70005C37070840AB00243CAB0024CC3A070801
:10AE8000F43A070880B584B000AF786039600023D9
:10AE90003B73FF233B7307F10C0201231E211C4867
:10AEA00014F078FF1B4B1B883B811B4B186807F184
:10AEB000080100234FF0FF320FF0E8FE174B1B682C
:10AEC0004FF47A71184610F085F90346012B13D11F
:10AED00000221349022005F039FC7B68002B09D0C1
:10AEE0003B68002B06D064223968786814F0F0FFC4
:10AEF000034609E0012307E000220A49042005F087
:10AF000025FCFEF76FFC002318461037BD4680BDB8
:10AF10002CA90024A037070840AB00243CAB002438
:10AF2000603707088437070880B586B000AF03464E
:10AF3000B9607A60FB730023BB82FB7B3B75FF2308
:10AF40007B7507F11402022320211C4814F022FF14
:10AF50001B4B1B883B821B4B186807F11001002319
:10AF60004FF0FF320FF092FE174B1B684FF47A71CF
:10AF7000184610F02FF90346012B13D10022134974
:10AF8000022005F0E3FBBB68002B09D07B68002B97
:10AF900006D064227968B86814F09AFF034609E085
:10AFA000012307E000220A49042005F0CFFBFEF749
:10AFB00019FC002318461837BD4680BD2CA9002473
:10AFC000D837070840AB00243CAB0024A43707085F
:10AFD000C037070880B586B000AF0346B9607A6015
:10AFE000FB730023BB82FB7B3B75FF237B7507F163
:10AFF0001402022322211C4814F0CCFE1B4B1B8898
:10B000003B821B4B186807F1100100234FF0FF3201
:10B010000FF03CFE174B1B684FF47A71184610F086
:10B02000D9F80346012B13D100221349022005F061
:10B030008DFBBB68002B09D07B68002B06D06422F7
:10B040007968B86814F044FF034609E0012307E07B
:10B0500000220A49042005F079FBFEF7C3FB002318
:10B0600018461837BD4680BD2CA90024183807089B
:10B0700040AB00243CAB0024DC370708FC37070852
:10B0800080B584B000AF7860396000233B73FF2344
:10B090003B7307F10C02012324211C4814F07AFEB3
:10B0A0001B4B1B883B811B4B186807F108010023D1
:10B0B0004FF0FF320FF0EAFD174B1B684FF47A7127
:10B0C000184610F087F80346012B13D100221349CC
:10B0D000022005F03BFB7B68002B09D03B68002B6E
:10B0E00006D064223968786814F0F2FE034609E05D
:10B0F000012307E000220A49042005F027FBFEF7A0
:10B1000071FB002318461037BD4680BD2CA90024D2
:10B11000643B070840AB00243CAB0024143B070809
:10B12000403B070880B584B000AF786039600023E9
:10B130003B73FF233B7307F10C02012326211C48BC
:10B1400014F028FE1B4B1B883B811B4B186807F132
:10B15000080100234FF0FF320FF098FD174B1B68DA
:10B160004FF47A71184610F035F80346012B13D1CD
:10B1700000221349022005F0E9FA7B68002B09D070
:10B180003B68002B06D064223968786814F0A0FE72
:10B19000034609E0012307E000220A49042005F0E4
:10B1A000D5FAFEF71FFB002318461037BD4680BDB9
:10B1B0002CA90024B43B070840AB00243CAB00247E
:10B1C000683B0708903B070880B586B000AFBA60BF
:10B1D0007B600346FB730B46BB7307F1140300212E
:10B1E0000A461A800A469A70FB7B3B75BB7B7B75CF
:10B1F000FF23BB7507F11402032328211C4814F018
:10B20000C9FD1C4B1B883B821B4B186807F11001C2
:10B2100000234FF0FF320FF039FD184B1B684FF43D
:10B220007A7118460FF0D6FF0346012B13D1002286
:10B230001349022005F08AFABB68002B09D07B680D
:10B24000002B06D064227968B86814F041FE0346EA
:10B2500009E0012307E000220A49042005F076FAFC
:10B26000FEF7C0FA002318461837BD4680BD00BF60
:10B270002CA900247438070840AB00243CAB002400
:10B28000B83B0708E03B070880B586B000AFBA605E
:10B290007B600346FB730B46BB7307F1140300216D
:10B2A0000A461A800A469A70FB7B3B75BB7B7B750E
:10B2B000FF23BB7507F1140203232A211C4814F055
:10B2C00069FD1C4B1B883B821B4B186807F1100162
:10B2D00000234FF0FF320FF0D9FC184B1B684FF4DE
:10B2E0007A7118460FF076FF0346012B13D1002226
:10B2F0001349022005F02AFABB68002B09D07B68AD
:10B30000002B06D064227968B86814F0E1FD03468A
:10B3100009E0012307E000220A49042005F016FA9B
:10B32000FEF760FA002318461837BD4680BD00BFFF
:10B330002CA90024C438070840AB00243CAB0024EF
:10B3400078380708A038070880B586B000AF0346F4
:10B35000B9607A60FB730023BB82FB7B3B75FF23E4
:10B360007B7507F1140202232C211C4814F012FDF6
:10B370001B4B1B883B821B4B186807F110010023F5
:10B380004FF0FF320FF082FC174B1B684FF47A71BD
:10B3900018460FF01FFF0346012B13D1002213495B
:10B3A000022005F0D3F9BB68002B09D07B68002B85
:10B3B00006D064227968B86814F08AFD034609E073
:10B3C000012307E000220A49042005F0BFF9FEF737
:10B3D00009FA002318461837BD4680BD2CA9002461
:10B3E0001439070840AB00243CAB0024C8380708D8
:10B3F000F038070880B584B000AF7860396000236A
:10B400003B73FF233B7307F10C02012332211C48DD
:10B4100014F0C0FC1B4B1B883B811B4B186807F1C9
:10B42000080100234FF0FF320FF030FC174B1B6870
:10B430004FF47A7118460FF0CDFE0346012B13D15D
:10B4400000221349022005F081F97B68002B09D006
:10B450003B68002B06D064223968786814F038FD08
:10B46000034609E0012307E000220A49042005F011
:10B470006DF9FEF7B7F9002318461037BD4680BDB9
:10B480002CA90024583C070840AB00243CAB002406
:10B49000043C0708303C070880B586B000AF03467F
:10B4A000B9607A60FB7307F1140300210A461A8021
:10B4B0000A469A7001233B75FB7B7B75FF23BB75A6
:10B4C00007F11402032328211C4814F063FC1C4BD1
:10B4D0001B883B821B4B186807F1100100234FF0BB
:10B4E000FF320FF0D3FB184B1B684FF47A711846EC
:10B4F0000FF070FE0346012B13D1002213490220E6
:10B5000005F024F9BB68002B09D07B68002B06D01E
:10B5100064227968B86814F0DBFC034609E0012373
:10B5200007E000220A49042005F010F9FEF75AF955
:10B53000002318461837BD4680BD00BF2CA9002443
:10B540007438070840AB00243CAB00245C3C07087F
:10B55000883C070880B586B000AF0346B9607A60C2
:10B56000FB7307F1140300210A461A800A469A70F9
:10B5700001233B75FB7B7B75FF23BB7507F1140231
:10B5800003232A211C4814F005FC1C4B1B883B821A
:10B590001B4B186807F1100100234FF0FF320FF02A
:10B5A00075FB184B1B684FF47A7118460FF012FEAA
:10B5B0000346012B13D100221349022005F0C6F8DF
:10B5C000BB68002B09D07B68002B06D06422796809
:10B5D000B86814F07DFC034609E0012307E000226F
:10B5E0000A49042005F0B2F8FEF7FCF800231846DB
:10B5F0001837BD4680BD00BF2CA90024C4380708F9
:10B6000040AB00243CAB0024AC3C0708D03C07080E
:10B6100080B584B000AF786039600023BB8101231E
:10B620003B73FF237B7307F10C0202232C211C4880
:10B6300014F0B0FB1B4B1B883B811B4B186807F1B8
:10B64000080100234FF0FF320FF020FB174B1B685F
:10B650004FF47A7118460FF0BDFD0346012B13D14C
:10B6600000221349022005F071F87B68002B09D0F5
:10B670003B68002B06D064223968786814F028FCF7
:10B68000034609E0012307E000220A49042005F0EF
:10B690005DF8FEF7A7F8002318461037BD4680BDB9
:10B6A0002CA900241439070840AB00243CAB00242B
:10B6B000F03C0708183D070880B584B000AF7860FB
:10B6C000396000233B73FF233B7307F10C02012316
:10B6D00034211C4814F05EFB1B4B1B883B811B4B29
:10B6E000186807F1080100234FF0FF320FF0CEFA7F
:10B6F000174B1B684FF47A7118460FF06BFD034629
:10B70000012B13D100221349022005F01FF87B689A
:10B71000002B09D03B68002B06D06422396878687A
:10B7200014F0D6FB034609E0012307E000220A4992
:10B73000042005F00BF8FEF755F8002318461037E3
:10B74000BD4680BD2CA90024C839070840AB0024A1
:10B750003CAB002498390708B439070880B584B099
:10B7600000AF294B00221A70284B50221A70284B28
:10B7700001221A70274B01221A70274B19221A70C6
:10B7800005F0F8FAF8603A1D05234FF46F31F868B8
:10B7900005F0E7FB0346FB72FB7A002B06D0FB7A31
:10B7A00019461E4806F0EEFE002328E03A79164BB3
:10B7B0001A707B79002B08D0BB79002B05D0FB7960
:10B7C000002B02D03B7A002B0CD1104B50221A7068
:10B7D0000F4B01221A700F4B01221A700E4B1922C7
:10B7E0001A700BE07A79094B1A70BA79084B1A7003
:10B7F000FA79084B1A703A7A074B1A7001231846E7
:10B800001037BD4680BD00BF44AB00245406002461
:10B81000550600245606002457060024383D070824
:10B8200080B400AF034B1B781846BD465DF8047B1F
:10B83000704700BF44AB002480B400AF034B1B78BB
:10B84000DBB21846BD465DF8047B70475406002401
:10B8500080B485B000AFF860B9607A60FB68002BF7
:10B8600004D00D4B1B78DAB2FB681A70BB68002B52
:10B8700004D00A4B1B78DAB2BB681A707B68002BC5
:10B8800004D0074B1B78DAB27B681A7000BF1437FC
:10B89000BD465DF8047B704755060024560600241B
:10B8A0005706002480B584B000AF0346FB71FA79D7
:10B8B0000A4B1A7005F05EFAF860FA1D01234FF486
:10B8C0006F31F86805F0BEFA0346002B0CBF012368
:10B8D0000023DBB218461037BD4680BD44AB0024C0
:10B8E00080B584B000AF0346FB71FA790A4B1A7039
:10B8F00005F040FAF860FA1D01230849F86805F0E0
:10B90000A1FA0346002B0CBF01230023DBB218462B
:10B910001037BD4680BD00BF5406002401BC0300A3
:10B9200080B584B000AF0346FB710B46BB71134674
:10B930007B71114AFB791370104ABB791370104A5E
:10B940007B79137005F016FAF860FB793B72BB79CE
:10B950007B727B79BB7207F1080203230949F868FF
:10B9600005F070FA0346002B0CBF01230023DBB265
:10B9700018461037BD4680BD5506002456060024E3
:10B980005706002402BC030080B400AFBFF34F8F02
:10B9900000BF064BDB6803F4E0620449044B134329
:10B9A000CB60BFF34F8F00BF00BFFDE700ED00E0AD
:10B9B0000400FA0580B582B000AF786000F018F896
:10B9C0000C220021084823F00BF8074B074A1A60A5
:10B9D000054A7B685360044B00229A6000F030F8FF
:10B9E00000BF0837BD4680BD00008038ADDEADDE4B
:10B9F00080B582B000AF1CF001FC0F4BD3F8E030F3
:10BA00000D4A43F08053C2F8E0300B4BD3F8E030DE
:10BA100003F080537B607B681CF06AFC00BF074B1F
:10BA20009B6803F48033B3F5803FF8D100BF00BFBB
:10BA30000837BD4680BD00BF004402580048025888
:10BA400080B500AF1CF07AFC054BD3F8E030044A17
:10BA500023F08053C2F8E0301CF0E0FB00BF80BD53
:10BA60000044025880B582B000AFFFF7C1FF094B18
:10BA70001B68094A934203D1064B5B687B6002E076
:10BA80004FF0FF337B60FFF7DBFF7B68184608371A
:10BA9000BD4680BD00008038ADDEADDE80B500AFB4
:10BAA0000120FFF787FF72B600BF064BD3F8D030F6
:10BAB000044A43F48033C2F8D03019F021FFFFF775
:10BAC00063FF00BF0044025880B483B000AF7860C9
:10BAD00039607B681A693B6813403A689A4201D121
:10BAE000012300E0002318460C37BD465DF8047BB7
:10BAF0007047000080B483B000AF0346FB71FB7950
:10BB0000092B2BD801A252F823F000BF35BB040843
:10BB100039BB04083DBB040841BB040845BB04080D
:10BB200049BB04084DBB040851BB040855BB0408BD
:10BB300059BB04080D4B12E00D4B10E00D4B0EE00D
:10BB40000D4B0CE00D4B0AE00D4B08E00D4B06E0F1
:10BB50000D4B04E00D4B02E00D4B00E00D4B184681
:10BB60000C37BD465DF8047B704700BF743D070885
:10BB70007C3D0708943D0708A83D0708BC3D070821
:10BB8000D03D0708E03D0708F03D0708043E0708E0
:10BB9000183E07082C3E0708F0B58BB006AF78605A
:10BBA00039607B681B0CFB737B681B0ABB737B686B
:10BBB0007B733B681B0C3B733B681B0AFB723B6847
:10BBC000BB72FB7B4FF4616202FB03F1BA7B13464D
:10BBD0001B019B1A9B00CA187B7B13441A461A4B05
:10BBE0001A603B7B4FF4616202FB03F1FA7A134661
:10BBF0001B019B1A9B00CA18BB7A13441A46124BAE
:10BC00005A60114B00221A720F4B00225A720E4BCF
:10BC100001229A72FD7BBE7B97F80DC00A4B1B6810
:10BC20003A7BF97AB87A084C6468049403900291DC
:10BC300001920093634632462946044806F0A2FC6E
:10BC400000BF1437BD46F0BDA09601243C3E070856
:10BC500080B584B000AF3B1D184606F08DFAFB7925
:10BC60001A464FF4616303FB02F23B7A19460B4616
:10BC70001B015B1A9B0013447A7A1344FB60FB6838
:10BC800018461037BD4680BD80B588B002AF7860D9
:10BC90007B68B3F1FF3F12D1FFF7DAFF03461E3393
:10BCA0007B617B692B4A934203D97A692A4B1344FF
:10BCB0007B617969294806F065FC7B6945E07B6812
:10BCC0001B0CFB727B681B0ABB727B687B72FB7A66
:10BCD000172B05D8BB7A3B2B02D87B7A3B2B14D988
:10BCE000F97ABA7A7B7A1E4806F04CFCFFF7B0FF6F
:10BCF00003461E333B613B69164A934203D93A69B6
:10BD0000154B13443B613B691FE0FB7A4FF46162C2
:10BD100002FB03F1BA7A13461B019B1A9B00CA1857
:10BD20007B7A1344FB60FB680A4A934203D9FA68A2
:10BD3000094B1344FB60F97ABA7A787AFB6800936E
:10BD40000346084806F01EFCFB6818461837BD4637
:10BD500080BD00BF7F51010080AEFEFF983E070806
:10BD6000D43E0708143F070880B485B000AFF860E0
:10BD7000B9607A603B60FB68194AA2FB0323D90AC9
:10BD8000184BA3FB01231A0913465B001344DB0085
:10BD9000CA1AD2B2BB681A70FA68114BA3FB02131D
:10BDA000DB0A4FF4616101FB03F3D31A0E4AA2FBD5
:10BDB00003235B09DAB27B681A70F9680A4BA3FBAC
:10BDC00001235A0913461B019B1A9B00CA1AD2B2BF
:10BDD0003B681A7000BF1437BD465DF8047B70479E
:10BDE000C5B3A291ABAAAAAA8988888890B58DB05C
:10BDF00002AFF860B9607A60FB68002B07D07B68FF
:10BE0000B3F5967F03D37B685E4A934204D95E48BC
:10BE100006F0B8FB0023B1E0BB685A4A934205D94B
:10BE2000B9685A4806F0AEFB0023A7E04FF4116250
:10BE30000021F86822F0D4FDFB687A68C3F8042971
:10BE4000FFF706FFB861524806F09CFBB9685148FD
:10BE500006F098FB7968504806F094FBB9694F48A2
:10BE600006F090FBBB687B6200237B843BE07B8C0D
:10BE7000DB00FA6813447B617A6A494BA3FB021327
:10BE80001B0C404901FB03F3D31A7A6913607B69E9
:10BE900018687B69191D7B695A1D7B690633FFF79A
:10BEA00063FF798C7B691B7918467B695B791C463B
:10BEB0007B699B791A467B691B6801930092234634
:10BEC0000246384806F05EFB7B8C01337B847A6A3D
:10BED0007B681A44B9682B4B0B449A4208D27A6AA1
:10BEE0007B6813447B627B8CB3F5907FBFD300E00B
:10BEF00000BFFB687A8CA3F80029FB680022A3F836
:10BF00000229FB68012283F80C297B8C19462648FC
:10BF100006F038FB002387F821300023FB831AE06A
:10BF2000FA8BFB6853F83230BA699A4210D8FB6832
:10BF3000FA8BA3F80229012387F82130F98BFA8BB9
:10BF4000FB6853F832301A46184806F01BFB06E02F
:10BF5000FB8B0133FB83FA8B7B8C9A42E0D397F8FF
:10BF6000213083F00103DBB2002B06D0104806F02D
:10BF700009FBFB680022A3F80229012318462C378D
:10BF8000BD4690BD80510100AC3F0708EC3F07085B
:10BF90002C400708544007087840070894400708D9
:10BFA00007452EC2B8400708EC40070818410708AB
:10BFB0005841070880B586B000AF78600B46FB702B
:10BFC0007B68002B0CD07B6893F80C3983F001035D
:10BFD000DBB2002B04D17B68B3F80039002B01D110
:10BFE00000234CE0FFF734FE7861FB781A014DF630
:10BFF000E8031344244A134404333B613B699B79AF
:10C00000002B05D03B69DB79002B01D0002336E003
:10C010007B68B3F802297B68B3F800399A4214D2DE
:10C020007B68B3F80239DB007A681344FB60FB6875
:10C030001B687A699A4208D3FB681B687A69D31A2D
:10C04000B3F5E15F01D2012319E07B68B3F802394F
:10C05000002B13D17B68B3F80039002B0ED07B681E
:10C06000BB60BB681B687A699A4207D3BB681B68D0
:10C070003C337A699A4201D8012300E00023184634
:10C080001837BD4680BD00BF48AB0024F0B58BB06B
:10C0900004AF786039607B68002B69D07B6893F8C7
:10C0A0000C3983F00103DBB2002B61D17B68B3F85C
:10C0B0000039002B5CD07B68B3F802297B68B3F8A9
:10C0C00000399A4255D27B68B3F80239DB007A68AE
:10C0D00013447B6107F10C03184606F04DF83B7BD7
:10C0E0001C467B7B1D46BB7B1E46FB7B1A463B7C6E
:10C0F00019467B7C18467B68B3F80239039302909B
:10C100000191009233462A462146352012F04CFE1A
:10C110007B691B7918467B695B791C467B699B7937
:10C1200019467B691B687A68B2F80229029201936A
:10C1300000912346024639680F4806F023FA7B68CF
:10C14000B3F8023901339AB27B68A3F802297B68FD
:10C15000B3F802297B68B3F800399A4209D33968E9
:10C16000064806F00FFA7B680022A3F8022900E0D7
:10C1700000BF1C37BD46F0BDB84107081042070894
:10C18000F0B591B004AF786039607B68002B00F0A7
:10C19000F7803B68002B00F0F380FFF759FD386211
:10C1A00007F10C03184605F0E7FF3968764806F0FA
:10C1B000E9F97B6893F80C39002B01D0734B00E050
:10C1C000734B1946734806F0DDF97B68D3F8041900
:10C1D0007B68D3F80439704AA2FB03235B091A4633
:10C1E0006E4806F0CFF97B68D3F8083919466C48D9
:10C1F00006F0C8F97B68B3F800391946694806F0BB
:10C20000C1F97B68B3F802391946674806F0BAF9F4
:10C21000BB7B1C467B7B1D463B7B1E46FB7B1A463D
:10C220003B7C19467B7C18463B6A03930290019144
:10C23000009233462A4621465C4806F0A3F97B6803
:10C24000B3F80239033B9BB2FB857B68B3F8023934
:10C2500003339BB2BB85B7F92E30002B01DA0023E4
:10C26000FB85B7F92C307A68B2F80029934205DBD8
:10C270007B68B3F80039013B9BB2BB85FB8D7B85A6
:10C280003EE0B7F92A30DB007A6813447B61484B03
:10C290007B62B7F92A307A68B2F80229934202D158
:10C2A000444B7B6210E0B7F92A307A68B2F8022971
:10C2B000934202DA404B7B6206E07B691B683A6A74
:10C2C0009A4201D33D4B7B62B7F92A107B691B79F7
:10C2D0001C467B695B791D467B699B7918467B69A7
:10C2E0001B687A6A0292019300902B4622463448DA
:10C2F00006F048F9B7F92A309BB201339BB27B852F
:10C30000B7F92A20B7F92C309A42BADD7B68B3F826
:10C3100002297B68B3F800399A422DD27B68B3F8C2
:10C3200002391A467B6853F83230FB610023BB6147
:10C330003A6AFB699A420ED8FA693B6AD31ABB6122
:10C34000BB69154AA2FB03235B091A46B9691D485C
:10C3500006F018F915E0FA693B6AD21A1A4B134431
:10C36000BB61BB690C4AA2FB03235B091A46B9698E
:10C37000164806F007F904E0154806F003F900E056
:10C3800000BF3437BD46F0BD604207088042070851
:10C390008442070888420708898888889C420708E1
:10C3A00054400708C4420708DC420708F442070863
:10C3B0003C430708404307084C4307085C43070811
:10C3C000684307089843070880510100CC430708D9
:10C3D0000044070880B584B000AF0346FB71FB79C9
:10C3E000022B30D8FB7903F68E531B01184A1344F5
:10C3F0000433FB60FB6800221A70FB6800225A803D
:10C40000FB6800221A71012003F04AF9012003F0B1
:10C410007FF9FB6801229A71FB689B7B83F0010323
:10C42000DBB2002B10D0FB6800221A81FB680022CF
:10C430005A81FB6800229A81FB6800229A73FB688C
:10C440000022DA7300E000BF1037BD4680BD00BF98
:10C4500048AB002480B588B000AF03463960FB715B
:10C46000FB79022B3DD8FB7903F68E531B011F4A43
:10C4700013440433FB61FB690833BB613B689AB228
:10C48000BB691A803B689AB2BB695A803B68002B33
:10C4900014BF01230023DAB2BB699A71BB69002281
:10C4A000DA71134A07F10C0307CA83E807003B68F7
:10C4B000002B0AD1FB799B0020333B4453F8143CFA
:10C4C00019460C4806F05EF80CE0FB799B0020331F
:10C4D0003B4453F8143C3A681946074806F052F8B2
:10C4E00000E000BF2037BD4680BD00BF48AB002440
:10C4F000AC4407083C4407086C44070880B586B084
:10C5000002AF03460A46FB711346BB71FB79022B4F
:10C5100074D8FB7903F68E531B013B4A1344043352
:10C52000FB60BB79022B32D0022B6ADC002B02D0DD
:10C53000012B5FD065E0FB685B8801339AB2FB6832
:10C540005A80FB6800221A710021392012F02CFC5D
:10C55000FB79002B54D1FB685A88FB792A4944F6B1
:10C560004C0000FB03F3194441F20A030B441B88FF
:10C570009A4245D3244B03F56043012283F8402BB4
:10C58000FB6803221A70214805F0FCFF38E0FB68C5
:10C590001B790133DAB2FB681A710221392012F0DB
:10C5A00003FCFB681A79FB685B799A4213D3FB683A
:10C5B00005221A70144B03F56043D3F8503B013346
:10C5C000114A02F56042C2F8503BFB791946104807
:10C5D00005F0D8FF15E0F979FB685B881A46FB681F
:10C5E0001B791846FB685B7900930346094805F000
:10C5F000C9FF06E0FB6802221A7002E000BF00E0FB
:10C6000000BF1037BD4680BD48AB0024E04407089A
:10C610001C4507085445070880B582B000AF4EF6A8
:10C6200054320021384822F0DBF901200EF015FBCE
:10C630000346354A02F56042C2F8343B032200212A
:10C6400001200EF078FA03462F4A02F56042C2F844
:10C65000383B0322002101200EF06DFA03462A4ADE
:10C6600002F56042C2F83C3B274B03F56043D3F828
:10C67000343B002B0DD0244B03F56043D3F8383BFB
:10C68000002B06D0204B03F56043D3F83C3B002B36
:10C6900003D11E4805F076FF33E000237B6010E0F5
:10C6A000194A7B6803F68E531B0113440933032296
:10C6B0001A707B68DBB21846FFF78CFE7B6801338B
:10C6C0007B607B68022BEBDD06F0EEFA034683F01D
:10C6D0000103DBB2002B03D00D4805F053FF10E03F
:10C6E0000C4805F04FFF03F04BF80346002B03D036
:10C6F000094805F047FF02E0084805F043FF00F055
:10C7000019F90837BD4680BD48AB00249445070899
:10C71000D4450708104607083C460708784607082E
:10C7200080B582B000AF0346FB71084AFB791370F5
:10C73000FB79002B03D0064805F024FF02E00548F2
:10C7400005F020FF00BF0837BD4680BD9D9601243F
:10C75000B8460708E846070880B586B000AF03462C
:10C76000B9607A60FB73FB7B022B09D8BB68002B96
:10C7700006D07B68002B03D07B68B3F5805F04D9BB
:10C78000304805F0FFFE002357E0FB7B44F64C02E7
:10C7900002FB03F32C4A13447B617B6908337A68FC
:10C7A000B968184622F0C7F97B697A685A607B69D4
:10C7B00003F108007B6959687A6941F20803134460
:10C7C0001A4606F06FF80346FB7497F91330002BF6
:10C7D0000BD0FB7B97F9132019461C4805F0D2FEBD
:10C7E0007B6900221A70002327E07B6901221A70FE
:10C7F000FB7B1846FFF7EEFDF97B7B6903F5805361
:10C800005B891A46124805F0BDFEFB7B7A68B96861
:10C81000184606F0A3FA0346BB74BB7C002B05D177
:10C82000FB7B19460B4805F0ADFE05E0FB7BBA7CAF
:10C830001946094805F0A6FE012318461837BD46DB
:10C8400080BD00BF1C47070848AB00245C470708B1
:10C85000A0470708E44707082048070880B582B0CA
:10C8600000AF184B1B7883F00103DBB2002B03D021
:10C87000154805F087FE22E0124B03F560430122C4
:10C8800083F8412B0F4B03F56043002283F8402BC4
:10C8900000237B6007E07B68DBB21846FFF79AFD58
:10C8A0007B6801337B607B68022BF4DD054B03F56D
:10C8B0005043012283F8E428044805F063FE08375A
:10C8C000BD4680BD48AB00246C4807089C4807085B
:10C8D00080B582B000AF134B03F56043002283F8AC
:10C8E000412B00237B6007E07B68DBB21846FFF733
:10C8F00071FD7B6801337B607B68022BF4DD4FF4B4
:10C9000011620021084822F06BF84FF411620021F7
:10C91000064822F065F8064805F034FE00BF0837E7
:10C92000BD4680BD48AB00245C8401246C8D01248D
:10C93000C048070880B58AB000AF2A4805F022FE3B
:10C940003B1D184606F084FD002387F8273000239E
:10C950003B620DE007F10C023B6A13441B78002B8D
:10C9600003D0012387F8273005E03B6A01333B629F
:10C970003B6A022BEEDD97F8273083F00103DBB230
:10C98000002B0AD0184805F0FDFD002300220921E4
:10C99000164815F055FD002320E0154805F0F2FD7E
:10C9A000144806F09DFC0346FB77FB7F032B04D164
:10C9B000114805F0E7FD012310E0FB7F002B09D0B3
:10C9C000FB7F032219460D4805F0DCFD00F01AF844
:10C9D000012303E00A4805F0D5FD00231846283757
:10C9E000BD4680BDE44807081C49070860080024CC
:10C9F0006049070848AB0024A8490708E049070830
:10CA00001C4A070880B588B000AF1E4805F0BAFD83
:10CA10003B46184606F01CFD0023FB7729E0FB7F10
:10CA2000194A44F64C0101FB03F313441B7883F0CD
:10CA30000103DBB2002B19D0144BBB61FB7F022B2F
:10CA40000CD0022B0DDC002B02D0012B03D008E010
:10CA50000F4BBB6106E00F4BBB6103E00E4BBB61AC
:10CA600000E000BFB9690D4805F08CFDFB7F013384
:10CA7000FB77FB7F022BD2D900BF00BF2037BD461A
:10CA800080BD00BF604A070848AB00243C4307084C
:10CA90009C440708A4440708A8440708944A0708C8
:10CAA00080B584B000AF224805F06CFD0123FB7314
:10CAB0000023BB732DE0BB7B184606F0C5FB034685
:10CAC000FB71FB79002B21D01A4BBB60BB7B022B87
:10CAD0000CD0022B0DDC002B02D0012B03D008E080
:10CAE000154BBB6006E0154BBB6003E0144BBB600D
:10CAF00000E000BFFB791846FEF7FCFF03461A462C
:10CB0000B968104805F03EFD0023FB73BB7B013381
:10CB1000BB73BB7B022BCED9FB7B002B02D00A4818
:10CB200005F030FDFB7B18461037BD4680BD00BFC9
:10CB3000F44A07083C4307089C440708A444070834
:10CB4000A8440708284B0708584B070880B584B04D
:10CB500000AFF8607A601A460B46FB7213463B81C1
:10CB6000FB7A312B06D13A89FB7A7968184603F0B3
:10CB700093FC17E0F97A3A893B891B0A9BB23B2068
:10CB800012F012F9FB7A322B06D13A89FB7A7968D6
:10CB9000184603F081FC05E03A89FB7A796818466B
:10CBA00000F01CF81037BD4680BD000080B400AF17
:10CBB000034B1B78DBB21846BD465DF8047B70471B
:10CBC00045AB002480B400AF034B01221A7000BFB4
:10CBD000BD465DF8047B704745AB002480B584B04A
:10CBE00000AF0346B9607A60FB734B4B01221A70A9
:10CBF000FB7BFA2B00F38580F02B14DACB2B6DD066
:10CC0000CB2B7EDCB22B6ED0B22B7ADCB02B6FD06C
:10CC1000B02B76DC982B70D0982B72DC042B2DDC9B
:10CC2000002B1DDC6DE0F03B0A2B6AD801A252F804
:10CC300023F000BF83CC04088DCC040897CC0408F3
:10CC400003CD040803CD040803CD040803CD040874
:10CC500003CD040803CD040803CD0408A1CC0408C7
:10CC6000013B032B4DD801A252F823F0ABCC0408B2
:10CC7000B5CC0408BFCC0408D3CC0408402B23D087
:10CC80003FE07968B86800F04DF840E07968B8682E
:10CC900000F07EF83BE07968B86800F0AFF836E065
:10CCA0007968B86800F0E0F831E07968B86800F0B9
:10CCB00043FA2CE07968B86800F0A0FA27E07968B8
:10CCC000B86800F0FBFA22E07968B86800F0BEFAB4
:10CCD0001DE07968B86800F00DFB18E07968B86865
:10CCE00000F056F913E07968B86800F0DBF80EE060
:10CCF0007968B86800F01AF909E0084805F042FCC4
:10CD000005E0FB7B1946064805F03CFC00BF00BF70
:10CD10001037BD4680BD00BF45AB0024944B0708CB
:10CD2000BC4B070880B582B000AF78603960002343
:10CD30000022A021124815F083FB3968114805F044
:10CD400021FC3A6879680020FFF706FD0346002BB6
:10CD500012D00D4B1B7843F00103DAB20A4B1A7064
:10CD60000A4805F00FFC084B1B780F2B04D1FFF786
:10CD700075FD054B00221A7000BF0837BD4680BD07
:10CD800060080024F04B070846AB0024204C07083D
:10CD900080B582B000AF7860396000230022A12105
:10CDA000124815F04DFB3968114805F0EBFB3A6865
:10CDB00079680120FFF7D0FC0346002B12D00D4B01
:10CDC0001B7843F00203DAB20A4B1A700A4805F0E6
:10CDD000D9FB084B1B780F2B04D1FFF73FFD054B08
:10CDE00000221A7000BF0837BD4680BD60080024CD
:10CDF000504C070846AB0024804C070880B582B031
:10CE000000AF7860396000230022A221124815F09B
:10CE100017FB3968114805F0B5FB3A6879680220BC
:10CE2000FFF79AFC0346002B12D00D4B1B7843F002
:10CE30000403DAB20A4B1A700A4805F0A3FB084B48
:10CE40001B780F2B04D1FFF709FD054B00221A7048
:10CE500000BF0837BD4680BD60080024B04C0708FD
:10CE600046AB0024E04C070880B582B000AF786084
:10CE7000396000230022AA21074815F0E1FA07488B
:10CE800005F080FB064B00221A70FFF721FD00BF62
:10CE90000837BD4680BD00BF60080024104D07085C
:10CEA00046AB002480B584B000AF786039601B4B7E
:10CEB0001B7883F00103DBB2002B03D0184805F088
:10CEC00061FB28E000230022B321164815F0B8FAD0
:10CED000124B03F56043012283F8412B0F4B03F5FE
:10CEE0006043002283F8402B0023FB6007E0FB68CF
:10CEF000DBB21846FFF76EFAFB680133FB60FB6894
:10CF0000022BF4DD054B03F55043012283F8E4289E
:10CF1000054805F037FB1037BD4680BD48AB0024FF
:10CF20006C48070860080024344D070880B584B0B9
:10CF300000AF7860396000230022B121104815F05D
:10CF40007FFA104805F01EFB0F4B03F560430022EB
:10CF500083F8412B0023FB6007E0FB68DBB2184637
:10CF6000FFF738FAFB680133FB60FB68022BF4DD46
:10CF7000064805F007FB00BF1037BD4680BD00BF67
:10CF8000600800244C4D070848AB0024744D070886
:10CF900080B58AB000AF786039605B4805F0F2FA7E
:10CFA000002387F82730002387F82630002387F8EE
:10CFB00025307B681B7887F827307B6801331B7826
:10CFC00087F826307B6802331B7887F825300023EA
:10CFD000FB7707F11F0307F1200297F8261097F857
:10CFE0002700FEF7F1F80346002B14D0FB7F19460B
:10CFF000464805F0C7FA0023FB7607F11B0307F14B
:10D000001C0297F8251097F82700FEF73DF9034614
:10D01000002B17D003E03E4805F0B4FA71E0FB7E28
:10D0200019463C4805F0AEFA0023FB7407F11302E1
:10D0300007F1140311461846FEF7DCF90346002BEE
:10D0400033D003E0344805F09DFA5AE0FB7C1946E2
:10D05000324805F097FA7B7D1BB21B021AB2BB7DEA
:10D060001BB213431BB29BB23B82FB7D1BB21B0264
:10D070001AB23B7E1BB213431BB29BB2FB813B8AAD
:10D080001946FB891A46264805F07CFA0023FB72F4
:10D0900007F10B0207F10C0197F827301846FEF74D
:10D0A00053F90346002B0ED003E01E4805F06AFA40
:10D0B00027E0FB7A19461C4805F064FA97F82730F8
:10D0C000002B0CD103E0194805F05CFA19E007F1D8
:10D0D00010020223CC21164815F0B2F911E097F89E
:10D0E0002730012B07D107F10E020223CC21104873
:10D0F00015F0A6F905E097F8273019460D4805F018
:10D1000041FA2837BD4680BD8C4D0708B84D070849
:10D11000F04D0708204E0708584E0708884E0708AC
:10D12000F04E0708C04E0708204F07085C4F07085D
:10D13000600800248C4F0708B0B58CB004AF78604D
:10D1400039600023002211212A4815F079F97B6803
:10D150001B78FB757B6801331B783B767B68023359
:10D160001B787B767B6803331B783B757B680433C5
:10D170001B787B757B6805331B78BB7507F114033F
:10D18000184605F00FF803F0C5FCF86107F1140329
:10D190001946F86903F014FDFB7D18463B7E1C46DA
:10D1A0007B7E1D463B7D7A7DB97D02910192009385
:10D1B0002B4622460146104805F0E4F907F10C031E
:10D1C000184604F0D9FF3B7B18467B7B1C46BB7B93
:10D1D0001D46FB7B3A7C797C0291019200932B46A1
:10D1E00022460146342011F0DFFD00BF2037BD4646
:10D1F000B0BD00BF60080024AC4F070880B582B006
:10D2000000AF786039600023002212210C4815F02D
:10D2100017F90C4805F0B6F90B4B1B7843F00803DF
:10D22000DAB2094B1A70084B1B780F2B04D1FFF7A9
:10D2300015FB054B00221A7000BF0837BD4680BDA4
:10D2400060080024E84F070846AB0024B0B58AB058
:10D2500004AF7860396007F11003184604F08CFFC2
:10D26000FB7C3B723B7D7B727B7DBB723B7CFB72AC
:10D270007B7C3B73BB7C7B7307F108020623412157
:10D280000C4815F0DDF8FB7C18463B7D1C467B7D89
:10D290001D463B7C7A7CB97C0291019200932B461F
:10D2A00022460146044805F06DF900BF1837BD4617
:10D2B000B0BD00BF600800240C50070880B582B0E4
:10D2C00000AF78603960002300221321074815F071
:10D2D000B7F8074805F056F9C8200EF0C1FEFEF772
:10D2E000DDFB00BF0837BD4680BD00BF60080024DD
:10D2F0005050070880B582B000AF786039600548AB
:10D3000005F040F9012000F007F800BF0837BD46DE
:10D3100080BD00BF7C50070880B483B000AF0346D7
:10D32000FB71FB79002B14BF01230023DBB21A46EB
:10D33000054B1A70044B1B78DBB218460C37BD4600
:10D340005DF8047B704700BF9C96012480B400AF59
:10D35000034B1B78DBB21846BD465DF8047B704773
:10D360009C96012480B588B000AF78600FF0DAF8A1
:10D370000346BB606F4B03F5604393F8413B83F07A
:10D380000103DBB2002B06D007F108036421184625
:10D390000EF0DEFDCCE0674B03F56043D3F8343B81
:10D3A0000A2118460DF016FF0346012B40F0BA8003
:10D3B0000023FB770023BB775E4B03F5604393F8B4
:10D3C000403B83F00103DBB2002B2FD0594B03F518
:10D3D000504393F8E438012B28D1564BBB61564B90
:10D3E0007B61BB691B78002B20D07B695A88BB69A5
:10D3F00003F580535B899A4218D27B695B881A4691
:10D400001346DB001344DB0041F208021A44BB69F7
:10D41000134404333B613969002000F067FB034685
:10D42000FB73FB7B19460020FFF768F8414B03F5BF
:10D43000604393F8403B002B0FD03E4B03F58043F5
:10D4400093F84C38002B08D001213C48FEF7B2FD80
:10D450000346002B01D0012300E00023BB73BB7BFC
:10D4600003F00103BB73334B03F5604393F8403B78
:10D47000002B0FD02F4B03F5104393F89830002B5F
:10D4800008D002212E48FEF795FD0346002B01D05F
:10D49000012300E000237B737B7B03F001037B739C
:10D4A000BB7B002B02D17B7B002B11D0BB7B002BE5
:10D4B00005D024492148FEF7E9FD0123FB777B7B5A
:10D4C000002B05D020491E48FEF7E0FD0123BB7765
:10D4D000184B03F56043D3F8340B002300220021DE
:10D4E0000DF0D4FBFB7F002B0CD0184805F04AF858
:10D4F000104B03F56043D3F8380B002300220021C2
:10D500000DF0C4FBBB7F002B0CD0114805F03AF89E
:10D51000084B03F56043D3F83C0B002300220021A5
:10D520000DF0B4FB07F10803642118460EF010FD5E
:10D5300020E700BF48AB00242C8401245C84012434
:10D540006C8D0124A4440708A8440708A8500708C4
:10D55000D050070880B588B000AF7860734B03F5F2
:10D560006043D3F8383B4FF0FF3118460DF032FEE0
:10D570000346012BF2D16D4B03F56043D3F8343BE6
:10D580004FF47A7118460DF025FE0346012BE5D1C4
:10D59000674BFB61674BBB61674804F0F3FFBB69F6
:10D5A00001221A70BB6900225A80BB6900221A71DD
:10D5B000012002F075F8012002F0AAF853E0BB69DF
:10D5C0005B881A461346DB001344DB0041F2080275
:10D5D0001A44FB69134404337B617969012000F02C
:10D5E00085FA0346FB74FB7C002B09D1BB695B8881
:10D5F00001339AB2BB695A80BB6900221A7132E0CA
:10D60000FB7C022B2CD1BB691B790133DAB2BB69DD
:10D610001A71BB691A79BB695B799A4214D3434B7F
:10D6200003F56043D3F8503B0133404A02F56042B2
:10D63000C2F8503BBB695B881946404804F0A2FF22
:10D640000120FEF7C7FE1CE0BB695B881946BB6979
:10D650001B791A46BB695B79394804F093FF02E0F5
:10D66000FB7C012B0CD0BB695A88FB6903F5805306
:10D670005B899A4205D2BB691B78012B9FD000E0E1
:10D6800000BFBB695A88FB6903F580535B899A42E6
:10D6900041D3BB6903221A70244B03F56043D3F8CE
:10D6A000483B0133214A02F56042C2F8483BBB695E
:10D6B0000833FB60FB689B8801339AB2FB689A8051
:10D6C000FB689B79002B1AD0FB685B88002B16D077
:10D6D000FB685B88013B9AB2FB685A80FB685B88F9
:10D6E000002B06D1FB680122DA71164804F04AFFCC
:10D6F00005E0FB685B881946134804F043FF0B4BB9
:10D7000003F56043D3F8483B1946104804F03AFF4C
:10D710000F4804F037FF054B03F56043D3F8340B93
:10D720000023002200210DF0B1FA17E748AB0024D6
:10D7300094F300243C840124F8500708245107087E
:10D740006851070898510708CC510708EC510708A1
:10D750002852070880B588B000AF7860704B03F599
:10D760006043D3F83C3B4FF0FF3118460DF032FDDB
:10D770000346012BF2D16A4B03F56043D3F8343BE7
:10D780004FF47A7118460DF025FD0346012BE5D1C3
:10D79000644BFB61644BBB61644804F0F3FEBB69FE
:10D7A00001221A70BB6900225A80BB6900221A71DB
:10D7B00053E0BB695B881A461346DB001344DB0069
:10D7C00041F208021A44FB69134404337B6179690E
:10D7D000022000F08BF90346FB74FB7C002B09D17F
:10D7E000BB695B8801339AB2BB695A80BB6900226E
:10D7F0001A7132E0FB7C022B2CD1BB691B790133FF
:10D80000DAB2BB691A71BB691A79BB695B799A4252
:10D8100014D3434B03F56043D3F8503B0133404AE4
:10D8200002F56042C2F8503BBB695B88194640482C
:10D8300004F0A8FE0220FEF7CDFD1CE0BB695B886A
:10D840001946BB691B791A46BB695B79394804F0F4
:10D8500099FE02E0FB7C012B0CD0BB695A88FB6966
:10D8600003F580535B899A4205D2BB691B78012B73
:10D870009FD000E000BFBB695A88FB6903F5805365
:10D880005B899A4241D3BB6903221A70244B03F58A
:10D890006043D3F84C3B0133214A02F56042C2F8A1
:10D8A0004C3BBB690833FB60FB689B8801339AB231
:10D8B000FB689A80FB689B79002B1AD0FB685B8819
:10D8C000002B16D0FB685B88013B9AB2FB685A803C
:10D8D000FB685B88002B06D1FB680122DA711648D1
:10D8E00004F050FE05E0FB685B881946134804F01D
:10D8F00049FE0B4B03F56043D3F84C3B19461048E7
:10D9000004F040FE0F4804F03DFE054B03F5604374
:10D91000D3F8340B0023002200210DF0B7F91DE7E6
:10D9200048AB0024E03B01244C84012464520708E6
:10D9300090520708D45207080453070838530708C1
:10D940005853070828520708F0B599B006AF786019
:10D9500000237B644FF47A600EF082FB574B1B78F8
:10D96000DBB283F00103DBB2002B40F0A580544B07
:10D9700003F56043D3F8343B642118460DF02AFCCC
:10D980000346012B78D140214E48FEF79DF803460F
:10D99000002B57D132200EF063FB40214948FEF79F
:10D9A00093F80346002B4DD1474804F0EBFD07F1F7
:10D9B0003C03184604F0E0FB97F83E301E4697F80B
:10D9C0003D3097F83C2097F83F1097F84000044608
:10D9D00097F84100054607F10C0004950394029165
:10D9E000019200933346394A302120F0F7FE97F830
:10D9F0003E3097F83D2097F83C1097F83F0097F895
:10DA0000404097F8415007F10C06059504940390A7
:10DA1000029101920093334600220021022001F07E
:10DA2000E9FE034687F8433097F84330002B03D1D3
:10DA3000274804F0A7FD05E097F84330194625482C
:10DA400004F0A0FD10F082FF034687F8423097F8FB
:10DA50004230002B05D097F8423019461E4804F09A
:10DA600091FD174B03F56043D3F8340B00230022DC
:10DA700000210DF00BF902E0184804F083FD0EF0D0
:10DA800051FD02467B6CD31A154A93427FF662AF72
:10DA9000FBF754FE0346002B0AD0124804F072FD37
:10DAA000FBF7D2FD0346002B02D10F4804F06AFDBC
:10DAB0000EF038FD78644DE700BF4BE79D960124DA
:10DAC00048AB00240004025894530708DC530708AD
:10DAD00000540708345407085C54070888540708A2
:10DAE00000BADB00D05407080055070880B582B0A3
:10DAF00000AF03463960FB71FB79022B10D0022B7B
:10DB000013DC002B02D0012B05D00EE0386800F0AA
:10DB100011F803460AE0386800F054FD034605E0BA
:10DB2000386801F06BF8034600E002231846083716
:10DB3000BD4680BD2DE9F043ABB008AF78607B688F
:10DB40009B8819467B689B791A46C04804F01AFDE9
:10DB500007F16C03184604F00FFB97F86E3003F5DD
:10DB6000FA63A7F87E307B689B799C467B689B882C
:10DB70009E467B689B881B0A9BB2984697F86C3040
:10DB8000194697F86D301846B7F87E30B7F87E2002
:10DB9000120A92B297F86F4097F8705097F8716038
:10DBA00006960595049403920293019000914346D2
:10DBB00072466146362011F0F7F87B689B790B2B93
:10DBC00020DC002B40F3DE84013B0A2B00F2DA84D8
:10DBD00001A252F823F000BF69DC0408E7DD040865
:10DBE000BBDE04088FDF040817E2040885E504089B
:10DBF00051E2040847E3040885E504087DE30408CE
:10DC0000CDE40408FF2B40F0BD84914804F0BAFC39
:10DC10007B6803F108007B68D97907F16A03002269
:10DC200004F070FD0346002B02D0022300F0B8BCC4
:10DC3000B7F86A30002B03D1864804F0A3FC05E056
:10DC4000B7F86A301946844804F09CFCB7F86A308B
:10DC500019460120FEF7FEFBB7F86A30194602208C
:10DC6000FEF7F8FB00F09BBC7B6803F108007B68C3
:10DC7000D97907F16403002204F044FD0346002B28
:10DC800033D17B6803F108007B68D97907F1600321
:10DC9000012204F037FD0346002B26D17B6803F1F7
:10DCA00008007B68D97907F15C03022204F02AFDA1
:10DCB0000346002B19D17B6803F108007B68D979F2
:10DCC00007F15803032204F01DFD0346002B0CD17D
:10DCD0007B6803F108007B68D97907F154030422BB
:10DCE00004F010FD0346002B02D0022300F058BCC4
:10DCF0003B6EFA6D11461846FDF74EFF7B6E1846D7
:10DD0000FDF7C2FFB867554B03F560431A46BB6F7A
:10DD1000C2F8443B514B03F56043012283F8422B88
:10DD20003B6E1B0C87F877303B6E1B0A87F876300A
:10DD30003B6E87F87530FB6D1B0C87F87430FB6DFC
:10DD40001B0A87F87330FB6D87F87230B96F44484F
:10DD500004F018FC97F8771097F8762097F875304C
:10DD6000404804F00FFC97F8741097F8732097F868
:10DD700072303D4804F006FCBB6D19463B4804F088
:10DD800001FC7B6D19463A4804F0FCFBBB6D1A465A
:10DD9000B96F3848FEF72AF80346002B11D03648F1
:10DDA00004F0F0FB35493348FEF7EAF9BB6F053361
:10DDB0007A6D19463248FEF719F80346002B0DD04C
:10DDC00004E0304804F0DEFB0223E9E32E4804F0CF
:10DDD000D9FB2E492A48FEF7D3F9E0E32C4804F09A
:10DDE000D1FB0223DCE37B6803F108007B68D9796F
:10DDF00007F15303002204F085FC0346002B0CD1ED
:10DE00007B6803F108007B68D97907F14C03012294
:10DE100004F078FC0346002B01D00223C0E397F8FE
:10DE20005330002B06D197F853301946194804F0A7
:10DE3000A9FB39E097F85330012B2FD197F85330D5
:10DE40001946154804F09EFB2EE000BF98550708C0
:10DE5000CC550708EC5507081056070848AB0024B6
:10DE60003056070870560708B856070800570708C5
:10DE7000385707085C84012470570708A444070832
:10DE80006C8D0124B4570708F4570708A844070805
:10DE90003858070878580708AC58070897F85330DF
:10DEA0001946AE4804F06EFB97F853301946FB6CE8
:10DEB0001A46AB4804F066FB71E3002387F887300D
:10DEC000002387F84730002387F8863043E07B68DB
:10DED00003F108007B68D97907F1460397F886209B
:10DEE00004F010FC0346002B07D097F88630194643
:10DEF0009C4804F047FB022352E397F84630012B7D
:10DF000009D997F8863097F846201946964804F0C4
:10DF100039FB022344E397F8861097F84630002B2C
:10DF200001D0924B00E0924B1A46924804F02AFB33
:10DF300097F846301A4697F8863002FA03F35AB239
:10DF400097F9873013435BB287F8873097F88630AC
:10DF5000013387F8863097F88630072BB7D907F159
:10DF6000470207F1480197F887301846FCF712FC82
:10DF70000346002B06D097F8473019467E4804F038
:10DF800001FB0CE37D4804F0FDFA022308E37B6803
:10DF900003F108007B68D97907F14403002204F0FB
:10DFA000B1FB0346002B74D17B6803F108007B684A
:10DFB000D97907F14203012204F0A4FB0346002BA8
:10DFC00067D17B6803F108007B68D97907F14003CA
:10DFD000022204F097FB0346002B5AD17B6803F121
:10DFE00008007B68D97907F13B03032204F08AFB20
:10DFF0000346002B4DD17B6803F108007B68D9797B
:10E0000007F13A03042204F07DFB0346002B40D1C4
:10E010007B6803F108007B68D97907F13903052291
:10E0200004F070FB0346002B33D17B6803F108003A
:10E030007B68D97907F13803062204F063FB0346B5
:10E04000002B26D17B6803F108007B68D97907F1A2
:10E050003E03072204F056FB0346002B19D17B68D0
:10E0600003F108007B68D97907F13D03082204F029
:10E0700049FB0346002B0CD17B6803F108007B6849
:10E08000D97907F13C03092204F03CFB0346002B3D
:10E0900001D0022384E2B7F844301946B7F8423081
:10E0A0001A46B7F84030364804F06CFA97F83B301F
:10E0B000194697F83A301A46324804F063FA97F84E
:10E0C0003930194697F838301A462F4804F05AFA72
:10E0D000FB8F194697F83D301A4697F83C302B488D
:10E0E00004F050FA002387F83330B7F844C0B7F88B
:10E0F00042E0B7F8408097F83B9097F83A3097F8AD
:10E100003C2097F8391097F83800FC8F97F83D506D
:10E1100007F13306079607F1340606960595049431
:10E1200003900291019200934B464246714660462D
:10E13000FCF782FB0346002B0BD097F833301946CF
:10E14000134804F01FFA97F83330022B40F0228274
:10E1500022E0104804F016FA022321E2E4580708EE
:10E16000185907085459070894590708EC59070823
:10E17000F4590708005A07082C5A07085C5A070880
:10E18000845A0708C05A0708F05A0708245B070892
:10E19000685B07089C5B070897F834303F2B00F05A
:10E1A000F981002387F83330B74804F0EBF9B7F86A
:10E1B00044C0B7F842E0B7F8408097F83B9097F832
:10E1C0003A3097F83C2097F8391097F83800FC8FD0
:10E1D00097F83D5007F13306079607F13406069687
:10E1E0000595049403900291019200934B46424698
:10E1F00071466046FCF720FB0346002B06D097F8DB
:10E2000033301946A14804F0BDF9C3E1A04804F039
:10E21000B9F90223C4E19F4804F0B4F9002387F858
:10E220002F3007F12F0207F1300311461846FCF793
:10E2300099FB0346002B06D097F82F3019469648D5
:10E2400004F0A0F9ABE1954804F09CF90223A7E1A2
:10E250007B6803F108007B68D97907F12C03002261
:10E2600004F050FA0346002B19D17B6803F1080033
:10E270007B68D97907F12903012204F043FA0346A8
:10E28000002B0CD17B6803F108007B68D97907F17A
:10E290002A03022204F036FA0346002B01D002239F
:10E2A0007EE1BB8D194697F829301A467B8D7C4854
:10E2B00004F068F9002387F82330B88D97F8291007
:10E2C0007A8D07F1240407F1230300932346FCF71A
:10E2D00099FB0346002B0BD097F823301946714861
:10E2E00004F050F997F82330022B40F0558104E0F8
:10E2F0006D4804F047F9022352E197F824303F2B90
:10E3000000F04A81002387F82330684804F03AF986
:10E31000B88D97F829107A8D07F1240407F12303AB
:10E3200000932346FCF76EFB0346002B06D097F8BC
:10E33000233019465B4804F025F92DE15A4804F0D2
:10E3400021F902232CE15A4804F01CF90023FB7741
:10E3500007F11F0207F1200311461846FCF7BEFB28
:10E360000346002B05D0FB7F1946524804F00AF9FA
:10E3700015E1514804F006F9022311E17B6803F12D
:10E3800008007B68D97907F11803002204F0BAF974
:10E390000346002B26D17B6803F108007B68D979FE
:10E3A00007F11603012204F0ADF90346002B19D141
:10E3B0007B6803F108007B68D97907F11403022216
:10E3C00004F0A0F90346002B0CD17B6803F1080090
:10E3D0007B68D97907F11203032204F093F903460D
:10E3E000002B01D00223DBE0B969FB8A1A46BB8A05
:10E3F00018467B8A00930346304804F0C3F8002394
:10E40000FB73B869F98ABA8A7C8A07F10F03019312
:10E4100007F1100300932346FCF7B0FB0346002BE3
:10E4200009D0FB7B1946264804F0ACF8FB7B022B95
:10E4300040F0B48004E0234804F0A4F80223AFE0E5
:10E440003B7C3F2B00F0AA800023FB731E4804F0A6
:10E4500099F8B869F98ABA8A7C8A07F10F0301939F
:10E4600007F1100300932346FCF788FB0346002BBB
:10E4700005D0FB7B1946124804F084F88EE0114861
:10E4800004F080F802238BE0C45B0708685B070890
:10E490009C5B0708FC5B0708205C0708545C0708C6
:10E4A000805C0708D45C0708105D0708405D07081A
:10E4B000845D0708B05D0708EC5D0708205E07086B
:10E4C0007C5E0708AC5E0708D45E07087B6803F132
:10E4D00008007B68D97907F10E03002204F012F9D5
:10E4E0000346002B26D17B6803F108007B68D979AD
:10E4F00007F10D03012204F005F90346002B19D1A1
:10E500007B6803F108007B68D97907F10A030222CE
:10E5100004F0F8F80346002B0CD17B6803F10800E7
:10E520007B68D97907F10803032204F0EBF803466E
:10E53000002B01D0022333E01C4BC7F88030BB7B9B
:10E54000022B0ED0022B10DC002B02D0012B04D0AA
:10E550000BE0174BC7F8803007E0164BC7F8803048
:10E5600003E0154BC7F8803000BF7B7B1A467B89E0
:10E5700019463B8900930B46D7F880100F4804F0EA
:10E5800001F80CE07B689B7919460D4803F0FAFF0F
:10E59000022305E000BF02E000BF00E000BF00234F
:10E5A00018468C37BD46BDE8F08300BF105F0708F2
:10E5B000185F07081C5F0708245F07082C5F07081F
:10E5C0007C5F07082DE9F041AAB008AF78607B684E
:10E5D0009B8819467B689B791A46BE4803F0D2FF98
:10E5E00007F16003184603F0C7FD97F8623003F5A2
:10E5F000FA63A7F87E307B689B799C467B689B8892
:10E600009E467B689B881B0A9BB2984697F86030B1
:10E61000194697F861301846B7F87E30B7F87E2073
:10E62000120A92B297F8634097F8645097F86560C1
:10E630000696059504940392029301900091434637
:10E6400072466146372010F0AFFB7B689B79113B27
:10E65000042B00F2978201A252F823F071E604081D
:10E66000D3E6040883E704083BE8040875E80408D7
:10E670007B6803F108007B68D97907F15C0300220D
:10E6800004F040F80346002B01D0022386E2FB6D24
:10E690001946914803F076FF904803F073FF00237A
:10E6A00087F8533007F1530207F154031146184617
:10E6B000FBF7BEFF0346002B06D097F853301946F0
:10E6C000874803F05FFF68E2864803F05BFF0223A0
:10E6D00064E27B6803F108007B68D97907F1520393
:10E6E000002204F00FF80346002B01D0022355E26C
:10E6F00097F8523019467C4803F044FF002387F80E
:10E700004F3097F8523007F14F0207F15001184689
:10E71000FCF7BAFA0346002B0BD097F84F30194696
:10E72000724803F02FFF97F84F30022B40F03282EF
:10E7300004E06F4803F026FF02232FE297F85030E1
:10E740003F2B00F02782002387F84F30694803F001
:10E7500019FF97F8523007F14F0207F150011846A0
:10E76000FCF792FA0346002B06D097F84F30194673
:10E770005E4803F007FF0DE25D4803F003FF02234C
:10E780000CE27B6803F108007B68D97907F14E033E
:10E79000002203F0B7FF0346002B01D00223FDE166
:10E7A00097F84E20544B1A7097F84E30194653483C
:10E7B00003F0E8FE002387F84B3097F84E3007F15E
:10E7C0004B0207F14C011846FCF7B4FA0346002B44
:10E7D0000BD097F84B301946494803F0D3FE97F811
:10E7E0004B30022B40F0D88104E0464803F0CAFECB
:10E7F0000223D3E197F84C303F2B00F0CD8100236A
:10E8000087F84B30404803F0BDFE97F84E3007F1D3
:10E810004B0207F14C011846FCF78CFA0346002B1B
:10E8200006D097F84B301946354803F0ABFEB3E1FC
:10E83000344803F0A7FE0223B0E1344803F0A2FEFF
:10E84000002387F8473007F1470207F148031146D4
:10E850001846FCF7C5FA0346002B06D097F8473058
:10E8600019462B4803F08EFE97E12A4803F08AFEF2
:10E87000022393E10DF056FEB86746F2A8137B67BA
:10E880000023C7F88430002387F883300DF04AFE58
:10E8900038673A6FBB6FD31A7A6F9A4205D8796F8F
:10E8A0001D4803F06FFE022378E180211B48FDF72D
:10E8B0000BF90346002B4FD197F8833083F0010307
:10E8C000DBB2002B2CD03B6FC7F88430012387F8D4
:10E8D000833044E0A05F0708D45F0708386007086A
:10E8E0006860070898600708C0600708FC600708B0
:10E8F000306107085C610708AC9601249461070841
:10E90000C4610708F0610708146207084862070835
:10E9100080620708B4620708E06207080004025832
:10E920003A6FD7F88430D31A312B18D99E4803F0A8
:10E9300029FE00BF9D4803F025FE002387F84330E1
:10E9400007F1430207F1440311461846FCF79AFA0F
:10E950000346002B1FD006E0002387F883300120F8
:10E9600004F0BAF892E797F843301946904803F05C
:10E9700009FE97F844301BB21B021AB297F84530D3
:10E980001BB213431BB2A7F86E30B7F86E30B3F565
:10E99000807F0DD904E0874803F0F4FD0223FDE0F9
:10E9A000B7F86E301946844803F0ECFD0223F5E019
:10E9B000B7F86E301946814803F0E4FD804B1B78B0
:10E9C00087F86D3007F13C03184603F0D5FB7D4B0B
:10E9D000BB667D4BBB6697F86D3097F83E2097F885
:10E9E0003D1097F83C00044697F83F00054697F81D
:10E9F0004000064697F8410007F10C0C069005967A
:10EA000004950394029101920093BB6E6F4A3021EA
:10EA100060461FF0E3FE0023A7F880300023A7F82C
:10EA2000803045E097F86D10B7F8802007F10C03AF
:10EA3000674803F0A7FD97F83E3097F83D2097F818
:10EA40003C1097F83F0097F8404097F8415007F185
:10EA50000C0EB7F880C097F86D600595049403908C
:10EA6000029101920093734662463146002000F005
:10EA7000C1FE034687F8663097F86630002B06D152
:10EA8000B7F880301946534803F07CFD0BE097F847
:10EA90006630184601F090FC034619464E4803F0D4
:10EAA00071FD02237AE0B7F880300133A7F8803097
:10EAB000B7F88020B7F86E309A42B3D3474803F0D6
:10EAC00061FD474803F05EFD464BBB6697F86D302D
:10EAD00097F83E2097F83D1097F83C00044697F8C9
:10EAE0003F00054697F84000064697F8410007F1B9
:10EAF0000C0C0690059604950394029101920093E4
:10EB0000BB6E324A302160461FF068FE07F10C03ED
:10EB10001946354803F036FD97F83E3097F83D200A
:10EB200097F83C1097F83F0097F8404097F841500D
:10EB300007F10C0C97F86D60059504940390029111
:10EB400001920093634600223146012000F052FEFC
:10EB5000034687F8673097F86730002B06D12348C3
:10EB600003F010FD224803F00DFD16E097F8673022
:10EB7000184601F021FC034619461E4803F002FD29
:10EB800002230BE07B689B7919461B4803F0FAFCD3
:10EB9000022303E000BF00E000BF002318468837CF
:10EBA000BD46BDE8F08100BF28630708546307082D
:10EBB0007C630708AC630708D46307080064070890
:10EBC000AC9601243C430708286407082C64070816
:10EBD000546407088C640708D864070810650708A0
:10EBE00040650708846507088C650708B065070855
:10EBF0003C660708FC6507086C6607082DE9F041CC
:10EC000098B008AF78607B689B8819467B689B79D1
:10EC10001A46C14803F0B6FC07F13803184603F062
:10EC2000ABFA97F83A3003F5FA63FB877B689B7978
:10EC30009C467B689B889E467B689B881B0A9BB290
:10EC4000984697F83830194697F839301846FB8FB0
:10EC5000FA8F120A92B297F83B4097F83C5097F817
:10EC60003D600696059504940392029301900091ED
:10EC7000434672466146382010F096F87B689B79CF
:10EC8000262B15DC212BC0F2A181213B052B00F2A4
:10EC90009D8101A252F823F0B9EC04085BED040851
:10ECA00001EE04089FEE0408EFEE040897EF040855
:10ECB000FB2B00F0518189E17B6803F108007B6840
:10ECC000D97907F13403002203F01CFD0346002B21
:10ECD00001D0022386E107F12C03184603F04CFA19
:10ECE00097F82F3087F8243097F8303087F82530A0
:10ECF00097F8313087F8263097F82C3087F827308E
:10ED000097F82D3087F8283097F82E3087F829307B
:10ED100007F1240206230821804813F091FB97F89D
:10ED20002F30184697F830301C4697F831301D4682
:10ED300097F82C3097F82D2097F82E100291019219
:10ED400000932B4622460146754803F01BFC7B6B63
:10ED50001946744803F016FC43E17B6803F1080090
:10ED60007B68D97907F12303002203F0CBFC03462B
:10ED7000002B01D0022335E197F8233019466A4869
:10ED800003F000FC0023FB7797F8233007F11F0204
:10ED900007F120011846FCF77FFB0346002B09D042
:10EDA000FB7F1946614803F0EDFBFB7F022B40F02F
:10EDB000158104E05E4803F0E5FB022312E197F8B9
:10EDC00020303F2B00F00A810023FB77594803F0E5
:10EDD000D9FB97F8233007F11F0207F120011846ED
:10EDE000FCF75AFB0346002B05D0FB7F19464F4822
:10EDF00003F0C8FBF2E04E4803F0C4FB0223F1E04D
:10EE00007B6803F108007B68D97907F11E030022B3
:10EE100003F078FC0346002B01D00223E2E0BB7F25
:10EE20001946454803F0AEFB0023FB76BB7F07F194
:10EE30001B0207F11C011846FCF78CFB0346002B54
:10EE400009D0FB7E19463D4803F09CFBFB7E022B5C
:10EE500040F0C68004E03A4803F094FB0223C1E08E
:10EE60003B7F3F2B00F0BC800023FB76354803F04E
:10EE700089FBBB7F07F11B0207F11C011846FCF759
:10EE800069FB0346002B05D0FB7E19462B4803F097
:10EE900079FBA5E02A4803F075FB0223A2E07B681A
:10EEA00003F108007B68D97907F11A03002203F007
:10EEB00029FC0346002B01D0022393E0BB7E1946B8
:10EEC000214803F05FFBBB7E3B7607F1180201236C
:10EED0005021124813F0B4FA0346002B02D01B480D
:10EEE00003F050FB4FF47A700DF0BAF879E018484F
:10EEF00003F048FB002300225121084813F0A0FA38
:10EF00000346002B02D0134803F03CFB4FF47A7009
:10EF10000DF0A6F865E000BF9066070860080024C1
:10EF2000C4660708046707086C670708AC6707082A
:10EF3000E467070814680708506807088868070826
:10EF4000C0680708EC680708286907085C690708B3
:10EF50008C690708BC6907087B6803F108007B68B7
:10EF6000D97907F11403002203F0CCFB0346002BF0
:10EF700001D0022336E07B6919461D4803F002FBED
:10EF80001C4803F0FFFA7B69184603F0A5FD1A48F8
:10EF900003F0F8FA25E0194803F0F4FA0023FB73B4
:10EFA00007F10F0207F1100311461846FCF730FB7A
:10EFB0000346002B05D0FB7B1946114803F0E2FA0B
:10EFC0000FE0104803F0DEFA02230BE07B689B7928
:10EFD00019460D4803F0D6FA022303E000BF00E013
:10EFE00000BF002318464037BD46BDE8F08100BF92
:10EFF000E4690708106A0708346A0708546A0708B2
:10F00000906A0708C86A0708F86A070880B485B0DC
:10F0100000AF0346FB71FB79022B01D9002328E0E6
:10F020000023FB60FB79012B02D0022B03D005E00B
:10F03000134BFB6004E0134BFB6001E0002318E07E
:10F04000FB6893F80C3983F00103DBB2002B07D186
:10F05000FB68B3F80229FB68B3F800399A4201D380
:10F06000002306E0FB68B3F802391A46FB6853F840
:10F07000323018461437BD465DF8047B704700BF38
:10F080005C8401246C8D012480B584B000AF0346FC
:10F09000FB71FB791846FFF7B9FFF860FB68002B9E
:10F0A00001D100230FE0FCF7D3FDB860BA68FB681C
:10F0B0009A4203D8FA68BB68D31A04E0FA68BB68BE
:10F0C000D21A034B134418461037BD4680BD00BF0B
:10F0D00080510100B0B598B004AF9E4B07F1180401
:10F0E0001D460FCD0FC495E8030084E803009A4A3B
:10F0F00007F10C0307CA83E807003B1D184603F01D
:10F100003BF8964803F03EFABB7918467B791C46DB
:10F110003B791D46FB793A7A797A02910192009304
:10F120002B46224601468E4803F02CFA8D4B03F500
:10F13000604393F8413B002B01D08B4B00E08B4B9D
:10F1400019468B4803F01EFA864B03F5604393F88B
:10F15000403B002B01D0844B00E0844B194685488E
:10F1600003F010FA844B1B78DBB2002B01D0834BE9
:10F1700000E0834B1946834803F004FA794B03F50A
:10F18000604393F8423B002B08D0764B03F5604375
:10F19000D3F8443B19467C4803F0F4F97B4803F06C
:10F1A000F1F97B4B9B7A002B00F08280784B1B6837
:10F1B000784AA2FB0323DB0A87F84B30744B1A68AA
:10F1C000744BA3FB0213DB0A4FF4616101FB03F3F1
:10F1D000D31A714AA2FB03235B0987F84A306C4BB0
:10F1E00019686D4BA3FB01235A0913461B019B1A97
:10F1F0009B00CA1A134687F84930654B5B68654A1D
:10F20000A2FB0323DB0A87F84830614B5A68614B45
:10F21000A3FB0213DB0A4FF4616101FB03F3D31A72
:10F220005D4AA2FB03235B0987F84730584B5968B6
:10F23000594BA3FB01235A0913461B019B1A9B0040
:10F24000CA1A134687F84630544803F09BF997F8DA
:10F250004B1097F84A2097F849004D4B1B680093D4
:10F2600003464F4803F08EF997F8481097F8472067
:10F2700097F84600464B5B6800930346494803F005
:10F2800081F9434B1B7A002B01D0374B00E0374B01
:10F290001946454803F076F93D4B5B7A002B01D0C7
:10F2A000314B00E0314B1946404803F06BF902E066
:10F2B0003F4803F067F900F01FFA0346002B01D026
:10F2C0003C4B00E03C4B19463C4803F05BF900F036
:10F2D0004BFA0346002B01D0234B00E0234B194689
:10F2E000374803F04FF90023FB642CE1FB6C03F675
:10F2F0008E531B011B4A134404333B643B6C08339D
:10F30000FB63FB6CDBB2184603F048FF034687F84B
:10F310003B30FB6C9B0050333B4453F8443C194654
:10F32000284803F02FF90F4AFB6C44F64C0101FB0F
:10F3300003F313441B78002B01D00B4B00E00B4B65
:10F340001946214803F01EF997F83B30002B3DD0B9
:10F35000054B3CE0986F0708AC4407081C6B070896
:10F36000446B070848AB0024804207088442070822
:10F37000846B0708A86B07089D960124EC590708C1
:10F38000F4590708CC6B0708F06B0708246C0708D2
:10F39000A0960124C5B3A29189888888546C070877
:10F3A000686C0708906C0708B86C0708D06C0708F1
:10F3B000E86C0708FC6C0708006D0708086D070873
:10F3C0001C6D0708346D0708506D0708804B1946FF
:10F3D000804803F0D7F83B6C1B789B0050333B44CC
:10F3E00053F8383C19467C4803F0CCF83B6C5B88FA
:10F3F00019467A4803F0C6F83B6C1B7919463B6CFA
:10F400005B791A46764803F0BDF8FB6B9B79002BBD
:10F4100014D0FB6B1B881946FB6B5B881A4671483E
:10F4200003F0B0F8FB6BDB79002B01D06E4B00E0F2
:10F43000674B19466D4803F0A5F802E06C4803F0ED
:10F44000A1F8FB6B9B8819466A4803F09BF8FB6C9C
:10F45000012B39D1684B3B633B6B93F80C39002B84
:10F4600001D0614B00E05A4B1946644803F08AF81A
:10F470003B6B93F80C39002B62D03B6BB3F800392F
:10F4800019465F4803F07EF83B6BB3F80239194622
:10F490005C4803F077F83B6BD3F8043919465A48B7
:10F4A00003F070F8FB6CDBB21846FFF7AFFD0446C3
:10F4B000FB6CDBB21846FFF7E7FD03461A46214610
:10F4C000524803F05FF83BE0FB6C022B38D1504B05
:10F4D0007B637B6B93F80C39002B01D0424B00E02F
:10F4E0003B4B1946454803F04DF87B6B93F80C39BC
:10F4F000002B25D07B6BB3F800391946404803F048
:10F5000041F87B6BB3F8023919463E4803F03AF8EC
:10F510007B6BD3F8043919463B4803F033F8FB6C96
:10F52000DBB21846FFF772FD0446FB6CDBB21846EF
:10F53000FFF7AAFD03461A462146344803F022F895
:10F54000FB6C0133FB64FB6C022B7FF7CFAE3148C1
:10F5500003F018F8304B03F56043D3F8483B1946E5
:10F560002E4803F00FF82C4B03F56043D3F84C3BC7
:10F5700019462B4803F006F8274B03F56043D3F8F0
:10F58000503B1946274802F0FDFF234B03F560432B
:10F5900093F82032002B06D0234802F0F3FF2349D2
:10F5A0001548FCF7EDFD1C4B03F5604393F8303B29
:10F5B000002B06D01E4802F0E5FF1E491448FCF758
:10F5C000DFFD1D4802F0DEFF00BF5037BD46B0BD75
:10F5D00084420708686D0708806D0708906D07086A
:10F5E000A86D0708C06D070880420708E46D07088A
:10F5F000FC6D0708146E07085C8401242C6E070854
:10F60000C44207084C6E070878400708646E070874
:10F610006C8D0124886E070848AB0024A46E07088F
:10F62000B86E0708CC6E0708E46E0708A444070804
:10F630000C6F0708A8440708346F070880B483B02C
:10F6400000AF786039607B681A693B6813403A689C
:10F650009A4201D1012300E0002318460C37BD4631
:10F660005DF8047B704780B483B000AF7860396088
:10F670007B683A689A6100BF0C37BD465DF8047B31
:10F68000704780B483B000AF786039603B681A047B
:10F690007B689A6100BF0C37BD465DF8047B7047FC
:10F6A000B0B588B004AF0346FB71FB7983F001036A
:10F6B000DBB2002B16D007F10803184602F05CFD00
:10F6C0003B7A18467B7A1C46BB7A1D46FB7A3A7B0E
:10F6D000797B0291019200932B462246014633200A
:10F6E0000FF062FB034AFB79137000BF1037BD4671
:10F6F000B0BD00BF5806002480B400AF034B1B7898
:10F70000DBB21846BD465DF8047B704758060024FE
:10F71000B0B588B004AF0346FB71FB7983F00103F9
:10F72000DBB2002B16D007F10803184602F024FDC7
:10F730003B7A18467B7A1C46BB7A1D46FB7A3A7B9D
:10F74000797B0291019200932B462246014632209A
:10F750000FF02AFB034AFB79137000BF1037BD4638
:10F76000B0BD00BF5906002480B400AF034B1B7826
:10F77000DBB21846BD465DF8047B7047590600248D
:10F7800080B500AF4FF40042002111481FF028F966
:10F790004FF4004200210F481FF022F94FF40051AE
:10F7A0000D48FFF76EFF0D4B00221A600C4B002234
:10F7B0001A600C4B00221A600B4B00221A700B4B84
:10F7C00000221A700A4802F0DDFE0023184680BDB0
:10F7D00000000038B8C8052400100258B096012473
:10F7E000B4960124B8960124BC960124BD96012448
:10F7F000B06F070880B58AB006AF3B600346FB7167
:10F800000B46BB711346BB803B68002B02D0FB79D3
:10F81000022B01D9082342E0FB79184600F018FEBC
:10F820000146BB881A46204802F0ACFEBA88B97976
:10F83000F87997F82C30059397F82830049397F8C7
:10F840002430039397F8203002933B7F01933B7E53
:10F8500000933B6800F05CF80346FB73FB7B002BD6
:10F860000BD1124B1B680133104A1360104802F091
:10F8700089FE104802F086FE10E00F4B1B68013332
:10F880000D4A1360FB7B184600F096FD03461946AF
:10F890000A4802F077FE074802F074FEFB7B184628
:10F8A0001037BD4680BD00BFE06F0708B096012449
:10F8B0001870070854700708B49601249070070860
:10F8C00080B485B000AF786039603B68002B01D10F
:10F8D000002314E00D4B01229A600023FB6008E036
:10F8E0007A68FB6813441A78084B1A60FB68013386
:10F8F000FB60FA683B689A42F2D3044B1B681846D7
:10F900001437BD465DF8047B704700BF004C0258B9
:10F9100080B5AAB000AF3B600346FB710B46BB71DC
:10F920001346BB800023C7F89C300023C7F8A430DF
:10F9300007F13C03BA88F879396800F0F9FC002334
:10F9400087F8A330FB79022B14BF0123002387F82B
:10F950009B304FF40051BC48FFF793FEBB8819461B
:10F96000BA4802F00FFE002387F83730FB79022BEC
:10F9700037D0022B4CDC002B02D0012B1AD047E0F1
:10F98000BB88DBB207F1370207F138011846FBF7F5
:10F99000CBFA034683F00103DBB2002B3AD0BB88DD
:10F9A0001946AB4802F0EEFD97F8A330013387F813
:10F9B000A33042E107F1370207F138031146184638
:10F9C000FBF75EFB034683F00103DBB2002B23D081
:10F9D000A04802F0D7FD97F8A330013387F8A33091
:10F9E0002BE107F1370207F1380311461846FBF700
:10F9F00063FE034683F00103DBB2002B0ED0964872
:10FA000002F0C0FD97F8A330013387F8A33014E16A
:10FA100000BF04E000BF02E000BF00E000BF8F486D
:10FA200002F0B0FD40F6B83000F026FC0346002B93
:10FA300008D08B4802F0A6FD97F8A330013387F871
:10FA4000A330FAE001F000FDC7F89400D7F8943035
:10FA5000DB7A83F00103DBB2002B04D0814802F093
:10FA600091FD0323ACE2804B4FF40041184601F0B6
:10FA700037FD0346002B08D07C4802F083FD97F841
:10FA8000A330013387F8A330D7E0794A764B10468C
:10FA900019464FF400431A461FF04DF8754802F01E
:10FAA00071FD4FF400516848FFF7DDFD0CF03AFDA1
:10FAB000C7F8900040F6B833C7F88C301AE00CF065
:10FAC00031FD0246D7F89030D31AD7F88C209A42ED
:10FAD0000DD8694802F056FD4FF400515A48FFF71F
:10FAE000D0FD97F8A330013387F8A33002E001205E
:10FAF00002F0F2FF4FF480415348FFF79FFD0346A9
:10FB0000002BDCD04FF400514F48FFF7BAFD97F8B7
:10FB10009B30002B00F0C080002387F82F30FB794A
:10FB2000002B17D1BB88DBB207F12F0207F13001A0
:10FB30001846FBF74FFA034683F00103DBB2002BB4
:10FB400022D04E4802F01EFD97F8A330013387F80B
:10FB5000A33072E0FB79012B16D107F12F0207F1D8
:10FB6000300311461846FBF7DDFA034683F0010324
:10FB7000DBB2002B08D0414802F004FD97F8A33017
:10FB8000013387F8A33058E097F82F30042B08D0C2
:10FB90003B4802F0F7FC97F8A330013387F8A33015
:10FBA0004BE097F830301A0697F831301B041A43AF
:10FBB00097F832301B02134397F833201343C7F8EA
:10FBC0009C304FF400412A48FFF77AFEC7F8A400A2
:10FBD000D7F89C20D7F8A4309A4228D0D7F8A42090
:10FBE000D7F89C10274802F0CDFC274B1B68013347
:10FBF000254A136097F8A330013387F8A33097F8AC
:10FC0000A330012B0AD897F8A330022219461F48C7
:10FC100002F0B8FC642002F05FFF0EE01C4802F026
:10FC2000B1FC97F8A330013387F8A33005E0D7F88B
:10FC3000A410184802F0A6FC2EE097F8A330012B80
:10FC40007FF687AE29E000BF00100258BC7007089D
:10FC5000007107083C71070878710708B071070840
:10FC6000E87107081072070800000038487207089A
:10FC7000B8C8052470720708C47207081073070813
:10FC80004473070878730708B8960124C4730708FB
:10FC9000F87307082874070800BFFFF72DFD034617
:10FCA000002B36D0C84802F06DFC07F13C034FF43E
:10FCB0000042C6491846F9F799F8034687F8A2307A
:10FCC00097F8A230022B10D1C14802F05BFC0A2049
:10FCD00002F002FF07F13C034FF40042BB49184613
:10FCE000F9F784F8034687F8A23097F8A230002B82
:10FCF00012D097F8A230022B01D1B64B00E0B64BE0
:10FD00001946B64802F03EFC0020FFF7C9FC052367
:10FD100056E1B34802F036FCFFF726FD0346002B00
:10FD200000F04A81002387F8A130AE4802F02AFC97
:10FD3000A64B4FF40041184601F0AEFF0346002BDE
:10FD400008D0A94802F01EFC97F8A130013387F8CB
:10FD5000A13024E1A54B00221A70A54B00221A7095
:10FD6000FB79022B00F0A580022B00F3C980002B49
:10FD700002D0012B59D0C3E0BB881B0A9BB2DBB277
:10FD800087F82030BB88DBB287F8213097F89B30AA
:10FD9000002B02D0D7F8A43000E00023C7F884304D
:10FDA000D7F884301B0EDBB287F82230D7F88430C6
:10FDB0001B0CDBB287F82330D7F884301B0ADBB288
:10FDC00087F82430D7F88430DBB287F8253097F8ED
:10FDD000B03087F8263097F8B43087F8273097F896
:10FDE000B83087F8283097F8BC3087F8293097F872
:10FDF000C03087F82A3097F8C43087F82B30BB79A9
:10FE000087F82C3007F120020D232121794812F0C8
:10FE100017FB0346002B75D0774802F0B3FB97F829
:10FE2000A130013387F8A130B9E097F89B30002B5F
:10FE300002D0D7F8A43000E00023C7F88830D7F804
:10FE400088301B0EDBB23B75D7F888301B0CDBB259
:10FE50007B75D7F888301B0ADBB2BB75D7F88830C2
:10FE6000DBB2FB7597F8B0303B7697F8B4307B7611
:10FE700097F8B830BB7697F8BC30FB7697F8C0306F
:10FE80003B7797F8C4307B77BB79BB7707F11402D7
:10FE90000B232221574812F0D3FA0346002B33D00C
:10FEA000554802F06FFB97F8A130013387F8A13075
:10FEB00075E000233B7397F8B0307B7397F8B4304C
:10FEC000BB7397F8B830FB7397F8BC303B7497F866
:10FED000C0307B7497F8C430BB7407F10C02072361
:10FEE0002321444812F0ACFA0346002B0ED04248BE
:10FEF00002F048FB97F8A130013387F8A1304EE0BB
:10FF000000BF04E000BF02E000BF00E000BF3B48CC
:10FF100002F038FB0CF006FBC7F8800040F6B8335F
:10FF2000FB6714E00CF0FEFA0246D7F88030D31AD3
:10FF3000FA6F9A4208D8324802F024FB97F8A130B1
:10FF4000013387F8A1300AE0022002F0C5FD274BFB
:10FF50001B78DBB283F00103DBB2002BE2D1244B30
:10FF60001B78DBB2002B07D00120FFF7D1FB25481F
:10FF700002F008FB002323E097F8A13001330322AD
:10FF80001946214802F0FEFA97F8A130013387F8AC
:10FF9000A130642002F0A0FD144B00221A7097F8E3
:10FFA000A130022B7FF6C1AE0020FFF7B1FB17484E
:10FFB00002F0E8FA002303E0154802F0E3FA002318
:10FFC0001846A837BD4680BD54740708B8C8052434
:10FFD0008C740708C0740708D0740708DC7407081D
:10FFE00008750708447507087C750708BC96012446
:10FFF000BD96012460080024A8750708D475070879
:020000040805ED
:10000000187607084C76070884760708C076070834
:10001000F476070880B598B000AF786008461146BE
:100020001A460346FB700B46BB7013467B7007F104
:10003000140300227968022000F07AF9FFF75CFBD4
:100040000346002B39D007F1140319466D4802F01E
:1000500099FA07F114034FF400426B491846F8F778
:10006000C5FE034687F85F3097F85F30022B10D14A
:10007000664802F087FA0A2002F02EFD07F1140309
:100080004FF4004260491846F8F7B0FE034687F87F
:100090005F3097F85F30002B12D097F85F30022B5B
:1000A00001D15B4B00E05B4B19465B4802F06AFAFA
:1000B0000020FFF7F5FA0523A0E0584802F062FAA5
:1000C000FFF752FB0346002B00F09480002387F8D3
:1000D0005E30534802F056FA4B4B4FF4004118463D
:1000E00001F0DAFD0346002B04D04E4802F04AFA34
:1000F000062383E04C4802F045FA4C4B00221A706C
:100100004B4B00221A7007F10C0300221A60C3F84F
:100110000320FF233B73FB787B73BB78BB737B7837
:10012000FB7397F868303B7497F86C307B7497F8E2
:100130007030BB7407F10C02072323213D4812F0F5
:100140007FF90346002B04D03B4802F01BFA06233C
:1001500054E03A4802F016FA0CF0E4F9B86540F6BB
:10016000B8337B650EE00CF0DDF90246BB6DD31AA7
:100170007A6D9A4203D8324802F004FA0AE00A2063
:1001800002F0AAFC294B1B78DBB283F00103DBB23F
:10019000002BE8D1264B1B78DBB2002B0AD007F1ED
:1001A00014031946274802F0EDF90120FFF7B0FAD1
:1001B000002323E097F85E300133032219462248DA
:1001C00002F0E0F997F85E30013387F85E30642082
:1001D00002F082FC154B00221A7097F85E30022B59
:1001E0007FF677AF0020FFF793FA184802F0CAF9BC
:1001F000002303E0164802F0C5F9002318466037D3
:10020000BD4680BD30770708B8C805248C74070840
:10021000C0740708D0740708DC740708087507085D
:10022000447507087C7507085C770708BC960124AD
:10023000BD96012460080024A8750708D475070836
:10024000187607089077070884760708C0760708AD
:10025000CC77070880B500AF4FF480410548FFF721
:10026000EDF90346002B14BF01230023DBB218462F
:1002700080BD00BF001002582DE9B04F84B000AF20
:1002800078600CF04FF9F8607B6800229846914640
:1002900042464B464FF000004FF00001590141EA41
:1002A000D261500102460B46B2EB080463EB09052C
:1002B0004FF000024FF00003AB0043EA9473A2003A
:1002C00014461D4614EB080A45EB090B4FF00002DB
:1002D0004FF000034FEACB0343EA5A734FEACA02D6
:1002E00092469B46504659464FF47A724FF00003AF
:1002F000F0F75EF802460B461346BB600CE00CF0CC
:1003000011F90246FB68D31ABA689A4201D803234E
:1003100008E0012002F0E0FBFFF79CFF0346002B02
:10032000EDD1002318461037BD46BDE8B08F000060
:1003300080B588B002AFB9607B600346FB7313469B
:10034000BB81184B7B61FB7B022B1CD0022B25DC75
:10035000002B02D0012B0BD020E0134B7B617B697B
:100360000093BB68114A402178681EF037FA15E007
:100370000F4B7B617B690093BB680C4A4021786816
:100380001EF02CFA0AE00B4B7B617B690093BB6883
:10039000064A402178681EF021FA00BF00BF1837D6
:1003A000BD4680BD00780708047807080C78070868
:1003B000147807081C78070880B483B000AF0346A0
:1003C000FB71FB79082B27D801A252F823F000BF5C
:1003D000F5030508F9030508FD03050801040508F0
:1003E00005040508090405080D040508110405089D
:1003F000150405080C4B10E00C4B0EE00C4B0CE008
:100400000C4B0AE00C4B08E00C4B06E00C4B04E0F4
:100410000C4B02E00C4B00E00C4B18460C37BD4671
:100420005DF8047B704700BF247807082C78070824
:100430004078070850780708607807087078070840
:10044000847807089C780708B0780708C078070800
:1004500080B483B000AF0346FB71FB79022B0AD056
:10046000022B0ADC002B02D0012B02D005E0064B48
:1004700004E0064B02E0064B00E0064B18460C3742
:10048000BD465DF8047B7047D0780708D878070828
:10049000E0780708E478070880B584B000AF034629
:1004A000B9607A60FB73FB7B312B02D0322B0AD010
:1004B00013E00F4802F066F80E4B01221A700E4B43
:1004C00001221A700FE00D4802F05CF8094B01227E
:1004D0001A70094B00221A7005E0FB7B1946084888
:1004E00002F050F800BF00BF1037BD4680BD00BF0E
:1004F00058790708BC960124BD9601248479070821
:10050000BC79070880B483B000AF78607B68DB6992
:1005100003F04003402B01D1012300E000231846E3
:100520000C37BD465DF8047B704780B483B000AFE4
:1005300078607B68DB6903F08003802B01D10123A5
:1005400000E0002318460C37BD465DF8047B704779
:1005500080B483B000AF78600B46FB70FA787B689C
:100560009A6200BF0C37BD465DF8047B70470000FF
:1005700080B483B000AF0346FB71FB79052B1BD819
:1005800001A252F823F000BFA1050508A505050842
:10059000A9050508AD050508B1050508B505050857
:1005A000094B0AE0094B08E0094B06E0094B04E05F
:1005B000094B02E0094B00E0094B18460C37BD46D9
:1005C0005DF8047B704700BFF4790708007A0708DC
:1005D0000C7A0708187A0708247A0708307A07087F
:1005E0003C7A070880B5A6B000AF03463A60FB71BD
:1005F0000B46BB71BB79052B00F28A8001A252F831
:1006000023F000BF1D0605081D0605081D06050888
:100610001D0605081D0605081107050800BF002373
:10062000C7F89030FB79002B01D03B4B00E03B4BEF
:10063000C7F88C30BB791846FFF79AFFC7F88800D7
:100640000023C7F89030D7F8903007F10802D0188F
:10065000D7F89030C3F18001D7F88C30304A1EF0C3
:10066000BDF80246D7F890301344C7F89030D7F859
:10067000903007F10802D018D7F89030C3F180010C
:10068000D7F88830274A1EF0A9F80246D7F89030EC
:100690001344C7F89030D7F8903007F10802D0180B
:1006A000D7F89030C3F180013B681F4A1EF096F8DE
:1006B0000246D7F890301344C7F890300023C7F8AB
:1006C000943015E000BF1948FFF72FFF0346002BB9
:1006D000F9D007F10802D7F8943013441B78194673
:1006E0001248FFF735FFD7F894300133C7F894303C
:1006F00007F10802D7F8943013441B78002BE1D19E
:1007000000BF0A48FFF7FEFE0346002BF9D000E0C9
:1007100000BF9837BD4680BD487A0708507A070861
:10072000587A07085C7A0708707A070800100140B9
:1007300080B483B000AF03463A60FB710B46BB71D7
:1007400000BF0C37BD465DF8047B7047F0B5AFB015
:1007500006AF0346B9607A60FB730023C7F89C308C
:1007600007F11403184601F007FDD7F89C3007F194
:100770001C02D018D7F89C30C3F18001BB7D9C4689
:100780007B7D3A7DFC7D3D7E7E7E049603950294C2
:10079000019200936346384A1EF020F80246D7F8CB
:1007A0009C301344C7F89C30D7F89C3007F11C02EA
:1007B000D418D7F89C30C3F18005FB7B1846FFF7AF
:1007C000D7FE03462D4A294620461EF007F802466A
:1007D000D7F89C301344C7F89C30D7F89C3007F109
:1007E0001C02D018D7F89C30C3F18001244B254A55
:1007F0001DF0F4FF0246D7F89C301344C7F89C3034
:10080000D7F89C3007F11C02D018D7F89C30C3F100
:100810008001BB681C4A1DF0E1FF0246D7F89C30FE
:100820001344C7F89C307B68002B0FD0FAF7F8FF11
:100830000346002B1AD0FAF7F3FF0346022B15D01C
:1008400007F11C031846F8F76BF812E0FAF7E8FF17
:100850000346002B0CD0FAF7E3FF0346022B07D028
:1008600007F11C031846F8F76BF802E000BF00E040
:1008700000BFA437BD46F0BD787A07089C7A070808
:10088000A07A0708A47A0708AC7A070880B483B076
:1008900000AF0346FB71FB79052B1BD801A252F870
:1008A00023F000BFBD080508C1080508C5080508F4
:1008B000C9080508CD080508D1080508094B0AE054
:1008C000094B08E0094B06E0094B04E0094B02E044
:1008D000094B00E0094B18460C37BD465DF8047B18
:1008E000704700BFB07A0708BC7A0708C87A0708C3
:1008F000D47A0708E07A0708EC7A0708F87A07083C
:1009000080B500AF0022412110200AF014F90346FF
:10091000014A136000BF80BDC0960124F0B5BDB090
:1009200006AF7860464B1B6807F190014FF0FF322D
:1009300018460AF067FB0346012BF3D10023C7F8E2
:10094000D43007F10803184601F016FCD7F8D4306C
:1009500007F11002D018D7F8D430C3F180031E4637
:10096000BB7A9C467B7A3A7AF97A3C7B7D7B04950C
:1009700003940291019200936346324A31461DF07E
:100980002DFF0246D7F8D4301344C7F8D430D7F837
:10099000D43007F11002D418D7F8D430C3F1800353
:1009A0001D4697F890301846FFF770FF0346264A19
:1009B000294620461DF012FF0246D7F8D4301344D2
:1009C000C7F8D430D7F8D43007F11002D018D7F8D0
:1009D000D430C3F1800319461C4B1D4A1DF0FEFEA6
:1009E0000246D7F8D4301344C7F8D430D7F8D430FF
:1009F00007F11002D018D7F8D430C3F1800319469C
:100A000007F190030133134A1DF0E8FE0246D7F8C0
:100A1000D4301344C7F8D430FAF702FF0346002B52
:100A20000AD0FAF7FDFE0346022B05D007F11003AA
:100A30001846F7F785FF75E700BFDC37BD46F0BD08
:100A4000C0960124047B0708287B07082C7B070835
:100A5000307B0708387B070880B483B000AF0346BB
:100A6000FB71FB791B09DBB21A46920013445B0051
:100A7000DAB2FB7903F00F03DBB21344DBB21846A2
:100A80000C37BD465DF8047B7047000080B483B02E
:100A900000AF0346FB71FB790E4AA2FB0323DB0880
:100AA000DBB25BB21B0158B2FA790A4BA3FB02130B
:100AB000D9080B469B000B445B00D31ADBB25BB238
:100AC00003435BB2DBB218460C37BD465DF8047BCE
:100AD000704700BFCDCCCCCC80B483B000AF786081
:100AE0000A4A7B681360094B01229A72074B102255
:100AF000DA72074B054A1A60054B56221A71044BED
:100B000018460C37BD465DF8047B7047CC9601242F
:100B1000C496012480B400AF024B1846BD465DF870
:100B2000047B7047C496012480B586B002AF78601C
:100B300039607B6818687B68197907F10803072218
:100B400000920822F0F7A8FF0346FB73FB7B002B03
:100B500001D0FB7B30E03B7A1846FFF77DFF034670
:100B60001A463B685A717B7A1846FFF775FF0346B1
:100B70001A463B681A71BB7A1846FFF76DFF0346A9
:100B80001A463B68DA70FB7A1846FFF765FF0346A2
:100B90001A463B681A707B7B1846FFF75DFF0346D9
:100BA0001A463B685A70BB7B1846FFF755FF034651
:100BB0001A463B689A70002318461037BD4680BD20
:100BC00080B586B002AF786039603B685B791846C3
:100BD000FFF75CFF03463B723B681B791846FFF743
:100BE00055FF03467B723B68DB781846FFF74EFFE4
:100BF0000346BB723B681B781846FFF747FF034666
:100C0000FB720120FFF742FF03463B733B685B78B2
:100C10001846FFF73BFF03467B733B689B781846FB
:100C2000FFF734FF0346BB737B6818687B6819794C
:100C300007F10803072200920822F0F775FE034629
:100C400018461037BD4680BD80B586B002AF7860CB
:100C500039607B6818687B68197907F10E030122F7
:100C600000922022F0F718FF0346FB73FB7B002B5A
:100C700001D0FB7B07E0BB7B3C3BDBB25BB21A469F
:100C80003B681A80002318461037BD4680BD80B4EB
:100C900083B000AF786039607B683A689A6100BFC2
:100CA0000C37BD465DF8047B704780B483B000AF5D
:100CB000786039603B681A047B689A6100BF0C3722
:100CC000BD465DF8047B704780B500AF044B002241
:100CD0001A7080210348FFF7E8FF0023184680BD03
:100CE000DC960124000C025880B500AF0A4B1B783B
:100CF000002B07D1084B01221A7080210748FFF70B
:100D0000C6FF06E0044B00221A7080210348FFF75B
:100D1000CCFF00BF80BD00BFDC960124000C025850
:100D200080B400AF034B1B781846BD465DF8047BCA
:100D3000704700BFDC96012480B483B000AF7860B8
:100D400039607B683A689A6100BF0C37BD465DF830
:100D5000047B704780B483B000AF786039603B6833
:100D60001A047B689A6100BF0C37BD465DF8047BAE
:100D70007047000080B400AF024B1846BD465DF8D6
:100D8000047B7047E096012480B584B000AFF86022
:100D9000B9601346FB80094AFB681360074ABB68C9
:100DA0005360064AFB881381FB881946B868FFF731
:100DB000C3FF00BF1037BD4680BD00BFE0960124D1
:100DC00080B584B000AF78607B685A687B681B8907
:100DD00019461046FFF7BEFF7B681B6806211846C0
:100DE000F1F780F80346FB737B685A687B681B89C0
:100DF00019461046FFF7A0FFFB7B18461037BD468B
:100E000080BD80B584B000AF78607B685A687B682D
:100E10001B8919461046FFF79DFF7B681B6804215C
:100E20001846F1F75FF80346FB737B685A687B68E6
:100E30001B8919461046FFF77FFFFB7B18461037CA
:100E4000BD4680BD80B588B000AFF860B9607A60FB
:100E50007B80BB681B0CDBB23B75BB681B0ADBB23B
:100E60007B75BB68DBB2BB75F868FFF7A9FF03466B
:100E7000FB75FB7D002B01D0FB7D6EE0FB685A68A3
:100E8000FB681B8919461046FFF764FFFB681B6867
:100E900002211846F1F726F80346FB75FB7D002B6F
:100EA00009D0FB685A68FB681B8919461046FFF792
:100EB00043FFFB7D51E00023FB611BE0FB681868EA
:100EC00007F11402FB6913441B781946F1F70AF87D
:100ED0000346FB75FB7D002B09D0FB685A68FB6855
:100EE0001B8919461046FFF727FFFB7D35E0FB699C
:100EF0000133FB61FB69022BE0DD0023BB611AE0DB
:100F0000FB681868BB697A6813441B781946F0F7C8
:100F1000E9FF0346FB75FB7D002B09D0FB685A688F
:100F2000FB681B8919461046FFF706FFFB7D14E09E
:100F3000BB690133BB617B88BA699A42E0DBFB681D
:100F40005A68FB681B8919461046FFF7F5FEF868DA
:100F5000FFF757FF0346FB75FB7D18462037BD465C
:100F600080BD80B588B000AFF860B9607A607B80E2
:100F7000BB681B0CDBB23B74BB681B0ADBB27B7427
:100F8000BB68DBB2BB74FB685A68FB681B891946F7
:100F90001046FFF7DFFEFB681B6803211846F0F7D9
:100FA000A1FF0346FB77FB7F002B09D0FB685A6843
:100FB000FB681B8919461046FFF7BEFEFB7F4CE01D
:100FC0000023BB611BE0FB68186807F11002BB69D6
:100FD00013441B781946F0F785FF0346FB77FB7F28
:100FE000002B09D0FB685A68FB681B89194610461C
:100FF000FFF7A2FEFB7F30E0BB690133BB61BB6939
:10100000022BE0DD00237B611AE0FB6818687B6936
:101010007A6813441A460021F0F71BFF0346FB775A
:10102000FB7F002B09D0FB685A68FB681B891946B7
:101030001046FFF781FEFB7F0FE07B6901337B6188
:101040007B887A699A42E0DBFB685A68FB681B89F7
:1010500019461046FFF770FEFB7F18462037BD4645
:1010600080BD80B483B000AF78607B681B6843F0BC
:1010700001027B681A6000BF0C37BD465DF8047B37
:10108000704780B483B000AF78607B681B6823F042
:1010900001027B681A6000BF0C37BD465DF8047B17
:1010A000704780B483B000AF78607B681B6843F4FE
:1010B00000727B681A6000BF0C37BD465DF8047B88
:1010C000704780B483B000AF78607B689B6843F45E
:1010D00080427B689A6000BF0C37BD465DF8047B98
:1010E000704780B483B000AF78607B689B6823F45E
:1010F00080427B689A6000BF0C37BD465DF8047B78
:10110000704780B483B000AF78607B689B6843F41D
:1011100000427B689A6000BF0C37BD465DF8047BD7
:10112000704780B483B000AF78607B689B6823F41D
:1011300000427B689A6000BF0C37BD465DF8047BB7
:10114000704780B483B000AF786039607B683A68DC
:101150009A6100BF0C37BD465DF8047B704780B4D0
:1011600083B000AF786039603B681A047B689A618D
:1011700000BF0C37BD465DF8047B704780B485B076
:1011800000AF786039607B68FB600C4A3B681344B1
:101190001B781A46FB6813441B6808493A680A44DE
:1011A00012781146FA680A4443F00103136000BF45
:1011B0001437BD465DF8047B704700BFE4A80708FC
:1011C00080B485B000AF786039607B68FB600C4A02
:1011D0003B6813441B781A46FB6813441B68084994
:1011E0003A680A4412781146FA680A4423F0010367
:1011F000136000BF1437BD465DF8047B704700BF25
:10120000E4A8070880B485B000AF786039607B68D7
:10121000FB60084A3B6813441B781A46FB6813447A
:101220001A6844F21003134018461437BD465DF89F
:10123000047B7047E4A8070880B487B000AFF8606B
:10124000B9607A60FB687B610D4ABB6813441B7808
:101250001A467B6913445A680A4B13400849BA6816
:101260000A44127811467A690A4411467A6813438F
:101270004B6000BF1C37BD465DF8047B704700BF64
:10128000E4A807080000FFFF80B487B000AFF86053
:10129000B9607A603B60FB687B613B6A102B14D1BC
:1012A000174ABB6813441B781A467B6913441A46D5
:1012B0007B68D360124ABB6813441B781A467B696B
:1012C00013441A463B68936013E00D4ABB6813440D
:1012D0001B781A467B6913441A467B689360084A58
:1012E000BB6813441B781A467B6913441A463B6853
:1012F000D36000BF1C37BD465DF8047B704700BF5C
:10130000E4A8070880B485B000AFF860B9607A60DF
:10131000BA680A4B13449B001B6823F0FF02B968AC
:10132000064B0B449B0019467B6813430B6000BFC0
:101330001437BD465DF8047B704700BF0096001669
:1013400080B483B000AF78607B681B6803F0020351
:10135000022B01D1012300E0002318460C37BD46C3
:101360005DF8047B704780B483B000AF78607B6821
:101370001B6803F00803082B01D1012300E00023C0
:1013800018460C37BD465DF8047B704780B483B0C7
:1013900000AF78607B6802225A6000BF0C37BD4600
:1013A0005DF8047B704780B483B000AF78607B68E1
:1013B00008225A6000BF0C37BD465DF8047B7047B9
:1013C00080B485B000AF786039607B68FB600C4A00
:1013D0003B6813441B781A46FB6813441B68084992
:1013E0003A680A4412781146FA680A4443F0020344
:1013F000136000BF1437BD465DF8047B704700BF23
:10140000E4A8070880B485B000AF786039607B68D5
:10141000FB600C4A3B6813441B781A46FB68134474
:101420001B6808493A680A4412781146FA680A4467
:1014300043F00803136000BF1437BD465DF8047B1A
:10144000704700BFE4A8070880B400AF024B1846FD
:10145000BD465DF8047B7047F096012480B584B0EA
:1014600000AFF860B9601346FB801A4BDB7A002BA3
:1014700001D000232AE0174AFB681360154ABB68B5
:101480005360144AFB88138103220021012009F0D4
:1014900052FB0346104A13600F4B1B68002B01D10F
:1014A000012313E000210D48FFF78AFF00210B48BC
:1014B000FFF7A8FFFB881946B868FFF742FE054B07
:1014C0000122DA72034B00229A7200231846103769
:1014D000BD4680BDF0960124EC96012400540258CC
:1014E00080B584B002AF786039605A4BDB7A83F004
:1014F0000103DBB2002B01D00123A7E0554B0122F1
:101500009A7201215448FFF77DFE03460093534B26
:10151000534A01215048FFF7B7FE3A6801214E486F
:10152000FFF78AFE00214C48FFF76CFE034600934C
:101530007B684C4A00214848FFF7A6FE3A68002124
:101540004548FFF779FE0B2200214348FFF7DAFEFA
:10155000404B5B683F4A128911461846FFF7FFFD72
:101560003C4B1B681846FFF7ACFD00213A48FFF7DB
:1015700005FE384B1B681846FFF7C3FD01213648AE
:10158000FFF7FCFD334B1B681846FFF76AFD314B34
:101590001B681846FFF785FD334B1B684FF47A71C3
:1015A000184609F017FE0346012B23D001212A48D3
:1015B000FFF706FE00212848FFF702FE254B1B68B7
:1015C0001846FFF78EFD234B1B681846FFF7A9FD51
:1015D000204B1B681846FFF754FD1E4B5B681D4AE5
:1015E000128911461846FFF7ACFD0020EFF730FADC
:1015F00001232BE001211848FFF7E2FD00211648E6
:10160000FFF7DEFD134B1B681846FFF76AFD114B11
:101610001B681846FFF785FD0E4B1B681846FFF741
:1016200030FD0C4B5B680B4A128911461846FFF7D8
:1016300088FD084B9B7A022B04D10120EFF708FAB2
:10164000002303E00020EFF703FA012318460837D0
:10165000BD4680BDF0960124005402582014005865
:10166000FFFF003830140058EC96012480B483B09A
:1016700000AF0346FB71044AFB79937200BF0C373D
:10168000BD465DF8047B7047F096012480B582B0BA
:1016900000AF2248FFF754FE0346002B19D01F4825
:1016A000FFF774FE0220FFF7E1FF00237B601C4B75
:1016B0001B683A1D1146184609F0F2FB7B68002BA7
:1016C00007D0184B4FF080521A60BFF34F8FBFF313
:1016D0006F8F1248FFF747FE0346002B19D00F48C3
:1016E000FFF761FE0320FFF7C1FF00233B600C4BB7
:1016F0001B683A461146184609F0D2FB3B68002B9E
:1017000007D0084B4FF080521A60BFF34F8FBFF3E2
:101710006F8F00BF0837BD4680BD00BF0054025820
:10172000EC96012404ED00E080B483B000AF786053
:101730007B681B6843F001027B681A6000BF0C37AE
:10174000BD465DF8047B704780B483B000AF78601D
:101750007B681B6823F001027B681A6000BF0C37AE
:10176000BD465DF8047B704780B483B000AF7860FD
:101770007B689B6843F400427B689A6000BF0C372B
:10178000BD465DF8047B704780B483B000AF7860DD
:101790007B689B6823F400427B689A6000BF0C372B
:1017A000BD465DF8047B704780B485B000AF7860BB
:1017B00039607B68FB600C4A3B6813441B781A460F
:1017C000FB6813441B6808493A680A4412781146BA
:1017D000FA680A4443F00103136000BF1437BD46A2
:1017E0005DF8047B704700BFECA8070880B485B0A3
:1017F00000AF786039607B68FB600C4A3B6813443B
:101800001B781A46FB6813441B6808493A680A4467
:1018100012781146FA680A4423F00103136000BFEE
:101820001437BD465DF8047B704700BFECA807087D
:1018300080B487B000AFF860B9607A60FB687B6104
:101840000D4ABB6813441B781A467B6913441B6816
:1018500023F4C0420849BB680B441B7819467B69D6
:101860000B4419467B6813430B6000BF1C37BD4611
:101870005DF8047B704700BFECA8070880B487B010
:1018800000AFF860B9607A60FB687B610D4ABB68A5
:1018900013441B781A467B6913445A680A4B134059
:1018A0000849BA680A44127811467A690A4411460E
:1018B0007A6813434B6000BF1C37BD465DF8047B5C
:1018C000704700BFECA807080000FFFF80B487B096
:1018D00000AFF860B9607A603B60FB687B613B6A8F
:1018E000402B14D1174ABB6813441B781A467B69F6
:1018F00013441A467B68D360124ABB6813441B78B2
:101900001A467B6913441A463B68936013E00D4AFC
:10191000BB6813441B781A467B6913441A467B68DC
:101920009360084ABB6813441B781A467B691344CA
:101930001A463B68D36000BF1C37BD465DF8047B88
:10194000704700BFECA8070880B487B000AFF8600C
:10195000B9607A60FB687B61074ABB6813441B78F7
:101960001A467B6913441A467B68936000BF1C3794
:10197000BD465DF8047B7047ECA8070880B483B0CF
:1019800000AF78607B684FF00062DA6000BF0C3710
:10199000BD465DF8047B704780B483B000AF7860CB
:1019A0007B684FF00072DA6000BF0C37BD465DF80F
:1019B000047B704780B485B000AF786039607B6885
:1019C000FB600C4A3B6813441B781A46FB681344BF
:1019D0001B6808493A680A4412781146FA680A44B2
:1019E00043F00403136000BF1437BD465DF8047B69
:1019F000704700BFECA8070880B485B000AF7860DE
:101A000039607B68FB600C4A3B6813441B781A46BC
:101A1000FB6813441B6808493A680A441278114667
:101A2000FA680A4443F01003136000BF1437BD4640
:101A30005DF8047B704700BFECA8070880B485B050
:101A400000AF03460A46FB8013467B7141F2210337
:101A5000BB817B791BB21B021AB2B7F90630534027
:101A60001BB2FB800023FB7313E0B7F90630002B99
:101A700009DAB7F906305B001AB2B7F90C305340F7
:101A80001BB2FB8002E0FB885B00FB80FB7B013329
:101A9000FB73FB7B072BE8D9FB8818461437BD4640
:101AA0005DF8047B7047000080B400AF024B18461D
:101AB000BD465DF8047B7047FC96012480B500AFFD
:101AC000124B1B7D002B01D000231DE000220721BB
:101AD0000F48FFF7ADFE0F4A07210D48FFF734FF0F
:101AE00007210B48FFF788FF07210948FFF762FF2E
:101AF000EEF7A6FF054B00229A74044B01221A75DB
:101B0000024B00221A700023184680BDFC96012467
:101B1000000002402050014080B588B000AF03466D
:101B2000B9607A60FB73474B1B7D83F00103DBB226
:101B3000002B01D0012380E0EEF7A6FF0346032B24
:101B400001D0012379E0FB7B032B01D9012374E051
:101B5000BB68002B08D0BB683B4A934204D8BB68E3
:101B60005B00B3F5483F01D9012366E00220EEF7A0
:101B70006FFF344B00229A74FB7B002B59D100235A
:101B8000FB837B687B610023BB612BE0BB692F4A31
:101B9000A2FB0312991A49080A44520A40F2E93199
:101BA00001FB02F29A1A13467B82BB695B007A69D9
:101BB00013447A8A1A807B8ADAB2FB8B1146184664
:101BC000FFF73CFF0346FB837B8A1B0A9BB2DAB21A
:101BD000FB8B11461846FFF731FF0346FB83BB69B9
:101BE0000133BB61BA69BB689A42CFD3154AFB7B0C
:101BF0001371144ABB689360BB685B00114AD360E1
:101C0000104AFB8B13820F4B01229A740D4BDB6839
:101C10001946786800F040F80346002B04D00020F5
:101C2000EEF716FF012308E00120EEF711FF002375
:101C300003E00320EEF70CFF022318462037BD46D1
:101C400080BD00BFFC960124A08601007BD2E10587
:101C500090B482B000AF78600E4B1B7D83F001031F
:101C6000DBB2002B06D10B4B9B7C83F00103DBB274
:101C7000002B01D0012307E07A68064B1446043399
:101C80000FCB84E80F00002318460837BD4690BCF0
:101C9000704700BFFC96012480B584B002AF786025
:101CA00039601C4B1B7D83F00103DBB2002B01D09C
:101CB00001232AE007211848FFF798FD1748FFF78E
:101CC00063FD1648FFF740FD1348FFF757FE124823
:101CD000FFF762FE40230093114B7A6807210E48FC
:101CE000FFF7F4FD3A6807210B48FFF7C7FD0B48E3
:101CF000FFF71AFD0948FFF737FD07210648FFF7F0
:101D000053FD044B00221A70002318460837BD46C5
:101D100080BD00BFFC96012400000240005001403D
:101D20002050014080B500AF104B1B7D83F00103B4
:101D3000DBB2002B01D0012316E007210C48FFF78E
:101D400055FD0C48FFF720FD0948FFF717FE08482E
:101D5000FFF722FE054B00221A70044B00229A74F2
:101D60000320EEF775FE0023184680BDFC96012483
:101D7000000002400050014080B483B000AF034631
:101D8000FB71044AFB79137000BF0C37BD465DF848
:101D9000047B7047FC96012480B500AFEEF774FE1B
:101DA0000346184680BD000080B483B000AF0346F0
:101DB000FB80FB8803F003039BB2002B1AD1FB8846
:101DC000104AA2FB03125209642101FB02F29B1A82
:101DD0009BB2002B0CD1FB880A4AA2FB0312D2094A
:101DE0004FF4C87101FB02F29B1A9BB2002B01D188
:101DF000012300E00023DBB218460C37BD465DF836
:101E0000047B70471F85EB5180B582B000AF03465D
:101E10000A46FB711346BB80FB79022B07D1BB88B6
:101E20001846FFF7C1FF03461C33DBB203E0FB7922
:101E3000013B034AD35C18460837BD4680BD00BF4E
:101E4000F4A8070880B586B000AF786000237B61F6
:101E50007B689B7803F5FA63FB814FF4FA637B821E
:101E60000DE07B8A1846FFF79FFF034603F26D13D0
:101E70001A467B6913447B617B8A01337B827A8AB1
:101E8000FB899A42EDD301237B740DE0FA897B7CB8
:101E900011461846FFF7B8FF03461A467B691344FC
:101EA0007B617B7C01337B747B685B787A7C9A42B4
:101EB000ECD37B681B781A467B691344013B7B613A
:101EC0007B690D4A03FB02F27B68DB7819464FF40D
:101ED000616301FB03F31A447B681B7919460B46C7
:101EE0001B015B1A9B0013447A685279134418460D
:101EF0001837BD4680BD00BF8051010080B586B057
:101F000000AF786039607B683C4AA2FB03231B0C5E
:101F10007B617B68394AA2FB0312120C384901FB32
:101F200002F29B1AFB60FB68364AA2FB0323DB0A22
:101F3000DAB23B68DA70FB68324AA2FB0312D20ABB
:101F40004FF4616101FB02F29B1AFB60FB682E4AB1
:101F5000A2FB03235B09DAB23B681A71F9682A4BCA
:101F6000A3FB01235A0913461B019B1A9B00CA1AA3
:101F7000D2B23B685A714FF4FA637B827B8A18466F
:101F8000FFF712FF034603F26D137B817B897A69A9
:101F90009A4207D37B897A69D31A7B617B8A0133A2
:101FA0007B82EBE700BF7B8ADBB23033DAB23B687F
:101FB0009A7001237B747A8A7B7C11461846FFF75E
:101FC00023FF03467B727B7A7A699A4207D37B7A36
:101FD0007A69D31A7B617B7C01337B74EBE700BFAA
:101FE0003B687A7C5A707B69DBB20133DAB23B68BA
:101FF0001A7000BF1837BD4680BD00BF07452EC20E
:1020000080510100C5B3A2918988888898B500AF36
:10201000424B5B790133DAB2404B5A713F4B5B79EB
:102020003B2B4CD93D4B00225A713C4B1B79013361
:10203000DAB23A4B1A71394B1B793B2B3FD9374BEC
:1020400000221A71354BDB780133DAB2334BDA7088
:10205000324BDB78172B32D9304B0022DA702F4B02
:102060001B780133DAB22D4B1A702C4B1C782B4B9A
:102070005B782A4A927811461846FFF7C5FE034658
:102080009C421CD9254B01221A70244B5B780133EA
:10209000DAB2224B5A70214B5B780C2B0FD91F4BB5
:1020A00001225A701D4B9B780133DAB21B4B9A7098
:1020B0001A4B9B78632B02D9184B00229A70184B4D
:1020C0009B790133DAB2164B9A71154B9B793B2BF6
:1020D00021D9134B00229A71114B5B790133DAB28B
:1020E0000F4B5A710E4B5B793B2B14D90C4B0022D2
:1020F0005A710B4B1B790133DAB2094B1A71084B39
:102100001B79172B07D9064B00221A71044B1B6849
:102110000133034A136000BF98BD00BF5C06002472
:102120001497012480B400AF114B00229A70104B19
:1021300001225A700E4B01221A700D4B0022DA70E8
:102140000B4B00221A710A4B00225A71094B0022D4
:102150001A60084B00221A71064B00225A71054B77
:1021600000229A7100BFBD465DF8047B704700BF36
:102170005C0600241497012480B483B000AF78601B
:102180007B68002B06D07B68054A1068186092882F
:102190009A8000E000BF0C37BD465DF8047B7047B5
:1021A0005C06002480B483B000AF78607B68002BAD
:1021B00006D0064B7A681068186092889A8000E012
:1021C00000BF0C37BD465DF8047B70475C060024F9
:1021D00080B584B000AF78607B680B4A93420ED91B
:1021E0007A680A4B134407F1080211461846FFF7B4
:1021F00085FE07F108031846FFF7D4FF00E000BF93
:102200001037BD4680BD00BF7F436D3880BC92C78C
:1022100080B500AF0348FFF715FE0246024B13449A
:10222000184680BD5C06002480436D3880B485B0BC
:1022300000AFF860B9607A603B60FB68002B03D0A8
:102240000F4B1A68FB681A60BB68002B03D00C4B5D
:102250001A79BB681A707B68002B03D0084B5A7937
:102260007B681A703B68002B03D0054B9A793B685A
:102270001A7000BF1437BD465DF8047B704700BF7D
:102280001497012480B584B000AFFEF743FCF860DA
:102290000123FB723B1D1946F868FEF745FC034617
:1022A000FB72FB7A002B03D13B1D1846FFF77AFF28
:1022B000FB7A18461037BD4680BD80B588B000AFA8
:1022C000F860B9607A603B60FB68BA681A60FB68C6
:1022D00004331F22796818461CF0A6FBFB68002215
:1022E00083F82320FB683A685A62FB683A8D1A85A6
:1022F000FB682A33FB610023FB82FA8AFB69BFF388
:102300005B8F1A80FB682C33BB610023BB82BA8AC7
:10231000BB69BFF35B8F1A8000BF2037BD4680BD0D
:1023200080B48BB000AF78600B46FB707B682A33BB
:102330003B623B6A1B889BB2FB81FB890133FB84B8
:102340007B681B8DFA8C9A4201D10023FB847B6849
:102350002C33FB61FB691B88BFF35B8F9BB2BB8196
:10236000BB897B83FA8C7B8B9A4218D07B685B6A33
:102370007A682A327A617A69128892B27A817A8985
:102380001344FA781A707B682A333B61FB8C3B81DB
:102390003A893B69BFF35B8F1A80012300E0002379
:1023A00018462C37BD465DF8047B704780B48BB06F
:1023B00000AF786039607B682C333B623B6A1B88D6
:1023C0009BB27B827B8AFB847B682A33FB61FB693F
:1023D0001B88BFF35B8F9BB23B823B8A7B837A8BEC
:1023E000FB8C9A421CD07B685A6AFB8C13441A7887
:1023F0003B681A70FB8C0133FB847B681B8DFA8C65
:102400009A4201D10023FB847B682C337B61FB8CD7
:10241000FB81FA897B69BFF35B8F1A80012300E09F
:10242000002318462C37BD465DF8047B704780B406
:1024300089B000AF78607B682A33FB61FB691B8839
:10244000BFF35B8F9BB23B823B8A7B837B682C33E1
:102450007B617B691B889BB2FB81FB897B827A8BCA
:102460007B8A9A4204D17B681B8D013B9BB214E0AE
:102470007A8B7B8A9A4206D27A8A7B8BD31A9BB25A
:10248000013B9BB209E07B681A8D7B8A13449AB2A8
:102490007B8BD31A9BB2013B9BB218462437BD46B7
:1024A0005DF8047B704780B489B000AF78607B68CA
:1024B0002A33FB61FB691B88BFF35B8F9BB23B82B6
:1024C0003B8A7B837B682C337B617B691B889BB257
:1024D000FB81FB897B827A8B7B8A9A4214BF012322
:1024E0000023DBB218462437BD465DF8047B7047F5
:1024F00080B483B000AF78607B686FF001021A612E
:1025000000BF0C37BD465DF8047B704780B483B0D4
:1025100000AF78607B681B6903F00103012B01D1D8
:10252000012300E0002318460C37BD465DF8047B0C
:102530007047000080B500AF0948FFF7E7FF03468A
:10254000002B0AD00648FFF7D3FF064B1B68013368
:10255000044A13600448F0F7E7FC00BF80BD00BFE9
:10256000000001401C9701240408002480B400AF3F
:10257000034B1B681846BD465DF8047B704700BFDF
:102580001C9701240FB490B5C7B002AFF9F748F912
:102590000346002B67D0F9F743F90346012B62D0BD
:1025A0000023C7F80C317B1DBA1DF91D07F1080087
:1025B000FFF73CFED7F80C3107F10C02D018D7F822
:1025C0000C31C3F5807107F58873A3F209131B78EA
:1025D0001C4607F58873A3F585731B781A4607F523
:1025E0008873A3F20B131B78019300922346224AAF
:1025F0001CF0F4F80246D7F80C311344C7F80C313C
:1026000007F5927207F58873A3F588731A60D7F8F7
:102610000C3107F10C02D018D7F80C31C3F58071DA
:1026200007F58873A3F588731B68D7F820211CF081
:102630009FF90246D7F80C311344C7F80C31D7F88C
:102640000C3107F10C02D018D7F80C31C3F58073A8
:102650000A4A19461CF0C2F807F10C03194608484B
:10266000F0F726F900E000BF07F58A77BD46BDE820
:10267000904004B0704700BF3C7B0708507B0708C0
:102680000010014080B487B000AF7860396000234B
:10269000FB8200233B6129E07A683B6913441B7885
:1026A0001BB21B021AB2B7F9163053401BB2FB82A1
:1026B0000023FB7314E0B7F91630002B09DAB7F9E1
:1026C00016305B001AB241F2210353401BB29BB299
:1026D00002E0FB8A5B009BB2FB82FB7B0133FB7356
:1026E000FB7B072BE7D93B6901333B613A693B68C8
:1026F0009A42D1D3FB8A18461C37BD465DF8047B4D
:102700007047000080B586B000AFF8607B600B4674
:10271000FB721346BB72FB7A002B02D16FF00103F0
:10272000BCE0FB681B787B75BA7A7B7D9A4202D34A
:102730004FF0FF33B2E00123FB750023BB75A6E029
:10274000FB7D5A1CFB7A9A4202DB6FF00103A5E085
:10275000FB7DFA6813441B783B75FB7D0133FA68F7
:1027600013441B78FB74FB7D0233FB75FA7DFB7C05
:102770001A44FB7A9A4202DD6FF001038EE0BA7DC3
:10278000BB7A9A427CD13B7D013B042B75D801A2D8
:1027900052F823F0A9270508C5270508F9270508D9
:1027A0003F2805085D280508FB7C012B02D06FF04F
:1027B000020373E0FB7DFA6813441A787B681A7091
:1027C00000236BE0FB7C022B02D06FF0020365E07C
:1027D000FB7D0133FA6813441B781BB21B021AB24B
:1027E000FB7DF9680B441B781BB213431BB29AB2F2
:1027F0007B681A80002351E0FB7C042B02D06FF031
:1028000002034BE0FB7D0333FA6813441B781A067E
:10281000FB7D0233F9680B441B781B041A43FB7DD4
:102820000133F9680B441B781B021343FA7DF968E6
:102830000A4412781A437B681A6000232EE0FB7C5E
:10284000042B02D06FF0020328E0FB7DFA681344EA
:102850001B681A467B681A6000231FE0FB7DFA683C
:102860001344FA7C194678681CF065F9FB7C7A6899
:10287000134400221A70002310E06FF003030DE0F0
:10288000FA7DFB7C1344FB75BB7D0133BB75BA7DC0
:102890007B7D9A42FFF454AF4FF0FF331846183750
:1028A000BD4680BD80B58AB000AFF860B9607A607F
:1028B000BB680D2B05D87B48FFF764FE6FF0020361
:1028C000ECE0FB68FB61FB691B68774A934208D028
:1028D000FB691B6819467548FFF754FE6FF001034A
:1028E000DCE0FB69DB88C82B08D9FB69DB8819466B
:1028F0006F48FFF747FE4FF0FF33CFE00821F8683D
:10290000FFF7C0FE03467B83FB691B897A8B9A42E3
:102910000AD0FB691B8919467B8B1A466548FFF76D
:1029200031FE4FF0FF33B9E0BB68023BFA68134455
:102930001B883B83BB68023B1946F868FFF7A2FE81
:102940000346FB823A8BFB8A9A4208D03B8BFA8A79
:1029500019465948FFF716FE4FF0FF339EE0FB691A
:10296000DA887B685A800C237B627B6A0A2B04D04E
:102970000A237B625148FFF705FE00237B8486E033
:102980007B6A03F10802BB68023B9A4208D97B8C40
:10299000013319464A48FFF7F5FD6FF004037DE067
:1029A0007A8C1346DB001344DB007A68134404334B
:1029B0003B61FA687B6A13441A683B691A607B6A58
:1029C0000433FA6813441A883B699A807B6A063399
:1029D000FA6813441A783B699A717B6A0733FA687C
:1029E00013441A783B69DA717B6A08337B623B696E
:1029F0001B68344A93420AD07B8C591C3B691B6884
:102A00001A463148FFF7BEFD6FF0030346E03B690D
:102A1000DB79402B0AD97B8C591C3B69DB791A4640
:102A20002A48FFF7AFFD6FF0050337E03B69DB791C
:102A30001A467B6A1A44BB68023B9A4208D97B8CCF
:102A4000013319462248FFF79DFD6FF0050325E08D
:102A50003B6903F10800FA687B6AD1183B69DB79AE
:102A60001A461CF068F83B69DB791A467B6A134406
:102A70007B623B699B8819463B699B791A463B6997
:102A8000DB791448FFF77EFD7B8C01337B847B6808
:102A90005B887A8C9A42FFF473AF0023184628377C
:102AA000BD4680BD547B0708ADDEDEC0847B0708D1
:102AB000B47B0708D87B0708147C0708507C0708FC
:102AC000947C0708EFBEADDEC47C0708F47C0708E1
:102AD000247D07085C7D07082DE9B04F82B000AF68
:102AE0007860796800200C460546204629464FF05C
:102AF000000A4FF0000B4FEA411B4BEAD06B4FEA44
:102B0000401A50465946021B61EB05034FF0000086
:102B10004FF00001990041EA9271900002460B4685
:102B200012EB040843EB05094FF000024FF00003DD
:102B30004FEAC90343EA58734FEAC80290469946E0
:102B4000404649464FF47A724FF00003EDF730FCEF
:102B500002460B461346184609F082FA00BF0837B2
:102B6000BD46BDE8B08F80B487B000AF78603960F3
:102B70000023FB8241F22103BB8100233B6125E05E
:102B80007A683B6913441B781B029AB2FB8A534054
:102B9000FB820023FB7313E0B7F91630002B09DA30
:102BA000B7F916305B001AB2B7F90C3053401BB2BC
:102BB000FB8202E0FB8A5B00FB82FB7B0133FB7341
:102BC000FB7B072BE8D93B6901333B613A693B68E2
:102BD0009A42D5D3FB8A18461C37BD465DF8047B64
:102BE000704780B483B000AF0346FB71FB79022BC2
:102BF0000CD0022B0DDC002B02D0012B03D008E0FF
:102C00004FF4703306E04FF4753303E04FF47A333A
:102C100000E0002318460C37BD465DF8047B704782
:102C200080B483B000AF0346FB71FB79022B0CD05C
:102C3000022B0DDC002B02D0012B03D008E044F660
:102C40004E1306E044F24C4303E044F2413300E00B
:102C5000002318460C37BD465DF8047B7047000022
:102C600080B483B000AF0346FB71FB79022B0AD01E
:102C7000022B0ADC002B02D0012B02D005E0064B10
:102C800004E0064B02E0064B00E0064B18460C370A
:102C9000BD465DF8047B70478C7D0708947D07086E
:102CA000987D07089C7D070880B500AF10220021A1
:102CB0001F481BF095FEFEF75DF803461C4A536063
:102CC0001B4B5B68002B04D11A48FFF75BFC002309
:102CD0002CE0174B01221A70154B01221A72144B6B
:102CE0000022DA601448FFF74DFC1448FFF74AFC55
:102CF0004FF470311248FFF745FC4FF4A053114ACE
:102D00004FF470311048FFF73DFC4FF4A0530F4AC9
:102D10004FF475310E48FFF735FC4FF4A0530D4AC0
:102D20004FF47A310C48FFF72DFC0123184680BD83
:102D300020970124A47D0708D87D0708047E070892
:102D40002C7E0708FFD30300487E0708FFE7030037
:102D5000747E0708FFFB0300A07E070880B58CB0D7
:102D600000AF0346B9607A60FB736A4B1B7883F04F
:102D70000103DBB2002B04D06748FFF703FC0123FB
:102D8000C4E0FB7B022B02D8BB68002B04D1634854
:102D9000FFF7F8FB0223B9E07B68092B04D97B68B5
:102DA00041F2F832934208D941F2F8330A227968A5
:102DB0005B48FFF7E7FB0323A8E0FB7B1846FFF720
:102DC00010FFF862FB7B1846FFF72AFF03467B855E
:102DD000FB7B1846FFF744FF78627A68796A5148AE
:102DE000FFF7D0FB7B8D1B0A9BB2DBB23B767B8D62
:102DF000DBB27B767B681B0EDBB2BB767B681B0C81
:102E0000DBB2FB767B681B0ADBB23B777B68DBB20D
:102E10007B7707F1180306211846FFF7A4FE034647
:102E20007B847968B868FFF79EFE03461A467B8C60
:102E300053407B847B8C1B0A9BB2DBB23B757B8C43
:102E4000DBB27B75796A3848FFF79CFBF96A374833
:102E5000FFF798FB7B8D19463548FFF793FB7968A0
:102E60003448FFF78FFB7B8C19463348FFF78AFB0A
:102E7000284B586807F118020623F96AFDF7E2FFAC
:102E8000034687F8213097F82130002B07D097F8B8
:102E9000213019462948FFF775FB072336E01D4B03
:102EA0005868FB6A991D7B689BB2BA68FDF7CAFF38
:102EB000034687F8213097F82130002B07D097F888
:102EC000213019461E48FFF75DFB07231EE0114B1A
:102ED0005868FA6A7B681344991D07F114020223AB
:102EE000FDF7B0FF034687F8213097F82130002B1B
:102EF00007D097F8213019461248FFF743FB072304
:102F000004E0796A1048FFF73DFB0023184630378C
:102F1000BD4680BD20970124CC7E0708FC7E0708B3
:102F2000287F07086C7F0708A87F0708CC7F070861
:102F3000E87F070800800708188007082C8007082A
:102F400070800708B4800708F480070880B590B047
:102F500002AFB9607A603B600346FB737F4B1B781E
:102F600083F00103DBB2002B04D07D48FFF70AFB9E
:102F70000123EEE0FB7B022B05D8BB68002B02D0BF
:102F80003B68002B04D17748FFF7FCFA0223E0E00E
:102F9000FB7B1846FFF725FE7863FB7B1846FFF79F
:102FA0003FFE03467B86FB7B1846FFF759FEF8621F
:102FB0007A6BF96A6C48FFF7E5FA684B586807F1D5
:102FC00018020623796BFDF7CCFF034687F82B30F8
:102FD00097F82B30002B07D097F82B301946634811
:102FE000FFF7D0FA0623B4E03B7E1BB21B021AB2F5
:102FF0007B7E1BB213431BB23B853A8D7B8E9A427C
:1030000007D03A8D7B8EF96A5948FFF7BBFA042343
:103010009FE0BB7E1A06FB7E1B041A433B7F1B020C
:1030200013437A7F13437B627B6A092B04D97B6A43
:1030300041F2F83293420AD941F2F83300930A235D
:103040007A6AF96A4B48FFF79DFA032381E07A6AAE
:103050007B689A4207D97B687A6AF96A4648FFF723
:1030600091FA082375E0F96A4448FFF78BFA3B8D23
:1030700019464348FFF786FA796A4248FFF782FA11
:10308000364B58687B6B991D7B6A9BB2BA68FDF71B
:1030900068FF034687F82B3097F82B30002B07D0BA
:1030A00097F82B3019463848FFF76CFA062350E0A2
:1030B0002A4B58687A6B7B6A1344991D07F11402F6
:1030C0000223FDF74EFF034687F82B3097F82B308D
:1030D000002B07D097F82B3019462C48FFF752FAEF
:1030E000062336E03B7D1BB21B021AB27B7D1BB26E
:1030F00013431BB27B8407F1180306211846FFF720
:1031000032FD03463B84796AB868FFF72CFD03461D
:103110001A463B8C53403B847A8C3B8C9A4207D0B6
:103120007A8C3B8CF96A1A48FFF72CFA052310E0D9
:103130003B687A6A1A60F96A1648FFF723FA796AD7
:103140001048FFF71FFA7B8C19461348FFF71AFA4D
:10315000002318463837BD4680BD00BF20970124A4
:10316000CC7E0708FC7E07082C8107086C810708C5
:10317000B0810708F88107083882070878820708B5
:10318000E87F070800800708A0820708EC8207088C
:10319000308307087C830708AC83070880B588B0B4
:1031A00000AF0346FB71274B1B7883F00103DBB2B2
:1031B000002B02D1FB79022B01D900233EE0FB79E1
:1031C0001846FFF70EFDF861FB791846FFF728FD5A
:1031D00003467B831B4B586807F108020623F969F5
:1031E000FDF7BFFE03467B767B7E002B01D00023DC
:1031F00024E03B7A1BB21B021AB27B7A1BB2134348
:103200001BB2FB82FA8A7B8B9A4201D0002315E025
:10321000BB7A1A06FB7A1B041A433B7B1B0213433F
:103220007A7B13433B613B69092B04D93B6941F22B
:10323000F832934201D9002300E0012318462037D9
:10324000BD4680BD2097012480B586B000AF0346FF
:10325000FB711F4B1B7883F00103DBB2002B01D005
:10326000012330E0FB79022B01D902232BE0FB790B
:103270001846FFF7B6FC7861FB791846FFF7F0FCBB
:10328000386139691348FFF77DF907F10803002217
:103290001A609A800E4B586807F108020623796974
:1032A000FDF7D0FD0346FB73FB7B002B06D0FB7BB9
:1032B00019460948FFF766F9072304E0396907480A
:1032C000FFF760F9002318461837BD4680BD00BFE0
:1032D00020970124CC830708F88307083C8407085B
:1032E00080B588B000AF78604B4B1B7883F001034A
:1032F000DBB2002B06D1484B1B7A83F00103DBB213
:10330000002B04D04548FFF73DF9002380E04448F6
:10331000FFF738F9404BDB6819464248FFF732F9AE
:103320000023FB6110E04FF47A70FFF7D5FBF9F74B
:103330003DFC0346002B04D03B48FFF723F9002354
:1033400066E0FB690133FB61334BDB68FA699A4243
:10335000E9D33648FFF716F90023FB760023BB7646
:103360003CE0BB7E1846FFF77BFC7861BB7E1846CD
:10337000FFF714FF0346002B29D007F10C03B87E9A
:1033800041F2F8322A49FFF7E1FD0346FB74FB7C6A
:10339000002B15D1FA68BB7E25491846F9F7DCF9F0
:1033A0000346002B07D0FB7E0133FB767969214869
:1033B000FFF7E8F80FE079691F48FFF7E3F80AE044
:1033C000FB7C1A4679691D48FFF7DCF803E0796950
:1033D0001B48FFF7D7F8BB7E0133BB76BB7E022BC1
:1033E000BFD9FB7E032B05D11648FFF7CBF8F9F7C1
:1033F00035FA0CE0FB7E002B06D0FB7E032219463B
:103400001148FFF7BFF802E01048FFF7BBF8FB7E5A
:1034100018462037BD4680BD209701246C840708DC
:10342000A4840708D48407080C8507084885070882
:103430003097012490850708C4850708FC85070894
:103440003C86070870860708C4860708188707089F
:1034500090B585B000AF78607B68002B30D0182223
:10346000002178681BF0BCFA174B1A787B681A7039
:10347000154B1A7A7B685A70134BDA687B685A606E
:103480000023FB730CE0FC7BFB7B1846FFF786FEFA
:1034900003461A467B6823441A72FB7B0133FB7395
:1034A000FB7B022BEFD97B684FF47032DA607B68CC
:1034B0004FF4A0521A617B6841F2F8325A6100E081
:1034C00000BF1437BD4690BD2097012480B584B05D
:1034D00000AF0346FB7106F071FDF860FB79FA68F6
:1034E0009B0013445B685B68FA79F9680A44127AB6
:1034F000104698470346FB72FB7A18461037BD46C4
:1035000080BD80B584B000AF0346FB710023FB7320
:1035100006F054FDB860FB79BA68D35C002B14D177
:10352000FB79BA689B0013445B681B68FA79B96839
:103530000A44127A104698470346FB73FB7B002B24
:1035400003D1FB79BA680121D154FB7B18461037AF
:10355000BD4680BD90B587B000AFB9607A603B6072
:103560000346FB7306F02AFD7861FB7B7A699B00BA
:1035700013445B689C68FB7B7A691344187A3B6848
:103580007A68B968A0470346FB74FB7C18461C3771
:10359000BD4690BD90B587B000AFB9607A603B6022
:1035A0000346FB7306F00AFD7861FB7B7A699B009A
:1035B00013445B68DC68FB7B7A691344187A3B68C8
:1035C0007A68B968A0470346FB74FB7C18461C3731
:1035D000BD4690BD80B584B000AF03463A60FB7134
:1035E0000B46BB7106F0EAFCF860FB79FA689B00B9
:1035F00013445B681B69FA79F9680A44107AB9794F
:103600003A6898470346FB72FB7A18461037BD4666
:1036100080BD80B400AF00231846BD465DF8047B32
:10362000704780B485B000AF78607B6801331B7849
:10363000FB81B7F90E301B021AB27B681B781BB2F4
:1036400013431BB2FB81FB8918461437BD465DF856
:10365000047B704780B485B000AF78607B6803332B
:103660001B78FB60FB681B027A68023212781343F6
:10367000FB60FB681B027A68013212781343FB601F
:10368000FB681B027A6812781343FB60FB681846DC
:103690001437BD465DF8047B70472DE9B00F9DB02F
:1036A00000AF78667B6E07331B78DBB200229A4648
:1036B0009346C7E91AABD7E91A234FF000004FF041
:1036C0000001190241EA126110027B6E06331B7879
:1036D000DBB200221C46154640EA040841EA05090F
:1036E000C7E91A89D7E91A234FF000004FF000010B
:1036F000190241EA126110027B6E05331B78DBB2BE
:103700000022BB65FA65D7E9164523460343BB6231
:103710002B460B43FB62D7E90A34C7E91A34D7E9D1
:103720001A234FF000004FF00001190241EA126124
:1037300010027B6E04331B78DBB200223B657A6596
:10374000D7E91445234603433B622B460B437B6278
:10375000D7E90834C7E91A34D7E91A234FF0000033
:103760004FF00001190241EA126110027B6E03332F
:103770001B78DBB20022BB64FA64D7E9124523460A
:103780000343BB612B460B43FB61D7E90634C7E912
:103790001A34D7E91A234FF000004FF00001190244
:1037A00041EA126110027B6E02331B78DBB2002209
:1037B0003B647A64D7E91045234603433B612B46BB
:1037C0000B437B61D7E90434C7E91A34D7E91A01FE
:1037D0004FF000024FF000030B0243EA10630202B5
:1037E000796E01310978C9B20020B963F863D7E96D
:1037F0000E4521461143B96029461943F960D7E9BE
:103800000234C7E91A34D7E91A014FF000024FF029
:1038100000030B0243EA10630202796E0978C9B211
:10382000002039637863D7E90C452146114339609C
:10383000294619437960D7E90034C7E91A34D7E932
:103840001A23104619467437BD46BDE8B00F7047BD
:1038500080B483B000AF78600B467B807B685A1CD5
:103860007A607A88D2B21A707B881B0A7B807B6868
:103870005A1C7A607A88D2B21A7000BF0C37BD46E3
:103880005DF8047B704780B483B000AF7860396026
:103890007B685A1C7A603A68D2B21A703B681B0A7D
:1038A0003B607B685A1C7A603A68D2B21A703B68F7
:1038B0001B0A3B607B685A1C7A603A68D2B21A7065
:1038C0003B681B0A3B607B685A1C7A603A68D2B23C
:1038D0001A7000BF0C37BD465DF8047B704780B49A
:1038E00085B000AFF860C7E90023FB685A1CFA6096
:1038F0003A781A70D7E900014FF000024FF0000348
:10390000020A42EA01620B0AC7E90023FB685A1C5B
:10391000FA603A781A70D7E900014FF000024FF0D0
:103920000003020A42EA01620B0AC7E90023FB68AE
:103930005A1CFA603A781A70D7E900014FF0000279
:103940004FF00003020A42EA01620B0AC7E90023B2
:10395000FB685A1CFA603A781A70D7E900014FF0F8
:1039600000024FF00003020A42EA01620B0AC7E9B3
:103970000023FB685A1CFA603A781A70D7E90001F4
:103980004FF000024FF00003020A42EA01620B0A04
:10399000C7E90023FB685A1CFA603A781A70D7E925
:1039A00000014FF000024FF00003020A42EA0162F8
:1039B0000B0AC7E90023FB685A1CFA603A781A70B0
:1039C000D7E900014FF000024FF00003020A42EA7B
:1039D00001620B0AC7E90023FB685A1CFA603A78B7
:1039E0001A7000BF1437BD465DF8047B704780B481
:1039F00083B000AF0346FB71FB79002B01D000239D
:103A000000E0002318460C37BD465DF8047B704784
:103A100080B483B000AF0346FB71FB79002B01D06B
:103A2000002300E0002318460C37BD465DF8047BF8
:103A3000704780B586B000AF78607B681B687B619B
:103A40007B695A1C7A611B787B827B8ADBB21846C1
:103A5000FFF7CDFF0346002B15D07B695A1C7A6116
:103A60001B787B747B7C1846FFF7D2FF0346002B44
:103A700002D14FF0FF331DE07B8A1B029AB27B7CA0
:103A80009BB213447B827B8A002B0DD07B8A40F251
:103A9000B511184606F082FD03467B827B8A002B17
:103AA00002D14FF0FF3305E07B8AFB607B687A69C7
:103AB0001A60FB6818461837BD4680BD80B586B0D1
:103AC00000AFF860B9607A6040F2B511F86806F0AE
:103AD0002BFD0346FB82FB8AFF2B14D97B68012B4D
:103AE00001D800231EE0FB8A1B0A99B2BB685A1C4E
:103AF000BA60CAB21A70BB685A1CBA60FA8AD2B2EB
:103B00001A7002230EE0FB8A002B02D07B68002B88
:103B100001D1002306E0BB685A1CBA60FA8AD2B20F
:103B20001A70012318461837BD4680BD80B584B091
:103B300000AF786039607B689B78184606F01CFE01
:103B4000F860FB68002B16D03B68002B13D00120D7
:103B500006F012FEF860FB68002B07D07B689A78AD
:103B6000074B1A70074B02221A7004E07B689B789F
:103B7000184606F01BFEFB6818461037BD4680BD90
:103B800071AB012470AB012480B582B000AF7860C6
:103B90000B46FB707B68002B1FD0FB780C2B1CD0D6
:103BA000FB780B2B19D0FB780F2B16D00D4B1B7805
:103BB000DBB2022B0CD17B689A780B4B1B78DBB203
:103BC0009A4205D1074B01221A70012006F0EEFD42
:103BD0007B689B78184606F0E9FD00BF0837BD46B4
:103BE00080BD00BF70AB012471AB012480B485B0EF
:103BF00000AF786039600023BB600023FB6029E0E0
:103C0000274AFB681B0113441B68002B1DD0244A64
:103C1000FB681B0113441A687B681B689A4216D123
:103C20001F4AFB681B01134404331A687B689B68B6
:103C30009A420CD11A4AFB681B01134408331A68D4
:103C40007B681B6B9A4202D107E00123BB60FB68D3
:103C50000133FB60FB68032BD2D9FB68042B09D12D
:103C6000BB68002B04D13B68022B01D0122310E06B
:103C700000230EE03B68002B08D1094AFB681B01BA
:103C800013440C331B68B3F5807F01D1102300E08F
:103C9000002318461437BD465DF8047B704700BF0B
:103CA00030AB012480B483B000AF00237B6002E01E
:103CB0007B6801337B607B68032B06D8094A7B68ED
:103CC0001B0113441B68002BF2D17B68042B14BF2B
:103CD00001230023DBB218460C37BD465DF8047B98
:103CE000704700BF30AB012480B485B000AF78606E
:103CF00039600023FB601FE0414AFB681B0113444D
:103D00001A687B681B689A4213D13D4AFB681B0105
:103D1000134404331A687B689B689A4209D1384A75
:103D2000FB681B01134408331A687B681B6B9A42BB
:103D300006D0FB680133FB60FB68032BDCD900E095
:103D400000BFFB68042B32D10023FB6002E0FB685C
:103D50000133FB60FB68032B06D8294AFB681B0173
:103D600013441B68002BF2D1FB68042B01D1002304
:103D70003FE07B681A682249FB681B010B441A600C
:103D80007B689A681E49FB681B010B4404331A6068
:103D90007B681A6B1A49FB681B010B4408331A60D5
:103DA000174AFB681B0113440C3300221A603B685E
:103DB000002B09DD124AFB681B0113440C331B68FE
:103DC000002B01D0002314E03B68002B07D10C4AE4
:103DD000FB681B0113440C331B68013301E04FF4F3
:103DE00080730749FA6812010A440C321360FB68B9
:103DF000013318461437BD465DF8047B704700BF99
:103E000030AB012480B485B000AF78607B68013BA3
:103E10007B607B68032B25D8174A7B681B01134402
:103E20000C331B68FB60FB68B3F5807F01D1002376
:103E3000FB60FB68002B02D0FB68013BFB600E4A75
:103E40007B681B0113440C33FA681A60FB68002B73
:103E500005D1094A7B681B01134400221A60002324
:103E6000FB7201E00223FB72FB7A18461437BD4651
:103E70005DF8047B704700BF30AB012480B485B08F
:103E800000AF78600023FB6010E00D4AFB681B0167
:103E900013441B687A689A4205D1094AFB681B01E2
:103EA000134400221A60FB680133FB60FB68032B9C
:103EB000EBD900BF00BF1437BD465DF8047B7047E7
:103EC00030AB012480B584B000AF78600023FB7371
:103ED0007B681B79002B2CD07B6858787B6803F1BA
:103EE0003C017B689A6B0123FFF754FB0346002BD0
:103EF0001DD17B6800221A717B689A6B7B689B6A74
:103F0000D21A7B681B6A9A4213D27B68DB78022B39
:103F10000FD17B6858787B6803F13C017B689A6B12
:103F20007B681B6A1A440123FFF734FB01E001237D
:103F3000FB73FB7B18461037BD4680BD80B584B04F
:103F400000AF786039600023FB737B689B6B3A6835
:103F50009A421BD07868FFF7B5FF0346FB73FB7BE3
:103F6000002B13D17B6858787B6803F13C01012357
:103F70003A68FFF7EFFA0346002B04D04FF0FF3307
:103F80003B600123FB737B683A689A63FB7B1846AE
:103F90001037BD4680BD000080B584B000AF7860AA
:103FA0007868FFF78FFF0346FB73FB7B002B58D12C
:103FB0007B681B78032B48D17B685B79012B44D14C
:103FC0007B683C334FF40072002118461AF008FD5C
:103FD0007B683C3303F5FF734AF655211846FFF71B
:103FE00037FC7B683C3321491846FFF74CFC7B6863
:103FF0003C3303F5F2731E491846FFF744FC7B6817
:104000003C3303F5F4727B689B6919461046FFF751
:104010003AFC7B683C3303F5F6727B685B691946B2
:104020001046FFF730FC7B685B6A5A1C7B689A631A
:104030007B6858787B6803F13C017B689A6B0123AD
:10404000FFF7A8FA7B6800225A717B685B78002230
:1040500000211846FFF7BEFA0346002B01D00123CA
:10406000FB73FB7B18461037BD4680BD5252614141
:104070007272416180B483B000AF786039603B6890
:10408000023B3B607B68DB69023B3A689A4201D3A2
:10409000002308E07B681A6B7B685B8919463B68E4
:1040A00001FB03F3134418460C37BD465DF8047B4F
:1040B0007047000080B588B000AF786039607968DB
:1040C0000968B9613968012904D9B969C9693868C9
:1040D000884202D30123FB610CE14FF0FF31F9610B
:1040E000B96909780139032900F2F88001A050F874
:1040F00021F000BF054105088B410508C1410508B5
:10410000FB4105083B68FB60FB685B08FA681344E9
:10411000FB60BB699A6AFB685B0A13441946B8697D
:10412000FFF70CFF0346002B40F0DB80FB685A1CB6
:10413000FA60C3F30803BA69134493F83C30BB60D8
:10414000BB699A6AFB685B0A13441946B869FFF7B2
:10415000F5FE0346002B40F0C680FB68C3F308035E
:10416000BA69134493F83C301B02BA681343BB602E
:104170003B6803F00103002B02D0BB681B0902E07F
:10418000BB68C3F30B03FB61B4E0BB699A6A3B688D
:104190001B0A13441946B869FFF7D0FE0346002BEB
:1041A00040F0A380BB6903F13C023B685B0003F471
:1041B000FF7313441846FFF734FA0346FB6199E096
:1041C000BB699A6A3B68DB0913441946B869FFF773
:1041D000B5FE0346002B40F08A80BB6903F13C0228
:1041E0003B689B0003F4FE7313441846FFF732FA52
:1041F000034623F07043FB617CE07968D1E9040158
:10420000014303D079688968002903D17968C979A5
:10421000002960D1796889683868411A79617968BC
:10422000D1E90401421E41F1FF334FF000004FF08D
:104230000001500A40EAC350590A0246BB695B8933
:10424000B2FBF3F33B617B68DB79022B0ED17A6919
:104250003B699A420AD87A693B699A4202D03B6824
:10426000013301E06FF00043FB6143E07B68DB79E1
:10427000032B08D17B689B697A699A4203D23B6819
:104280000133FB6136E07B68DB79022B23D07B684E
:10429000DB69002B03D06FF00043FB612AE0BB69B0
:1042A0009A6A3B68DB0913441946B869FFF746FE72
:1042B0000346002B1DD1BB6903F13C023B689B0008
:1042C00003F4FE7313441846FFF7C4F9034623F0C2
:1042D0000043FB610EE00123FB610BE00123FB6166
:1042E00008E000BF06E000BF04E000BF02E000BF3E
:1042F00000E000BFFB6918462037BD4680BD00BF07
:1043000090B589B000AFF860B9607A600223FB779E
:10431000BB68012B40F2DD80FB68DB69BA689A421A
:1043200080F0D780FB681B78042B00F3D280032B2E
:1043300080F29380012B02D0022B6ED0C9E0BB68C3
:10434000BB61BB695B08BA691344BB61FB689A6ACD
:10435000BB695B0A13441946F868FFF7EFFD034693
:10436000FB77FB7F002B40F0AD80FB6803F13C0244
:10437000BB69591CB961C3F3080313447B61BB6873
:1043800003F00103002B0DD07B691B785BB203F0B7
:104390000F035AB27B685BB21B015BB213435BB283
:1043A000DBB201E07B68DBB27A691370FB68012243
:1043B0001A71FB689A6ABB695B0A13441946F8686C
:1043C000FFF7BCFD0346FB77FB7F002B7CD1FB682E
:1043D00003F13C02BB69C3F3080313447B61BB6870
:1043E00003F00103002B03D07B681B09DBB20EE056
:1043F0007B691B785BB223F00F035AB27B681B0A00
:104400005BB203F00F035BB213435BB2DBB27A69BA
:104410001370FB6801221A715BE0FB689A6ABB6843
:104420001B0A13441946F868FFF788FD0346FB771B
:10443000FB7F002B4AD1FB6803F13C02BB685B00A9
:1044400003F4FF7313447A6892B211461846FFF7DB
:10445000FFF9FB6801221A713BE0FB689A6ABB68AE
:10446000DB0913441946F868FFF768FD0346FB773C
:10447000FB7F002B2CD1FB681B78042B12D07B68B0
:1044800023F07044FB6803F13C02BB689B0003F41B
:10449000FE7313441846FFF7DDF8034603F070433C
:1044A00023437B60FB6803F13C02BB689B0003F481
:1044B000FE73134479681846FFF7E5F9FB6801229B
:1044C0001A7106E000BF04E000BF02E000BF00E098
:1044D00000BFFB7F18462437BD4690BD80B58AB02B
:1044E00000AFF860B9607A60BB68023BBB60FB68F4
:1044F000DB69023BBA689A4201D30023BB60BB6808
:10450000FB61FB69BB6100237B61FB685A6BFB6944
:104510001B0B13441946F868FFF710FD0346002BE8
:1045200002D04FF0FF3351E0FB69DB08C3F308030F
:104530003B62FB6903F00703012202FA03F387F8E9
:104540002730FA683B6A13443C331A7897F82730CF
:104550001340FB7497F827305B0087F82730FB691E
:104560000133FB61FB68DB69023BFA699A4207D3BE
:104570000023FB61002387F827304FF400733B6270
:10458000FB7C002B09D17B6901337B617A697B68F5
:104590009A4206D1BB69023318E0FB69BB61002374
:1045A0007B61FA69BB689A4201D100230EE097F85B
:1045B0002730002BC5D1012387F827303B6A013310
:1045C0003B623B6AB3F5007FBBD39EE718462837B2
:1045D000BD4680BD80B588B000AFF860B9607A6034
:1045E0003B60BB68023BBB60FB685A6BBB681B0B44
:1045F00013447B61BB68DB08C3F30803BB61BB6882
:1046000003F00703012202FA03F3FB777B695A1CCC
:104610007A611946F868FFF791FC0346002B01D038
:1046200001233DE0FA68BB6913443C331A78FB7FF1
:104630001340DBB2002B14BF01230023DBB21A4668
:104640003B68934201D102232AE0FA68BB69134414
:104650003C331A78FB7F5340D9B2FA68BB691344E4
:104660003C330A461A70FB6801221A717B68013BD1
:104670007B607B68002B01D1002311E0FB7F5B0096
:10468000FB77FB7F002BCDD10123FB77BB69013387
:10469000BB61BB69B3F5007FC4D30023BB61B5E741
:1046A00018462037BD4680BD80B586B000AF786023
:1046B0007B68DB79032B21D17B689B687B617B68FE
:1046C0009B693B6114E07B6818687B6901331A467B
:1046D0007969FFF715FE0346FB73FB7B002B01D0C6
:1046E000FB7B0CE07B6901337B613B69013B3B61F8
:1046F0003B69002BE7D17B680022DA710023184662
:104700001837BD4680BD80B586B000AFF860B9608F
:104710007A6020E0FB681868FB68DB69BA68D31A26
:10472000591CFB68DB69012B05D9FB68DB69BA689A
:10473000D31A023300E07B681A46FFF7E1FD034617
:10474000FB75FB7D002B01D0FB7D09E0FB68DB697D
:104750005A1EFB68DA61FB68DB69002BDAD10023A3
:1047600018461837BD4680BD80B58AB000AFF860E6
:10477000B9607A600023FB77FB681B68BB61BB688C
:104780007B62BB683B62BB68012B04D9BB69DB69F8
:10479000BA689A4201D30223C4E07B68002B14D08C
:1047A000BB691B78042B03D1FB68DB79022B0CD08F
:1047B0004FF0FF327968B869FFF7A2FD0346FB7737
:1047C000FB7F002B01D0FB7FACE0B968F868FFF7F6
:1047D00071FC78617B69002B55D07B69012B01D17D
:1047E00002239FE07B69B3F1FF3F01D1012399E0F0
:1047F000BB691B78042B0BD00022B968B869FFF79E
:104800007FFD0346FB77FB7F002B01D0FB7F89E018
:10481000BB699A69BB69DB69023B9A420BD2BB69EF
:104820009B695A1CBB699A61BB695B7943F00103C0
:10483000DAB2BB695A713B6A01337A699A4202D192
:104840007B693B6217E0BB691B78042B0FD13A6A86
:104850007B6AD31A5A1C0023796AB869FFF7BAFE3B
:104860000346FB77FB7F002B01D0FB7F5AE07B697F
:104870003B623B6A7B627B69BB60BB69DB69BA6890
:104880009A42A2D300E000BFBB691B78042B48D139
:104890007B68002B03D1FB680022DA7141E0FB68E2
:1048A000DB79002B29D1FB689B68BB6017E0B968F6
:1048B000F868FFF7FFFB78617B69012B01D80223C1
:1048C00030E07B69B3F1FF3F01D101232AE0BB68EF
:1048D00001337A699A4207D1BB680133BB60BA6879
:1048E0007B689A42E3D100E000BFBA687B689A42D5
:1048F00017D1FB680222DA7113E0FB68DB79032B26
:104900000FD1FB689B687A689A420AD3FB689A6861
:10491000FB689B6913447A689A4202D8FB680222BA
:10492000DA71002318462837BD4680BD80B588B0AF
:1049300000AF786039607B681B683B613B68002B87
:104940000DD13B695B69BB61BB69002B04D03B693E
:10495000DB69BA699A421BD30123BB6118E039684D
:104960007868FFF7A7FBF860FB68012B01D80123EB
:1049700013E1FB68B3F1FF3F01D1FB680DE13B6937
:10498000DB69FA689A4201D2FB6806E13B68BB61C9
:104990003B699B69002B01D10023FEE03B691B783A
:1049A000042B65D10122B9693869FFF797FDF861D9
:1049B000FB69002B03D0FB69B3F1FF3F01D1FB6919
:1049C000EBE001230122F9693869FFF703FE034692
:1049D000FB75FB7D022B01D10123DEE0FB7D012B6A
:1049E00002D14FF0FF33D8E03B68002B03D17B6846
:1049F0000222DA7111E07B68DB79022B0DD1BB69F1
:104A00000133FA699A4208D07B689B68BA69D21A66
:104A10007B689A617B680322DA717B68DB79022B01
:104A200000F098803B680133FA699A420BD17B68A9
:104A3000DB69002B03D07B68DB69013300E00223D4
:104A40007A68D36186E07B68DB69002B02D17B68E2
:104A50000122DA61FA6939687868FFF754FE034683
:104A6000FB75FB7D002B75D17B680122DA6171E05B
:104A70000023FB61BA693B689A4229D1BB690133C3
:104A8000FB613B69DB69FA699A4201D30223FB614E
:104A9000F9697868FFF70EFBF860FB68012B03D01B
:104AA000FB68B3F1FF3F01D1FB6876E0FB68002BA8
:104AB0000ED03B695B69FB60FB68012B06D93B6943
:104AC000DB69FA689A4201D2FB68BB610023FB6193
:104AD000FB69002B29D1BB69FB61FB690133FB61D9
:104AE0003B69DB69FA699A4207D30223FB61FA69E1
:104AF000BB699A4201D900234FE0F9697868FFF752
:104B0000D9FAF860FB68002B0ED0FB68012B03D0AC
:104B1000FB68B3F1FF3F01D1FB683EE0FA69BB6976
:104B20009A42DAD1002338E000BF4FF0FF32F96932
:104B30003869FFF7E5FB0346FB75FB7D002B09D1C8
:104B40003B68002B06D0FA6939683869FFF7D8FB53
:104B50000346FB75FB7D002B16D13B69FA695A6150
:104B60003B699A693B69DB69023B9A4204D83B691D
:104B70009B695A1E3B699A613B695B7943F001036B
:104B8000DAB23B695A7107E0FB7D012B02D14FF08D
:104B9000FF3300E00123FB61FB6918462037BD4667
:104BA00080BDB0B588B000AFF860C7E90023FB68EE
:104BB0001B687B61FB681B6D0433BB61D7E9002375
:104BC0004FF000004FF00001500A40EAC350590A6C
:104BD0007B695B899BB200221C46154622462B4608
:104BE000EBF7E6FB02460B461346FB61BB691A1D59
:104BF000BA611B683B613B69002B01D1002310E0C7
:104C0000FA693B699A4207D3FA693B69D31AFB6197
:104C1000BB690433BB61E9E700BFBB691A68FB6984
:104C2000134418462037BD46B0BD80B586B000AFEE
:104C3000786039607868FFF745F90346002B01D0AA
:104C4000012336E039687868FFF714FA38617B6829
:104C50003A699A637B683C334FF40072002118462E
:104C600019F0BEFE7B683C33FB600123BB60002370
:104C70007B6103E07A69BB6813447B617B685B8975
:104C80001A467B6993420BD27B6858783A697B69F4
:104C90001A44BB68F968FEF77DFC0346002BE9D097
:104CA0007B685B891A467B69934214BF012300230A
:104CB000DBB218461837BD4680BD80B586B000AF60
:104CC000786039607B681B683B613B691B78042B0B
:104CD00002D14FF0805201E04FF400123B689A423B
:104CE00004D93B6803F01F03002B01D0022366E0C8
:104CF0007B683A681A637B689B687B617B69002BE1
:104D000009D13B691B78022B05D93B69DB6A7B61C2
:104D10007B680022DA717B69002B0CD13B685B0950
:104D20003A691289934201D3022348E03B69DA6A67
:104D30007B689A6329E03B695B895B02FB6019E051
:104D40007B6879691846FFF7B5F978617B69B3F13B
:104D5000FF3F01D1012332E07B69012B04D93B697C
:104D6000DB697A699A4201D3022328E03A68FB683A
:104D7000D31A3B603A68FB689A42E1D27969386994
:104D8000FFF778F902467B689A637B687A695A6311
:104D90007B689B6B002B01D1022310E07B689A6B30
:104DA0003B685B0A1A447B689A633B6903F13C02E7
:104DB0003B68C3F308031A447B68DA630023184690
:104DC0001837BD4680BD80B586B000AF78603960C9
:104DD0007B681B683B617B681B6B2033FB603B6916
:104DE0001B78042B02D14FF0805201E04FF40012E7
:104DF000FB689A4202D87B6800229A637B689B6BAF
:104E0000002B01D104237FE0FB68C3F30803002BD0
:104E10006DD17B689B6B5A1C7B689A637B685B6B6C
:104E2000002B0AD1FB685B093A69128993425ED371
:104E30007B6800229A63042366E0FB685B0A3A6998
:104E40005289013A1340002B51D17A687B685B6B21
:104E500019461046FFF72EF978617B69012B01D8BE
:104E6000022351E07B69B3F1FF3F01D101234BE005
:104E70003B69DB697A699A422FD33B68002B04D1E6
:104E80007B6800229A6304233EE07A687B685B6B50
:104E900019461046FFF74AFD78617B69002B01D166
:104EA000072331E07B69012B01D102232CE07B69D0
:104EB000B3F1FF3F01D1012326E079693869FFF79B
:104EC000B4FE0346002B01D001231DE07B68DB7993
:104ED00043F00403DAB27B68DA717B687A695A635B
:104EE00079693869FFF7C6F802467B689A637B6880
:104EF000FA681A633B6903F13C02FB68C3F30803D9
:104F00001A447B68DA63002318461837BD4680BD13
:104F100080B586B000AF786039607B681B68FB6045
:104F200000217868FFF7C9FE0346FB75FB7D002B67
:104F300040D100233B617B689B6B1946F868FEF704
:104F4000FDFF0346FB75FB7D002B32D1FB681B7810
:104F5000042B08D17B68DB6B1B785BB2DB43DBB2D5
:104F6000DB09DBB20FE07B68DB6B1B78E52B04D041
:104F70007B68DB6B1B78002B01D1012300E0002351
:104F800003F00103DBB2002B07D03B6901333B6127
:104F90003A693B689A4202D10CE000233B6101214F
:104FA0007868FFF710FF0346FB75FB7D002BC2D02E
:104FB00000E000BFFB7D042B01D10723FB75FB7DC7
:104FC00018461837BD4680BD80B584B000AF786004
:104FD00039603B681A331846FEF723FB0346FB6033
:104FE0007B681B78032B09D13B6814331846FEF706
:104FF00018FB03461B04FA681343FB60FB68184662
:105000001037BD4680BD80B584B000AFF860B96090
:105010007A60BB681A337A6892B211461846FEF776
:1050200017FCFB681B78032B09D1BB6803F1140242
:105030007B681B0C9BB219461046FEF709FC00BFAB
:105040001037BD4680BD000090B587B000AF7860D6
:1050500039603B681A331846FEF7E3FA0346002B23
:1050600001D0002358E03B681B7803F03F035A1E31
:1050700013465B0013449B0013447B610123FB81B7
:1050800000233B6132E0264A3B6913441B781A46F1
:105090003B6813441846FEF7C4FA0346BB81FB89FC
:1050A000002B19D07B697F2B11D8BB89184605F0DE
:1050B000A3FA04467B695A1C7A615B007A68134440
:1050C0001B88184605F098FA03469C4201D000233D
:1050D00022E0BB89FB8106E0BB894FF6FF72934259
:1050E00001D0002318E03B6901333B613B690C2B85
:1050F000C9D93B681B7803F04003002B0BD0FB8918
:10510000002B08D07B695B007A6813441B88002B56
:1051100001D0002300E0012318461C37BD4690BD96
:1051200000A9070880B586B000AF786039603B6899
:105130001A331846FEF775FA0346002B01D00023F8
:1051400050E03B681B7823F040035A1E13465B0077
:1051500013449B0013447B610123FB8100233B61CB
:1051600028E0224A3B6913441B781A463B681344E3
:105170001846FEF756FA0346BB81FB89002B0FD079
:105180007B697F2B01D900232CE0BB89FB817B69E4
:105190005A1C7A615B007A681344FA891A8006E027
:1051A000BB894FF6FF72934201D000231AE03B699E
:1051B00001333B613B690C2BD3D93B681B7803F06F
:1051C0004003002B0DD0FB89002B0AD07B697F2B7D
:1051D00001D9002306E07B695B007A681344002252
:1051E0001A80012318461837BD4680BD00A907085C
:1051F00080B588B000AFF860B96011461A460B461A
:10520000FB711346BB71BB680D33BA791A70BB686A
:105210000B330F221A70BB680C3300221A70BB6864
:105220001A3300211846FEF713FBFB795A1E13466A
:105230005B0013449B001344FB610023FB820023AB
:10524000BB61FB8A4FF6FF72934207D0FB695A1C81
:10525000FA615B00FA6813441B88FB82174ABB693A
:1052600013441B781A46BB681344FA8A1146184641
:10527000FEF7EEFAFB8A002B02D14FF6FF73FB829A
:10528000BB690133BB61BB690C2BDAD9FB8A4FF6D2
:10529000FF72934206D0FB695B00FA6813441B88D7
:1052A000002B03D1FB7943F04003FB71BB68FA7913
:1052B0001A7000BF2037BD4680BD00BF00A9070897
:1052C00080B58CB000AFF860B9607A603B600B22AB
:1052D000B968F86819F02FFC3B68052B29D93B68A1
:1052E000FB6120E07B689A1C7A601B887B8400232A
:1052F000BB6215E0FB695A007B8C03F00103134489
:10530000FB617B8C5B087B84FB6903F48033002B9F
:1053100003D0FA693C4B5340FB61BB6A0133BB626B
:10532000BB6A0F2BE6D97B681B88002BDAD1FB699F
:105330003B600723BB623B68DBB203F00F03DBB2C9
:10534000303387F82F303B681B093B6097F82F30CC
:10535000392B04D997F82F30073387F82F30BB6AE1
:105360005A1EBA6230333B4497F82F2003F81C2CA6
:10537000BB6A002B02D03B68002BDCD107F1140282
:10538000BB6A13447E221A7000237B6214E0FA6821
:105390007B6A13441B781846FEF729FB0346002B53
:1053A00007D0BB6A013B7A6A9A4210D07B6A01330C
:1053B0007B627B6A01337B627A6ABB6A9A4207D25C
:1053C000FA687B6A13441B78202BE0D100E000BF11
:1053D000BB6A072B07D8BB6A5A1CBA6230333B44FE
:1053E00013F81C1C00E020217B6A5A1C7A62FA68C0
:1053F00013440A461A707B6A072BE9D900BF00BF25
:105400003037BD4680BD00BF2110010080B485B09B
:1054100000AF78600023FB730B23BB60FB7BDAB229
:105420005208DB011343DAB27B68591C79601B78A0
:105430001344FB73BB68013BBB60BB68002BEDD121
:10544000FB7B18461437BD465DF8047B704780B47B
:1054500087B000AF78607B6801331B7801335B0154
:10546000FB6000237B8200237B6115E07B69022BBC
:1054700003D17B6901337B610BE07B8A9AB25208CE
:10548000DB0313439BB279687A690A4412781344A8
:105490007B827B6901337B617A69FB689A42E5D341
:1054A0007B8A18461C37BD465DF8047B704780B583
:1054B00084B000AF78600023FB811BE0BB891846F5
:1054C00005F09AF80346BB81FB899AB25208DB03C8
:1054D00013439AB2BB89DBB29BB21344FB81FB89B5
:1054E0009AB25208DB0313439AB2BB891B0A9BB2E0
:1054F0001344FB817B689A1C7A601B88BB81BB8943
:10550000002BDBD1FB8918461037BD4680BD80B427
:1055100083B000AF03463960FB713B684FEA73020A
:10552000FB7913443B603B6818460C37BD465DF879
:10553000047B704790B587B000AF78607B681B68CC
:105540001B69FB607B681A687B689B6B1946104679
:10555000FEF7F4FC0346FB75FB7D002B01D0FB7DC1
:10556000A9E07B68DB6B1B78852B01D00223A2E0CE
:105570007B68DB6B20221946F86819F0DCFAFB68BF
:1055800001331B7801335B01BB60BB685F2B03D920
:10559000BB68B3F5187F01D902238CE0002178683D
:1055A000FFF711FC0346FB75FB7D042B01D10223A1
:1055B000FB75FB7D002B01D0FB7D7CE07B681A68CE
:1055C0007B689B6B19461046FEF7B8FC0346FB75DB
:1055D000FB7D002B01D0FB7D6DE07B68DB6B1B78D6
:1055E000C02B01D0022366E0FB6803F120007B683A
:1055F000DB6B2022194619F09EFAFB6823331B78D7
:105600002C332F4AA2FB0323DB085B01BA689A42C2
:1056100001D202234FE040233B6100217868FFF76D
:10562000D2FB0346FB75FB7D042B01D10223FB75E6
:10563000FB7D002B01D0FB7D3DE07B681A687B6819
:105640009B6B19461046FEF779FC0346FB75FB7D04
:10565000002B01D0FB7D2EE07B68DB6B1B78C12B20
:1056600001D0022327E03B69B3F5B07F08D2FA6886
:105670003B69D0187B68DB6B2022194619F05BFA76
:105680003B6920333B613A69BB689A42C5D33B69A9
:10569000B3F5B07F0ED8F868FFF7D9FE03461C4675
:1056A000FB6802331846FDF7BCFF03469C4201D05D
:1056B000022300E0002318461C37BD4690BD00BF02
:1056C0008988888880B582B000AF786039607B684F
:1056D0001B6934331846FDF7BDFF02463B689A60EC
:1056E0007B681B6938331846FDF7D7FF02460B4627
:1056F0003968C1E904237B681B6921331B7803F0F7
:105700000203DAB23B68DA713B680022DA6100BF5B
:105710000837BD4680BDB0B584B000AF7860396051
:1057200039680868796808603968086A7968886043
:105730003968496AC8B27968C8713968496A00200D
:105740000C46054624F0FF0200237968C1E90423D2
:105750007B680022DA613B689A6A7B68DA647B685E
:10576000DB6C19467868FFF7A8FA0346FB73FB7BEE
:10577000002B04D17868FFF7DDFE0346FB73FB7B4B
:1057800018461037BD46B0BD90B587B000AF786001
:105790007B681B681B69FB60FB689C1CF868FFF753
:1057A00056FE034619462046FEF752F8FB680133C1
:1057B0001B7801333B617B68DB6C19467868FFF727
:1057C0007CFA0346FB7526E07B681A687B689B6B56
:1057D00019461046FEF7B2FB0346FB75FB7D002B16
:1057E0001DD17B68DB6B2022F968184619F0A3F9FC
:1057F0007B681B6801221A713B69013B3B613B6975
:10580000002B0ED0FB682033FB6000217868FFF787
:10581000DAFA0346FB75FB7D002BD5D002E000BF12
:1058200000E000BFFB7D002B02D0FB7D012B01D1EE
:10583000FB7D00E0022318461C37BD4690BD90B5A5
:1058400085B000AF7860396040220021786819F097
:10585000C7F87B6885221A707B682033C0221A70D3
:105860004023FB600023FB72FB7ABB7201233B8168
:10587000FB685A1CFA607A681344C1221A70FB68EC
:105880005A1CFA607A68134400221A703B89002B74
:105890000BD0BB7A5B003A6813441B883B813B8981
:1058A000002B02D0BB7A0133BB727A68FB681344C9
:1058B0003A8911461846FDF7CBFFFB680233FB60BF
:1058C000FB6803F01F03002BE0D1FB7A0133FB726E
:1058D000BB7A5B003A6813441B88002BC8D17B68F5
:1058E0002333BA7A1A707B680133FA7A0132D2B262
:1058F0001A707B6803F124043868FFF7D8FD03466B
:1059000019462046FDF7A4FF00BF1437BD4690BDE1
:1059100080B586B000AF786039600423FB757B6882
:105920001B683B61FF237B75FF233B75A6E07B680B
:105930009B6B19463869FEF701FB0346FB75FB7D3F
:10594000002B40F0A1807B68DB6B1B78BB75BB7DB7
:10595000002B02D10423FB759DE03B691B78042BCF
:105960001FD13B68002B03D0BB7D832B7DD192E000
:10597000BB7D852B79D17B681A6B7B68DA6478688C
:10598000FFF7D8FD0346FB75FB7D002B7ED13B69FD
:105990001B6904331B7803F03F03DAB27B689A710A
:1059A00074E07B68DB6B0B331B7803F03F03FB7306
:1059B0007B68FA7B9A71BB7DE52B0ED0BB7D2E2BCD
:1059C0000BD0FB7B23F02003082B0CBF012300230B
:1059D000DBB21A463B68934202D0FF237B7544E05A
:1059E000FB7B0F2B2FD1BB7D03F04003002B0DD091
:1059F0007B68DB6B5B7B3B75BB7D23F04003BB753A
:105A0000BB7D7B757B681A6B7B68DA64BA7D7B7DB6
:105A10009A4215D17B68DB6B0D331B783A7D9A4235
:105A20000ED13B69DA687B68DB6B19461046FFF7DD
:105A300079FB0346002B03D07B7D013BDBB200E00A
:105A4000FF237B7511E07B7D002B09D17B68DB6B2D
:105A50001846FFF7DBFC03461A463B7D934217D0FE
:105A60007B684FF0FF32DA6412E000217868FFF7BC
:105A7000AAF90346FB75FB7D002B0BD17B689B6B62
:105A8000002B7FF454AF06E000BF04E000BF02E04B
:105A900000BF00E000BFFB7D002B02D07B6800222E
:105AA0009A63FB7D18461837BD4680BD90B589B016
:105AB00000AF78607B681B68FB6000217868FFF7A7
:105AC000FCF80346FB77FB7F002B01D0FB7F1BE13B
:105AD000FB681B78042B6DD1FB68DB681846FFF769
:105AE000E6FC03463B8158E0FB681B6923331B78C7
:105AF0005BB2002B4EDBFB681B6924331846FDF7B5
:105B000090FD03461A463B89934245D1FB681B69C9
:105B100093F82330FB7640237B6100233B6128E030
:105B20007B6903F01F03002B02D17B6902337B6189
:105B3000FB681A697B6913441846FDF772FD03463A
:105B4000184604F059FD0446FB68DA683B695B00BF
:105B500013441B88184604F04FFD03469C420CD1A9
:105B6000FB7E013BFB767B6902337B613B69013342
:105B70003B61FB7E002BD3D100E000BFFB7E002BFE
:105B80000BD1FB68DA683B695B0013441B88002B70
:105B90000DD002E000BF00E000BF00217868FFF7F1
:105BA000B7FE0346FB77FB7F002B9DD000E000BFD4
:105BB000FB7FA9E0FF233B773B7F7B777B684FF040
:105BC000FF32DA647B689B6B1946F868FEF7B6F91A
:105BD0000346FB77FB7F002B40F090807B68DB6BFC
:105BE0001B78BB77BB7F002B02D10423FB778AE0B5
:105BF0007B68DB6B0B331B7803F03F03FB727B6826
:105C0000FA7A9A71BB7FE52B07D0FB7A03F0080381
:105C1000002B09D0FB7A0F2B06D0FF237B777B6804
:105C20004FF0FF32DA645EE0FB7A0F2B36D17B68EF
:105C300093F84B3003F04003002B54D1BB7F03F0AB
:105C40004003002B0DD07B68DB6B5B7B3B77BB7F1E
:105C500023F04003BB77BB7F7B777B681A6B7B6845
:105C6000DA64BA7F7B7F9A4215D17B68DB6B0D3398
:105C70001B783A7F9A420ED1FB68DA687B68DB6B4F
:105C800019461046FFF7E0F90346002B03D07B7F4F
:105C9000013BDBB200E0FF237B7724E07B7F002B1E
:105CA00009D17B68DB6B1846FFF7B0FB03461A4649
:105CB0003B7F934224D07B6893F84B3003F0010381
:105CC000002B0AD17B68D86B7B6840330B221946C6
:105CD00018F05CFE0346002B14D0FF237B777B6813
:105CE0004FF0FF32DA6400217868FFF76CF8034662
:105CF000FB77FB7F002B3FF465AF04E000BF02E0C1
:105D000000BF00E000BFFB7F18462437BD4690BDB2
:105D10002DE9B043A0B000AF78607B681B68FB66DC
:105D20007B6893F84B3003F0A003002B01D00623CF
:105D300094E100237B6702E07B6F01337B67FB6E9E
:105D4000DA687B6F5B0013441B88002BF4D1FB6E79
:105D50001B78042B40F0A6807B6F0E33A54AA2FB74
:105D60000323DB0802333B67396F7868FFF7D0F80D
:105D7000034687F87F3097F87F30002B02D097F8E2
:105D80007F306BE17B681A6B3B6F013B5B01D21A82
:105D90007B68DA647B68DB7903F00403002B77D03F
:105DA0007B68DB7923F00403DAB27B68DA717B6805
:105DB0001846FEF779FC034687F87F3097F87F3066
:105DC000002B02D097F87F3048E178687B685B6BE6
:105DD0004FF0FF321946FEF796FC034687F87F30F6
:105DE00097F87F30002B02D097F87F3036E17B6840
:105DF0009B68002B4CD07A6807F1080311461846BF
:105E0000FFF789FC034687F87F3097F87F30002B37
:105E100002D097F87F3021E17B68D3E90423F96E43
:105E20004989490200200C46054612EB040843EB61
:105E300005097B68C3E90489FB6E1B6903F138011E
:105E40007B68D3E904230846FDF749FDFB6E1B6917
:105E500003F128017B68D3E904230846FDF73FFDE1
:105E60007B68DA79FB6E1B69213342F00102D2B202
:105E70001A7007F108031846FFF786FC034687F8F7
:105E80007F3097F87F30002B02D097F87F30E5E025
:105E9000FB6E1A69FB6EDB6819461046FFF7CFFCF4
:105EA0000023DBE07B6803F1400207F15C0310682C
:105EB0005168926807C397F8673003F00103002B1D
:105EC00033D07B68402283F84B200123BB6716E068
:105ED0007B6803F14000FB6EDA6807F15C01BB6F81
:105EE000FFF7EEF97868FFF7E1FD034687F87F30AA
:105EF00097F87F30002B06D1BB6F0133BB67BB6FB8
:105F0000632BE5D900E000BFBB6F642B01D10723F1
:105F1000A4E097F87F30042B02D097F87F309DE003
:105F200097F867207B6883F84B2097F8673003F079
:105F30000203002B07D07B6F0C332F4AA2FB0323F5
:105F40009B08013300E001233B67396F7868FEF757
:105F5000DFFF034687F87F3097F87F30002B4ED164
:105F60003B6F013B3B673B6F002B48D07B681A6B54
:105F70003B6F5B01D31A19467868FEF79EFE034615
:105F800087F87F3097F87F30002B38D17B6840331B
:105F90001846FFF73BFA034687F86B307B689B6B2C
:105FA0001946F86EFDF7CAFF034687F87F3097F869
:105FB0007F30002B22D1FB6ED8687B68D96B3B6F9A
:105FC000DAB297F86B30FFF713F9FB6E01221A7102
:105FD00000217868FEF7F7FE034687F87F3097F8D0
:105FE0007F30002B0BD13B6F013B3B673B6F002B9E
:105FF000D4D104E0898888884FECC44E00BF97F85C
:106000007F30002B28D17B689B6B1946F86EFDF71B
:1060100095FF034687F87F3097F87F30002B1BD120
:106020007B68DB6B20220021184618F0D9FC7B68C6
:10603000D86B7B6840330B22194618F07CFD7B68D7
:1060400093F84B207B68DB6B0C3302F01802D2B262
:106050001A70FB6E01221A7197F87F30184680374C
:10606000BD46BDE8B08300BFB0B58AB000AF786070
:1060700039607B681B683B613B6800229A767B68CD
:106080009B6B002B00F0B6813B691B78042B40F022
:10609000A68000237B6140237B6200233B620023B8
:1060A0007B8348E07B6AB3F5B07F02D300233B6279
:1060B00049E07B6A03F01F03002B02D17B6A0233A5
:1060C0007B623B691A697B6A13441846FDF7A9FA9B
:1060D0000346BB837B6A02337B627B6901337B614E
:1060E0007B8B002B0AD1BB8BB3F5584F06D3BB8BF0
:1060F000B3F5604F02D2BB8B7B831CE07B8B1A0411
:10610000BB8B42EA03003B6A18333A681344991C7C
:106110003B6AC3F17F031A46FDF7D0FCF860FB68C9
:10612000002B02D100233B620DE03A6AFB68134466
:106130003B6200237B833B691B6923331B781A4630
:106140007B699342AED37B8B002B01D000233B6253
:106150003B6A002B06D13B6A5A1C3A623A681344E8
:106160003F229A763A683B6A13441A3300221A7027
:106170003B6800225A733B691B6904331B7803F0A8
:106180003703DAB23B681A733B681B7B03F01003DA
:10619000002B08D13B691B6938331846FDF77DFA9F
:1061A00002460B4603E04FF000024FF0000339684F
:1061B000C1E900233B691B690C331846FDF731FA2E
:1061C00003461A463B685A813B691B690E331846E1
:1061D000FDF727FA03461A463B681A810BE17B68F4
:1061E000DB6CB3F1FF3F4DD000233B623B6A7B6227
:1061F00000237B8333E03B69DA687B6A591C796250
:106200005B0013441B88BB837B8B002B0AD1BB8BA9
:10621000B3F5584F06D3BB8BB3F5604F02D2BB8B9F
:106220007B831CE07B8B1A04BB8B42EA03003B6A36
:1062300018333A681344991C3B6AC3F17F031A462A
:10624000FDF73CFCF860FB68002B02D100233B62A9
:106250000DE03A6AFB6813443B6200237B833B6991
:10626000DA687B6A5B0013441B88002BC3D17B8BED
:10627000002B01D000233B623A683B6A13441A3377
:1062800000221A7000233B623B6A7B6227E07B6836
:10629000DA6B7B6A591C796213441B78BB83BB8B16
:1062A000202B1BD0BB8B052B01D1E523BB837B6A45
:1062B000092B09D13B6A0B2B06D83B6A5A1C3A6260
:1062C0003A6813442E225A733B6A5A1C3A62BA8BBC
:1062D000D1B23A6813440A465A7300E000BF7B6AA1
:1062E0000A2BD4D93A683B6A13440D3300221A7042
:1062F0003B689B7E002B52D13B6A002B07D13B6A47
:106300005A1C3A623A6813443F229A7638E00023D6
:106310003B623B6A7B620823FB772AE03A687B6A30
:1063200013440D331B78BB83BB8B2E2B01D1102361
:10633000FB77BB8B402B0ED9BB8B5A2B0BD87B68C2
:10634000DB6B0C331A78FB7F1340DBB2002B02D0DF
:10635000BB8B2033BB83BB8BD9B23A683B6A1344F7
:106360001A330A461A707B6A01337B623B6A013337
:106370003B623A687B6A13440D331B78002BCDD106
:106380003A683B6A13441A3300221A707B68DB6B4D
:106390000C331B78002B02D13B6800225A737B68B8
:1063A000DB6B0B331B7803F03F03DAB23B681A73E5
:1063B0007B68DB6B1C331846FDF74CF90346002263
:1063C0001C4615463B68C3E900457B68DB6B16330A
:1063D0001846FDF726F903461A463B685A817B6842
:1063E000DB6B18331846FDF71CF903461A463B6869
:1063F0001A8100E000BF2837BD46B0BD80B58AB025
:1064000000AF786039603B681B68BB607B681B68C5
:10641000DB683B6100237B6107F108031846FDF749
:1064200008FBF860FB68B3F1FF3F01D10623BFE131
:10643000FB68B3F5803F09D3FB68190C7B695A1CD4
:106440007A615B003A6913448AB21A80FB68BB84A4
:10645000BB8C1F2B20D9BB8C2F2B1DD0BB8C5C2B56
:106460001AD0BB8C7F2B09D8BB8C1946954818F0E5
:10647000CEFA0346002B01D0062399E17B697E2BDF
:1064800001D9062394E17B695A1C7A615B003A6961
:106490001344BA8C1A80BFE7BB8C1F2B06D8042389
:1064A00087F8263014E0BB680133BB60BB681B78FB
:1064B0002F2BF8D0BB681B785C2BF4D0002387F817
:1064C0002630BB681B781F2B02D8042387F82630A0
:1064D000BA683B681A6011E07A696FF000431344B0
:1064E0005B003A6913441B88BB84BB8C202B02D011
:1064F000BB8C2E2B06D17B69013B7B617B69002B1A
:10650000EAD100E000BF7B695B003A6913440022D6
:106510001A807B69002B01D1062349E10023BB616E
:1065200002E0BB690133BB61BB695B003A6913449C
:106530001B88202BF5D0BB69002B06D1BB695B0003
:106540003A6913441B882E2B09D197F8263043F063
:10655000030387F8263002E07B69013B7B617B699E
:10656000002B09D07A696FF0004313445B003A694D
:1065700013441B882E2BEFD17B6840330B22202144
:10658000184618F02DFA002387F8273000233B62C5
:106590000823FB61BB695A1CBA615B003A6913446A
:1065A0001B88BB84BB8C002B00F0B880BB8C202BDD
:1065B00006D0BB8C2E2B0AD1BA697B699A4206D0D1
:1065C00097F8263043F0030387F82630A5E03A6AAF
:1065D000FB699A4203D2BA697B699A4224D1FB696A
:1065E0000B2B06D197F8263043F0030387F82630AB
:1065F00097E0BA697B699A4205D097F8263043F054
:10660000030387F82630BA697B699A4200F28880D2
:106610007B69BB6108233B620B23FB6197F8273042
:106620009B0087F8273078E0BB8C7F2B18D997F830
:10663000263043F0020387F82630BB8C40F2B511B8
:10664000184603F071FF0346BB84BB8C03F0800344
:10665000002B05D0BB8C03F07F031B4AD35CBB84AB
:10666000BB8CFF2B1AD9FB69013B3A6A9A4208D3CB
:1066700097F8263043F0030387F82630FB693B6226
:106680004BE0BB8C1B0A99B23B6A5A1C3A62C9B2F6
:106690007A6813440A4683F8402034E0BB8C002B10
:1066A00007D0BB8C1946094818F0B1F90346002BF6
:1066B0000ED05F23BB8497F8263043F0030387F89E
:1066C000263020E07089070810A907087C89070890
:1066D000BB8C402B08D9BB8C5A2B05D897F8273098
:1066E00043F0020387F82730BB8C602B0BD9BB8C9F
:1066F0007A2B08D897F8273043F0010387F8273022
:10670000BB8C203BBB843B6A5A1C3A62BA8CD1B228
:106710007A6813440A4683F840203BE700BF00E054
:1067200000BF7B6893F84030E52B03D17B680522DE
:1067300083F84020FB69082B04D197F827309B0091
:1067400087F8273097F8273003F00C030C2B05D07F
:1067500097F8273003F00303032B05D197F8263071
:1067600043F0020387F8263097F8263003F002033F
:10677000002B17D197F8273003F00103002B05D029
:1067800097F8263043F0100387F8263097F8273023
:1067900003F00403002B05D097F8263043F00803DC
:1067A00087F826307B6897F8262083F84B20002353
:1067B00018462837BD4680BD80B586B000AF7860EA
:1067C00039607B681B683B6102E03B6801333B60DA
:1067D0003B681B782F2BF8D03B681B785C2BF4D0E0
:1067E0007B6800229A607B680022DA613B681B7834
:1067F0001F2B0AD87B68802283F84B200021786801
:10680000FEF75BFA0346FB7560E03B461946786885
:10681000FFF7F4FD0346FB75FB7D002B51D1786833
:10682000FFF744F90346FB757B6893F84B30FB7325
:10683000FB7D002B0AD0FB7D042B44D1FB7B03F0B6
:106840000403002B3FD10523FB753CE0FB7B03F0E9
:106850000403002B39D17B689B7903F01003002BD4
:1068600002D10523FB7531E03B691B78042B18D15D
:106870007B689A687B681A627B68D3E904231346B5
:1068800023F0FF037A68D2791A437B685A627B68E7
:10689000DA6C7B689A627B6819463869FEF712FFEA
:1068A000B3E73B6903F13C027B681B6BC3F308034E
:1068B000134419463869FEF787FB02467B689A60E5
:1068C000A3E700BF02E000BF00E000BFFB7D184669
:1068D0001837BD4680BD80B489B000AF78604FF0F6
:1068E000FF337B617B681B683B613B69FB613B69F4
:1068F000002B01D17B692DE0FB695A1CFA611B78E2
:10690000FB73FB7B1F2B02D9FB7B3A2BF4D1FB7B68
:106910003A2B1CD10123BB613B691B782F2B0CD96F
:106920003B691B78392B08D83B690233FA699A42D4
:1069300003D13B691B78303BBB61BB69002B04DC96
:10694000BB697B617B68FA691A607B6902E000239E
:106950007B617B6918462437BD465DF8047B704730
:1069600080B584B000AF786039607B6800221A710E
:106970007B684FF0FF329A6339687868FDF7DEFA7A
:106980000346002B01D0042399E07B683C3303F5D8
:10699000FF731846FCF745FE0346FB81FB894AF668
:1069A000552293420BD17B683C330B224649184653
:1069B00017F0ECFF0346002B01D101237FE07B6839
:1069C00093F83C307B737B7BEB2B05D07B7BE92BF7
:1069D00002D07B7BE82B6AD1FB894AF65522934291
:1069E0000CD17B683C33523308223849184617F0E3
:1069F000CDFF0346002B01D1002360E07B683C33D0
:106A00000B331846FCF70DFE03467B817B6893F839
:106A100049307B737A897B89013B1340002B46D137
:106A20007B89B3F5007F42D37B89B3F5007F3ED8E5
:106A30007B7B002B3BD07A7B7B7B013B1340002B85
:106A400035D17B683C330E331846FCF7EAFD03462C
:106A5000002B2CD07B6893F84C30013B012B26D8BF
:106A60007B683C3311331846FCF7DBFD0346002BF3
:106A70001DD07B683C3313331846FCF7D2FD034628
:106A80007F2B09D87B683C3320331846FCF7E2FDA6
:106A90000346B3F5803F0AD37B683C331633184670
:106AA000FCF7BFFD0346002B01D0002307E0FB8964
:106AB0004AF65522934201D1022300E003231846EF
:106AC0001037BD4680BD00BF84890708908907083C
:106AD00080B588B000AF7860396000217868FFF732
:106AE0003FFFB861BB69022B07D0BB69022B02D8FC
:106AF0003B68002B01D1BB6945E00023FB6114E03A
:106B00007B6803F13C02FB691B0103F5E37313444B
:106B10001846FCF79FFD0246FB699B0020333B446F
:106B200043F8182CFB690133FB61FB69032BE7D9A0
:106B30003B68002B02D03B68013B00E00023FB6177
:106B4000FB699B0020333B4453F8183C002B0BD0CF
:106B5000FB699B0020333B4453F8183C1946786886
:106B6000FFF7FEFE034600E00323BB613B68002BFA
:106B700008D1BB69012B05D9FB690133FB61FB69B6
:106B8000032BDDD9BB6918462037BD4680BD000008
:106B90002DE9B04F9AB000AFF861B9611346FB75AB
:106BA000BB6900221A60F869FFF795FEB864BB6CF8
:106BB000002B01DA0B231AE3A04ABB6C52F82330F6
:106BC0007B647B6C002B01D10C2310E30121786CDA
:106BD000FCF7ACFF0346002B01D10F2307E3BB6991
:106BE0007A6C1A60FB7D23F00103FB757B6C1B78CC
:106BF000002B1AD07B6C5B781846FCF767FC0346C9
:106C000087F8433097F8433003F00103002B0CD191
:106C1000FB7D002B07D097F8433003F00403002BD3
:106C200001D00A23E3E20023E1E27B6C00221A7028
:106C30007B6C5B781846FCF764FC034687F84330AE
:106C400097F8433003F00103002B01D00323CEE279
:106C5000FB7D002B07D097F8433003F00403002B93
:106C600001D00A23C3E20021786CFFF731FFB86539
:106C7000BB6D042B01D10123B9E2BB6D012B01D9FE
:106C80000D23B4E27B6C9B6BFB63BB6D012B40F06F
:106C90003D810B23FB6402E0FB6C0133FB64FB6C66
:106CA0003F2B06D87A6CFB6C13443C331B78002BCB
:106CB000F2D0FB6C3F2B01D80D2398E27B6C3C3368
:106CC00068331846FCF7ADFC0346B3F5807F01D06E
:106CD0000D238CE27B6C93F8A830092B01D00D2397
:106CE00085E27B6C3C3348331846FCF7D6FC024601
:106CF0000B46F96B0020B960F860B968511839602B
:106D0000F96843EB01017960D7E90023C7E90A2359
:106D1000D7E90A23012B01D30D2368E27B6C3C33B6
:106D200054331846FCF796FC02467B6C1A627B6C67
:106D300093F8AA207B6CDA707B6CDB78012B01D096
:106D40000D2354E27B6C93F8A9301A46012393403B
:106D50009AB27B6C5A817B6C5B89002B01D10D232D
:106D600045E27B6C3C335C331846FCF773FC3863BC
:106D70003B6B334A934201D90D2338E23B6B9A1C9B
:106D80007B6CDA617B6CFA6B5A627B6C3C335833F8
:106D90001846FCF75FFC0246FB6B1A447B6C1A63D7
:106DA0007B6C3C3350331846FCF754FC0246FB6BBB
:106DB0001A447B6C9A627B6C1B6B00229A4693464A
:106DC0007B6C5B891A463B6B02FB03F300229846FF
:106DD00091461AEB08044BEB0905D7E90A23A242B6
:106DE000AB4101D20D2302E27B6C3C336033184689
:106DF000FCF730FC02467B6CDA620023FB64FB6C20
:106E00007B65FB6C002B20D17B6C5B891A467B6D0C
:106E1000934201D30D23EAE17B6CDB6A1946786C5F
:106E2000FDF728F902467B6D13441946786CFDF78F
:106E300085F80346002B05D00123D8E128AB0124B7
:106E4000FDFFFF7F7B6D01337B657A6CFB6C134428
:106E50003C331B78812B05D0FB6C2033C3F3080334
:106E6000FB64CEE700BF7B6C03F13C02FB6C143388
:106E700013441846FCF7EEFB38653B6D012B04D933
:106E80007B6CDB693A6D9A4201D30D23AFE17B6CD9
:106E90001A6B7B6C5B8919463B6D023B01FB03F36C
:106EA0001A447B6C5A637B6C9A6A3B6DDB09134412
:106EB0001946786CFDF742F80346002B01D00123F8
:106EC00095E17B6C03F13C023B6D03F07F039B007B
:106ED00013441846FCF7BEFB78627B6AB3F1FF3FB0
:106EE00008D03B6D01333B653A6D7B6A9A42DAD03C
:106EF0000D237CE100BF7B6C4FF0FF329A617B6C0D
:106F00009A697B6C5A610423BB655EE17B6C3C3300
:106F10000B331846FCF785FB0346B3F5007F01D021
:106F20000D2364E17B6C3C3316331846FCF779FB88
:106F300003463B663B6E002B06D17B6C3C3324330F
:106F40001846FCF787FB38667B6C3A6E1A627B6CDE
:106F500093F84C207B6CDA707B6CDB78012B05D0CE
:106F60007B6CDB78022B01D00D2340E17B6CDB785E
:106F70001A463B6E02FB03F33B667B6C93F8493089
:106F80001A467B6C5A817B6C5B89002B08D07B6C2A
:106F90005B891A467B6C5B89013B1340002B01D057
:106FA0000D2324E17B6C3C3311331846FCF739FB8D
:106FB00003461A467B6C1A817B6C1B8903F00F0316
:106FC0009BB2002B01D00D2311E17B6C3C331333BA
:106FD0001846FCF726FB03467B667B6E002B06D12A
:106FE0007B6C3C3320331846FCF734FB78667B6CB3
:106FF0003C330E331846FCF714FB03467B877B8F2C
:10700000002B01D10D23F2E07A8F3B6E13447A6C92
:107010001289120992B213447B637A6E7B6B9A4297
:1070200001D20D23E3E07A6E7B6BD31A7A6C52891E
:10703000B3FBF2F33B633B6B002B01D10D23D6E096
:107040000023BB653B6B6C4A934201D80323BB65AD
:107050003B6B4FF6F572934201D80223BB653B6B45
:1070600040F6F572934201D80123BB65BB6D002B3E
:1070700001D10D23BBE03B6B9A1C7B6CDA617B6C0E
:10708000FA6B5A627A8FFB6B1A447B6C9A62FA6BCA
:107090007B6B1A447B6C1A63BB6D032B1ED17B6C1C
:1070A0003C332A331846FCF7BCFA0346002B01D0C8
:1070B0000D239CE07B6C1B89002B01D00D2396E0F7
:1070C0007B6C3C332C331846FCF7C4FA02467B6CCD
:1070D000DA627B6CDB699B00FB651EE07B6C1B89C5
:1070E000002B01D10D2382E07B6C9A6A3B6E1A441F
:1070F0007B6CDA62BB6D022B03D17B6CDB695B00BE
:107100000AE07B6CDA6913465B0013445A087B6C17
:10711000DB6903F001031344FB657B6C1A6AFB6DAA
:1071200003F2FF135B0A9A4201D20D235FE07B6CEE
:107130004FF0FF329A617B6C9A697B6C5A617B6C71
:1071400080225A71BB6D032B3FD17B6C3C333033B3
:107150001846FCF766FA0346012B36D1FB6B013368
:107160001946786CFCF7EAFE0346002B2DD17B6CA8
:1071700000225A717B6C3C3303F5FF731846FCF711
:1071800050FA03461A464AF655239A421DD17B6CA3
:107190003C331846FCF75EFA0346184A934214D172
:1071A0007B6C3C3303F5F2731846FCF753FA034645
:1071B000134A934209D17B6C3C3303F5F6731846AE
:1071C000FCF748FA02467B6C5A61BB6DDAB27B6C05
:1071D0001A700C4B1B8801339AB20A4B1A80094B68
:1071E0001A887B6CDA80786CFCF748FE002318461E
:1071F0006837BD46BDE8B08FF5FFFF0F52526141C1
:10720000727241612CAB012480B584B000AF78600C
:1072100039600923FB737B68002B2FD07B681B68C8
:10722000002B2BD07B681B681B78002B26D07B683B
:107230009A887B681B68DB889A421FD17B681B6831
:1072400000211846FCF772FC0346002B14D07B6823
:107250001B685B781846FCF739F9034603F0010315
:10726000002B02D10023FB7308E07B681B68002120
:107270001846FCF789FC01E00F23FB73FB7B002B16
:1072800002D17B681B6800E000233A681360FB7B37
:1072900018461037BD4680BD80B588B000AFF86095
:1072A000B9601346FB71BB683B6107F110031846D8
:1072B000FFF711FBF861FB69002B01DA0B2359E0A2
:1072C0002E4AFB6952F82330BB61BB69002B0DD0FD
:1072D0002A4AFB69002142F82310B869FCF7CEFD69
:1072E000F86903F037FABB6900221A70FB68002BBB
:1072F0002AD0FB68FA69D2B25A70FB68FA69D2B236
:107300009A70F86903F00AFA0346002B01D10223B0
:1073100030E01B4B1B78DBB2002B0DD1012003F0BA
:10732000FDF90346002B04D1F86903F013FA022398
:1073300020E0134B01221A70FB6800221A70FA68D1
:107340000E49FB6941F82320FB79002B01D1002372
:1073500010E007F10C0107F1080300221846FFF7BF
:1073600017FC0346FB75FB68FA7D11461846FCF7CF
:107370000BFCFB7D18462037BD4680BD28AB0124A1
:1073800070AB01242DE9F04FADF53F7D00AF07F55F
:107390003E73A3F53773186007F53E73A3F5387392
:1073A000196007F53E73A3F2E1231A7007F53E73E7
:1073B000A3F537731B68002B01D1092378E307F588
:1073C0003E73A3F2E12307F53E72A2F2E1221278A6
:1073D00002F03F021A7007F53E73A3F2E1231A7818
:1073E00007F5217107F118031846FFF7D1FB034693
:1073F00087F8F73297F8F732002B40F04483D7F83C
:107400008432C7F88832D7F8843207F5C272DA605E
:10741000D7F8843207F124021A6107F53E73A3F509
:1074200038731A6807F5227311461846FFF7C4F936
:10743000034687F8F73297F8F732002B1CD197F8FC
:10744000D3325BB2002B03DA062387F8F73213E05E
:1074500007F53E73A3F2E1231B78012B8CBF0123B8
:107460000023DBB21A4607F5227311461846FCF7D3
:10747000BDFB034687F8F73207F53E73A3F2E1231D
:107480001B7803F01C03002B00F01D8197F8F732E6
:10749000002B1FD097F8F732042B0ED1FCF702FC1B
:1074A0000346002B06D007F522731846FEF730FC82
:1074B000034600E0122387F8F73207F53E73A3F284
:1074C000E12307F53E72A2F2E122127842F00802AF
:1074D0001A7015E097F88E3203F01103002B03D0D9
:1074E000072387F8F7320BE007F53E73A3F2E12399
:1074F0001B7803F00403002B02D0082387F8F7322F
:1075000097F8F732002B40F0FE8007F53E73A3F2A8
:10751000E1231B7803F00803002B00F0F480D7F878
:1075200084321B78042B6FD1D7F8842207F53E7381
:10753000A3F537731B681A60D7F8842207F53E73EA
:10754000A3F537731B6819461046FEF7BBF8D7F84A
:1075500084321B6902331E220021184617F040FABC
:10756000D7F884321B6926331A220021184617F0F7
:1075700037FAD7F884321B69043320221A70D7F8FF
:1075800084321B6903F10804FCF743F803461946EB
:107590002046FCF778F9D7F884321B6921330122A1
:1075A0001A7007F522731846FEF7EEF8034687F8BF
:1075B000F73297F8F732002B40F0A58007F53E73BD
:1075C000A3F537731B689B68002B00F09C8007F5C0
:1075D0003E73A3F53773186807F53E73A3F5377349
:1075E0001B689B6800221946FDF7BEF8034687F822
:1075F000F73207F53E73A3F537731B689A68D7F81F
:107600008432013A5A617EE0FCF703F8C7F8E402DD
:10761000D7F8C4320E33D7F8E4121846FCF733F922
:10762000D7F8C4321633D7F8E4121846FCF72BF912
:10763000D7F88432D7F8C42211461846FDF7C4FCA7
:10764000C7F8E002D7F8C4320B3320221A70D7F8FB
:107650008432D7F8C41200221846FDF7D4FCD7F8BC
:10766000C4321C3300211846FCF70DF9D7F88432D8
:1076700001221A71D7F8E032002B44D0D7F88432B7
:107680009B6BC7F8DC3207F522730022D7F8E012B3
:107690001846FDF769F8034687F8F73297F8F7328E
:1076A000002B30D1D7F88432D7F8DC121846FCF71B
:1076B00045FC034687F8F732D7F88432D7F8E02242
:1076C000013A5A611FE097F8F732002B1BD197F867
:1076D0008E3203F01003002B03D0042387F8F73217
:1076E00011E007F53E73A3F2E1231B7803F00203D8
:1076F000002B08D097F88E3203F00103002B02D044
:10770000072387F8F73297F8F732002B48D107F5AF
:107710003E73A3F2E1231B7803F00803002B0BD088
:1077200007F53E73A3F2E12307F53E72A2F2E122D0
:10773000127842F040021A70D7F884329A6B07F53B
:107740003E73A3F537731B689A64D7F8C42207F514
:107750003E73A3F537731B68DA6407F53E73A3F233
:10776000E1231B78012B8CBF01230023DBB21A46D7
:1077700007F5227311461846FCF7B6FA024607F5DC
:107780003E73A3F537731B68DA6207F53E73A3F502
:1077900037731B68DB6A002B02D1022387F8F732AC
:1077A00097F8F732002B40F06E81D7F884321B78BF
:1077B000042B29D1D7F8902207F53E73A3F5377330
:1077C0001B681A62D7E9A623134623F0FF0397F834
:1077D0008F221A4307F53E73A3F537731B685A626D
:1077E000D7F8D42207F53E73A3F537731B689A6266
:1077F000D7F8842207F53E73A3F537731B68194643
:107800001046FDF75FFF21E0D7F88432D7F8C42295
:1078100011461846FDF7D8FB024607F53E73A3F55F
:1078200037731B689A60D7F8C4321C331846FBF7CD
:1078300011FF03460022BB60FA6007F53E73A3F513
:1078400037731B68D7E90212C3E9041207F53E73C8
:10785000A3F537731B6800221A65D7F8842207F551
:107860003E73A3F537731B681A60D7F88432DA8841
:1078700007F53E73A3F537731B689A8007F53E73CF
:10788000A3F537731B6807F53E72A2F2E122127866
:1078900083F8302007F53E73A3F537731B68002289
:1078A00083F8312007F53E73A3F537731B68002278
:1078B0005A6407F53E73A3F5377319684FF0000259
:1078C0004FF00003C1E90E2307F53E73A3F53773AC
:1078D0001B6854334FF400720021184617F080F8EB
:1078E00007F53E73A3F2E1231B7803F02003002B7E
:1078F00000F0C98007F53E73A3F537731B68D3E921
:107900000423134300F0BF8007F53E73A3F53773DC
:107910001B68D3E9042307F53E71A1F537710968A7
:10792000C1E90E23D7F884325B895B02C7F8D832ED
:1079300007F53E73A3F537731B689B68C7F8F032F1
:1079400007F53E73A3F537731B68D3E90423C7E932
:10795000BA232AE007F53E73A3F537731B68D7F8FF
:10796000F0121846FCF7A6FBC7F8F002D7F8F03281
:10797000012B02D8022387F8F732D7F8F032B3F19F
:10798000FF3F02D1012387F8F732D7F8D83200221F
:107990001D461646D7E9BA23511B396063EB06032F
:1079A0007B60D7E90034C7E9BA3497F8F732002B87
:1079B0000AD1D7F8D83200229A469346D7E9BA239B
:1079C00092457BEB0303C5D307F53E73A3F53773ED
:1079D0001B68D7F8F0221A6497F8F732002B45D1CC
:1079E000D7E9BA23C2F308084FF0000958EA09039F
:1079F0003CD0D7F88432D7F8F0121846FCF73AFB9F
:107A0000C7F8DC02D7F8DC32002B03D1022387F859
:107A1000F7322BE0D7E9BA014FF000024FF0000334
:107A2000420A42EAC1524B0AD7F8DC321A4407F53F
:107A30003E73A3F537731B685A64D7F884325878BD
:107A400007F53E73A3F537731B6803F1540107F57F
:107A50003E73A3F537731B685A6C0123FBF77AFD5D
:107A60000346002B02D0012387F8F73297F8F7324C
:107A7000002B08D007F53E73A3F537731B68DB6A4C
:107A80001846FCF7BFF997F8F732002B06D007F538
:107A90003E73A3F537731B6800221A60D7F884324F
:107AA00097F8F72211461846FCF76EF897F8F73268
:107AB000184607F53F77BD46BDE8F08F2DE9F04F3A
:107AC00095B000AFF861B9617A613B61BB69FB6356
:107AD0003B6900221A60FB6907F12402114618462F
:107AE000FFF792FB034687F84F3097F84F30002B93
:107AF00008D1FB6993F8313087F84F3097F84F3051
:107B0000002B09D07B6A97F84F2011461846FCF7E6
:107B10003BF897F84F3073E1FB6993F8303003F08E
:107B20000103002B06D17B6A07211846FCF72CF8CD
:107B3000072365E1FB69D3E90401FB69D3E90E235F
:107B4000861A3E6061EB03037B60D7E90023C7E937
:107B50000C237B6900229A469346D7E90C235245B1
:107B600073EB0B0380F042813B6B7B613EE1FB6971
:107B7000D3E90E23C2F30804002554EA050340F0BC
:107B8000F780FB69D3E90E014FF000024FF00003CC
:107B9000420A42EAC1524B0A7B6A5B89013B1340AD
:107BA000FB62FB6A002B3CD1FB69D3E90E23134334
:107BB00003D1FB699B68BB6413E0FB691B6D002B61
:107BC00007D0FB69D3E90E23F869FCF7EAFFB86434
:107BD00007E0FA69FB691B6C19461046FCF76AFA64
:107BE000B864BB6C012B0AD8FB69022283F83120F0
:107BF0007B6A02211846FBF7C7FF022300E1BB6C3A
:107C0000B3F1FF3F0AD1FB69012283F831207B6A7F
:107C100001211846FBF7B8FF0123F1E0FB69BA6CBC
:107C20001A647A6AFB691B6C19461046FCF722FA43
:107C3000B862BB6A002B0AD1FB69022283F83120AB
:107C40007B6A02211846FBF79FFF0223D8E0BA6A3D
:107C5000FB6A1344BB627B695B0A3B643B6C002B91
:107C600040D0FA6A3B6C13447A6A5289934205D930
:107C70007B6A5B891A46FB6AD31A3B647B6A587835
:107C80003B6CBA6AF96BFBF765FC0346002B0AD024
:107C9000FB69012283F831207B6A01211846FBF73A
:107CA00073FF0123ACE0FB6993F830305BB2002B2B
:107CB00014DAFB695A6CBB6AD31A3A6C9A420DD932
:107CC000FB695A6CBB6AD31A5B02FA6BD018FB696A
:107CD00054334FF40072194616F02DFF3B6C5B02D3
:107CE0007B6463E0FB695B6CBA6A9A423DD0FB69D6
:107CF00093F830305BB2002B20DA7B6A5878FB694E
:107D000003F15401FB695A6C0123FBF743FC034662
:107D1000002B0AD0FB69012283F831207B6A012104
:107D20001846FBF731FF01236AE0FB6993F8303016
:107D300003F07F03DAB2FB6983F830207B6A58785E
:107D4000FB6903F154010123BA6AFBF703FC034604
:107D5000002B0AD0FB69012283F831207B6A0121C4
:107D60001846FBF711FF01234AE0FB69BA6A5A641F
:107D7000FB69D3E90E231346C3F30803C3F500736D
:107D80007B647A6C7B699A4201D97B697B64FB696D
:107D900003F15401FB69D3E90E231346C3F308032F
:107DA0000B447A6C1946F86B16F0C5FE7A697B6C49
:107DB000D31A7B613B691A687B6C1A443B691A6071
:107DC000FA6B7B6C1344FB63FB69D3E90E23796C7C
:107DD00000208846814612EB0801B96043EB090395
:107DE000FB60FB69D7E90212C3E90E127B69002B25
:107DF0007FF4BDAE7B6A00211846FBF7C5FE002369
:107E000018465437BD46BDE8F08F2DE9F04F8DB0D0
:107E100000AFF860B9607A603B60BB68FB613B68AB
:107E200000221A60FB6807F1100211461846FFF79E
:107E3000EBF9034687F82F3097F82F30002B08D145
:107E4000FB6893F8313087F82F3097F82F30002BEC
:107E500009D03B6997F82F2011461846FBF794FE8E
:107E600097F82F30AFE1FB6893F8303003F002034E
:107E7000002B06D13B6907211846FBF785FE072337
:107E8000A1E13B691B78042B00F08881FB68D3E9F2
:107E90000E237B68D118FB68D3E90E231346994261
:107EA00080F07C81FB68D3E90E231346DB437B60C3
:107EB00074E1FB68D3E90E23C2F30804002554EAF9
:107EC000050340F01981FB68D3E90E014FF0000271
:107ED0004FF00003420A42EAC1524B0A3B695B89F8
:107EE000013B1340BB61BB69002B50D1FB68D3E958
:107EF0000E2313430CD1FB689B68BB62BB6A002B4B
:107F00001AD1FB6800211846FCF710FDB86213E097
:107F1000FB681B6D002B07D0FB68D3E90E23F868C4
:107F2000FCF73FFEB86207E0FA68FB681B6C194675
:107F30001046FCF7FBFCB862BB6A002B00F03381F3
:107F4000BB6A012B0AD1FB68022283F831203B690E
:107F500002211846FBF718FE022334E1BB6AB3F195
:107F6000FF3F0AD1FB68012283F831203B690121E0
:107F70001846FBF709FE012325E1FB68BA6A1A647B
:107F8000FB689B68002B02D1FB68BA6A9A60FB68A9
:107F900093F830305BB2002B20DA3B695878FB68ED
:107FA00003F15401FB685A6C0123FBF7F3FA034613
:107FB000002B0AD0FB68012283F831203B690121A4
:107FC0001846FBF7E1FD0123FDE0FB6893F8303034
:107FD00003F07F03DAB2FB6883F830203A69FB686C
:107FE0001B6C19461046FCF745F878617B69002B3D
:107FF0000AD1FB68022283F831203B69022118462E
:10800000FBF7C2FD0223DEE07A69BB6913447B61A2
:108010007B685B0A3B623B6A002B44D0BA693B6ACF
:1080200013443A695289934205D93B695B891A46E0
:10803000BB69D31A3B623B6958783B6A7A69F96934
:10804000FBF7A8FA0346002B0AD0FB68012283F84D
:1080500031203B6901211846FBF796FD0123B2E070
:10806000FB685A6C7B69D31A3A6A9A4217D9FB6843
:1080700003F15400FB685A6C7B69D31A5B02FA69FE
:1080800013444FF40072194616F055FDFB6893F83F
:10809000303003F07F03DAB2FB6883F830203B6AAC
:1080A0005B027B624FE0FB685B6C7A699A4220D08E
:1080B000FB68D3E90E01FB68D3E90423904271EB1E
:1080C000030316D23B695878FB6803F1540101237E
:1080D0007A69FBF73FFA0346002B0AD0FB680122BE
:1080E00083F831203B6901211846FBF74DFD012340
:1080F00069E0FB687A695A64FB68D3E90E2313468A
:10810000C3F30803C3F500737B627A6A7B689A4203
:1081100001D97B687B62FB6803F15401FB68D3E9FA
:108120000E231346C3F308030B447A6AF969184611
:1081300016F001FDFB6893F8303063F07F03DAB28C
:10814000FB6883F830207A687B6AD31A7B603B68CF
:108150001A687B6A1A443B681A60FA697B6A13449E
:10816000FB61FB68D3E90E23796A002088468146CB
:1081700012EB080A43EB090BFB68C3E90EABFB6883
:10818000D3E90423F968D1E90E01824273EB0106B9
:1081900001D202460B46F968C1E904237B68002B33
:1081A0007FF487AE00E000BFFB6893F8303043F007
:1081B0004003DAB2FB6883F830203B69002118469F
:1081C000FBF7E2FC002318463437BD46BDE8F08FCC
:1081D00080B5ADF5327D00AF07F53273A3F531738D
:1081E000186007F53273A3F531731B6807F52E721B
:1081F00011461846FFF708F8034687F8C73297F884
:10820000C732002B40F08B8107F53273A3F5317331
:108210001B6893F8303003F04003002B00F07F819F
:1082200007F53273A3F531731B6893F830305BB2F6
:10823000002B2EDAD7F8B832587807F53273A3F549
:1082400031731B6803F1540107F53273A3F53173E1
:108250001B685A6C0123FBF79DF90346002B07D0DE
:10826000D7F8B83201211846FBF78EFC012360E1F4
:1082700007F53273A3F531731B6893F8303003F0C0
:108280007F03DAB207F53273A3F531731B6883F805
:108290003020FBF7BEF9C7F8C002D7F8B8321B7818
:1082A000042B40F0CA8007F53273A3F531731B68C5
:1082B0001846FCF7F9F9034687F8C73297F8C73232
:1082C000002B12D107F53273A3F53173186807F547
:1082D0003273A3F531731B681B6C4FF0FF321946E4
:1082E000FCF711FA034687F8C73297F8C732002B1C
:1082F00040F01581D7F8B83207F15802DA60D7F8A4
:10830000B83207F5AC721A6107F53273A3F5317311
:108310001A6807F1080311461846FDF7FCF90346F1
:1083200087F8C73297F8C732002B40F0F880D7F8AB
:10833000B8321B6904331A78D7F8B8321B69043392
:1083400042F02002D2B21A7007F53273A3F53173EE
:108350001B68DA79D7F8B8321B69213342F0010281
:10836000D2B21A70D7F8B8321B6903F1340207F59C
:108370003273A3F531731B689B6819461046FBF7EF
:1083800082FAD7F8B8321B6903F1380107F5327366
:10839000A3F531731B68D3E904230846FBF79FFA62
:1083A000D7F8B8321B6903F1280107F53273A3F53A
:1083B00031731B68D3E904230846FBF790FAD7F81A
:1083C000B8321B690C33D7F8C0121846FBF75BFABA
:1083D000D7F8B8321B69153300221A70D7F8B832B3
:1083E0001B69103300211846FBF74DFA07F108030B
:1083F0001846FDF7C9F9034687F8C73297F8C73220
:10840000002B40F08C80D7F8B8321846FBF7C4FD3B
:10841000034687F8C73207F53273A3F531731B683B
:1084200093F8303023F04003DAB207F53273A3F546
:1084300031731B6883F8302071E0D7F8B82207F554
:108440003273A3F531731B689B6C19461046FBF71A
:1084500075FD034687F8C73297F8C732002B5ED107
:1084600007F53273A3F531731B68DB6CC7F8BC32B8
:10847000D7F8BC320B331A78D7F8BC320B3342F042
:108480002002D2B21A7007F53273A3F531731B685C
:10849000186807F53273A3F531731B689B681A4699
:1084A000D7F8BC12FCF7AFFDD7F8BC3203F11C00C3
:1084B00007F53273A3F531731B68D3E90423134620
:1084C0001946FBF7E0F9D7F8BC321633D7F8C012DB
:1084D0001846FBF7D8F9D7F8BC32123300211846FA
:1084E000FBF7B6F9D7F8B83201221A71D7F8B832CB
:1084F0001846FBF751FD034687F8C73207F532737C
:10850000A3F531731B6893F8303023F04003DAB2DF
:1085100007F53273A3F531731B6883F83020D7F861
:10852000B83297F8C72211461846FBF72DFB97F88B
:10853000C732184607F53277BD4680BD80B584B096
:1085400000AF78607868FFF743FE0346FB73FB7B60
:10855000002B1DD17B6807F1080211461846FEF773
:1085600053FE0346FB73FB7B002B11D17B68DB6A58
:108570001846FBF747FC0346FB73FB7B002B02D13D
:108580007B6800221A60BB6800211846FBF7FCFAE2
:10859000FB7B18461037BD4680BD80B5ADF51C7D10
:1085A00000AF07F51C73A3F51B73186007F51C7368
:1085B000A3F51C73196007F51C73A3F51B731B68E7
:1085C000002B01D1092302E107F51A713B46002275
:1085D0001846FEF7DDFA034687F86F3297F86F32D8
:1085E000002B40F0DF80D7F8682207F51C73A3F555
:1085F0001B731B681A60D7F8683207F5B472DA602B
:10860000D7F8683207F108021A6107F51C73A3F561
:108610001C731A6807F51C73A3F51B7311461868C1
:10862000FEF7CAF8034687F86F3297F86F32002BCF
:1086300040F0B18007F51C73A3F51B731B6893F81A
:108640004B305BB2002B60DB07F51C73A3F51B738B
:108650001B689B7903F01003002B53D0D7F86832C6
:108660001B78042B3AD107F51C73A3F51B731B6809
:108670009A6807F51C73A3F51B731B681A6207F54C
:108680001C73A3F51B731B68D3E90423134623F063
:10869000FF0307F51C72A2F51B721268D2791A4308
:1086A00007F51C73A3F51B731B685A6207F51C734F
:1086B000A3F51B731B68DA6C07F51C73A3F51B731A
:1086C0001B689A62D7F8682207F51C73A3F51B7321
:1086D0001B6819461046FCF7F5FF16E0D7F868222C
:1086E00007F51C73A3F51B731B68DB6B194610465B
:1086F000FCF76AFC024607F51C73A3F51B731B68A5
:108700009A6002E0052387F86F3297F86F32002BEA
:1087100041D1D7F86832DA8807F51C73A3F51B73CB
:108720001B689A8007F51C73A3F51B73002118685A
:10873000FCF7C3FA034687F86F3297F86F32002BC5
:1087400029D107F51C73A3F51B731B689B68002BCD
:108750001AD007F51C73A3F51B7300211868FBF7EB
:10876000C3FA024607F51C73A3F51B731B68DA6294
:1087700007F51C73A3F51B731B68DB6A002B0AD17A
:10878000122387F86F3206E007F51C73A3F51B73FD
:108790001B680022DA6297F86F32042B02D105239E
:1087A00087F86F3297F86F32002B06D007F51C73ED
:1087B000A3F51B731B6800221A60D7F8683297F87C
:1087C0006F2211461846FBF7DFF997F86F3218460B
:1087D00007F51C77BD4680BD80B584B000AF7860DA
:1087E0007B6807F1080211461846FEF70DFD0346A7
:1087F000FB73FB7B002B15D17B68DB6A002B06D05B
:108800007B68DB6A1846FBF7FDFA0346FB73FB7BCC
:10881000002B02D17B6800221A60BB680021184639
:10882000FBF7B2F9FB7B18461037BD4680BD80B51B
:10883000ADF51C7D00AF07F51C73A3F51B73186025
:1088400007F51C73A3F51C73196007F51C73A3F5DA
:108850001B731B6807F51A7211461846FEF7D4FC05
:10886000034687F86F3297F86F32002B50D107F527
:108870001C73A3F51C731B68002B0BD107F51C732D
:10888000A3F51B7300211868FCF717FA034687F855
:108890006F323DE0D7F8683207F5B472DA60D7F886
:1088A000683207F108021A6107F51C73A3F51B7300
:1088B00000211868FDF72CF8034687F86F3297F807
:1088C0006F32042B02D1002387F86F3297F86F3292
:1088D000002B1DD107F51C73A3F51C7207F51C7343
:1088E000A3F51B7311681868FDF7BEFB07F51C7331
:1088F000A3F51B7300211868FCF765FA034687F897
:108900006F3297F86F32042B02D1002387F86F3251
:10891000D7F8683297F86F2211461846FBF734F9FA
:1089200097F86F32184607F51C77BD4680BD80B5B5
:108930009AB000AFF860B9607A6007F1440107F1BE
:108940000C0300221846FEF723F9034687F8673028
:1089500097F86730002B40F0E9807A6C7B681A60EA
:108960007B6C9A697B6CDB69023B9A4204D87B6C16
:108970009A69BB681A60D9E000233B667B6C1B7860
:10898000012B28D10223FB657B6C3B6107F11003AF
:10899000F96D1846FBF78EFBB864BB6CB3F1FF3F73
:1089A00003D1012387F86730AFE0BB6C012B03D103
:1089B000022387F86730A8E0BB6C002B02D13B6E26
:1089C00001333B66FB6D0133FB657B6CDB69FA6D44
:1089D0009A42DBD399E07B6C1B78042B45D17B6CEE
:1089E000DB69023BFB657B6C5B6BBB6500237B65D6
:1089F0007B6D002B0DD1786CBB6D5A1CBA65194686
:108A0000FBF79CFA034687F8673097F86730002B2E
:108A100078D10823FB647A6C7B6D13443C331B785C
:108A2000DB4387F8533011E097F8533003F001032C
:108A30003A6E13443B6697F853305B0887F853301F
:108A4000FB6C013BFB64FB6D013BFB65FB6C002B8E
:108A500002D0FB6D002BE7D17B6D0133C3F308031C
:108A60007B65FB6D002BC3D14FE07B6CDB69FB6545
:108A70007B6C9B6ABB6500237B657B6D002B0DD1F6
:108A8000786CBB6D5A1CBA651946FBF757FA03465A
:108A900087F8673097F86730002B35D17B6C1B78EF
:108AA000022B11D17B6C03F13C027B6D1344184601
:108AB000FAF7B7FD0346002B02D13B6E01333B664C
:108AC0007B6D02337B6512E07B6C03F13C027B6DB6
:108AD00013441846FAF7BEFD034623F07043002BFB
:108AE00002D13B6E01333B667B6D04337B657B6D4E
:108AF000C3F308037B65FB6D013BFB65FB6D002B3E
:108B0000BBD102E000BF00E000BF97F86730002B48
:108B10000CD1BB683A6E1A607B6C3A6E9A617B6CC2
:108B20005A797B6C42F00102D2B25A717B6C97F891
:108B3000672011461846FBF727F897F86730184664
:108B40006837BD4680BD000080B58EB000AFB9600B
:108B50007B600346FB731346BB7307F11002FB7B7C
:108B600001211846FAF736FD0346002B01D00123F8
:108B700008E13B693B623F23FB77082387F82730F6
:108B800004E097F827305B0087F8273097F8273004
:108B9000002B0AD097F827303A6AB2FBF3F2FB7F3A
:108BA000B2FBF3F3B3F5806FEBD897F82730002BC7
:108BB00002D1FF2387F827304FF400720021786834
:108BC00015F00EFF7B6803F5DF73BB6200237B6348
:108BD000FB7F3B63B5E07B6B9B00BA6813441B686B
:108BE000FB62FB6A642B0DD8FB6A642B08D03B6ADE
:108BF000664AA2FB03235B09FA6A02FB03F300E067
:108C00003B6AFB623A6BFB6A13443A6A9A4205D3A9
:108C10003A6BFB6A13443A6B9A4203D93A6A3B6B4C
:108C2000D31AFB62FB6A002B00F09780BB6A083303
:108C3000396B1846FAF727FEBB6A0C33F96A1846F7
:108C4000FAF721FEBB6A0433BA7B1A70FB7F3A6BDA
:108C5000B2FBF3F297F82730B2FBF3F3BB61FB7F73
:108C60003A6BB2FBF3F397F82720B3FBF2F101FB69
:108C700002F29B1AFB75FA7F3B6BB3FBF2F101FB2F
:108C800002F29B1ADBB20133BB75BB6A0133FA7D7A
:108C90001A70BB699B08DBB223F03F03D9B2BB6AF1
:108CA0000233BA7D0A43D2B21A70BB6A0333BA697F
:108CB000D2B21A703A6BFB6A13445A1EFB7FB2FBA6
:108CC000F3F297F82730B2FBF3F3BB613A6BFB6A20
:108CD00013445A1EFB7FB2FBF3F397F82720B3FB34
:108CE000F2F101FB02F29B1AFB753A6BFB6A13442B
:108CF000013BFA7FB3FBF2F101FB02F29B1ADBB2FC
:108D00000133BB75BB6A0533FA7D1A70BB699B08DA
:108D1000DBB223F03F03D9B2BB6A0633BA7D0A4304
:108D2000D2B21A70BB6A0733BA69D2B21A70BB6A80
:108D30001033BB627B6B01337B633A6BFB6A13447A
:108D40003B637B6B032B09D83B6B002B06D03A6B44
:108D50003B6A9A42FFF43FAF00E000BF7B6803F537
:108D6000FF734AF655211846FAF772FDF87B012386
:108D700000227968FAF70EFC0346002B01D001238C
:108D800000E0002318463837BD4680BD1F85EB51F3
:108D90002DE9F043ABB000AFF860B9607A603B609A
:108DA00007F10C031846FDF796FDB865BB6D002B67
:108DB00002DA0B2301F0FDB8AF4ABB6D52F8233045
:108DC000002B05D0AC4ABB6D52F8233000221A703C
:108DD000BB6D87F85730002387F8563097F8573027
:108DE0001846FAF78EFB034687F8553097F855304A
:108DF00003F00103002B02D0032301F0DAB897F847
:108E0000553003F00403002B02D00A2301F0D1B83F
:108E1000BB68002B01D1994BBB60BB685B68BB6230
:108E2000BB6A002B07D107F1280297F857300321BE
:108E30001846FAF7CFFBBB6A002B09D0BB6AB3F523
:108E4000004F05D8BB6A5A1EBB6A1340002B01D0E5
:108E50000123BB624FF40073A7F85230BB681B7844
:108E600003F00F0387F85130BB685B78002B06D006
:108E7000BB685B78022B02D8BB685B7800E00123FB
:108E8000FB64BB689B68002B14D0BB689B68B3F580
:108E9000004F0FD8BB689B68B7F85220520992B2B6
:108EA000B3FBF2F101FB02F29B1A002B02D1BB686B
:108EB0009B6801E04FF40073BB64BB68DB68B3F1EF
:108EC000807F0AD8BB68DA68BB68DB68013B134067
:108ED000002B02D1BB68DB6800E00023FB67B7F81A
:108EE0005230FA6FB2FBF3F3FB67B7F852303A68CF
:108EF000B2FBF3F37B647B6C002B02D1112301F0F6
:108F000058B87B683B643B6C002B02D1112301F005
:108F100050B800237B627B6AC7F8943007F12402C3
:108F200097F8573001211846FAF754FB0346002BF7
:108F300002D0012301F03DB897F8513003F0080347
:108F4000002B0AD17B6A3F2B07D93F23C7F8943007
:108F50007A6AD7F89430D31A7B627B6A7F2B02D867
:108F60000E2301F026B897F8513003F00403002BCC
:108F700010D097F8513003F00703042B06D07B6A1A
:108F8000B3F1806F02D2FB6F802B03D9042387F8E3
:108F90009A3020E0FB6F802B01D98023FB6797F884
:108FA000513003F00203002B09D097F8513003F041
:108FB0000103002B03D1032387F89A300BE097F8C5
:108FC000513003F00103002B02D1132300F0F1BF55
:108FD000022387F89A30FAF71CFB02467B6A134497
:108FE000FB6397F89A30042B40F050847B6AB3F50A
:108FF000805F02D20E2300F0DCBFFB6F002B0ED18E
:109000000823FB677B6AB3F5002F01D34023FB677E
:109010007B6AB3F1806F02D34FF48073FB67D7F89C
:1090200094302033C7F890307A6AFB6FB2FBF3F3C9
:1090300002339A00B7F8523013445A1EB7F8523030
:10904000B2FBF3F3C7F88430D7F89020D7F8843018
:109050001A44BB6A13445A1EBB6A5B4213407B63CB
:109060007A6BD7F89430D21A7B6A5B089A4207D39E
:109070000E2300F09EBF00BF28AB012490A9070873
:10908000D7F894207B6BD21A7B6A1A44FB6FB2FB31
:10909000F3F3BB63BB6B0F2B02D80E2300F089BF29
:1090A000BB6BAD4A934202D90E2300F082BFBB6B6B
:1090B0000733DB083B63B7F85230FA6F03FB02F269
:1090C0003B6B13445A1EB7F85230F96F01FB03F3A0
:1090D000B2FBF3F33B613B69FA6F02FB03F37A6B7C
:1090E0001344C7F88C3000233B670023FB65002343
:1090F000A7F864300023BB6700233B6600237B672F
:10910000FB6D002B03D0FB6D012B41D050E0B7F875
:109110006430184601F070FA0346A7F86630B7F8D5
:109120006620B7F864309A4205D0B7F8643001334E
:10913000A7F864304AE001233B6602E03B6E01334E
:109140003B663B6E9AB2B7F8643013449BB2002B77
:1091500012D03B6E9AB2B7F8643013449BB21E46ED
:109160003B6E9AB2B7F8643013449BB2184601F0D4
:1091700043FA03469E42E1D03B6E7F2B06D94FF661
:10918000FF73A7F866300223FB651FE00123FB6530
:10919000B7F864305A1CA7F86420A7F866303B6E15
:1091A000013B3B663B6E002B0FD10023FB650CE0BF
:1091B0003B6EA7F866303B6E9AB2B7F86430134442
:1091C000A7F864300023FB6500E000BF3A6CBB6F7A
:1091D0001344B7F86620D2B21A701B78396F18465C
:1091E000FCF795F93867B7F866301B0A99B2BB6F80
:1091F00001333A6C1344CAB21A701B78396F18469F
:10920000FCF785F93867BB6F0233BB677B6F0233AE
:109210007B67B7F86430002B07D0B7F852307A6C10
:1092200002FB03F3BA6F9A4222D1B7F85220BB6F08
:1092300013445A1EB7F85230B2FBF3F3C7F8A43008
:1092400097F85700D7F8A430D7F88C20396CFAF784
:10925000A1F90346002B02D0012300F0AABED7F8E3
:109260008C20D7F8A4301344C7F88C300023BB6798
:10927000B7F86430002B7FF443AFB7F85230FA6F81
:1092800003FB02F27B6F13445A1EB7F85230F96F9A
:1092900001FB03F3B2FBF3F37B610123BB617B6B47
:1092A000C7F88C30B7F852203B6B13445A1EB7F8FE
:1092B0005230B2FBF3F3C7F8A0303A697B691A4425
:1092C000BB691344FB66B7F852307A6C02FB03F3B8
:1092D0001A460021386C15F083FB0023BB6718E0A9
:1092E000BB6FDB083A6C1A44127851B2BA6F02F0C5
:1092F0000702012000FA02F252B20A4351B23A6C5C
:109300001344CAB21A70BB6F0133BB67FB6E013BDB
:10931000FB66FB6E002B08D0BB6FDA08B7F8523043
:10932000796C01FB03F39A42DAD3D7F8A0207B6C67
:10933000934228BF1346C7F8A43097F85700D7F8D0
:10934000A430D7F88C20396CFAF724F90346002BA7
:1093500004D0012300F02DBEFDFFFF7FD7F88C2045
:10936000D7F8A4301344C7F88C30D7F8A020D7F82A
:10937000A430D31AC7F8A030D7F8A030002BA2D160
:10938000D7F89030C7F88C30D7F88430C7F8A030C1
:109390000023BB66BB6EFB66FB6E3B66B7F85230C4
:1093A0007A6C02FB03F31A460021386C15F018FBA7
:1093B0000023BB67BB6E002B34D13A6CBB6F1344E8
:1093C0006FF007011846FAF75EFABB6F0433BB670C
:1093D000BB6E0133BB663A6CBB6F13444FF0FF3179
:1093E0001846FAF750FABB6F0433BB67BB6E013304
:1093F000BB6617E03A6CBB6F1A44FB6E012B02D9B7
:10940000BB6E013301E04FF0FF3319461046FAF707
:109410003AFABB6F0433BB67BB6E0133BB66FB6EAE
:10942000013BFB66FB6E002B07D0B7F852307A6C1D
:1094300002FB03F3BA6F9A42DCD3FB6E002B0BD115
:109440003B6E022B08D83B6E5A1C3A669B00A83331
:109450003B4453F8983CFB66FB6E002B07D0B7F8F3
:1094600052307A6C02FB03F3BA6F9A42DAD3D7F820
:10947000A0207B6C934228BF1346C7F8A43097F80E
:109480005700D7F8A430D7F88C20396CFAF782F857
:109490000346002B02D0012300F08BBDD7F88C20AF
:1094A000D7F8A4301344C7F88C30D7F8A020D7F8E9
:1094B000A430D31AC7F8A030D7F8A030002B7FF41F
:1094C0006DAFB7F852307A6C02FB03F31A460021F5
:1094D000386C15F085FA3B6C83221A703B6C203394
:1094E00081221A703B6C343302211846FAF7CBF90B
:1094F0003B6C3833396B1846FAF7C5F93B6C40338F
:1095000082221A703B6C4433396F1846FAF7BBF964
:109510003B6C03F154023B69023319461046FAF7DB
:10952000B2F93B6C5833796F1846FAF7ACF93A69DF
:109530007B691344FA6F02FB03F37A6B1344C7F899
:109540008C30FB6FC7F8A030D7F8A0207B6C93421B
:1095500028BF1346C7F8A43097F85700D7F8A430AF
:10956000D7F88C20396CFAF715F80346002B02D097
:10957000012300F01EBDB7F852301A460021386CA6
:1095800015F02EFAD7F88C20D7F8A4301344C7F87A
:109590008C30D7F8A020D7F8A430D31AC7F8A03061
:1095A000D7F8A030002BCFD1D7F89430C7F88C3043
:1095B0000023C7F8A43060E1B7F852301A46002102
:1095C000386C15F00DFA0B22AF49386C15F0B3FA70
:1095D0003B6C03F14001D7F8943000221C4615463D
:1095E00022462B460846FAF77AF93B6C03F148010C
:1095F0007B6A00229846914642464B460846FAF757
:109600006EF93B6C03F15000D7F89020D7F89430F6
:10961000D31A1946FAF737F93B6C5433D7F884104C
:109620001846FAF730F93B6C03F158007A6BD7F81B
:109630009430D31A1946FAF726F93B6C5C33B96BB0
:109640001846FAF720F93B6C03F160003A697B6930
:10965000134402331946FAF716F93B6C6433F96B7D
:109660001846FAF710F93B6C68334FF480711846CE
:10967000FAF7EEF83B6C6C3300221A70B7F85230F0
:10968000BB6705E03B6C6C331A780132D2B21A70BA
:10969000BB6F5B08BB67BB6F002BF3D13B6C6D33BB
:1096A00000221A70FB6FBB6705E03B6C6D331A78C4
:1096B0000132D2B21A70BB6F5B08BB67BB6F002B65
:1096C000F3D13B6C6E3301221A703B6C6F338022F6
:1096D0001A703B6C78334FF6EB611846FAF7B8F81E
:1096E0003B6C03F5FF734AF655211846FAF7B0F8BC
:1096F00000233B670023BB6714E0BB6F6A2B0ED0CF
:10970000BB6F6B2B0BD0BB6F702B08D03A6CBB6F51
:1097100013441B78396F1846FBF7F9FE3867BB6FA7
:109720000133BB67B7F85230BA6F9A42E5D3D7F826
:109730008C20531CC7F88C3097F857000123396CE4
:10974000F9F728FF0346002B02D0012300F031BCBB
:10975000B7F852301A460021386C15F041F9B7F8C5
:109760005230023B3A6C13444AF655211846FAF738
:109770006FF801233B6625E00023BB670AE0BB6F5F
:109780005A1CBA673A6C13441B78396F1846FBF7BA
:10979000BEFE3867B7F85230BA6F9A42EFD3D7F8A7
:1097A0008C20531CC7F88C3097F857000123396C74
:1097B000F9F7F0FE0346002B01D00123F9E33B6EDD
:1097C00001333B663B6E082BD6D9B7F852301A46A8
:1097D0000021386C15F004F925E00023BB670AE08E
:1097E000BB6F5A1CBA673A6C13441B78396F184622
:1097F000FBF78DFE3867B7F85230BA6F9A42EFD355
:10980000D7F88C20531CC7F88C3097F857000123E9
:10981000396CF9F7BFFE0346002B01D00123C8E3E2
:109820003B6E01333B663B6E0A2BD6D90023BB67E8
:1098300009E03A6CBB6F1344396F1846FAF723F806
:10984000BB6F0433BB67B7F85230BA6F9A42F0D39C
:10985000D7F88C20531CC7F88C3097F85700012399
:10986000396CF9F797FE0346002B01D00123A0E3E2
:10987000D7F8A4300133C7F8A430D7F8A430012BAF
:109880007FF69AAE48E300BF84890708FB6FC7F8EC
:109890009C3097F89A30032B48D1D7F89C30002B96
:1098A00020D17B6A5B0CC7F8A4300023BB6701237F
:1098B000C7F89C3007E0BB6F0133BB67D7F89C301B
:1098C0005B00C7F89C30B14ABB6F32F81330002BF5
:1098D00008D0AE4ABB6F32F813301A46D7F8A4301E
:1098E0009342E8D27A6AD7F89C30B2FBF3F3BB63B9
:1098F000BB6B02339A00B7F8523013445A1EB7F8C4
:109900005230B2FBF3F3C7F884302023C7F8883015
:109910000023C7F88030BB6B4FF6F572934203D932
:10992000BB6B9B4A93425AD90E2342E3D7F89C3033
:10993000002B20D17B6A1B0BC7F8A4300023BB6728
:109940000123C7F89C3007E0BB6F0133BB67D7F832
:109950009C305B00C7F89C308E4ABB6F32F81330E6
:10996000002B08D08B4ABB6F32F813301A46D7F859
:10997000A4309342E8D27A6AD7F89C30B2FBF3F372
:10998000BB63BB6B40F6F572934205D9BB6B0233E8
:109990005B00C7F8A4300BE0012387F89A30BA6B5C
:1099A00013465B00134401335B080333C7F8A4304C
:1099B000B7F85220D7F8A43013445A1EB7F85230E3
:1099C000B2FBF3F3C7F884300123C7F88830BB6CCF
:1099D0005A01B7F85230B2FBF3F3C7F88030D7F82A
:1099E0009420D7F888301344C7F89030D7F88430E3
:1099F000FA6C03FB02F2D7F890301344D7F88020BA
:109A000013447B63BA6A7B6B13445A1EBB6A5B4286
:109A10001A407B6BD31AC7F8A43097F89A30032BFF
:109A20000ED1D7F88820D7F8A4301344C7F888306F
:109A3000D7F89020D7F8A4301344C7F8903023E02B
:109A4000D7F8A430FA6CB3FBF2F2F96C01FB02F226
:109A50009B1A002B0ED0D7F8A430013BC7F8A430D6
:109A6000D7F888300133C7F88830D7F89030013301
:109A7000C7F89030D7F8A420FB6CB2FBF3F3D7F80B
:109A800084201344C7F88430D7F89C301A017B6BCC
:109A90001A44D7F89430D21A7B6A9A4201D90E231D
:109AA00087E27A6AD7F88830D21AD7F88430F96C0E
:109AB00001FB03F3D21AD7F88030D21AD7F89C30C2
:109AC000B2FBF3F3BB6397F89A30032B10D1BB6B57
:109AD0004FF6F57293420BD8FB6F002B06D1D7F8E7
:109AE0009C305B08FB67FB6F002B49D10E2360E2C3
:109AF00097F89A30022B38D1BB6B4FF6F572934230
:109B000022D9FB6F002B09D1D7F89C305B00402B8A
:109B100004D8D7F89C305B00FB6736E097F85130EB
:109B200003F00203002B03D0032387F89A302CE0C4
:109B3000FB6F002B06D1D7F89C305B00FB67FB6FF7
:109B4000802B1FD90E2334E2BB6B40F6F572934293
:109B50000BD8FB6F002B06D1D7F89C305B00FB675E
:109B6000FB6F802B10D90E2323E297F89A30012B3C
:109B700012D1BB6B40F6F57293420DD90E2318E259
:109B800000BF83E600BF81E600BF7FE6A0A907080B
:109B9000F5FFFF0FB0A9070800BFB7F852301A460B
:109BA0000021386C14F01CFF0B22BF49386C14F0F4
:109BB000C2FF3B6C0B33B7F8522011461846F9F739
:109BC00047FE3B6C0D33D7F89C20D2B21A703B6C29
:109BD0000E33D7F8882092B211461846F9F738FEAE
:109BE0003B6C1033FA6CD2B21A703B6C03F1110269
:109BF00097F89A30032B02D0BB6C9BB200E0002395
:109C000019461046F9F724FE7B6AB3F5803F08D267
:109C10003B6C13337A6A92B211461846F9F718FE74
:109C200006E03B6C20337A6A11461846F9F72BFEA2
:109C30003B6C1533F8221A703B6C18333F211846E1
:109C4000F9F706FE3B6C1A33FF211846F9F700FEC0
:109C50003B6C1C33D7F894101846F9F714FE97F8AC
:109C60009A30032B2ED13B6C4333F96B1846F9F72E
:109C70000AFE3B6C2433D7F884101846F9F703FE2C
:109C80003B6C2C3302211846F9F7FDFD3B6C303359
:109C900001211846F9F7DCFD3B6C323306211846EA
:109CA000F9F7D6FD3B6C403380221A703B6C42338F
:109CB00029221A703B6C473313227C49184614F052
:109CC0003AFF1DE03B6C2733F96B1846F9F7DBFDD3
:109CD0003B6C1633D7F8842092B211461846F9F738
:109CE000B7FD3B6C243380221A703B6C263329224B
:109CF0001A703B6C2B3313226D49184614F01BFF6E
:109D00003B6C03F5FF734AF655211846F9F7A0FDA1
:109D100097F857000123D7F89420396CF9F73AFCEB
:109D20000346002B01D0012343E197F89A30032B1F
:109D300044D1D7F894309A1D97F857000123396C15
:109D4000F9F728FCB7F852301A460021386C14F0A5
:109D500047FE5849386CF9F796FD3B6C03F5F273F2
:109D600055491846F9F78FFD3B6C03F5F472BB6B50
:109D7000013B19461046F9F786FD3B6C03F5F67377
:109D800002211846F9F77FFD3B6C03F5FF734AF695
:109D900055211846F9F75CFDD7F89430DA1D97F88D
:109DA00057000123396CF9F7F5FBD7F894305A1CAA
:109DB00097F857000123396CF9F7ECFBB7F85230EC
:109DC0007A6C02FB03F31A460021386C14F008FE8B
:109DD000D7F89030C7F88C300023BB6759E097F86C
:109DE0009A30032B13D16FF00701386CF9F74BFD54
:109DF0003B6C04334FF0FF311846F9F744FD3B6CE0
:109E000008336FF070411846F9F73DFD0BE097F805
:109E10009A30012B01D1294B01E06FF0070319465D
:109E2000386CF9F730FDD7F88430C7F8A030D7F890
:109E3000A0207B6C934228BF1346C7F8A43097F844
:109E40005700D7F8A430D7F88C20396CF9F7A2FB6B
:109E50000346002B01D00123ABE0B7F852301A467D
:109E60000021386C14F0BCFDD7F88C20D7F8A43052
:109E70001344C7F88C30D7F8A020D7F8A430D31AF1
:109E8000C7F8A030D7F8A030002BD0D1BB6F01337A
:109E9000BB67BA6FFB6C9A42A1D397F89A30032B39
:109EA0000ED1D7F89C300DE09C890708A8890708D7
:109EB000BC8907085252614172724161F8FFFF008C
:109EC000D7F88030C7F8A030D7F8A0207B6C934239
:109ED00028BF1346C7F8A43097F85700D7F8A43026
:109EE000D7F88C20396CF9F755FB0346002B01D0CD
:109EF00001235EE0D7F88C20D7F8A4301344C7F8CC
:109F00008C30D7F8A020D7F8A430D31AC7F8A030E7
:109F1000D7F8A030002BD7D197F89A30042B03D173
:109F2000072387F89B301AE097F89A30032B03D168
:109F30000C2387F89B3012E07B6AB3F5803F03D394
:109F4000062387F89B300AE097F89A30022B03D15A
:109F5000042387F89B3002E0012387F89B3097F8B1
:109F6000513003F00803002B16D17B6AFB610023FC
:109F70003B6297F89B2007F11C0197F857003B6C58
:109F8000FEF7E2FD034687F82F3097F82F30002BBD
:109F900002D097F82F300CE097F8573000220021BC
:109FA0001846F9F717FB0346002B01D0012300E008
:109FB00000231846AC37BD46BDE8F08380B400AF3F
:109FC000024B1846BD465DF8047B704774AB012414
:109FD00080B487B000AFF860B9601346FB7101230D
:109FE000FB750023BB751F4B5B7ADBB2002B31D1B5
:109FF0001C4B5B7ADBB21A461A4B00219954194B61
:10A000005B7ADBB2174A9B001344FA685A60154B1F
:10A010005B7ADBB21A46134B1344FA791A72114B6E
:10A020005B7ADBB25A1CD1B20E4A5172BB75BB7D52
:10A030003033DAB2BB681A70BB6801333A221A7047
:10A04000BB6802332F221A70BB68033300221A70D8
:10A050000023FB75FB7D18461C37BD465DF8047B6D
:10A06000704700BF74AB012480B582B000AF786048
:10A070003960002239687868FFF7AAFF034618465E
:10A080000837BD4680BD000080B485B000AF786061
:10A090000B46FB700023BB730123FB73154B5B7AEC
:10A0A000DBB2002B1ED07B681B78303BBB73BB7BC5
:10A0B000104A9B0013445B68002B13D0BB7B0D4AF6
:10A0C0009B00134400225A60BB7B0A4A13440022BF
:10A0D0001A72084B5B7ADBB2013BDAB2054B5A725B
:10A0E0000023FB73FB7B18461437BD465DF8047BE9
:10A0F000704700BF74AB012480B582B000AF7860B8
:10A1000000217868FFF7C0FF034618460837BD46B0
:10A1100080BD000080B582B000AF78600B4B01229B
:10A120001A707868E7F7F4FD0346002B07D1074B58
:10A130001B78DBB223F00103DAB2044B1A70034B35
:10A140001B78DBB218460837BD4680BD6206002486
:10A1500080B582B000AF78600B46FB7002F06EFFF6
:10A160000346012B2AD07868E7F772FD0346002BDF
:10A1700006D17868FFF7CEFF03461A46134B1A70D4
:10A18000124B1B78DBB2012B18D07B68104A93422C
:10A1900014D1104B1B68002B10D103220021012089
:10A1A00000F0C9FC03460B4A13600A4B1B68002BE6
:10A1B00004D1064B01221A70012302E0034B1B78E5
:10A1C000DBB218460837BD4680BD00BF62060024DA
:10A1D00030BA052480AB012480B588B000AFF860A8
:10A1E000B9607A603B600123FB77FB681B4A9342AE
:10A1F00002D11B4B1B6800E00023BB613B687A68FF
:10A20000B968F868E7F74EFD0346002B21D142F20A
:10A210001071B86900F0DEFF0346012B19D102F07E
:10A2200081F9024642F2107313447B610BE0F86837
:10A23000E7F76EFD0346002B02D10023FB7708E011
:10A24000022001F00DFF02F06DF902467B69934296
:10A25000EDD8FB7F18462037BD4680BD30BA0524B7
:10A2600080AB012480B588B000AFF860B9607A6037
:10A270003B600123FB77FB681B4A934202D11B4BD7
:10A280001B6800E00023BB613B687A68B968F86826
:10A29000E7F723FD0346002B21D142F21071B86984
:10A2A00000F098FF0346012B19D102F03BF902465A
:10A2B00042F2107313447B610BE0F868E7F728FD66
:10A2C0000346002B02D10023FB7708E0022001F0B7
:10A2D000C7FE02F027F902467B699342EDD8FB7F67
:10A2E00018462037BD4680BD30BA052480AB012416
:10A2F00080B58CB000AFF8600B467A60FB7201232A
:10A3000087F82F30264B1B78DBB203F00103002BBC
:10A3100001D0032340E0FB7A032B38D801A252F886
:10A3200023F000BF35A305083DA3050857A3050882
:10A3300073A30508002387F82F302BE007F11003E3
:10A340001946F868E7F7F5FC7A6A7B681A6000231B
:10A3500087F82F301EE007F110031946F868E7F779
:10A36000E8FCBB6A9AB27B681A80002387F82F301A
:10A3700010E007F110031946F868E7F7DAFCBB6A4A
:10A380005A0A7B681A60002387F82F3002E0042302
:10A3900087F82F3097F82F3018463037BD4680BDEC
:10A3A0006206002480B584B000AF78607B680F4AF5
:10A3B000934202D10E4B1B6800E00023FB60002398
:10A3C000BB6007F108031946F86800F069FDBB6837
:10A3D000002B07D0074B4FF080521A60BFF34F8F0E
:10A3E000BFF36F8F00BF1037BD4680BD30BA052464
:10A3F00080AB012404ED00E080B584B000AF78604C
:10A400007B680F4A934202D10E4B1B6800E0002389
:10A41000FB600023BB6007F108031946F86800F0F1
:10A420003FFDBB68002B07D0074B4FF080521A60EE
:10A43000BFF34F8FBFF36F8F00BF1037BD4680BD96
:10A4400030BA052480AB012404ED00E080B582B071
:10A4500000AF0346FB71FB7919460448FFF778FE0D
:10A46000034618460837BD4680BD00BF30BA0524F4
:10A4700080B582B000AF0346FB710448FFF74AFE87
:10A48000034618460837BD4680BD00BF30BA0524D4
:10A4900080B584B000AFB9607A603B600346FB735F
:10A4A0003B687A68B9680448FFF796FE0346184689
:10A4B0001037BD4680BD00BF30BA052480B584B0DA
:10A4C00000AFB9607A603B600346FB733B687A6813
:10A4D000B9680448FFF7C6FE034618461037BD4664
:10A4E00080BD00BF30BA052480B582B000AF0346FE
:10A4F0003A60FB710B46BB71BB793A681946044858
:10A50000FFF7F6FE034618460837BD4680BD00BF7C
:10A5100030BA052480B400AF024B1846BD465DF842
:10A52000047B7047C0A9070880B485B000AF78608D
:10A530000B467B800023FB81174BBB607B687F2B26
:10A5400002D87B68FB811FE07B68B3F5803F1BD29C
:10A550007B8840F2B512934216D10023FB8102E0C2
:10A56000FB890133FB81FB897F2B08D8FB895B00CA
:10A57000BA6813441B881A467B689342F0D1FB8962
:10A5800080339BB2DBB2FB81FB8918461437BD4692
:10A590005DF8047B704700BFD4A9070880B485B07C
:10A5A00000AF03460A46FB801346BB800023FB81B5
:10A5B0000F4BBB60FB887F2B02D8FB88FB810FE031
:10A5C000BB8840F2B51293420AD1FB88FF2B07D813
:10A5D000FA88084B13445B00BA6813441B88FB815C
:10A5E000FB8918461437BD465DF8047B704700BFF1
:10A5F000D4A9070880FFFF7F80B487B000AF7860E0
:10A600007B68B3F5803F7DD27B687B827B8AB3F524
:10A61000805F01D23F4B00E03F4B7B617B699A1C1E
:10A620007A611B883B823B8A002B69D07A8A3B8AFD
:10A630009A4265D37B699A1C7A611B88FB81FB89EE
:10A640001B0ABB81FB89DBB2FB817A8A398AFB89D1
:10A650000B449A424ADABB89082B50D801A252F81F
:10A6600023F000BF89A605089BA60508B1A605082A
:10A67000B9A60508C1A60508C9A60508D1A60508FA
:10A68000D9A60508E1A605087A8A3B8AD31A5B0099
:10A690007A6913441B887B8227E07A8A3B8AD31A23
:10A6A0009BB203F001039BB27A8AD31A7B821CE02F
:10A6B0007B8A103B7B8218E07B8A203B7B8214E004
:10A6C0007B8A303B7B8210E07B8A1A3B7B820CE0EA
:10A6D0007B8A08337B8208E07B8A503B7B8204E0E4
:10A6E0007B8AA3F5E3537B8200BF08E0BB89002B84
:10A6F00094D1FB895B007A6913447B618EE700BFCC
:10A700007B8A7B607B6818461C37BD465DF8047BFE
:10A71000704700BFD4AA0708C8AC070880B582B04C
:10A7200000AF7860012000F098FA024608497B6883
:10A7300041F82320064A7B6852F82330002B14BFCF
:10A7400001230023DBB218460837BD4680BD00BF99
:10A7500084AB012480B582B000AF7860054A7B6885
:10A7600052F82330184600F025FF00BF0837BD46D9
:10A7700080BD00BF84AB012480B582B000AF78609B
:10A78000094A7B6852F8233040F6B831184600F089
:10A7900021FD0346012B0CBF01230023DBB2184629
:10A7A0000837BD4680BD00BF84AB012480B582B0B0
:10A7B00000AF7860064A7B6852F82300002300222D
:10A7C000002100F063FA00BF0837BD4680BD00BF1E
:10A7D00084AB012480B483B000AF78607B6803F160
:10A7E00008027B685A607B684FF0FF329A607B6892
:10A7F00003F108027B68DA607B6803F108027B687A
:10A800001A617B6800221A6000BF0C37BD465DF8F4
:10A81000047B704780B483B000AF78607B6800220F
:10A820001A6100BF0C37BD465DF8047B704780B4E9
:10A8300085B000AF786039607B685B68FB603B681F
:10A84000FA685A60FB689A683B689A60FB689B6884
:10A850003A685A60FB683A689A603B687A681A619D
:10A860007B681B685A1C7B681A6000BF1437BD46A2
:10A870005DF8047B704780B485B000AF78603960C4
:10A880003B681B68BB60BB68B3F1FF3F03D17B68CB
:10A890001B69FB600CE07B680833FB6002E0FB682F
:10A8A0005B68FB60FB685B681B68BA689A42F6D21B
:10A8B000FB685A683B685A603B685B683A689A6014
:10A8C0003B68FA689A60FB683A685A603B687A6845
:10A8D0001A617B681B685A1C7B681A6000BF1437BA
:10A8E000BD465DF8047B704780B485B000AF7860EA
:10A8F0007B681B69FB607B685B687A6892689A601A
:10A900007B689B687A6852685A60FB685B687A6803
:10A910009A4203D17B689A68FB685A607B68002280
:10A920001A61FB681B685A1EFB681A60FB681B688B
:10A9300018461437BD465DF8047B704780B586B075
:10A9400000AF7860396001237B617B683B613B69C4
:10A95000002B0DD14FF0500372B683F31188BFF373
:10A960006F8FBFF34F8F62B6FB6000BF00BFFDE784
:10A970003B69002B5DD03B69DB6B002B59D03B69F9
:10A980001A6C3B69DB6B0021A3FB0223002B00D078
:10A9900001210B46002B4CD103F0ECFA3B691A68FD
:10A9A0003B69DB6B3969096C01FB03F31A443B69B2
:10A9B0009A603B6900229A633B691A683B695A6056
:10A9C0003B691A683B69DB6B013B3969096C01FB28
:10A9D00003F31A443B69DA603B69FF2283F84420A1
:10A9E0003B69FF2283F845203B68002B14D13B696B
:10A9F0001B69002B1AD03B691033184602F03AF855
:10AA00000346002B12D0174B4FF080521A60BFF351
:10AA10004F8FBFF36F8F09E03B6910331846FFF784
:10AA2000D9FE3B6924331846FFF7D4FE03F0D8FA69
:10AA300001E000237B617B69002B0DD14FF05003B7
:10AA400072B683F31188BFF36F8FBFF34F8F62B677
:10AA5000BB6000BF00BFFDE77B6918461837BD46E5
:10AA600080BD00BF04ED00E080B58CB002AFF8609F
:10AA7000B9607A603B6000237B623B68002B0DD19C
:10AA80004FF0500372B683F31188BFF36F8FBFF39B
:10AA90004F8F62B63B6200BF00BFFDE7FB68002B33
:10AAA00033D03B68002B30D07B68002B02D0BB68D2
:10AAB000002B2AD07B68002B02D1BB68002B24D14D
:10AAC00050237B617B69502B0DD04FF0500372B641
:10AAD00083F31188BFF36F8FBFF34F8F62B6FB61B3
:10AAE00000BF00BFFDE77B693B687B627B6A012298
:10AAF00083F8462097F830207B6A009313467A68E3
:10AB0000B968F86800F06CF810E07B6A002B0DD192
:10AB10004FF0500372B683F31188BFF36F8FBFF30A
:10AB20004F8F62B6BB6100BF00BFFDE77B6A18466E
:10AB30002837BD4680BD80B58AB002AFF860B960E5
:10AB40001346FB710023FB61FB68002B32D0002110
:10AB5000BA68FB68A3FB0223002B00D001210B463F
:10AB6000002B27D1FB68BA6802FB03F313F1510FE6
:10AB700020D8FB68BA6802FB03F3BB61BB695033A2
:10AB8000184603F02BFBF861FB69002B23D0FB690F
:10AB90007B617B6950337B61FB69002283F846202F
:10ABA000FA79FB69009313467A69B968F86800F08E
:10ABB00017F810E0FB69002B0DD14FF0500372B66F
:10ABC00083F31188BFF36F8FBFF34F8F62B63B6182
:10ABD00000BF00BFFDE7FB6918462037BD4680BDBA
:10ABE00080B584B000AFF860B9607A60FB70BB6874
:10ABF000002B03D1BB69BA691A6002E0BB697A68AD
:10AC00001A60BB69FA68DA63BB69BA681A64012121
:10AC1000B869FFF793FEBB69FA7883F84C2000BF50
:10AC20001037BD4680BD80B582B000AF78607B68CC
:10AC3000002B0ED07B6800229A607B6800221A608D
:10AC40007B680022DA60002300220021786800F08F
:10AC50001DF800BF0837BD4680BD80B586B000AF87
:10AC60000346FB7101237B6100233B61FB791A469C
:10AC700039697869FFF75FFFF860F868FFF7D3FF7D
:10AC8000FB6818461837BD4680BD000080B58EB001
:10AC900000AFF860B9607A603B6000237B63FB68BB
:10ACA0003B633B6B002B0DD14FF0500372B683F327
:10ACB0001188BFF36F8FBFF34F8F62B6BB6200BFC7
:10ACC00000BFFDE7BB68002B03D13B6B1B6C002B67
:10ACD00001D1012300E00023002B0DD14FF05003E0
:10ACE00072B683F31188BFF36F8FBFF34F8F62B6D5
:10ACF0007B6200BF00BFFDE73B68022B03D13B6BCB
:10AD0000DB6B012B01D1012300E00023002B0DD1CF
:10AD10004FF0500372B683F31188BFF36F8FBFF308
:10AD20004F8F62B63B6200BF00BFFDE702F086F9BD
:10AD30000346002B02D17B68002B01D1012300E0E8
:10AD40000023002B0DD14FF0500372B683F311880E
:10AD5000BFF36F8FBFF34F8F62B6FB6100BF00BFC1
:10AD6000FDE703F007F93B6B9A6B3B6BDB6B9A4299
:10AD700002D33B68022B29D13A68B968386B00F0DE
:10AD800057FCF8623B6B5B6A002B10D03B6B2433A3
:10AD9000184601F06FFE0346002B13D03F4B4FF0D7
:10ADA00080521A60BFF34F8FBFF36F8F0AE0FB6AC8
:10ADB000002B07D0394B4FF080521A60BFF34F8FF2
:10ADC000BFF36F8F03F00CF9012363E07B68002B66
:10ADD00003D103F005F900235CE07B6B002B06D167
:10ADE00007F11403184601F021FF01237B6303F0F0
:10ADF000F7F801F07FFA03F0BDF83B6B93F84430AD
:10AE00005BB2B3F1FF3F03D13B6B002283F84420D8
:10AE10003B6B93F845305BB2B3F1FF3F03D13B6B23
:10AE2000002283F8452003F0DBF83A1D07F11403F4
:10AE30001146184601F010FF0346002B24D1386B51
:10AE400000F0EEFC0346002B18D03B6B10337A6801
:10AE50001146184601F09EFD386B00F079FC01F0B8
:10AE600057FA0346002B7FF47CAF0C4B4FF0805217
:10AE70001A60BFF34F8FBFF36F8F72E7386B00F02C
:10AE800067FC01F045FA6CE7386B00F061FC01F0FB
:10AE90003FFA002318463837BD4680BD04ED00E078
:10AEA00080B590B000AF786039607B68BB63BB6BE6
:10AEB000002B0DD14FF0500372B683F31188BFF30E
:10AEC0006F8FBFF34F8F62B67B6200BF00BFFDE79D
:10AED000BB6B1B6C002B0DD04FF0500372B683F38D
:10AEE0001188BFF36F8FBFF34F8F62B63B6200BF15
:10AEF00000BFFDE7BB6B1B68002B03D1BB6B9B68DE
:10AF0000002B01D1012300E00023002B0DD14FF0D5
:10AF1000500372B683F31188BFF36F8FBFF34F8F67
:10AF200062B6FB6100BF00BFFDE703F011F9EFF36C
:10AF300011824FF0500372B683F31188BFF36F8F05
:10AF4000BFF34F8F62B6BA617B61BB697B63BB6B3A
:10AF50009B6B3B63BB6BDB6B3A6B9A4245D2BB6B23
:10AF600093F8453087F82F303B6B5A1CBB6B9A63C4
:10AF700097F92F30B3F1FF3F12D1BB6B5B6A002B07
:10AF800030D0BB6B2433184601F074FD0346002B10
:10AF900028D03B68002B25D03B6801221A6021E0B5
:10AFA00001F0D0FAB86297F92F30BA6A9A4219D9EB
:10AFB00097F92F307F2B0DD14FF0500372B683F3EA
:10AFC0001188BFF36F8FBFF34F8F62B63B6100BF35
:10AFD00000BFFDE797F82F300133DBB25AB2BB6BED
:10AFE00083F845200123FB6301E00023FB637B6BB7
:10AFF000FB60FB6883F3118800BFFB6B184640378A
:10B00000BD4680BD80B58CB000AFF860B9607A6095
:10B010000023FB62FB68BB62BB6A002B0DD14FF0C3
:10B02000500372B683F31188BFF36F8FBFF34F8F56
:10B0300062B63B6200BF00BFFDE7BB68002B03D1D7
:10B04000BB6A1B6C002B01D1012300E00023002B05
:10B050000DD14FF0500372B683F31188BFF36F8F99
:10B06000BFF34F8F62B6FB6100BF00BFFDE701F089
:10B07000E5FF0346002B02D17B68002B01D10123A1
:10B0800000E00023002B0DD14FF0500372B683F384
:10B090001188BFF36F8FBFF34F8F62B6BB6100BFE4
:10B0A00000BFFDE702F066FFBB6A9B6B7B627B6AB9
:10B0B000002B1FD0B968B86A00F024FB7B6A5A1EC7
:10B0C000BB6A9A63BB6A1B69002B0FD0BB6A103343
:10B0D000184601F0CFFC0346002B07D03C4B4FF045
:10B0E00080521A60BFF34F8FBFF36F8F02F078FF6B
:10B0F000012369E07B68002B03D102F071FF00237C
:10B1000062E0FB6A002B06D107F11003184601F03C
:10B110008DFD0123FB6202F063FF01F0EBF802F00A
:10B1200029FFBB6A93F844305BB2B3F1FF3F03D110
:10B13000BB6A002283F84420BB6A93F845305BB2B7
:10B14000B3F1FF3F03D1BB6A002283F8452002F030
:10B1500047FF3A1D07F110031146184601F07CFD28
:10B160000346002B23D1B86A00F044FB0346002BB2
:10B1700017D0BB6A24337A681146184601F00AFCDE
:10B18000B86A00F0E5FA01F0C3F80346002B89D154
:10B190000F4B4FF080521A60BFF34F8FBFF36F8F8A
:10B1A00080E7B86A00F0D4FA01F0B2F87AE7B86A3A
:10B1B00000F0CEFA01F0ACF8B86A00F01BFB0346D1
:10B1C000002B3FF46FAF002318463037BD4680BDDB
:10B1D00004ED00E080B58CB000AF786039600023EA
:10B1E000FB627B687B620023BB627B6A002B0DD114
:10B1F0004FF0500372B683F31188BFF36F8FBFF324
:10B200004F8F62B6BB6100BF00BFFDE77B6A1B6C5E
:10B21000002B0DD04FF0500372B683F31188BFF3AB
:10B220006F8FBFF34F8F62B67B6100BF00BFFDE73A
:10B2300001F004FF0346002B02D13B68002B01D133
:10B24000012300E00023002B0DD14FF0500372B614
:10B2500083F31188BFF36F8FBFF34F8F62B63B61EB
:10B2600000BF00BFFDE702F085FE7B6A9B6B3B627F
:10B270003B6A002B24D03B6A5A1E7B6A9A637B6A26
:10B280001B68002B04D102F005F902467B6A9A6024
:10B290007B6A1B69002B0FD07B6A1033184601F0C4
:10B2A000E9FB0346002B07D04C4B4FF080521A604D
:10B2B000BFF34F8FBFF36F8F02F092FE012389E03F
:10B2C0003B68002B03D102F08BFE002382E0FB6A77
:10B2D000002B06D107F10803184601F0A7FC012353
:10B2E000FB6202F07DFE01F005F802F043FE7B6A8E
:10B2F00093F844305BB2B3F1FF3F03D17B6A002285
:10B3000083F844207B6A93F845305BB2B3F1FF3F8A
:10B3100003D17B6A002283F8452002F061FE3A46A1
:10B3200007F108031146184601F096FC0346002B6E
:10B3300032D1786A00F05EFA0346002B26D07B6A91
:10B340001B68002B09D102F015FE7B6A9B6818462A
:10B3500001F092FEB86202F043FE7B6A24333A6841
:10B360001146184601F016FB786A00F0F1F900F07A
:10B37000CFFF0346002B7FF476AF184B4FF080527F
:10B380001A60BFF34F8FBFF36F8F6CE7786A00F0DE
:10B39000DFF900F0BDFF66E7786A00F0D9F900F048
:10B3A000B7FF786A00F026FA0346002B3FF45BAF44
:10B3B000BB6A002B0DD002F0DDFD786A00F020F9A9
:10B3C000F8617B6A9B68F969184601F0A1FF02F0F9
:10B3D00007FE002318463037BD4680BD04ED00E06F
:10B3E00080B58EB000AFF860B9607A6000237B63EF
:10B3F000FB683B633B6B002B0DD14FF0500372B6E3
:10B4000083F31188BFF36F8FBFF34F8F62B67B62F8
:10B4100000BF00BFFDE7BB68002B03D13B6B1B6C7B
:10B42000002B01D1012300E00023002B0DD14FF0B0
:10B43000500372B683F31188BFF36F8FBFF34F8F42
:10B4400062B63B6200BF00BFFDE701F0F7FD0346B7
:10B45000002B02D17B68002B01D1012300E00023E7
:10B46000002B0DD14FF0500372B683F31188BFF358
:10B470006F8FBFF34F8F62B6FB6100BF00BFFDE768
:10B4800002F078FD3B6B9B6BFB62FB6A002B21D0CB
:10B490003B6BDB68BB62B968386B00F033F93B6B20
:10B4A000BA6ADA603B6B5B6A002B0FD03B6B2433CC
:10B4B000184601F0DFFA0346002B07D03C4B4FF053
:10B4C00080521A60BFF34F8FBFF36F8F02F088FD79
:10B4D000012369E07B68002B03D102F081FD00238A
:10B4E00062E07B6B002B06D107F11403184601F0D4
:10B4F0009DFB01237B6302F073FD00F0FBFE02F075
:10B5000039FD3B6B93F844305BB2B3F1FF3F03D19D
:10B510003B6B002283F844203B6B93F845305BB2D1
:10B52000B3F1FF3F03D13B6B002283F8452002F0CB
:10B5300057FD3A1D07F114031146184601F08CFB24
:10B540000346002B23D1386B00F054F90346002B3F
:10B5500017D03B6B24337A681146184601F01AFA6B
:10B56000386B00F0F5F800F0D3FE0346002B87D1CE
:10B570000F4B4FF080521A60BFF34F8FBFF36F8FA6
:10B580007EE7386B00F0E4F800F0C2FE78E7386B35
:10B5900000F0DEF800F0BCFE386B00F02BF903463B
:10B5A000002B3FF46DAF002318463837BD4680BDF1
:10B5B00004ED00E080B584B000AF78607B68FB608C
:10B5C000FB68002B0DD14FF0500372B683F3118846
:10B5D000BFF36F8FBFF34F8F62B6BB6000BF00BF7A
:10B5E000FDE7F86800F086F9FB6893F84630002B19
:10B5F00002D1F86802F036FF00BF1037BD4680BDAB
:10B6000080B485B000AF78607B685B6A002B06D0A1
:10B610007B681B6B1B68C3F10703FB6001E0002321
:10B62000FB60FB6818461437BD465DF8047B704725
:10B6300080B586B000AFF860B9607A6000237B61A6
:10B64000FB689B6B3B61FB681B6C002B0DD1FB689F
:10B650001B68002B4DD1FB689B68184601F0ACFDC0
:10B660007861FB6800229A6043E07B68002B19D167
:10B67000FB685868FB681B6C1A46B96813F05BFAE4
:10B68000FB685A68FB681B6C1A44FB685A60FB68CD
:10B690005A68FB689B689A422BD3FB681A68FB6860
:10B6A0005A6026E0FB68D868FB681B6C1A46B968CC
:10B6B00013F041FAFB68DA68FB681B6C5B421A44C2
:10B6C000FB68DA60FB68DA68FB681B689A4207D29D
:10B6D000FB689A68FB681B6C5B421A44FB68DA6083
:10B6E0007B68022B05D13B69002B02D03B69013BF3
:10B6F0003B613B695A1CFB689A637B6918461837A3
:10B70000BD4680BD80B582B000AF786039607B688F
:10B710001B6C002B18D07B68DA687B681B6C1A44A2
:10B720007B68DA607B68DA687B689B689A4203D33F
:10B730007B681A687B68DA607B68D9687B681B6CF9
:10B740001A46386813F0F7F900BF0837BD4680BDC8
:10B7500080B584B000AF786002F00CFC7B6893F891
:10B760004530FB7311E07B685B6A002B12D07B686D
:10B770002433184601F07EF90346002B01D001F076
:10B78000CFFAFB7B013BDBB2FB7397F90F30002B49
:10B79000E9DC00E000BF7B68FF2283F8452002F06F
:10B7A0001FFC02F0E7FB7B6893F84430BB7311E0A9
:10B7B0007B681B69002B12D07B681033184601F0A0
:10B7C00059F90346002B01D001F0AAFABB7B013BDB
:10B7D000DBB2BB7397F90E30002BE9DC00E000BF51
:10B7E0007B68FF2283F8442002F0FAFB00BF103789
:10B7F000BD4680BD80B584B000AF786002F0BAFB72
:10B800007B689B6B002B02D10123FB6001E00023CE
:10B81000FB6002F0E5FBFB6818461037BD4680BDB3
:10B8200080B584B000AF786002F0A4FB7B689A6BAF
:10B830007B68DB6B9A4202D10123FB6001E00023AD
:10B84000FB6002F0CDFBFB6818461037BD4680BD9B
:10B8500080B487B000AF7860396000233B617B68BB
:10B86000002B0DD14FF0500372B683F31188BFF354
:10B870006F8FBFF34F8F62B6FB6000BF00BFFDE765
:10B880003B68002B24D000237B611EE0184A7B69B3
:10B89000DB0013445B687A689A4205D17B69DB0060
:10B8A000134A13443B6113E03B69002B0AD1104A51
:10B8B0007B6952F83330002B04D17B69DB000C4AE2
:10B8C00013443B617B6901337B617B69072BDDD9C5
:10B8D0003B69002B05D03B693A681A603B697A687E
:10B8E0005A6000BF1C37BD465DF8047B704700BF3F
:10B8F0008CAB012480B485B000AF78607B68002BEE
:10B900000DD14FF0500372B683F31188BFF36F8FE0
:10B91000BFF34F8F62B6BB6000BF00BFFDE70023DF
:10B92000FB6016E0104AFB68DB0013445B687A6832
:10B930009A420BD10C4AFB68002142F833100A4AA4
:10B94000FB68DB00134400225A6006E0FB68013309
:10B95000FB60FB68072BE5D900BF00BF1437BD466D
:10B960005DF8047B704700BF8CAB012480B586B0C6
:10B9700000AFF860B9607A60FB687B6102F0FAFAA8
:10B980007B6993F844305BB2B3F1FF3F03D17B692D
:10B99000002283F844207B6993F845305BB2B3F111
:10B9A000FF3F03D17B69002283F8452002F018FB9A
:10B9B0007B699B6B002B06D17B6924337A68B9685D
:10B9C000184601F00FF87869FFF7C2FE00BF18377C
:10B9D000BD4680BD80B58EB004AFF860B9607A60B6
:10B9E0003B607B6B002B0DD14FF0500372B683F39D
:10B9F0001188BFF36F8FBFF34F8F62B63B6200BFFA
:10BA000000BFFDE7BB6B002B0DD14FF0500372B6AA
:10BA100083F31188BFF36F8FBFF34F8F62B6FB6163
:10BA200000BF00BFFDE75C237B617B695C2B0DD011
:10BA30004FF0500372B683F31188BFF36F8FBFF3DB
:10BA40004F8F62B6BB6100BF00BFFDE77B69BB6B78
:10BA5000002B1FD07B6B002B1CD0BB6B7B625C224E
:10BA60000021786A12F0BCFF7B6A7A6B1A637B6AEA
:10BA7000022283F85920002303937B6A0293FB6B15
:10BA800001933B6B00933B687A68B968F86800F0F3
:10BA90008FF801E000237B627B6A18462837BD4699
:10BAA00080BD80B58AB004AFF860B9607A603B6051
:10BAB00000233B6107F110030393BB6A02937B6A87
:10BAC00001933B6A00933B687A68B968F868FFF7AE
:10BAD00081FF78617B69002B02D0786900F0FCF867
:10BAE0003B6918461837BD4680BD80B58AB004AFA3
:10BAF000F860B9607A603B607B689B00184602F092
:10BB00006DFB38613B69002B13D05C2002F066FBB3
:10BB100078617B69002B08D05C220021786912F0E3
:10BB20005FFF7B693A691A6305E0386902F09AFCA5
:10BB300001E000237B617B69002B11D07B6900222F
:10BB400083F85920002303937B6902937B6A019356
:10BB50003B6A00933B687A68B968F86800F028F897
:10BB60007B6918461837BD4680BD80B588B002AFE6
:10BB7000F860B9607A603B607B6A01933B6A00932E
:10BB80003B687A68B968F868FFF7AFFF38613B69CE
:10BB9000002B05D0386900F09FF801237B6102E09B
:10BBA0004FF0FF337B617B6918461837BD4680BD77
:10BBB00080B588B000AFF860B9607A603B603B6BDD
:10BBC000186B7B689B001A46A52112F009FF3B6B9E
:10BBD0001A6B79686FF040430B449B001344BB61C0
:10BBE000BB6923F00703BB61BB6903F00703002BAC
:10BBF0000DD04FF0500372B683F31188BFF36F8FEF
:10BC0000BFF34F8F62B67B6100BF00BFFDE7BB682B
:10BC1000002B1ED00023FB6112E0BA68FB691344BD
:10BC200019783A6BFB69134434330A461A70BA68C0
:10BC3000FB6913441B78002B06D0FB690133FB61C1
:10BC4000FB690F2BE9D900E000BF3B6B002283F8B2
:10BC50004320BB6A062B0DD94FF0500372B683F315
:10BC60001188BFF36F8FBFF34F8F62B63B6100BF88
:10BC700000BFFDE7BB6A062B01D90623BB623B6B05
:10BC8000BA6ADA623B6BBA6ADA643B6B0433184611
:10BC9000FEF7C0FD3B6B18331846FEF7BBFD3B6B50
:10BCA0003A6B1A61BB6AC3F107023B6B9A613B6B4B
:10BCB0003A6B5A623A68F968B86901F0F7FF0246D0
:10BCC0003B6B1A60FB6A002B02D0FB6A3A6B1A606E
:10BCD00000BF2037BD4680BD80B584B000AF78601E
:10BCE00002F048F9414B1B680133404A1360404B56
:10BCF0001B68002B09D13E4A7B6813603B4B1B68D5
:10BD0000012B10D101F030F80DE03A4B1B68002BED
:10BD100009D1374B1B68DA6A7B68DB6A9A4202D822
:10BD2000334A7B681360344B1B680133324A13601B
:10BD3000314B1A687B685A647B68DB6A01229A403F
:10BD40002E4B1B6813432D4A13607B68DA6A2C491B
:10BD500013469B0013449B000B4404331B68FB6099
:10BD60007B68FA689A60FB689A687B68DA60FB68AF
:10BD70009B687A6804325A607B681A1DFB689A6077
:10BD80007B68DA6A13469B0013449B001C4A1A44E2
:10BD90007B685A617B68DA6A194913469B00134431
:10BDA0009B000B441B687A68D26A591C14481346DE
:10BDB0009B0013449B000344196002F011F90D4BE2
:10BDC0001B68002B0ED00A4B1B68DA6A7B68DB6AA3
:10BDD0009A4207D20B4B4FF080521A60BFF34F8F3D
:10BDE000BFF36F8F00BF1037BD4680BDB8AC0124D4
:10BDF000CCAB0124C4AC0124D4AC0124C0AC0124DC
:10BE0000D0AB012404ED00E080B586B000AF7860CF
:10BE100000237B6102F0AEF87B68002B02D1424B1D
:10BE20001B6800E07B683B613B6904331846FEF702
:10BE30005BFD0346002B15D13B69DA6A3B4913468B
:10BE40009B0013449B000B441B68002B0AD13B69E9
:10BE5000DB6A012202FA03F3DA43354B1B68134015
:10BE6000334A13603B699B6A002B04D03B6918334B
:10BE70001846FEF739FD2F4B1B6801332D4A13601E
:10BE8000294B1B683A699A4201D1012300E0002343
:10BE9000FB60294B1B68002B10D0FB68002B0DD0DA
:10BEA0003B69043319462548FEF7C1FC244B1B6847
:10BEB0000133234A136001237B6106E0214B1B6899
:10BEC000013B204A136001F09DF802F089F87B697C
:10BED000012B02D0386901F063F8174B1B68002B67
:10BEE0001ED0114B1B683A699A4219D1164B1B6838
:10BEF000002B0DD04FF0500372B683F31188BFF3BF
:10BF00006F8FBFF34F8F62B6BB6000BF00BFFDE70E
:10BF10000E4B4FF080521A60BFF34F8FBFF36F8FFD
:10BF200000BF1837BD4680BDCCAB0124D0AB012487
:10BF3000C0AC0124D4AC0124C4AC0124A0AC0124C5
:10BF4000B4AC0124B8AC0124E0AC012404ED00E061
:10BF500080B58AB000AF7860396000237B627B686F
:10BF6000002B0DD14FF0500372B683F31188BFF34D
:10BF70006F8FBFF34F8F62B67B6100BF00BFFDE7DD
:10BF80003B68002B0DD14FF0500372B683F311883C
:10BF9000BFF36F8FBFF34F8F62B63B6100BF00BF2F
:10BFA000FDE700F0A7F92B4B1B683B622A4B1B688F
:10BFB000012B0DD04FF0500372B683F31188BFF3FD
:10BFC0006F8FBFF34F8F62B6FB6000BF00BFFDE70E
:10BFD0007B681B683A681344FB617B681B683A6A9C
:10BFE0009A420BD27B681B68FA699A4211D2FA69AD
:10BFF0003B6A9A420DD901237B620AE07B681B6889
:10C00000FA699A4203D3FA693B6A9A4201D9012339
:10C010007B627B68FA691A607B6A002B06D0FA693A
:10C020003B6AD31A0021184601F04CFA00F070F96F
:10C03000B861BB69002B07D1084B4FF080521A60E2
:10C04000BFF34F8FBFF36F8F7B6A18462837BD460B
:10C0500080BD00BFBCAC0124E0AC012404ED00E0D5
:10C0600080B584B000AF78600023FB607B68002B54
:10C070001AD000F03FF9144B1B68012B0DD04FF084
:10C08000500372B683F31188BFF36F8FBFF34F8FE6
:10C0900062B6BB6000BF00BFFDE70021786801F019
:10C0A00011FA00F035F9F860FB68002B07D1074B57
:10C0B0004FF080521A60BFF34F8FBFF36F8F00BFF6
:10C0C0001037BD4680BD00BFE0AC012404ED00E0A8
:10C0D00080B58AB000AF78607B683B623B6A002B1A
:10C0E0000DD14FF0500372B683F31188BFF36F8FF9
:10C0F000BFF34F8F62B6FB6000BF00BFFDE7204B70
:10C100001B683A6A9A4203D1002387F8273031E04E
:10C1100001F030FF3B6A5B69FB613B6A9B6ABB6174
:10C12000184B1B687B61184B1B683B6101F058FF83
:10C13000BB69164A934203D1012387F8273019E0DF
:10C14000FA697B699A4203D0FA693B699A4203D142
:10C15000022387F827300DE0FB690D4A934202D095
:10C16000FB69002B03D1042387F8273002E0012369
:10C1700087F8273097F8273018462837BD4680BD06
:10C18000CCAB012484AC012488AC01248CAC012408
:10C19000A0AC012480B590B004AF0123FB62002362
:10C1A0003B6200237B6213E02B4A7B6A13441978BD
:10C1B00007F110027B6A13440A461A7007F1100255
:10C1C0007B6A13441B78002B06D07B6A01337B62A9
:10C1D0007B6A0F2BE8DD00E000BF0023BB6231E08B
:10C1E0001E4B3B620023FB600023BB603A1D07F13E
:10C1F000080107F10C03184601F0BAF97868BB682A
:10C20000FA6807F1100102920193002300930023C2
:10C210000246386AFFF745FC02461149BB6A41F8FD
:10C2200023200F4ABB6A52F82330002B02D001238F
:10C23000FB6201E00023FB62FB6A002B06D0BB6AB5
:10C240000133BB62BB6A002BCADD00E000BFFB6AA2
:10C2500018463037BD4680BDD089070839CD05085E
:10C26000DCAC012480B584B000AFFFF793FFF86029
:10C27000FB68012B02D101F0AFF9F860FB68012BDC
:10C2800018D14FF0500372B683F31188BFF36F8F4C
:10C29000BFF34F8F62B6BB6000BF124B4FF0FF324F
:10C2A0001A60114B01221A60104B00221A6001F033
:10C2B00091FD11E0FB68B3F1FF3F0DD14FF050034A
:10C2C00072B683F31188BFF36F8FBFF34F8F62B6DF
:10C2D0007B6000BF00BFFDE7054B1B6800BF103748
:10C2E000BD4680BDD8AC0124C4AC0124BCAC012443
:10C2F00084AD070880B400AF044B1B680133034AC8
:10C30000136000BFBD465DF8047B7047E0AC0124BC
:10C3100080B588B000AF0023FB610023BB6101F052
:10C3200029FE00233B61764B1B68002B0DD14FF09B
:10C33000500372B683F31188BFF36F8FBFF34F8F33
:10C3400062B63B6000BF00BFFDE76D4B1B68013B61
:10C350006B4A13606A4B1B68002B40F0CA80694B24
:10C360001B68002B00F0C5808EE0674BDB68DB6844
:10C37000FB61FB699B6AFB60FB69DB69FA69126A16
:10C380009A60FB691B6AFA69D2695A60FB685A684D
:10C39000FB6918339A4203D1FB691A6AFB685A6039
:10C3A000FB6900229A62FB681B685A1EFB681A60D0
:10C3B000FB695B69BB60FB699B68FA69D2689A603C
:10C3C000FB69DB68FA6992685A60BB685A68FB6966
:10C3D00004339A4203D1FB69DA68BB685A60FB698F
:10C3E00000225A61BB681B685A1EBB681A60FB6951
:10C3F000DB6A01229A40454B1B681343434A136092
:10C40000FB69DA6A424913469B0013449B000B44C4
:10C4100004331B687B60FB697A689A607B689A6862
:10C42000FB69DA607B689B68FA6904325A60FB69D1
:10C430001A1D7B689A60FB69DA6A13469B001344F5
:10C440009B00334A1A44FB695A61FB69DA6A304936
:10C4500013469B0013449B000B441B68FA69D26A85
:10C46000591C2B4813469B0013449B00034419603E
:10C47000FB69DA6A274B1B68DB6A9A4204D9264AB1
:10C480003B69012142F823101F4B1B68002B7FF4EE
:10C490006CAFFB69002B01D000F0B4FD1F4B1B6893
:10C4A0007B617B69002B12D000F0D2F80346002B91
:10C4B00004D0194A3B69012142F823107B69013BF2
:10C4C0007B617B69002BEFD1144B00221A60124A6A
:10C4D0003B6952F82330002B0BD00123BB610D4B7D
:10C4E0001B680F4B4FF080521A60BFF34F8FBFF3A2
:10C4F0006F8F01F075FDBB6918462037BD4680BDC2
:10C50000E0AC0124B8AC01248CAC0124C0AC012403
:10C51000D0AB0124CCAB0124CCAC0124C8AC0124A9
:10C5200004ED00E080B483B000AF054B1B687B6076
:10C530007B6818460C37BD465DF8047B704700BF2A
:10C54000BCAC012480B400AF034B1B681846BD4649
:10C550005DF8047B704700BFB8AC012480B586B09D
:10C5600000AFF860B9607A6000237B6107233B610C
:10C57000FFF7C0FE314B1B68BA689A4257D33B693C
:10C58000013B3B617A691346DB0013449B001A466A
:10C59000FB6898183A6913469B0013449B00284A8D
:10C5A00013440122194600F0ABFC02467B69134498
:10C5B0007B613B69002BE2D17A691346DB001344AF
:10C5C0009B001A46FB6813441E4A11680222184653
:10C5D00000F096FC02467B6913447B617A6913463E
:10C5E000DB0013449B001A46FB681344164A11688B
:10C5F0000222184600F084FC02467B6913447B61EA
:10C600007A691346DB0013449B001A46FB68134407
:10C6100004220E49184600F073FC02467B6913445D
:10C620007B617B68002B02D07B6800221A60FFF7D9
:10C630006FFE7B6918461837BD4680BDB8AC012433
:10C64000D0AB012484AC012488AC0124A0AC01242B
:10C6500080B58AB000AF00237B62804B1B68002B43
:10C6600040F0F1807E4B1B6801333B627C4A3B6AA1
:10C6700013603B6A002B23D17A4B1B681B68002B8D
:10C680000DD04FF0500372B683F31188BFF36F8F54
:10C69000BFF34F8F62B67B6000BF00BFFDE7714BF9
:10C6A0001B68FB61704B1B686E4A13606E4AFB6926
:10C6B00013606E4B1B6801336C4A136000F0A2FCE0
:10C6C0006B4B1B683A6A9A42C0F0A880654B1B68A6
:10C6D0001B68002B04D1664B4FF0FF321A609DE0BF
:10C6E000604B1B68DB68DB68BB61BB695B687B61B7
:10C6F0003A6A7B699A4203D25D4A7B6913608DE096
:10C70000BB695B693B61BB699B68BA69D2689A6027
:10C71000BB69DB68BA6992685A603B695A68BB6951
:10C7200004339A4203D1BB69DA683B695A60BB693A
:10C7300000225A613B691B685A1E3B691A60BB693B
:10C740009B6A002B1ED0BB699B6AFB60BB69DB69DF
:10C75000BA69126A9A60BB691B6ABA69D2695A607F
:10C76000FB685A68BB6918339A4203D1BB691A6ADD
:10C77000FB685A60BB6900229A62FB681B685A1EFC
:10C78000FB681A60BB69DB6A01229A40394B1B685F
:10C790001343384A1360BB69DA6A374913469B0072
:10C7A00013449B000B4404331B68BB60BB69BA682D
:10C7B0009A60BB689A68BB69DA60BB689B68BA69B3
:10C7C00004325A60BB691A1DBB689A60BB69DA6A99
:10C7D00013469B0013449B00274A1A44BB695A61C5
:10C7E000BB69DA6A244913469B0013449B000B443F
:10C7F0001B68BA69D26A591C1F4813469B00134430
:10C800009B0003441960BB69DA6A1C4B1B68DB6A36
:10C810009A427FF65BAF01237B6257E7174B1B6899
:10C82000DA6A154913469B0013449B000B441B68AE
:10C83000012B01D901237B62114B1B68002B07D010
:10C8400001237B6204E00F4B1B6801330D4A136028
:10C850007B6A18462837BD4680BD00BFE0AC012486
:10C86000BCAC012484AC012488AC0124D0AC0124EC
:10C87000D8AC0124C0AC0124D0AB0124CCAB012442
:10C88000CCAC0124C8AC012480B588B000AF3C4BCF
:10C890001B68002B03D03B4B01221A606BE0394B25
:10C8A00000221A60384B1B681B6BFB614FF0A533ED
:10C8B000BB61FB691B68BA699A4211D1FB690433F9
:10C8C0001B68BA699A420BD1FB6908331B68BA69C5
:10C8D0009A4205D1FB690C331B68BA699A4209D0A8
:10C8E000294B1B6834337B61274B1B6879691846D9
:10C8F000E4F772F8254B1B68BB60BB68B3FA83F39F
:10C90000FB71FB79C3F11F033B6121493A6913466F
:10C910009B0013449B000B441B68002B0DD14FF070
:10C92000500372B683F31188BFF36F8FBFF34F8F3D
:10C9300062B63B6000BF00BFFDE73A6913469B004B
:10C9400013449B00124A1344FB60FB685B685A68FF
:10C95000FB685A60FB685A68FB6808339A4203D147
:10C96000FB68DA68FB685A60FB685B68DB68064A4C
:10C970001360054B1B6800BF2037BD4680BD00BF5C
:10C98000E0AC0124CCAC0124CCAB0124C0AC01242C
:10C99000D0AB012480B584B000AF786039607B688B
:10C9A000002B0DD14FF0500372B683F31188BFF303
:10C9B0006F8FBFF34F8F62B6FB6000BF00BFFDE714
:10C9C000074B1B68183319467868FDF754FF01219F
:10C9D000386800F077FD00BF1037BD4680BD00BF4E
:10C9E000CCAB012480B586B000AFF860B9607A6046
:10C9F000FB68002B0DD14FF0500372B683F3118802
:10CA0000BFF36F8FBFF34F8F62B63B6100BF00BFB4
:10CA1000FDE7FB685B687B61154B1B687A69DA612F
:10CA2000134B1B687A6992681A62114B1A687B690A
:10CA30009B6818325A600E4B1B6803F118027B6921
:10CA40009A600B4B1B68FA689A62FB681B685A1C59
:10CA5000FB681A607B68002B02D04FF0FF33BB608D
:10CA60007968B86800F02EFD00BF1837BD4680BD5C
:10CA7000CCAB012480B48BB000AF78607B68DB68FE
:10CA8000DB683B623B6A002B0DD14FF0500372B65E
:10CA900083F31188BFF36F8FBFF34F8F62B6FB60D4
:10CAA00000BF00BFFDE73B6A9B6AFB613B6ADB6935
:10CAB0003A6A126A9A603B6A1B6A3A6AD2695A6099
:10CAC000FB695A683B6A18339A4203D13B6A1A6A77
:10CAD000FB695A603B6A00229A62FB691B685A1E16
:10CAE000FB691A604B4B1B68002B60D13B6A5B698A
:10CAF0007B613B6A9B683A6AD2689A603B6ADB68F2
:10CB00003A6A92685A607B695A683B6A04339A426F
:10CB100003D13B6ADA687B695A603B6A00225A613A
:10CB20007B691B685A1E7B691A603B6ADB6A0122BB
:10CB30009A40394B1B681343374A13603B6ADA6AE1
:10CB4000364913469B0013449B000B4404331B6877
:10CB50003B613B6A3A699A603B699A683B6ADA6072
:10CB60003B699B683A6A04325A603B6A1A1D3B690A
:10CB70009A603B6ADA6A13469B0013449B00274A7B
:10CB80001A443B6A5A613B6ADA6A244913469B009D
:10CB900013449B000B441B683A6AD26A591C1F4815
:10CBA00013469B0013449B00034419601BE01C4B7D
:10CBB0005B68BB613B6ABA69DA61BB699A683B6AC8
:10CBC0001A62BB699B683A6A18325A603B6A03F181
:10CBD0001802BB699A603B6A114A9A62104B1B6843
:10CBE00001330F4A13603B6ADA6A0E4B1B68DB6A3B
:10CBF0009A4205D901237B620B4B01221A6001E0A6
:10CC000000237B627B6A18462C37BD465DF8047BA7
:10CC1000704700BFE0AC0124C0AC0124D0AB0124BC
:10CC20008CAC0124CCAB0124CCAC012480B483B007
:10CC300000AF7860064B1A687B681A60054B1A686B
:10CC40007B685A6000BF0C37BD465DF8047B7047B7
:10CC5000D0AC0124BCAC012480B588B000AF7860B2
:10CC600039607B68002B0DD14FF0500372B683F30F
:10CC70001188BFF36F8FBFF34F8F62B63B6100BF68
:10CC800000BFFDE73B68002B0DD14FF0500372B69B
:10CC900083F31188BFF36F8FBFF34F8F62B6FB60D2
:10CCA00000BF00BFFDE701F065F91B4B1B68BB61CE
:10CCB0007B685B68BA69D31A7B617B681A68174B1B
:10CCC0001B689A420AD07B685B68BA699A4205D3AE
:10CCD0000123FB613B6800221A6015E03B681B687A
:10CCE0007A699A420BD23B681A687B69D21A3B6810
:10CCF0001A607868FFF79AFF0023FB6104E03B6845
:10CD000000221A600123FB6101F06AF9FB691846F1
:10CD10002037BD4680BD00BFBCAC0124D0AC01248F
:10CD200080B400AF034B01221A6000BFBD465DF81E
:10CD3000047B7047CCAC012480B582B000AF786032
:10CD400000F04CF8064B1B68012BF9D9054B4FF04E
:10CD500080521A60BFF34F8FBFF36F8FF0E700BFB1
:10CD6000D0AB012404ED00E080B582B000AF002319
:10CD70007B600CE07A6813469B0013449B00104ACA
:10CD800013441846FDF726FD7B6801337B607B6802
:10CD9000062BEFD90B48FDF71DFD0B48FDF71AFDDB
:10CDA0000A48FDF717FD0A48FDF714FD094B054A2F
:10CDB0001A60094B044A1A6000BF0837BD4680BD9F
:10CDC000D0AB01245CAC012470AC01248CAC0124F8
:10CDD000A0AC012484AC012488AC012480B582B0CD
:10CDE00000AF19E001F0C6F8104BDB68DB687B6030
:10CDF0007B6804331846FDF777FD0D4B1B68013B3C
:10CE00000B4A13600B4B1B68013B0A4A136001F08D
:10CE1000E7F8786800F0C4F8064B1B68002BE1D1F6
:10CE200000BF00BF0837BD4680BD00BFA0AC0124D5
:10CE3000B8AC0124B4AC012480B586B000AFF86072
:10CE4000B9607A60FB70FB68002B02D12A4B1B682B
:10CE500000E0FB687B61BB687A691A607B6903F15B
:10CE60003402BB685A607B69DA6ABB681A617B6905
:10CE70001A6BBB68DA617B695A6CBB689A607B6924
:10CE8000DA6CBB685A61BB6800229A61FB78052B9B
:10CE900018D0194B1B687A699A4203D1BB680022EB
:10CEA0001A7316E0BB68FA781A7301F063F87B69AD
:10CEB0009B6A124A934202D1BB6801221A7301F0A5
:10CEC0008FF806E07869FFF703F903461A46BB6856
:10CED0001A737B68002B08D07B691B6B184600F027
:10CEE00044F80246BB681A6202E0BB6800221A627C
:10CEF00000BF1837BD4680BDCCAB01248CAC0124EB
:10CF000080B588B000AFF860B9601346FB710023AC
:10CF1000FB61BB6808337B6100233B61BB681B6816
:10CF2000002B1DD0BB68DB68BB6115E0BB69DB680B
:10CF30003B61FA691346DB0013449B001A46FB6809
:10CF40009918FB7901223869FFF776FFFB690133F5
:10CF5000FB61BB695B68BB61BA697B699A42E5D1D9
:10CF6000FB6918462037BD4680BD80B485B000AF50
:10CF700078600023FB6005E07B6801337B60FB6821
:10CF80000133FB607B681B78A52BF5D0FB689B0801
:10CF9000FB60FB6818461437BD465DF8047B70479C
:10CFA00080B584B000AF78607B6893F85930002B6F
:10CFB00008D17B681B6B184601F054FA786801F0C1
:10CFC00051FA1BE07B6893F85930012B03D1786844
:10CFD00001F048FA12E07B6893F85930022B0DD02B
:10CFE0004FF0500372B683F31188BFF36F8FBFF316
:10CFF0004F8F62B6FB6000BF00BFFDE700BF103778
:10D00000BD4680BD80B400AF0A4B1B681B68002B77
:10D0100004D1094B4FF0FF321A6005E0054B1B6845
:10D02000DB681B68044A136000BFBD465DF8047BE3
:10D03000704700BF84AC0124D8AC012480B483B015
:10D0400000AF0B4B1B68002B02D101237B6008E073
:10D05000084B1B68002B02D102237B6001E00023F8
:10D060007B607B6818460C37BD465DF8047B7047D3
:10D07000C4AC0124E0AC012480B586B000AF786078
:10D080007B683B6100237B617B68002B00F089801B
:10D090003B69DA6A454B1B68DB6A9A4278D23B6986
:10D0A0009B69002B06DB414B1B68DB6AC3F107025F
:10D0B0003B699A613B6959693B69DA6A13469B008F
:10D0C00013449B003A4A1344994259D13B690433B3
:10D0D0001846FDF709FC0346002B0AD13B69DB6AC1
:10D0E000012202FA03F3DA43324B1B681340314A40
:10D0F00013602E4B1B68DA6A3B69DA623B69DB6AB4
:10D1000001229A402B4B1B6813432A4A13603B6948
:10D11000DA6A274913469B0013449B000B440433EF
:10D120001B68FB603B69FA689A60FB689A683B6918
:10D13000DA60FB689B683A6904325A603B691A1DE1
:10D14000FB689A603B69DA6A13469B0013449B00B4
:10D15000174A1A443B695A613B69DA6A1449134613
:10D160009B0013449B000B441B683A69D26A591C0C
:10D170000F4813469B0013449B000344196004E0CE
:10D180000A4B1B68DA6A3B69DA6201237B6108E0BB
:10D190003B69DA6C054B1B68DB6A9A4201D20123BA
:10D1A0007B617B6918461837BD4680BDCCAB012436
:10D1B000D0AB0124C0AC012480B588B000AF78604A
:10D1C0007B68BB610023FB617B68002B00F09480CF
:10D1D0004C4B1B68BA699A420DD04FF0500372B69F
:10D1E00083F31188BFF36F8FBFF34F8F62B63B613C
:10D1F00000BF00BFFDE7BB691B6D002B0DD14FF0D9
:10D20000500372B683F31188BFF36F8FBFF34F8F54
:10D2100062B6FB6000BF00BFFDE7BB691B6D5A1E15
:10D22000BB691A65BB69DA6ABB69DB6C9A4263D079
:10D23000BB691B6D002B5FD1BB6904331846FDF73A
:10D2400053FB0346002B0AD1BB69DB6A012202FAB9
:10D2500003F3DA432C4B1B6813402B4A1360BB6962
:10D26000DA6CBB69DA62BB69DB6AC3F10702BB69CE
:10D270009A61BB69DB6A01229A40234B1B68134306
:10D28000214A1360BB69DA6A204913469B001344A4
:10D290009B000B4404331B687B61BB697A699A600D
:10D2A0007B699A68BB69DA607B699B68BA690432FA
:10D2B0005A60BB691A1D7B699A60BB69DA6A1346BA
:10D2C0009B0013449B00114A1A44BB695A61BB6915
:10D2D000DA6A0E4913469B0013449B000B441B68FB
:10D2E000BA69D26A591C094813469B0013449B0033
:10D2F000034419600123FB61FB6918462037BD46D2
:10D3000080BD00BFCCAB0124C0AC0124D0AB012454
:10D3100080B58AB000AF786039607B683B620123DA
:10D32000FB617B68002B00F0AA803B6A1B6D002B21
:10D330000DD14FF0500372B683F31188BFF36F8F96
:10D34000BFF34F8F62B63B6100BF00BFFDE73B6A92
:10D35000DB6C3A689A4202D93B687B6202E03B6A26
:10D36000DB6C7B623B6ADB6A7A6A9A4200F08780F8
:10D370003B6A1B6DFA699A4240F08180424B1B6800
:10D380003A6A9A420DD14FF0500372B683F3118876
:10D39000BFF36F8FBFF34F8F62B6FB6000BF00BF5C
:10D3A000FDE73B6ADB6ABB613B6A7A6ADA623B6A29
:10D3B0009B69002B04DB7B6AC3F107023B6A9A611D
:10D3C0003B6A5969BA6913469B0013449B002F4A74
:10D3D0001344994253D13B6A04331846FDF784FA4B
:10D3E0000346002B0AD13B6ADB6A012202FA03F3EF
:10D3F000DA43274B1B681340254A13603B6ADB6AFC
:10D4000001229A40224B1B681343214A13603B6A56
:10D41000DA6A1E4913469B0013449B000B440433F5
:10D420001B687B613B6A7A699A607B699A683B6A90
:10D43000DA607B699B683A6A04325A603B6A1A1D5B
:10D440007B699A603B6ADA6A13469B0013449B002F
:10D450000E4A1A443B6A5A613B6ADA6A0B49134620
:10D460009B0013449B000B441B683A6AD26A591C08
:10D47000064813469B0013449B000344196000BFF9
:10D480002837BD4680BD00BFCCAB0124D0AB012402
:10D49000C0AC012480B483B000AF094B1B687B6033
:10D4A0007B68002B04D07B681B6D5A1C7B681A6557
:10D4B0007B6818460C37BD465DF8047B704700BF9B
:10D4C000CCAB012480B586B000AF78603960224BC8
:10D4D0001B687B61214B1B683B61214B1B68FB6018
:10D4E000204B1B6804331846FDF7FEF90346002B5A
:10D4F0000BD11C4B1B68DB6A012202FA03F3DA43EF
:10D50000194B1B681340184A13607A697B681344EF
:10D51000BB60144B1B68BA685A60BA687B699A4250
:10D5200007D2104B1B6804331946F868FDF7A3F9BE
:10D530000EE00C4B1B68043319463869FDF79BF964
:10D540000A4B1B68BA689A4202D2084ABB68136049
:10D5500000BF1837BD4680BDBCAC012484AC01249B
:10D5600088AC0124CCAB0124C0AC0124D8AC01248C
:10D5700080B485B000AFF860B9607A60FB68074A94
:10D580001A60BB68064A1A607B6880221A6000BF76
:10D590001437BD465DF8047B704700BFE4AC01243E
:10D5A00040AD012480B485B000AFF860B9607A6006
:10D5B000FB68074A1A60BB68064A1A607B684FF42A
:10D5C00080721A6000BF1437BD465DF8047B704757
:10D5D00040AF01249CAF012480B58AB004AF002382
:10D5E0007B6100F023FB1E4B1B68002B21D0002326
:10D5F000FB600023BB603A1D07F1080107F10C0333
:10D600001846FFF7CFFF7968BB68FA68029201936A
:10D610000223009300230A4612491348FEF741FAF9
:10D620000346124A1360114B1B68002B01D00123E3
:10D630007B617B69002B0DD14FF0500372B683F3F1
:10D640001188BFF36F8FBFF34F8F62B63B6100BF8E
:10D6500000BFFDE77B6918461837BD4680BD00BF97
:10D66000CCB30124D88907087DD80508D0B301249C
:10D6700080B588B002AFF860B9607A603B602C205A
:10D6800000F0ACFD78617B69002B0DD07B69002236
:10D6900083F828207B6901933B6A00933B687A6892
:10D6A000B968F86800F005F87B6918461837BD4678
:10D6B00080BD80B586B000AFF860B9607A603B602D
:10D6C000BB68002B0DD14FF0500372B683F3118865
:10D6D000BFF36F8FBFF34F8F62B67B6100BF00BF98
:10D6E000FDE700F0A3FA7B6AFA681A607B6ABA6801
:10D6F0009A617B6A3A68DA617B6A3A6A1A627B6A83
:10D7000004331846FDF786F87B68002B08D07B6A47
:10D7100093F8283043F00403DAB27B6A83F82820B8
:10D7200000BF1837BD4680BD80B58AB000AFF86035
:10D73000B9607A603B6000237B62FB68002B0DD1EF
:10D740004FF0500372B683F31188BFF36F8FBFF3AE
:10D750004F8F62B63B6200BF00BFFDE71D4B1B68E9
:10D76000002B31D0BB683B617B687B61FB68BB6190
:10D77000BB68052B0DDD4FF0500372B683F31188A3
:10D78000BFF36F8FBFF34F8F62B6FB6100BF00BF67
:10D79000FDE7BB68052B17DCFFF750FC0346022BA7
:10D7A00009D10C4B186807F1100100233A6BFDF703
:10D7B0006DFA786208E0074B186807F11001002342
:10D7C0000022FDF763FA78627B6A18462837BD4667
:10D7D00080BD00BFCCB3012480B584B000AFF86039
:10D7E000B9607A6008E0FB689B69BA681344BB6063
:10D7F000FB681B6AF8689847FB689A69BB68D11890
:10D80000BB687A68F86800F0DFF80346002BEAD1BD
:10D8100000BF00BF1037BD4680BD000080B584B09A
:10D8200000AF78603960144B1B68DB68DB68FB6015
:10D83000FB6804331846FDF757F8FB6893F8283067
:10D8400003F00403002B05D03A687968F868FFF705
:10D85000C3FF08E0FB6893F8283023F00103DAB235
:10D86000FB6883F82820FB681B6AF868984700BFAC
:10D870001037BD4680BD00BFC4B3012480B584B05D
:10D8800000AF786007F10803184600F059F8F86017
:10D89000BB681946F86800F005F800F0D7F800BF3B
:10D8A000F0E7000080B584B000AF78603960FEF723
:10D8B00021FD07F10803184600F066F8F860BB6820
:10D8C000002B30D13B68002B0AD17A68FB689A4262
:10D8D00006D8FEF71DFDF9687868FFF79FFF24E082
:10D8E0003B68002B08D0134B1B681B68002B01D131
:10D8F000012300E000233B600F4B18687A68FB6847
:10D90000D31A3A681946FEF731F8FEF701FD0346CF
:10D91000002B0AD1094B4FF080521A60BFF34F8F92
:10D92000BFF36F8F01E0FEF7F3FC00BF1037BD4679
:10D9300080BD00BFC8B30124CCB3012404ED00E0D6
:10D9400080B485B000AF78600E4B1B681B68002B5D
:10D9500001D1012200E000227B681A607B681B680D
:10D96000002B05D1074B1B68DB681B68FB6001E0DF
:10D970000023FB60FB6818461437BD465DF8047B46
:10D98000704700BFC4B3012480B584B000AF786095
:10D99000FEF7C8FDF8600B4B1B68FA689A4205D287
:10D9A00000F01EF97B6801221A6002E07B68002209
:10D9B0001A60044AFB681360FB6818461037BD46BE
:10D9C00080BD00BFD4B3012480B586B000AFF8603D
:10D9D000B9607A603B6000237B61FB68BA685A607B
:10D9E000FB68FA681A61BA687B689A4212D87A684A
:10D9F0003B68D21AFB689B699A4202D301237B6180
:10DA00001BE0104B1A68FB68043319461046FCF7FC
:10DA100032FF12E07A683B689A4206D2BA683B68E5
:10DA20009A4202D301237B6107E0074B1A68FB6827
:10DA3000043319461046FCF71EFF7B691846183759
:10DA4000BD4680BDC8B30124C4B3012480B588B0ED
:10DA500000AF07F1080300221A605A609A60ABE039
:10DA6000BB68002BC0F2A8803B69FB61FB695B6966
:10DA7000002B04D0FB6904331846FCF735FF3B1D2F
:10DA80001846FFF781FFB861BB68013B082B00F225
:10DA9000908001A252F823F0BDDA0508BDDA05082E
:10DAA00025DB050839DB050889DB0508BDDA050833
:10DAB000BDDA050825DB050839DB0508FB6993F8A5
:10DAC000283043F00103DAB2FB6983F82820FA68B2
:10DAD000FB699B69D118FB68BA69F869FFF774FFA5
:10DAE0000346002B67D0FB6993F8283003F004034A
:10DAF000002B09D0FA68FB699B691344BA6919467F
:10DB0000F869FFF769FE08E0FB6993F8283023F015
:10DB10000103DAB2FB6983F82820FB691B6AF86904
:10DB2000984748E0FB6993F8283023F00103DAB204
:10DB3000FB6983F828203FE0FB6993F8283043F025
:10DB40000103DAB2FB6983F82820FA68FB699A615D
:10DB5000FB699B69002B0DD14FF0500372B683F324
:10DB60001188BFF36F8FBFF34F8F62B67B6100BF29
:10DB700000BFFDE7FB699A69BB69D118BB69BA6947
:10DB8000F869FFF721FF17E0FB6993F8283003F0ED
:10DB90000203002B03D1F86900F064FC0CE0FB6980
:10DBA00093F8283023F00103DAB2FB6983F82820C8
:10DBB00002E000BF00E000BF084B1B6807F108014E
:10DBC00000221846FDF71EFA0346002B7FF448AFEB
:10DBD00000BF00BF2037BD4680BD00BFCCB30124CD
:10DBE00080B582B000AF09E00E4B1B68DB681B6894
:10DBF0003B604FF0FF313868FFF710FE094B1B68A0
:10DC00001B68002BF0D1074B1B687B60064B1B6821
:10DC1000044A1360044A7B68136000BF0837BD469E
:10DC200080BD00BFC4B30124C8B3012480B582B055
:10DC300002AF00F09FF9154B1B68002B20D1144850
:10DC4000FCF7C8FD1348FCF7C5FD134B104A1A60DA
:10DC5000124B104A1A6000230093114B114A0C21F9
:10DC60000A20FCF701FF0346084A1360074B1B68B4
:10DC7000002B05D0054B1B680B491846FDF7E8FD46
:10DC800000F0AEF900BFBD4680BD00BFCCB301249B
:10DC90009CB30124B0B30124C4B30124C8B301244C
:10DCA00050B40124D8B30124E089070880B485B0BA
:10DCB00000AFF860B9607A60FB68043BFB60FB680A
:10DCC0004FF080721A60FB68043BFB60BB6823F076
:10DCD0000102FB681A60FB68043BFB600C4AFB68AE
:10DCE0001A60FB68143BFB607A68FB681A60FB688B
:10DCF000043BFB60FB686FF002021A60FB68203B8C
:10DD0000FB60FB6818461437BD465DF8047B70471E
:10DD100015DD050880B485B000AF00237B60154B8E
:10DD20001B68B3F1FF3F0DD04FF0500372B683F381
:10DD30001188BFF36F8FBFF34F8F62B6FB6000BFD8
:10DD400000BFFDE74FF0500372B683F31188BFF3B5
:10DD50006F8FBFF34F8F62B6BB6000BF00BF7B68A1
:10DD6000002BFCD000BF00BF1437BD465DF8047B1C
:10DD7000704700BF6406002400000000000000009F
:10DD8000074B19680868B0E8F04F80F30988BFF3C3
:10DD90006F8F4FF0000080F311887047AFF3008061
:10DDA000CCAB012400BF00BF08480068006880F3C6
:10DDB00008884FF0000080F3148862B661B6BFF3A4
:10DDC0004F8FBFF36F8F00DF00BF000008ED00E052
:10DDD00000BF00BF80B58AB000AF5C4B1B687B62A0
:10DDE0007B6A2C331B685A4A93420DD04FF0500384
:10DDF00072B683F31188BFF36F8FBFF34F8F62B694
:10DE0000BB6100BF00BFFDE77B6A38331B68514A26
:10DE100093420DD04FF0500372B683F31188BFF3D5
:10DE20006F8FBFF34F8F62B6FB6100BF00BFFDE78E
:10DE30000023BB60484B3B623B6A1B78DBB2FB7341
:10DE40003B6AFF221A703B6A1B78DBB2FB71FB79DD
:10DE5000DBB203F05003DAB2404B1A703F4B1B7831
:10DE6000002B0DD14FF0500372B683F31188BFF32E
:10DE70006F8FBFF34F8F62B67B6100BF00BFFDE7BE
:10DE8000FB79DBB2DB4303F05003002B15D04FF0DE
:10DE9000500372B683F31188BFF36F8FBFF34F8FB8
:10DEA00062B63B6100BF00BFFDE7BB680133BB60EA
:10DEB000FB79DBB25B00DBB2FB71FB79DBB203F019
:10DEC0008003802BF1D0BB68082B03D1244B0022A8
:10DED0001A6004E0BB68C3F10703214A1360204BBA
:10DEE0001B681B021E4A13601D4B1B6803F4E06392
:10DEF0001B4A1360FB7BDAB23B6A1A70194B1B6832
:10DF0000184A43F47F031360164B1B68154A43F00D
:10DF10007F431360144B00221A6000F0E9F8134BA2
:10DF200000221A6000F008F9114B1B68104A43F0F8
:10DF300040431360FFF738FFFEF7A6FCFFF7EAFE49
:10DF4000002318462837BD4680BD00BF08ED00E01D
:10DF500081DD050841E0050800E400E0A0B40124EB
:10DF6000A4B4012420ED00E01CED00E064060024D0
:10DF700034EF00E080B483B000AF4FF0500372B6CE
:10DF800083F31188BFF36F8FBFF34F8F62B67B604F
:10DF900000BF114B1B6801330F4A13600E4B1B6807
:10DFA000012B12D10D4B1B68DBB2002B0DD04FF0B3
:10DFB000500372B683F31188BFF36F8FBFF34F8F97
:10DFC00062B63B6000BF00BFFDE700BF0C37BD4637
:10DFD0005DF8047B704700BF6406002404ED00E098
:10DFE00080B483B000AF134B1B68002B0DD14FF0F2
:10DFF000500372B683F31188BFF36F8FBFF34F8F57
:10E0000062B67B6000BF00BFFDE70A4B1B68013BA7
:10E01000084A1360074B1B68002B05D100233B60A7
:10E020003B6883F3118800BF00BF0C37BD465DF825
:10E03000047B70476406002400000000000000001C
:10E04000EFF30980BFF36F8F154B1A681EF0100FA6
:10E0500008BF20ED108A20E9F04F10602DE909007B
:10E060004FF0500072B680F31188BFF34F8FBFF3AB
:10E070006F8F62B6FEF708FC4FF0000080F3118846
:10E0800009BC19680868B0E8F04F1EF0100F08BF0F
:10E09000B0EC108A80F30988BFF36F8F704700BF20
:10E0A000CCAB012400BF00BF80B582B000AF4FF001
:10E0B000500372B683F31188BFF36F8FBFF34F8F96
:10E0C00062B67B6000BFFEF7C3FA0346002B03D0A5
:10E0D000064B4FF080521A6000233B603B6883F38D
:10E0E000118800BF00BF0837BD4680BD04ED00E0C9
:10E0F00080B400AF0B4B00221A600B4B00221A6059
:10E100000A4B1B680A4AA2FB03239B09094A013BED
:10E110001360044B07221A6000BFBD465DF8047B04
:10E12000704700BF10E000E018E000E06C0600243B
:10E13000D34D621014E000E0DFF80C00016841F4F8
:10E14000700101607047000088ED00E000BF00BF73
:10E1500080B485B000AFEFF30583FB60FB680F2B45
:10E1600017D91A4AFB6813441B78FB72184B1B78AB
:10E17000FA7A9A420DD24FF0500372B683F31188A7
:10E18000BFF36F8FBFF34F8F62B67B6000BF00BFDE
:10E19000FDE7104B1B6803F4E0620F4B1B689A42CB
:10E1A0000DD94FF0500372B683F31188BFF36F8F10
:10E1B000BFF34F8F62B63B6000BF00BFFDE700BFFB
:10E1C0001437BD465DF8047B704700BFF0E300E004
:10E1D000A0B401240CED00E0A4B4012480B58EB0FD
:10E1E00000AF78600023FB627B68002B22D00823FD
:10E1F000DB437A689A421BD808227B6813447B6011
:10E200007B6803F00703002B14D07B6803F007033F
:10E21000C3F10803BB62BB6ADB437A689A4204D845
:10E220007A68BB6A13447B6004E000237B6001E0F2
:10E2300000237B60FEF75EF8834B1B68002B01D147
:10E2400000F08CF97B68002BC0F2DE807B68002B2D
:10E2500000F0DA807D4B1B687A689A4200F2D48025
:10E260007B4B3B637A4B1B687B637B6B794A9342A6
:10E2700005D37B6B784A934201D8012300E0002349
:10E28000002B2DD14FF0500372B683F31188BFF3EA
:10E290006F8FBFF34F8F62B63B6200BF00BFFDE7D9
:10E2A0007B6B3B637B6B1B687B637B6B694A934235
:10E2B00005D37B6B684A934201D8012300E0002319
:10E2C000002B0DD14FF0500372B683F31188BFF3CA
:10E2D0006F8FBFF34F8F62B6FB6100BF00BFFDE7DA
:10E2E0007B6B5B687A689A4203D97B6B1B68002B57
:10E2F000D6D1554B1B687A6B9A4200F085803B6BF8
:10E300001B6808221344FB62FB6A524A934205D3FE
:10E31000FB6A514A934201D8012300E00023002BFD
:10E320000DD14FF0500372B683F31188BFF36F8F96
:10E33000BFF34F8F62B6BB6100BF00BFFDE77B6BD1
:10E340001A683B6B1A607B6B5B687A689A420DD9DE
:10E350004FF0500372B683F31188BFF36F8FBFF392
:10E360004F8F62B67B6100BF00BFFDE77B6B5A68D1
:10E370007B68D21A08235B009A4226D97A6B7B68A5
:10E3800013447B627B6A03F00703002B0DD04FF030
:10E39000500372B683F31188BFF36F8FBFF34F8FB3
:10E3A00062B63B6100BF00BFFDE77B6B5A687B68CC
:10E3B000D21A7B6A5A607B6B7A685A603B6B1A6828
:10E3C0007B6A1A603B6B7A6A1A60204B1A687B6B17
:10E3D0005B68D31A1D4A13601C4B1A681F4B1B68DD
:10E3E0009A4203D2194B1B681C4A13607B6B5B6813
:10E3F00043F000427B6B5A607B6B00221A60184B23
:10E400001B680133164A1360FDF782FFFB6A002B7D
:10E4100001D1E2F703FBFB6A03F00703002B0DD0E9
:10E420004FF0500372B683F31188BFF36F8FBFF3C1
:10E430004F8F62B6FB6000BF00BFFDE7FB6A184666
:10E440003837BD4680BD00BFB0B40524B4B4052440
:10E45000A8B40524A8B40124A7B40524B8B405249D
:10E46000BCB4052480B588B000AF78607B68FB61E0
:10E470007B68002B66D008235B42FA691344FB617A
:10E48000FB69BB61BB69314A934205D3BB69304A22
:10E49000934201D8012300E00023002B0DD14FF05F
:10E4A000500372B683F31188BFF36F8FBFF34F8FA2
:10E4B00062B67B6100BF00BFFDE7BB695B68002BF4
:10E4C0000DDB4FF0500372B683F31188BFF36F8FEB
:10E4D000BFF34F8F62B63B6100BF00BFFDE7BB6972
:10E4E0001B68002B0DD04FF0500372B683F31188D8
:10E4F000BFF36F8FBFF34F8F62B6FB6000BF00BFEB
:10E50000FDE7BB695B68002B1CDABB691B68002B4D
:10E5100018D1BB695B6823F00042BB695A60FDF704
:10E52000E9FEBB695A680B4B1B681344094A136028
:10E53000B86900F06DF8084B1B680133064A136098
:10E54000FDF7E6FE00BF2037BD4680BDA8B401241C
:10E55000A7B40524B4B40524C0B4052480B485B0A0
:10E5600000AF4FF48023BB60244BFB60FB6803F0DB
:10E570000703002B0CD0FB680733FB60FB6823F01C
:10E580000703FB60BA68FB68D31A1C4A1344BB60DC
:10E59000FB681B4A13601A4B00225A60FA68BB687A
:10E5A00013447B6008227B689B1A7B607B6823F0A6
:10E5B00007037B607B68134A1360124B1B680022C1
:10E5C0005A60104B1B6800221A60FB683B603B6876
:10E5D0007A68D21A3B685A600A4B1A683B681A601C
:10E5E0003B685B68084A13603B685B68074A1360D6
:10E5F00000BF1437BD465DF8047B7047A8B4012402
:10E60000A8B40524B0B40524B8B40524B4B40524D2
:10E6100080B487B000AF7860374B7B6102E07B69E4
:10E620001B687B617B691B687A689A42F7D87B69B3
:10E63000314A93421AD07B69304A934205D37B69B1
:10E640002F4A934201D8012300E00023002B0DD173
:10E650004FF0500372B683F31188BFF36F8FBFF38F
:10E660004F8F62B6FB6000BF00BFFDE77B693B6177
:10E670007B695B683A6913447A689A4208D17B697E
:10E680005A687B685B681A447B695A607B697B6067
:10E690007B683B617B685B683A691A447B691B68ED
:10E6A0009A4218D17B691A68164B1B689A420DD0A2
:10E6B0007B685A687B691B685B681A447B685A6090
:10E6C0007B691B681A687B681A6008E00D4B1A6842
:10E6D0007B681A6003E07B691A687B681A607A6954
:10E6E0007B689A4202D07B697A681A6000BF1C3747
:10E6F000BD465DF8047B7047A8B40524A8B4012486
:10E70000A7B40524B0B4052480B483B000AF78600A
:10E710000B46FB70FB78002B02D17B68103301E0C5
:10E720007B68183318460C37BD465DF8047B70478C
:10E7300080B483B000AF78600B46FB70FB78002B91
:10E7400002D17B681B6801E07B685B6818460C3768
:10E75000BD465DF8047B704780B586B000AF786039
:10E760007B6893F8203019467868FFF7CDFF786111
:10E770007B695B79DBB283F00103DBB2002B0BD04A
:10E780007B691B79DBB283F00103DBB2002B03D082
:10E790007B6893F8203025E07B6893F82030002BCD
:10E7A0000CBF01230023DBB2FB74FB7C19467868A5
:10E7B000FFF7AAFFF860FB685B79DBB283F0010327
:10E7C000DBB2002B0DD0FB681B79DBB283F00103B9
:10E7D000DBB2002B05D07B68FA7C83F82020FB7C21
:10E7E00000E0002318461837BD4680BD80B582B0D2
:10E7F00000AF1E4B7B607B681D4A1A607B681D4A18
:10E800005A607B684FF400429A607B684FF4F8428C
:10E81000DA607B6818687B689B681A46002110F0F4
:10E82000DFF87B6858687B689B681A46002110F007
:10E83000D7F87B6800221A617B6800221A757B6812
:10E8400000225A757B6800229A617B6800221A7741
:10E850007B6800225A777B68002283F820200648D4
:10E86000F3F790FE00BF0837BD4680BDC4B4052451
:10E870000080003000000130E889070880B586B0CC
:10E8800000AF786039602B4B7B617869FFF764FFDC
:10E890000346FB74FB7C19467869FFF735FFF86087
:10E8A000FB685B79DBB2002B04D1FB681B79DBB220
:10E8B000002B04D039682048F3F764FE36E0FB688B
:10E8C0001A683B681A447B699B689A4206D91B48C0
:10E8D000F3F758FEFB6801221A7127E0FB7C19460A
:10E8E0007869FFF725FFB860FB681B68BA681344B6
:10E8F0003A687968184610F01EF9FB681A683B6898
:10E900001A44FB681A60FB681A687B69DB689A42E4
:10E910000CD3FB6801221A71FB7C002B01D1084B40
:10E9200000E0084B19460848F3F72CFE1837BD469F
:10E9300080BD00BFC4B40524348A0708708A070864
:10E94000C08A0708C88A0708D08A0708F0B59DB0B2
:10E9500006AF654BBB64002387F8573000233B6547
:10E96000B8E03B6D002B14BF01230023DBB287F816
:10E97000473097F847301946B86CFFF7C5FE386442
:10E980003B6C1B79DBB2002B00F0A1803B6C5B7908
:10E99000DBB283F00103DBB2002B00F098803B6C0C
:10E9A00001225A7197F847301946B86CFFF7C0FE3C
:10E9B000F8634FF40043FB64FB6CB3F5004F02D9DE
:10E9C0004FF40043FB6407F134031846F3F7D4FB1C
:10E9D00097F84730002B01D1444B00E0444B97F8A7
:10E9E000362097F8351097F83400044697F837002A
:10E9F000054697F83800064697F8390007F1040CE9
:10EA0000059004960395029401910092394A3021B1
:10EA100060460FF0E3FE3B1DFA6C19463648F3F7EB
:10EA2000B1FDFA6CF96B354810F085F897F836406F
:10EA300097F8355097F8346097F8373097F83820C2
:10EA400097F83910381D02910192009333462A46F7
:10EA50002146F1F7DFFA034687F83B3097F83B3061
:10EA6000002B15D13B1D19462548F3F78BFDBB6CD8
:10EA70009B681A460021F86B0FF0B2FF3B6C002236
:10EA80001A603B6C00221A713B6C00225A7125E01F
:10EA900097F83B301846F1F78FFC02463B1D1946AC
:10EAA0001848F3F76FFDBB6C9B681A460021F86BA2
:10EAB0000FF096FF3B6C00221A603B6C00221A712B
:10EAC0003B6C00225A71012387F8573006E03B6DFA
:10EAD00001333B653B6D012B7FF743AF97F8573010
:10EAE00018465C37BD46F0BDC4B40524188B070832
:10EAF0001C8B0708208B0708488B0708B8C805241B
:10EB0000808B0708A88B070880B582B000AF2D4B1B
:10EB10007B602D48F3F736FD7B6893F82030002B9F
:10EB200001D12A4B00E02A4B19462A48F3F72AFD67
:10EB30002948F3F727FD7B681B6919462748F3F737
:10EB400021FD7B681B7DDBB2002B01D0244B00E054
:10EB5000244B19462448F3F715FD7B685B7DDBB237
:10EB6000002B01D01E4B00E01E4B19461F48F3F747
:10EB700009FD1F48F3F706FD7B689B691946174896
:10EB8000F3F700FD7B681B7FDBB2002B01D0144B39
:10EB900000E0144B19461448F3F7F4FC7B685B7FE4
:10EBA000DBB2002B01D00E4B00E00E4B19460F4894
:10EBB000F3F7E8FC0F48F3F7E5FC00BF0837BD4664
:10EBC00080BD00BFC4B40524D88B0708C08A0708DD
:10EBD000C88A0708008C0708148C0708248C0708CB
:10EBE000408C0708488C0708508C0708688C070879
:10EBF000808C0708908C070880B5AAB000AF034648
:10EC0000FB71484BC7F89830FB79002B01D1464B7C
:10EC100000E0464BC7F89430FB791946D7F89800C6
:10EC2000FFF786FDC7F89000FB791946D7F89800E2
:10EC3000FFF76AFDC7F88C00D7F88C301A68D7F850
:10EC400098309B68D7F894103948F3F79BFCD7F8B5
:10EC50008C301B68002B03D0D7F88C301B6801E088
:10EC60004FF48073C7F888300023C7F8A43045E01C
:10EC700007F10800D7F8A4302E4A80210FF0AEFD2E
:10EC8000C7F8A0000023C7F89C301FE0D7F8A030D9
:10EC900007F10802D018D7F8A030C3F18001D7F8E7
:10ECA000A420D7F89C301344D7F8902013441B7845
:10ECB000214A0FF093FD0246D7F8A0301344C7F85D
:10ECC000A030D7F89C300133C7F89C30D7F89C307F
:10ECD0000F2B08D8D7F8A420D7F89C301344D7F8C6
:10ECE00088209A42D2D807F1080319461348F3F74F
:10ECF00049FCD7F8A4301033C7F8A430D7F8A420C3
:10ED0000D7F888309A4206D2D7F898309B68D7F85F
:10ED1000A4209A42ACD30A48F3F734FC00BFA837CA
:10ED2000BD4680BDC4B40524C08A0708C88A070848
:10ED3000B88C0708EC8C0708F48C0708FC8C0708D3
:10ED4000008D070880B485B000AF7860396000237B
:10ED5000FB730023BB600DE07A68BB6813441A782C
:10ED6000FB7B5340DBB21A46084B9B5CFB73BB68D2
:10ED70000133BB60BA683B689A42EDD3FB7B18460F
:10ED80001437BD465DF8047B704700BF88AD0708A7
:10ED900080B400AF034B01221A7000BFBD465DF87E
:10EDA000047B7047680600240FB4F0B59BB000AF39
:10EDB0006B461E4600237B66604B1B7883F0010385
:10EDC000DBB2002B40F0B28097F88030002B00F0CF
:10EDD000AA803F2297F88030934280F0A48097F871
:10EDE0008030574A52F83330002B00F09C8097F85F
:10EDF0008030DB00524A1344FB65FB6D1B79033303
:10EE000087F85B3097F85B303F2B00F28E8007F17C
:10EE100084033B647B6E5A1C7A6668333B44AA22A7
:10EE200003F8682C7B6E5A1C7A6668333B4497F86B
:10EE30005B2003F8682C7B6E5A1C7A6668333B446F
:10EE400097F8802003F8682CFB6D1B797B65FB6DC0
:10EE50001B79013300221C4615464FF000024FF08B
:10EE60000003EB0043EA5473E200FB6D1B790133AE
:10EE70000022184611464FF000024FF00003CB006D
:10EE800043EA5073C200FB6D1B7901330733DB0883
:10EE9000DB00ADEB030D6B4600333B653B6D97F834
:10EEA00080201A70002387F863301CE03B6C1A1D29
:10EEB0003A641B68BB64BB6C87F847307B6E5A1C96
:10EEC0007A6668333B4497F8472003F8682C97F834
:10EED000633001333A6D97F84710D15497F8633097
:10EEE000013387F86330FB6D1B7997F863209A42F2
:10EEF000DCD3FB6D1B7901331946386DFFF722FF18
:10EF0000034687F84F307B6E5A1C7A6668333B4461
:10EF100097F84F2003F8682C3B46796E1846FFF7A8
:10EF2000ADFCB54603E000BF00E000BFB5466C375E
:10EF3000BD46BDE8F04004B0704700BF680600243D
:10EF400088AE070880B500AF2920FFF72DFF2A20E3
:10EF5000FFF72AFF0023184680BD80B483B000AFBE
:10EF600078607B684FF0FF321A6000BF0C37BD46F7
:10EF70005DF8047B7047000080B485B000AF786016
:10EF80000B46FB707B681A68FB785A407B681A60F6
:10EF90000023FB6011E07B681B6803F001035B4208
:10EFA000BB607B681B685A08B968094B0B405A4024
:10EFB0007B681A60FB680133FB60FB68072BEAD9AA
:10EFC00000BF00BF1437BD465DF8047B704700BF2B
:10EFD0002083B8ED80B483B000AF78607B681B6895
:10EFE000DB4318460C37BD465DF8047B704780B59F
:10EFF00082B000AF78600B46FB701346BB707B6835
:10F0000093F80032FA781146184600F0E1FDBB781B
:10F01000002B07D07B6803F5FA73FA78114618467F
:10F02000FFF7AAFFFB78AA2B18D17B6893F8FF3172
:10F03000013BDAB27B6883F8FF217B6893F8FF31EC
:10F04000002B0FD17B6893F800325521184600F051
:10F05000BFFD7B68022283F8FF2103E07B68022268
:10F0600083F8FF2100BF0837BD4680BD80B586B05C
:10F0700000AFF8607B600B46FB721346BB72FB6807
:10F08000022283F8FF21FB6803F5FA731846FFF7A5
:10F0900064FFFB6893F80032184600F0AFFDFB6890
:10F0A00093F80032AA21184600F092FDFB6893F80D
:10F0B0000032AA21184600F08BFDFB6893F800325D
:10F0C000AA21184600F084FDFB7A01221946F8684F
:10F0D000FFF78DFF97F90B30002B05DABB7A012281
:10F0E0001946F868FFF783FF97F828300122194680
:10F0F000F868FFF77CFF0023BB7597F82830FB7595
:10F1000015E03B8C7A6813441B7801221946F86895
:10F11000FFF76DFF3B8C01333B843A8CBB8C134073
:10F120003B84FB7D013BFB75BB7D0133BB75FB7DE8
:10F13000002BE6D1FB6803F5FA731846FFF74AFF88
:10F1400038613B691B0EDBB200221946F868FFF7F5
:10F150004EFF3B691B0CDBB200221946F868FFF733
:10F1600046FF3B691B0ADBB200221946F868FFF72D
:10F170003EFF3B69DBB200221946F868FFF737FF14
:10F18000FB6893F800325521184600F021FDFB681A
:10F1900093F80032184600F03CFD00BF1837BD461A
:10F1A00080BD80B485B000AF78607B6893F8E430B0
:10F1B0001A4613465B0013449B007A681344FB60B5
:10F1C0007B6893F8E230013BDAB27B6883F8E22097
:10F1D0007B6893F8E4300133DAB27B6883F8E4208B
:10F1E0007B6893F8E43003F00F03DAB27B6883F8AE
:10F1F000E4207B68B3F8DC30FA6892799B1A9AB203
:10F200007B68A3F8DC2000BF1437BD465DF8047BA3
:10F21000704780B485B000AF78600B467B800023D8
:10F22000FB607B6893F8E2300F2B68D87B68B3F8FB
:10F23000DC301A467B88C3F580639A425FD87B68CE
:10F2400093F8E2300133DAB27B6883F8E2207B681E
:10F2500093F8E2207B6893F8E3309A4205D97B6803
:10F2600093F8E2207B6883F8E3207B6893F8E5302D
:10F270001A4613465B0013449B007A681344FB60F4
:10F280007B68B3F8E020FB689A807B68B3F8DC20E9
:10F290007B8813449AB27B68A3F8DC207B68B3F8C0
:10F2A000DC207B68B3F8DE309A4205D97B68B3F87E
:10F2B000DC207B68A3F8DE207B68B3F8E0207B8845
:10F2C00013449AB27B68A3F8E0207B68B3F8E0307F
:10F2D000C3F309039AB27B68A3F8E0207B6893F834
:10F2E000E5300133DAB27B6883F8E5207B6893F878
:10F2F000E53003F00F03DAB27B6883F8E520FB68A2
:10F3000018461437BD465DF8047B704780B485B05D
:10F3100000AF78600B46FB707B6893F8E430FB73BA
:10F32000FA7BFB781344DBB203F00F0213465B0059
:10F3300013449B007A68134418461437BD465DF8A1
:10F34000047B704780B586B004AF786039603B6855
:10F35000DB7963F07F03D9B23B68187A3B689B88FE
:10F360003A689279029240F2FF3201920093064B82
:10F3700002467868FFF77AFE044B1A683B681A6009
:10F3800000BF0837BD4680BDE8B40524E8B80524B1
:10F3900080B586B004AF78607B6893F80032184679
:10F3A00000F006FC03460A2B13D97B6893F8E8208B
:10F3B0007B68E83301210291FF2101910021009136
:10F3C000FF217868FFF752FE044B1A687B68C3F888
:10F3D000C02000BF0837BD4680BD00BFE8B8052487
:10F3E00080B586B004AF78607B6893F80032184629
:10F3F00000F0DEFB03460A2B0BD900230293002307
:10F4000001930023009300230022FE217868FFF778
:10F410002DFE00BF0837BD4680BD000080B483B01C
:10F4200000AF78607B68002283F8E2207B680022CE
:10F4300083F8E4207B68002283F8E5207B680022C3
:10F44000A3F8DC207B680022A3F8E0207B68002280
:10F4500083F8E7207B68002283F8E6207B6800229F
:10F4600083F8E820094B1A687B68C3F8C420074B6F
:10F470001A687B68C3F8C0207B680022C3F8C820E4
:10F4800000BF0C37BD465DF8047B7047E8B8052423
:10F4900080B582B000AF78600B46FB70FB78002B24
:10F4A00002D07868FFF79CFF7868FFF7B7FF00BFCE
:10F4B0000837BD4680BD000080B588B000AFF86059
:10F4C0007A601A460B46FB721346BB72BB7A9BB23C
:10F4D0001946F868FFF79DFE78617B69002B25D0FF
:10F4E000FB7A03F03F03DAB27B69DA717B69BA7A9F
:10F4F0009A717B699B887B830023FB6110E07A68AB
:10F50000FB691A447B8B11780E4AD1547B8B0133F3
:10F510007B837B8BC3F309037B83FB690133FB6133
:10F52000BB7AFA699A42EAD3012307E0FB68D3F871
:10F53000CC305A1CFB68C3F8CC2000231846203777
:10F54000BD4680BDE8B4052480B483B000AF7860C8
:10F550000B46FB707B6893F8E2300F2B0AD87B6870
:10F56000B3F8DC301A46FB78C3F580639A4201D8C1
:10F57000012300E0002303F00103DBB218460C373F
:10F58000BD465DF8047B704780B489B000AF7860F9
:10F590007B6893F8E7207B6893F8E630D31AFB7416
:10F5A0007B6893F8E4301A4613465B0013449B00D3
:10F5B0007A681344BB611E4B1A68BB691B68D31A77
:10F5C0007B617B6893F8E430FB770023BB7723E013
:10F5D000174B1968FA7F786813465B0013449B0049
:10F5E00003441B68CB1AFB60FA687B699A4209D90D
:10F5F000FB687B61FA7F13465B0013449B007A68CB
:10F600001344BB61FB7F0133FB77FB7F03F00F03E8
:10F61000FB77BB7F0133BB77BA7FFB7C9A42D7D3A2
:10F62000BB6918462437BD465DF8047B704700BFB0
:10F63000E8B8052480B588B000AF78607B6893F89F
:10F64000FB317B777B68EC33BB617B6893F8FE31E1
:10F65000FB757B6893F8FC31BB75524B1A687B686D
:10F66000C3F8C4207B7FFE2B53D0FF2B5CD17B687B
:10F6700093F8E630BA7DD31A7B75BB691A78BB7DE7
:10F68000D31A3B757B6893F8E7207B6893F8E630E4
:10F69000D31AFB747A7DFB7C9A4232D87B68BA7DA0
:10F6A00083F8E6200023FB7705E07868FFF779FD13
:10F6B000FB7F0133FB77FA7F7B7D9A42F5D37B6832
:10F6C00093F8E430BB770023FB7715E0BA7F13464D
:10F6D0005B0013449B007A681344FB60F968786808
:10F6E000FFF730FEBB7F0133BB77BB7F03F00F0317
:10F6F000BB77FB7F0133FB77FA7F3B7D9A42E5D3F3
:10F700004CE07B68D3F8D0305A1C7B68C3F8D0201B
:10F7100044E07B68D3F8D8305A1C7B68C3F8D82003
:10F720007868FFF77BFE39E097F91D30002B29DA66
:10F730001C4B1A687B68C3F8C8207B6893F8E830D4
:10F74000BA7D9A4216D17B6893F8E8300133DAB279
:10F750007B6883F8E8207868FFF71AFE7B7F03F068
:10F760003F03D8B27B6893F80032FA7DB96900F0A4
:10F770003FFB12E07B68D3F8D4305A1C7B68C3F897
:10F78000D4200AE07B7F03F03F03D8B27B6893F874
:10F790000032FA7DB96900F02BFB00BF00BF2037B3
:10F7A000BD4680BDE8B8052480B584B000AF786060
:10F7B0000B46FB707B6893F8F831022B14D17B6801
:10F7C000002283F8F821FB78AA2B04D17B68012260
:10F7D00083F8F92110E1FB78552B00F008817B6854
:10F7E000002283F8F92107E1FB78AA2B08D17B6876
:10F7F00093F8F8310133DAB27B6883F8F82103E03B
:10F800007B68002283F8F8217B6893F8F931092B93
:10F8100000F2E88001A252F823F000BFF3F90508D6
:10F8200045F8050895F80508B7F80508F5F805083E
:10F8300045F9050859F9050875F9050891F905080C
:10F84000CFF905087B68FA7883F8FB217B680022F2
:10F8500083F8FA217B6803F5F8731846FFF77DFB00
:10F860007B6803F5F873FA7811461846FFF784FBB6
:10F8700097F90330002B04DA7B68022283F8F92120
:10F88000BAE07B68002283F8FC217B68032283F8BE
:10F89000F921B1E07B68FA7883F8FC217B6803F5F5
:10F8A000F873FA7811461846FFF766FB7B68032267
:10F8B00083F8F921A0E07B68FA7883F8FD217B6862
:10F8C000FA7883F8FE217B6803F5F873FA7811461D
:10F8D0001846FFF751FB7B6893F8FD31002B04D0ED
:10F8E0007B68042283F8F92186E07B68052283F88F
:10F8F000F92181E07B6893F8FA315A1CD1B27A6819
:10F9000082F8FA111A467B681344FA7883F8EC20DF
:10F910007B6803F5F873FA7811461846FFF72CFB5D
:10F920007B6893F8FD31013BDAB27B6883F8FD21F7
:10F930007B6893F8FD31002B5DD17B68052283F84D
:10F94000F92158E0FB781A067B68C3F8EC217B6844
:10F95000062283F8F9214FE07B68D3F8EC21FB788D
:10F960001B041A437B68C3F8EC217B68072283F8E9
:10F97000F92141E07B68D3F8EC21FB781B021A43A4
:10F980007B68C3F8EC217B68082283F8F92133E017
:10F990007B68D3F8EC21FB781A437B68C3F8EC2131
:10F9A0007B6803F5F8731846FFF714FBF8607B6873
:10F9B000D3F8EC31FA689A4204D07B68002283F8CD
:10F9C000F92119E07B68092283F8F92114E0FB781A
:10F9D000552B02D17868FFF72DFE7B68002283F853
:10F9E000F92109E07B68002283F8F92104E000BFD7
:10F9F00002E000BF00E000BF1037BD4680BD00BF81
:10FA000090B589B000AFF860B9607A600023FB61FF
:10FA10000AE0BA68FB6913441B781946F868FFF7D7
:10FA2000C3FEFB690133FB61FA697B689A42F0D33C
:10FA300000F0FAF80346444A1360434B1A68FB6827
:10FA4000D3F8C430D31A40F2E732934294BF012373
:10FA50000023FB763C4B1A68FB68D3F8C830D31AF6
:10FA600040F2E732934294BF01230023BB76FB6848
:10FA700093F8E720FB6893F8E630D31A7B767B7E19
:10FA8000032B2AD8FB6893F8E2307A7E9A4224D27C
:10FA90007B7E1946F868FFF739FC78617B699B79B2
:10FAA00003F10B04FB6893F80032184600F080F86D
:10FAB00003469C4234D8FB6893F8E7207B691A72AE
:10FAC0007969F868FFF73EFCFB6893F8E73001338B
:10FAD000DAB2FB6883F8E72022E07B7E002B20D09F
:10FAE000FB7E002B1DD0F868FFF74EFD3861164BEA
:10FAF0001A683B691B68D31AF92B12D93B699B79A9
:10FB000003F10B04FB6893F80032184600F050F83C
:10FB100003469C4205D83969F868FFF713FC00E0FA
:10FB200000BF094B1A68FB68D3F8C030D31AFA2B10
:10FB300005D9BB7E002B02D0F868FFF729FC00BF77
:10FB40002437BD4690BD00BFE8B8052480B582B01B
:10FB500000AF78600B46FB707B68002283F8F821C9
:10FB60007B68002283F8F9217B68FA7883F8002209
:10FB70007B680022C3F8D0207B680022C3F8D42021
:10FB80007B680022C3F8CC207B680022C3F8D82011
:10FB90007B680022A3F8DE207B68002283F8E32044
:10FBA0007868FFF73BFC00BF0837BD4680BD00000A
:10FBB00080B582B000AF0346FB710448E2F7E8FF6E
:10FBC000034618460837BD4680BD00BF0078004098
:10FBD00080B582B000AF03460A46FB711346BB7185
:10FBE000FB79002B04D1BB7919460348E2F72AFEC2
:10FBF00000BF0837BD4680BD0078004080B483B0A8
:10FC000000AF0346FB7100BF0C37BD465DF8047BB7
:10FC1000704780B483B000AF0346FB7100BF0C3760
:10FC2000BD465DF8047B704780B500AFF2F79EFCDF
:10FC30000346184680BD000080B582B000AF7860F2
:10FC40000B46FB707B68FA7811461846FFF77EFF7B
:10FC50007B6801211846FFF71BFCFFF7E5FF024612
:10FC60007B68C3F804227B68002283F80C227B683F
:10FC7000012283F80D22FB78032B04D8FB7804497A
:10FC80007A6841F8232000BF0837BD4680BD00BF19
:10FC9000ECB8052480B582B000AF78607A687B68E4
:10FCA00093F8003219461046FFF750FF7B68012198
:10FCB0001846FFF7EDFBFFF7B7FF02467B68C3F876
:10FCC00004227B68002283F80C2200BF0837BD465F
:10FCD00080BD80B483B000AF786039607B683A68DB
:10FCE000C3F8082200BF0C37BD465DF8047B70479F
:10FCF00080B586B000AFF860B9607A60FB687A685A
:10FD0000B9681846FFF77CFEFFF78EFF7861FB6845
:10FD100093F8E230002B35D0FB6893F8E4301A46B4
:10FD200013465B0013449B00FA6813443B613B6934
:10FD30001B687A69D31A40F6B83293421ED9FB6821
:10FD400093F80C3283F00103DBB2002B1AD0FB686E
:10FD5000D3F80832002B04D0FB68D3F80832F868D7
:10FD60009847FB68012283F80C22FB6893F80D3258
:10FD7000002B07D0F868FFF78DFF03E0FB68002237
:10FD800083F80C22FB687A69C3F8042200BF183795
:10FD9000BD4680BD80B584B000AFF8607A601A4679
:10FDA0000B46FB721346BB72FB68BA7A11461846C3
:10FDB000FFF7CAFB0346002B05D0F868BB7AF97A37
:10FDC0007A68FFF779FB00BF1037BD4680BD0000A1
:10FDD00080B483B000AF7860044A7B68136000BFD2
:10FDE0000C37BD465DF8047B704700BFFCB80524A6
:10FDF00080B586B000AF396011461A460346FB71E4
:10FE00000B46BB7113467B717B79032B40D87B7902
:10FE1000224A52F823303B613B69002B3AD0204BF9
:10FE20001B68002B05D01E4B1B68BA79F87939681E
:10FE30009847FB79232B08D0FB79252B05D0FB793C
:10FE4000BA7919463A20FEF7AFFF02F0A1F8F86040
:10FE500002F0A8F8B86000237B6114E07B69DB0046
:10FE6000FA6813441B78FA799A4209D17B69DB005E
:10FE7000FA6813445B68BA793968386998470AE0C8
:10FE80007B6901337B617A69BB689A42E6DB02E0F9
:10FE900000BF00E000BF1837BD4680BDECB80524A8
:10FEA000FCB8052480B500AF032200210120FAF739
:10FEB00042FE0346044A13604FF481720021034856
:10FEC0000EF08EFD00BF80BD04BA052400B90524E4
:10FED0002DE9F04F85B000AFF860B9607A60334B20
:10FEE0001E687B6800229846914642464B464FF07A
:10FEF00000004FF00001590141EAD2615001024671
:10FF00000B46B2EB080463EB09054FF000024FF01B
:10FF10000003AB0043EA9473A20014461D4614EBA1
:10FF2000080A45EB090B4FF000024FF000034FEABF
:10FF3000CB0343EA5A734FEACA0292469B465046A5
:10FF400059464FF47A724FF00003E0F731FA024657
:10FF50000B46134619463046FBF73CF90346012B86
:10FF60001DD1134B93F80131002B18D0FB68002BE7
:10FF70000FD0BB68002B0CD00D4B93F800311A4604
:10FF80000B49F8680EF0D7FD094B93F80021BB68C8
:10FF90001A70074B002283F80121012300E000239F
:10FFA00018461437BD46BDE8F08F00BF04BA0524DB
:10FFB00000B9052480B5C6B000AF07F58C73A3F572
:10FFC0008673186007F58C73A3F58873196007F5BD
:10FFD0008C73A3F211131A700023C7F81431D7F8E9
:10FFE000143107F11002D018D7F81431C3F580711D
:10FFF00007F58C73A3F211131B78324A0EF0EEFB57
:020000040806EC
:100000000246D7F814311344C7F81431002387F897
:1000100013311FE0D7F8143107F11002D018D7F8C8
:100020001431C3F5807197F8133107F58C72A2F57E
:100030008872126813441B78234A0EF0CFFB0246E5
:10004000D7F814311344C7F8143197F8133101333A
:1000500087F8133107F58C73A3F2111397F8132166
:100060001B789A4203D2D7F81431FB2BD2D907F16F
:1000700010031846F2F786FA07F58C73A3F21113F2
:100080001A7807F58C73A3F5887319680F480EF07A
:1000900052FD0E4A07F58C73A3F211131B7882F8F8
:1000A00000310A4B012283F80121094B1868002313
:1000B00000220021FAF7EAFD00BF07F58C77BD4664
:1000C00080BD00BFD4990708FC99070800B9052432
:1000D00004BA052480B5C6B000AF07F58C73A3F54C
:1000E0008673186007F58C73A3F58873196007F59C
:1000F0008C73A3F211131A700023C7F81431D7F8C8
:10010000143107F11002D018D7F81431C3F58071FB
:1001100007F58C73A3F211131B78324A0EF05EFBC5
:100120000246D7F814311344C7F81431002387F876
:1001300013311FE0D7F8143107F11002D018D7F8A7
:100140001431C3F5807197F8133107F58C72A2F55D
:100150008872126813441B78234A0EF03FFB024654
:10016000D7F814311344C7F8143197F81331013319
:1001700087F8133107F58C73A3F2111397F8132145
:100180001B789A4203D2D7F81431FB2BD2D907F14E
:1001900010031846F2F7F6F907F58C73A3F2111362
:1001A0001A7807F58C73A3F5887319680F480EF059
:1001B000C2FC0E4A07F58C73A3F211131B7882F868
:1001C00000310A4B012283F80121094B18680023F2
:1001D00000220021FAF75AFD00BF07F58C77BD46D3
:1001E00080BD00BF049A0708FC99070800B90524E0
:1001F00004BA052480B5C6B000AF07F58C73A3F52B
:100200008673186007F58C73A3F58873196007F57A
:100210008C73A3F211131A700023C7F81431D7F8A6
:10022000143107F11002D018D7F81431C3F58071DA
:1002300007F58C73A3F211131B78324A0EF0CEFA35
:100240000246D7F814311344C7F81431002387F855
:1002500013311FE0D7F8143107F11002D018D7F886
:100260001431C3F5807197F8133107F58C72A2F53C
:100270008872126813441B78234A0EF0AFFA0246C4
:10028000D7F814311344C7F8143197F813310133F8
:1002900087F8133107F58C73A3F2111397F8132124
:1002A0001B789A4203D2D7F81431FB2BD2D907F12D
:1002B00010031846F2F766F907F58C73A3F21113D1
:1002C0001A7807F58C73A3F5887319680F480EF038
:1002D00032FC0E4A07F58C73A3F211131B7882F8D7
:1002E00000310A4B012283F80121094B18680023D1
:1002F00000220021FAF7CAFC00BF07F58C77BD4643
:1003000080BD00BF2C9A0708FC99070800B9052496
:1003100004BA052480B5C6B000AF07F58C73A3F509
:100320008673186007F58C73A3F58873196007F559
:100330008C73A3F211131A700023C7F81431D7F885
:10034000143107F11002D018D7F81431C3F58071B9
:1003500007F58C73A3F211131B78324A0EF03EFAA4
:100360000246D7F814311344C7F81431002387F834
:1003700013311FE0D7F8143107F11002D018D7F865
:100380001431C3F5807197F8133107F58C72A2F51B
:100390008872126813441B78234A0EF01FFA024633
:1003A000D7F814311344C7F8143197F813310133D7
:1003B00087F8133107F58C73A3F2111397F8132103
:1003C0001B789A4203D2D7F81431FB2BD2D907F10C
:1003D00010031846F2F7D6F807F58C73A3F2111341
:1003E0001A7807F58C73A3F5887319680F480EF017
:1003F000A2FB0E4A07F58C73A3F211131B7882F847
:1004000000310A4B012283F80121094B18680023AF
:1004100000220021FAF73AFC00BF07F58C77BD46B1
:1004200080BD00BF549A0708FC99070800B905244D
:1004300004BA052480B5C6B000AF07F58C73A3F5E8
:100440008673186007F58C73A3F58873196007F538
:100450008C73A3F211131A700023C7F81431D7F864
:10046000143107F11002D018D7F81431C3F5807198
:1004700007F58C73A3F211131B78324A0EF0AEF914
:100480000246D7F814311344C7F81431002387F813
:1004900013311FE0D7F8143107F11002D018D7F844
:1004A0001431C3F5807197F8133107F58C72A2F5FA
:1004B0008872126813441B78234A0EF08FF90246A3
:1004C000D7F814311344C7F8143197F813310133B6
:1004D00087F8133107F58C73A3F2111397F81321E2
:1004E0001B789A4203D2D7F81431FB2BD2D907F1EB
:1004F00010031846F2F746F807F58C73A3F21113B0
:100500001A7807F58C73A3F5887319680F480EF0F5
:1005100012FB0E4A07F58C73A3F211131B7882F8B5
:1005200000310A4B012283F80121094B186800238E
:1005300000220021FAF7AAFB00BF07F58C77BD4621
:1005400080BD00BF7C9A0708FC99070800B9052404
:1005500004BA052480B5C6B000AF07F58C73A3F5C7
:100560008673186007F58C73A3F58873196007F517
:100570008C73A3F211131A700023C7F81431D7F843
:10058000143107F11002D018D7F81431C3F5807177
:1005900007F58C73A3F211131B78324A0EF01EF983
:1005A0000246D7F814311344C7F81431002387F8F2
:1005B00013311FE0D7F8143107F11002D018D7F823
:1005C0001431C3F5807197F8133107F58C72A2F5D9
:1005D0008872126813441B78234A0EF0FFF8024613
:1005E000D7F814311344C7F8143197F81331013395
:1005F00087F8133107F58C73A3F2111397F81321C1
:100600001B789A4203D2D7F81431FB2BD2D907F1C9
:10061000100319461548F1F7B5FF07F58C73A3F2DF
:1006200011131A7807F58C73A3F5887319681048AD
:100630000EF081FA0E4A07F58C73A3F211131B78A2
:1006400082F800310A4B012283F80121094B186816
:10065000002300220021FAF719FB00BF07F58C7771
:10066000BD4680BDA89A0708FC990708D49A0708D8
:1006700000B9052404BA052480B5C6B000AF07F55B
:100680008C73A3F58673186007F58C73A3F58873D4
:10069000196007F58C73A3F211131A700023C7F8C1
:1006A0001431D7F8143107F11002D018D7F81431EB
:1006B000C3F5807107F58C73A3F211131B78324ACE
:1006C0000EF08CF80246D7F814311344C7F81431F1
:1006D000002387F813311FE0D7F8143107F1100217
:1006E000D018D7F81431C3F5807197F8133107F596
:1006F0008C72A2F58872126813441B78234A0EF09C
:100700006DF80246D7F814311344C7F8143197F83E
:100710001331013387F8133107F58C73A3F21113EA
:1007200097F813211B789A4203D2D7F81431FB2B88
:10073000D2D907F1100319461548F1F723FF07F541
:100740008C73A3F211131A7807F58C73A3F58873D1
:10075000196810480EF0EFF90E4A07F58C73A3F2F2
:1007600011131B7882F800310A4B012283F8012112
:10077000094B1868002300220021FAF787FA00BF0E
:1007800007F58C77BD4680BDD89A0708FC99070805
:10079000D49A070800B9052404BA052480B5C6B068
:1007A00000AF07F58C73A3F58673186007F58C739B
:1007B000A3F58873196007F58C73A3F211131A70EF
:1007C0000023C7F81431D7F8143107F11002D018FC
:1007D000D7F81431C3F5807107F58C73A3F21113A8
:1007E0001B78324A0DF0FAFF0246D7F81431134451
:1007F000C7F81431002387F813311FE0D7F81431FC
:1008000007F11002D018D7F81431C3F5807197F8AA
:10081000133107F58C72A2F58872126813441B78A5
:10082000234A0DF0DBFF0246D7F814311344C7F812
:10083000143197F81331013387F8133107F58C73AE
:10084000A3F2111397F813211B789A4203D2D7F819
:100850001431FB2BD2D907F1100319461548F1F7D3
:1008600091FE07F58C73A3F211131A7807F58C73B8
:10087000A3F58873196810480EF05DF90E4A07F564
:100880008C73A3F211131B7882F800310A4B0122FA
:1008900083F80121094B1868002300220021FAF790
:1008A000F5F900BF07F58C77BD4680BD049B0708AE
:1008B000FC990708D49A070800B9052404BA05244E
:1008C00080B5C6B000AF07F58C73A3F586731860CA
:1008D00007F58C73A3F58873196007F58C73A3F281
:1008E00011131A700023C7F81431D7F8143107F127
:1008F0001002D018D7F81431C3F5807107F58C7346
:10090000A3F211131B78324A0DF068FF0246D7F8A4
:1009100014311344C7F81431002387F813311FE052
:10092000D7F8143107F11002D018D7F81431C3F5F5
:10093000807197F8133107F58C72A2F588721268EE
:1009400013441B78234A0DF049FF0246D7F81431AF
:100950001344C7F8143197F81331013387F8133172
:1009600007F58C73A3F2111397F813211B789A42A1
:1009700003D2D7F81431FB2BD2D907F11003194653
:100980001548F1F7FFFD07F58C73A3F211131A78E0
:1009900007F58C73A3F58873196810480EF0CBF82F
:1009A0000E4A07F58C73A3F211131B7882F80031FD
:1009B0000A4B012283F80121094B18680023002209
:1009C0000021FAF763F900BF07F58C77BD4680BDBB
:1009D000389B0708FC990708D49A070800B9052432
:1009E00004BA052480B5C6B000AF07F58C73A3F533
:1009F0008673186007F58C73A3F58873196007F583
:100A00008C73A3F211131A700023C7F81431D7F8AE
:100A1000143107F11002D018D7F81431C3F58071E2
:100A200007F58C73A3F211131B78324A0DF0D6FE32
:100A30000246D7F814311344C7F81431002387F85D
:100A400013311FE0D7F8143107F11002D018D7F88E
:100A50001431C3F5807197F8133107F58C72A2F544
:100A60008872126813441B78234A0DF0B7FE0246C1
:100A7000D7F814311344C7F8143197F81331013300
:100A800087F8133107F58C73A3F2111397F813212C
:100A90001B789A4203D2D7F81431FB2BD2D907F135
:100AA000100319461548F1F76DFD07F58C73A3F295
:100AB00011131A7807F58C73A3F588731968104819
:100AC0000EF039F80E4A07F58C73A3F211131B7858
:100AD00082F800310A4B012283F80121094B186882
:100AE000002300220021FAF7D1F800BF07F58C7728
:100AF000BD4680BD6C9B0708FC990708D49A07087F
:100B000000B9052404BA052480B5C6B000AF07F5C6
:100B10008C73A3F58673186007F58C73A3F588733F
:100B2000196007F58C73A3F211131A700023C7F82C
:100B30001431D7F8143107F11002D018D7F8143156
:100B4000C3F5807107F58C73A3F211131B78324A39
:100B50000DF044FE0246D7F814311344C7F814319F
:100B6000002387F813311FE0D7F8143107F1100282
:100B7000D018D7F81431C3F5807197F8133107F501
:100B80008C72A2F58872126813441B78234A0DF008
:100B900025FE0246D7F814311344C7F8143197F8EC
:100BA0001331013387F8133107F58C73A3F2111356
:100BB00097F813211B789A4203D2D7F81431FB2BF4
:100BC000D2D907F1100319461548F1F7DBFC07F5F8
:100BD0008C73A3F211131A7807F58C73A3F588733D
:100BE000196810480DF0A7FF0E4A07F58C73A3F2A1
:100BF00011131B7882F800310A4B012283F801217E
:100C0000094B1868002300220021FAF73FF800BFC3
:100C100007F58C77BD4680BDA09B0708FC990708A7
:100C2000D49A070800B9052404BA052480B5C6B0D3
:100C300000AF07F58C73A3F58673186007F58C7306
:100C4000A3F58873196007F58C73A3F211131A705A
:100C50000023C7F81431D7F8143107F11002D01867
:100C6000D7F81431C3F5807107F58C73A3F2111313
:100C70001B78324A0DF0B2FD0246D7F81431134406
:100C8000C7F81431002387F813311FE0D7F8143167
:100C900007F11002D018D7F81431C3F5807197F816
:100CA000133107F58C72A2F58872126813441B7811
:100CB000234A0DF093FD0246D7F814311344C7F8C8
:100CC000143197F81331013387F8133107F58C731A
:100CD000A3F2111397F813211B789A4203D2D7F885
:100CE0001431FB2BD2D907F1100319461548F1F73F
:100CF00049FC07F58C73A3F211131A7807F58C736E
:100D0000A3F58873196810480DF015FF0E4A07F512
:100D10008C73A3F211131B7882F800310A4B012265
:100D200083F80121094B1868002300220021F9F7FC
:100D3000ADFF00BF07F58C77BD4680BDD09B07088F
:100D4000FC990708D49A070800B9052404BA0524B9
:100D500080B5C6B000AF07F58C73A3F58673186035
:100D600007F58C73A3F58873196007F58C73A3F2EC
:100D700011131A700023C7F81431D7F8143107F192
:100D80001002D018D7F81431C3F5807107F58C73B1
:100D9000A3F211131B78324A0DF020FD0246D7F85A
:100DA00014311344C7F81431002387F813311FE0BE
:100DB000D7F8143107F11002D018D7F81431C3F561
:100DC000807197F8133107F58C72A2F5887212685A
:100DD00013441B78234A0DF001FD0246D7F8143165
:100DE0001344C7F8143197F81331013387F81331DE
:100DF00007F58C73A3F2111397F813211B789A420D
:100E000003D2D7F81431FB2BD2D907F110031946BE
:100E10001548F1F7B7FB07F58C73A3F211131A7895
:100E200007F58C73A3F58873196810480DF083FEDD
:100E30000E4A07F58C73A3F211131B7882F8003168
:100E40000A4B012283F80121094B18680023002274
:100E50000021F9F71BFF00BF07F58C77BD4680BD69
:100E6000FC9B0708FC990708D49A070800B90524D9
:100E700004BA052480B5C6B000AF07F58C73A3F59E
:100E80008673186007F58C73A3F58873196007F5EE
:100E90008C73A3F211131A700023C7F81431D7F81A
:100EA000143107F11002D018D7F81431C3F580714E
:100EB00007F58C73A3F211131B78324A0DF08EFCE8
:100EC0000246D7F814311344C7F81431002387F8C9
:100ED00013311FE0D7F8143107F11002D018D7F8FA
:100EE0001431C3F5807197F8133107F58C72A2F5B0
:100EF0008872126813441B78234A0DF06FFC024677
:100F0000D7F814311344C7F8143197F8133101336B
:100F100087F8133107F58C73A3F2111397F8132197
:100F20001B789A4203D2D7F81431FB2BD2D907F1A0
:100F3000100319461548F1F725FB07F58C73A3F24A
:100F400011131A7807F58C73A3F588731968104884
:100F50000DF0F1FD0E4A07F58C73A3F211131B7807
:100F600082F800310A4B012283F80121094B1868ED
:100F7000002300220021F9F789FE00BF07F58C77D6
:100F8000BD4680BD249C0708FC990708D49A070831
:100F900000B9052404BA052480B5C6B000AF07F532
:100FA0008C73A3F58673186007F58C73A3F58873AB
:100FB000196007F58C73A3F211131A700023C7F898
:100FC0001431D7F8143107F11002D018D7F81431C2
:100FD000C3F5807107F58C73A3F211131B78324AA5
:100FE0000DF0FCFB0246D7F814311344C7F8143156
:100FF000002387F813311FE0D7F8143107F11002EE
:10100000D018D7F81431C3F5807197F8133107F56C
:101010008C72A2F58872126813441B78234A0DF073
:10102000DDFB0246D7F814311344C7F8143197F8A2
:101030001331013387F8133107F58C73A3F21113C1
:1010400097F813211B789A4203D2D7F81431FB2B5F
:10105000D2D907F1100319461548F1F793FA07F5AD
:101060008C73A3F211131A7807F58C73A3F58873A8
:10107000196810480DF05FFD0E4A07F58C73A3F256
:1010800011131B7882F800310A4B012283F80121E9
:10109000094B1868002300220021F9F7F7FD00BF73
:1010A00007F58C77BD4680BD549C0708FC9907085E
:1010B000D49A070800B9052404BA052480B5C6B03F
:1010C00000AF07F58C73A3F58673186007F58C7372
:1010D000A3F58873196007F58C73A3F211131A70C6
:1010E0000023C7F81431D7F8143107F11002D018D3
:1010F000D7F81431C3F5807107F58C73A3F211137F
:101100001B78324A0DF06AFB0246D7F814311344BB
:10111000C7F81431002387F813311FE0D7F81431D2
:1011200007F11002D018D7F81431C3F5807197F881
:10113000133107F58C72A2F58872126813441B787C
:10114000234A0DF04BFB0246D7F814311344C7F87D
:10115000143197F81331013387F8133107F58C7385
:10116000A3F2111397F813211B789A4203D2D7F8F0
:101170001431FB2BD2D907F1100319461548F1F7AA
:1011800001FA07F58C73A3F211131A7807F58C7323
:10119000A3F58873196810480DF0CDFC0E4A07F5C9
:1011A0008C73A3F211131B7882F800310A4B0122D1
:1011B00083F80121094B1868002300220021F9F768
:1011C00065FD00BF07F58C77BD4680BD7C9C070898
:1011D000FC990708D49A070800B9052404BA052425
:1011E00080B5C6B000AF07F58C73A3F586731860A1
:1011F00007F58C73A3F58873196007F58C73A3F258
:1012000011131A700023C7F81431D7F8143107F1FD
:101210001002D018D7F81431C3F5807107F58C731C
:10122000A3F211131B78324A0DF0D8FA0246D7F810
:1012300014311344C7F81431002387F813311FE029
:10124000D7F8143107F11002D018D7F81431C3F5CC
:10125000807197F8133107F58C72A2F588721268C5
:1012600013441B78234A0DF0B9FA0246D7F814311B
:101270001344C7F8143197F81331013387F8133149
:1012800007F58C73A3F2111397F813211B789A4278
:1012900003D2D7F81431FB2BD2D907F1100319462A
:1012A0001548F1F76FF907F58C73A3F211131A784B
:1012B00007F58C73A3F58873196810480DF03BFC93
:1012C0000E4A07F58C73A3F211131B7882F80031D4
:1012D0000A4B012283F80121094B186800230022E0
:1012E0000021F9F7D3FC00BF07F58C77BD4680BD20
:1012F000A09C0708FC990708D49A070800B90524A0
:1013000004BA052480B5C6B000AF07F58C73A3F509
:101310008673186007F58C73A3F58873196007F559
:101320008C73A3F211131A700023C7F81431D7F885
:10133000143107F11002D018D7F81431C3F58071B9
:1013400007F58C73A3F211131B78324A0DF046FA9D
:101350000246D7F814311344C7F81431002387F834
:1013600013311FE0D7F8143107F11002D018D7F865
:101370001431C3F5807197F8133107F58C72A2F51B
:101380008872126813441B78234A0DF027FA02462C
:10139000D7F814311344C7F8143197F813310133D7
:1013A00087F8133107F58C73A3F2111397F8132103
:1013B0001B789A4203D2D7F81431FB2BD2D907F10C
:1013C000100319461548F1F7DDF807F58C73A3F201
:1013D00011131A7807F58C73A3F5887319681048F0
:1013E0000DF0A9FB0E4A07F58C73A3F211131B78BD
:1013F00082F800310A4B012283F80121094B186859
:10140000002300220021F9F741FC00BF07F58C778B
:10141000BD4680BDC89C0708FC990708D49A0708F8
:1014200000B9052404BA052480B5C6B000AF07F59D
:101430008C73A3F58673186007F58C73A3F5887316
:10144000196007F58C73A3F211131A700023C7F803
:101450001431D7F8143107F11002D018D7F814312D
:10146000C3F5807107F58C73A3F211131B78324A10
:101470000DF0B4F90246D7F814311344C7F814310B
:10148000002387F813311FE0D7F8143107F1100259
:10149000D018D7F81431C3F5807197F8133107F5D8
:1014A0008C72A2F58872126813441B78234A0DF0DF
:1014B00095F90246D7F814311344C7F8143197F858
:1014C0001331013387F8133107F58C73A3F211132D
:1014D00097F813211B789A4203D2D7F81431FB2BCB
:1014E000D2D907F1100319461548F1F74BF807F563
:1014F0008C73A3F211131A7807F58C73A3F5887314
:10150000196810480DF017FB0E4A07F58C73A3F20B
:1015100011131B7882F800310A4B012283F8012154
:10152000094B1868002300220021F9F7AFFB00BF28
:1015300007F58C77BD4680BDF89C0708FC99070825
:10154000D49A070800B9052404BA052480B5C6B0AA
:1015500000AF07F58C73A3F58673186007F58C73DD
:10156000A3F58873196007F58C73A3F211131A7031
:101570000023C7F81431D7F8143107F11002D0183E
:10158000D7F81431C3F5807107F58C73A3F21113EA
:101590001B78324A0DF022F90246D7F81431134471
:1015A000C7F81431002387F813311FE0D7F814313E
:1015B00007F11002D018D7F81431C3F5807197F8ED
:1015C000133107F58C72A2F58872126813441B78E8
:1015D000234A0DF003F90246D7F814311344C7F833
:1015E000143197F81331013387F8133107F58C73F1
:1015F000A3F2111397F813211B789A4203D2D7F85C
:101600001431FB2BD2D907F1100319461548F0F716
:10161000B9FF07F58C73A3F211131A7807F58C73D1
:10162000A3F58873196810480DF085FA0E4A07F57E
:101630008C73A3F211131B7882F800310A4B01223C
:1016400083F80121094B1868002300220021F9F7D3
:101650001DFB00BF07F58C77BD4680BD289D0708A0
:10166000FC990708D49A070800B9052404BA052490
:1016700080B5C6B000AF07F58C73A3F5867318600C
:1016800007F58C73A3F58873196007F58C73A3F2C3
:1016900011131A700023C7F81431D7F8143107F169
:1016A0001002D018D7F81431C3F5807107F58C7388
:1016B000A3F211131B78324A0DF090F80246D7F8C6
:1016C00014311344C7F81431002387F813311FE095
:1016D000D7F8143107F11002D018D7F81431C3F538
:1016E000807197F8133107F58C72A2F58872126831
:1016F00013441B78234A0DF071F80246D7F81431D1
:101700001344C7F8143197F81331013387F81331B4
:1017100007F58C73A3F2111397F813211B789A42E3
:1017200003D2D7F81431FB2BD2D907F11003194695
:101730001548F0F727FF07F58C73A3F211131A78F9
:1017400007F58C73A3F58873196810480DF0F3F949
:101750000E4A07F58C73A3F211131B7882F800313F
:101760000A4B012283F80121094B1868002300224B
:101770000021F9F78BFA00BF07F58C77BD4680BDD5
:101780005C9D0708FC990708D49A070800B905244E
:1017900004BA052480B5C6B000AF07F58C73A3F575
:1017A0008673186007F58C73A3F58873196007F5C5
:1017B0008C73A3F211131A700023C7F81431D7F8F1
:1017C000143107F11002D018D7F81431C3F5807125
:1017D00007F58C73A3F211131B78324A0CF0FEFF4D
:1017E0000246D7F814311344C7F81431002387F8A0
:1017F00013311FE0D7F8143107F11002D018D7F8D1
:101800001431C3F5807197F8133107F58C72A2F586
:101810008872126813441B78234A0CF0DFFF0246DB
:10182000D7F814311344C7F8143197F81331013342
:1018300087F8133107F58C73A3F2111397F813216E
:101840001B789A4203D2D7F81431FB2BD2D907F177
:10185000100319461548F0F795FE07F58C73A3F2AF
:1018600011131A7807F58C73A3F58873196810485B
:101870000DF061F90E4A07F58C73A3F211131B7872
:1018800082F800310A4B012283F80121094B1868C4
:10189000002300220021F9F7F9F900BF07F58C7742
:1018A000BD4680BD8C9D0708FC990708D49A07089F
:1018B00000B9052404BA052480B5C6B000AF07F509
:1018C0008C73A3F58673186007F58C73A3F5887382
:1018D000196007F58C73A3F211131A700023C7F86F
:1018E0001431D7F8143107F11002D018D7F8143199
:1018F000C3F5807107F58C73A3F211131B78324A7C
:101900000CF06CFF0246D7F814311344C7F81431B9
:10191000002387F813311FE0D7F8143107F11002C4
:10192000D018D7F81431C3F5807197F8133107F543
:101930008C72A2F58872126813441B78234A0CF04B
:101940004DFF0246D7F814311344C7F8143197F805
:101950001331013387F8133107F58C73A3F2111398
:1019600097F813211B789A4203D2D7F81431FB2B36
:10197000D2D907F1100319461548F0F703FE07F511
:101980008C73A3F211131A7807F58C73A3F588737F
:10199000196810480DF0CFF80E4A07F58C73A3F2C2
:1019A00011131B7882F800310A4B012283F80121C0
:1019B000094B1868002300220021F9F767F900BFDE
:1019C00007F58C77BD4680BDBC9D0708FC990708CC
:1019D000D49A070800B9052404BA052480B5C6B016
:1019E00000AF07F58C73A3F58673186007F58C7349
:1019F000A3F58873196007F58C73A3F211131A709D
:101A00000023C7F81431D7F8143107F11002D018A9
:101A1000D7F81431C3F5807107F58C73A3F2111355
:101A20001B78324A0CF0DAFE0246D7F81431134420
:101A3000C7F81431002387F813311FE0D7F81431A9
:101A400007F11002D018D7F81431C3F5807197F858
:101A5000133107F58C72A2F58872126813441B7853
:101A6000234A0CF0BBFE0246D7F814311344C7F8E2
:101A7000143197F81331013387F8133107F58C735C
:101A8000A3F2111397F813211B789A4203D2D7F8C7
:101A90001431FB2BD2D907F1100319461548F0F782
:101AA00071FD07F58C73A3F211131A7807F58C7387
:101AB000A3F58873196810480DF03DF80E4A07F534
:101AC0008C73A3F211131B7882F800310A4B0122A8
:101AD00083F80121094B1868002300220021F9F73F
:101AE000D5F800BF07F58C77BD4680BDF49D07088B
:101AF000FC990708D49A070800B9052404BA0524FC
:101B000080B5C6B000AF07F58C73A3F58673186077
:101B100007F58C73A3F58873196007F58C73A3F22E
:101B200011131A700023C7F81431D7F8143107F1D4
:101B30001002D018D7F81431C3F5807107F58C73F3
:101B4000A3F211131B78324A0CF048FE0246D7F874
:101B500014311344C7F81431002387F813311FE000
:101B6000D7F8143107F11002D018D7F81431C3F5A3
:101B7000807197F8133107F58C72A2F5887212689C
:101B800013441B78234A0CF029FE0246D7F814317F
:101B90001344C7F8143197F81331013387F8133120
:101BA00007F58C73A3F2111397F813211B789A424F
:101BB00003D2D7F81431FB2BD2D907F11003194601
:101BC0001548F0F7DFFC07F58C73A3F211131A78B0
:101BD00007F58C73A3F58873196810480CF0ABFFF8
:101BE0000E4A07F58C73A3F211131B7882F80031AB
:101BF0000A4B012283F80121094B186800230022B7
:101C00000021F9F743F800BF07F58C77BD4680BD8A
:101C10001C9E0708FC990708D49A070800B90524F8
:101C200004BA052480B5C6B000AF07F58C73A3F5E0
:101C30008673186007F58C73A3F58873196007F530
:101C40008C73A3F211131A700023C7F81431D7F85C
:101C5000143107F11002D018D7F81431C3F5807190
:101C600007F58C73A3F211131B78324A0CF0B6FD02
:101C70000246D7F814311344C7F81431002387F80B
:101C800013311FE0D7F8143107F11002D018D7F83C
:101C90001431C3F5807197F8133107F58C72A2F5F2
:101CA0008872126813441B78234A0CF097FD024691
:101CB000D7F814311344C7F8143197F813310133AE
:101CC00087F8133107F58C73A3F2111397F81321DA
:101CD0001B789A4203D2D7F81431FB2BD2D907F1E3
:101CE000100319461548F0F74DFC07F58C73A3F265
:101CF00011131A7807F58C73A3F5887319681048C7
:101D00000CF019FF0E4A07F58C73A3F211131B7820
:101D100082F800310A4B012283F80121094B18682F
:101D2000002300220021F8F7B1FF00BF07F58C77F0
:101D3000BD4680BD489E0708FC990708D49A07084D
:101D400000B9052404BA052480B5C6B000AF07F574
:101D50008C73A3F58673186007F58C73A3F58873ED
:101D6000196007F58C73A3F211131A700023C7F8DA
:101D70001431D7F8143107F11002D018D7F8143104
:101D8000C3F5807107F58C73A3F211131B78324AE7
:101D90000CF024FD0246D7F814311344C7F814316F
:101DA000002387F813311FE0D7F8143107F1100230
:101DB000D018D7F81431C3F5807197F8133107F5AF
:101DC0008C72A2F58872126813441B78234A0CF0B7
:101DD00005FD0246D7F814311344C7F8143197F8BB
:101DE0001331013387F8133107F58C73A3F2111304
:101DF00097F813211B789A4203D2D7F81431FB2BA2
:101E0000D2D907F1100319461548F0F7BBFB07F5C7
:101E10008C73A3F211131A7807F58C73A3F58873EA
:101E2000196810480CF087FE0E4A07F58C73A3F270
:101E300011131B7882F800310A4B012283F801212B
:101E4000094B1868002300220021F8F71FFF00BF8C
:101E500007F58C77BD4680BD709E0708FC99070882
:101E6000D49A070800B9052404BA052480B5C6B081
:101E700000AF07F58C73A3F58673186007F58C73B4
:101E8000A3F58873196007F58C73A3F211131A7008
:101E90000023C7F81431D7F8143107F11002D01815
:101EA000D7F81431C3F5807107F58C73A3F21113C1
:101EB0001B78324A0CF092FC0246D7F814311344D6
:101EC000C7F81431002387F813311FE0D7F8143115
:101ED00007F11002D018D7F81431C3F5807197F8C4
:101EE000133107F58C72A2F58872126813441B78BF
:101EF000234A0CF073FC0246D7F814311344C7F898
:101F0000143197F81331013387F8133107F58C73C7
:101F1000A3F2111397F813211B789A4203D2D7F832
:101F20001431FB2BD2D907F1100319461548F0F7ED
:101F300029FB07F58C73A3F211131A7807F58C733C
:101F4000A3F58873196810480CF0F5FD0E4A07F5E3
:101F50008C73A3F211131B7882F800310A4B012213
:101F600083F80121094B1868002300220021F8F7AB
:101F70008DFE00BF07F58C77BD4680BD909E07089B
:101F8000FC990708D49A070800B9052404BA052467
:101F900080B400AF024B1846BD465DF8047B704725
:101FA00080B0070880B400AF1C231846BD465DF81A
:101FB000047B704780B582B000AF78607B68002BEF
:101FC00001D1012303E0786800F016F800231846D9
:101FD0000837BD4680BD80B582B000AF78603960FB
:101FE0000222002138680CF0FBFC3B6800221A80BA
:101FF00000BF0837BD4680BD80B582B000AF7860B5
:102000007B68002B23D07B6804334FF4A05200215F
:1020100018460CF0E5FC7B6800221A707B6803F51B
:1020200080530022A3F806247B6803F58053002226
:10203000A3F804247B6800225A807B6803F5805350
:102040000022A3F808247B6800225A7000E000BF39
:102050000837BD4680BD80B485B000AF03460A4650
:10206000FB8013467B717B791BB21B021AB2B7F956
:10207000063053401BB2FB800023FB7313E0B7F91B
:102080000630002B09DAB7F906305B001AB241F2CC
:10209000210353401BB2FB8002E0FB885B00FB8006
:1020A000FB7B0133FB73FB7B072BE8D9FB881846CE
:1020B0001437BD465DF8047B704780B582B000AF31
:1020C00078600B46FB707B681B88FA7811461846CF
:1020D000FFF7C1FF03461A467B681A8000BF083726
:1020E000BD4680BD80B483B000AF78607B681B883C
:1020F00018460C37BD465DF8047B704780B485B048
:1021000000AF78600923FB737B681B78082B37D8F6
:1021100001A252F823F000BF3D2106084321060822
:10212000492106084F21060855210608692106089D
:102130006F210608752106087B2106080123FB7321
:102140001FE00223FB731CE00323FB7319E004234D
:10215000FB7316E07B685B88002B02D00523FB73C2
:102160000FE00623FB730CE00623FB7309E0072353
:10217000FB7306E00823FB7303E00023FB7300E01E
:1021800000BFFB7B092B08D07B68FA7B1A707B6849
:1021900003F580530022A3F8042400BF1437BD4682
:1021A0005DF8047B704700BF80B584B000AF7860F5
:1021B00039600023FB730023BB737B68002B02D0C4
:1021C0003B68002B01D1012333E13B681B78FB7393
:1021D0007B681B78082B00F2178101A252F823F0CC
:1021E000052206082B220608412206086D22060851
:1021F0008F220608C12206082F230608CB230608D3
:10220000E7230608FB7BC02B40F005817868FFF7C9
:10221000F3FE7A6841F20643134419467868FFF7E3
:10222000DAFE7868FFF76AFFF5E0FB7BDE2B03D16F
:102230007868FFF763FFF3E07868FFF7DDFEEFE013
:102240007B68FA7B5A70FB7BFA7B19467B4800F06F
:102250005DFA7A6841F206431344FA7B1146184648
:10226000FFF72BFF7868FFF749FFD9E07A6841F262
:1022700006431344FA7B11461846FFF71EFFFB7B0B
:102280009AB27B685A807868FFF738FFC8E07A68AE
:1022900041F206431344FA7B11461846FFF70DFF3F
:1022A0007B685B881AB2FB7B1BB21B021BB2134319
:1022B0001BB29AB27B685A807868FFF71FFFAFE0C5
:1022C0007B6803F58053B3F80434B3F5A05F27D2DD
:1022D0007B6803F58053B3F804345A1C91B27A68D2
:1022E00002F58052A2F804141A467B681344FA7B64
:1022F0001A717A6841F206431344FA7B1146184674
:10230000FFF7DBFE7B6803F58053B3F804247B689A
:102310005B889A4240F081807868FFF7EFFE7CE0AE
:102320007868FFF769FE0723BB73BB7B81E07B689E
:1023300003F58053B3F80434012B23D87B6803F5ED
:102340008053B3F808341AB2F97B7B6803F58053E5
:10235000B3F80434DB0001FA03F31BB213431BB2DE
:102360009AB27B6803F58053A3F808247B6803F5D1
:102370008053B3F8043401339AB27B6803F5805379
:10238000A3F804247B6803F58053B3F80434022BCC
:1023900045D17A6841F2064313441846FFF7A2FE7E
:1023A0000346BB817B6803F58053B3F80834BA89D0
:1023B0009A4203D17868FFF7A1FE30E07868FFF712
:1023C0001BFE0423BB73BB7B33E0FB7BDA2B03D107
:1023D0007868FFF793FE23E07868FFF70DFE05238A
:1023E000BB73BB7B25E0FB7BED2B06D10323BB73CB
:1023F0007868FFF783FEBB7B1BE07868FFF7FCFD86
:102400000523BB73BB7B14E07868FFF7F5FD012360
:10241000BB73BB7B0DE000BF02E000BF00E000BF6C
:102420007B681B78002B01D1062300E00223BB73DD
:10243000BB7B18461037BD4680BD00BFB89E07085D
:1024400080B58AB000AFF8607A601A460B46FB721E
:1024500013463B81002387F825303B897B847B68CA
:10246000FB61FB68002B01D1012391E03B8909331B
:102470007B8300F039F903461A467B8B934201D9DE
:10248000072385E007F114031946F868FFF7A3FD59
:10249000C023FB7407F11303184600F0E5F8DE23B0
:1024A000FB7407F11303184600F0DEF8FB7AFB74A7
:1024B00007F11303184600F0D7F8FA7C07F114036C
:1024C00011461846FFF7F9FD3B89DBB2FB7407F1B3
:1024D0001303184600F0C8F8FA7C07F114031146FC
:1024E0001846FFF7EAFD3B891B0A9BB2DBB2FB747F
:1024F00007F11303184600F0B7F8FA7C07F114034C
:1025000011461846FFF7D9FD0023FB8413E0FB8C2E
:10251000FA6913441B78FB7407F11303184600F0A3
:10252000A3F8FA7C07F1140311461846FFF7C5FD1E
:10253000FB8C0133FB84FA8C7B8C9A42E7D307F146
:1025400014031846FFF7CEFD03463B833B8BDBB2FB
:10255000FB7407F11303184600F086F83B8B1B0A47
:102560009BB2DBB2FB7407F11303184600F07CF852
:10257000DA23FB7407F11303184600F075F8ED2316
:10258000FB7407F11303184600F06EF897F8253036
:1025900018462837BD4680BD80B586B000AF78604C
:1025A0000023BB7300F0AAF8786107F10E03184608
:1025B00000F06EF838617B68002B01D101234BE0FD
:1025C0003B69002B2AD107F10E0319467868FFF703
:1025D000EBFD0346FB73FB7B032B13D17B6803F5F9
:1025E00080531A467B69C2F80C341D4800F08EF8FF
:1025F0007B6859787B681A1D7B685B887868EAF786
:10260000A5FA09E0FB7B022B06D17B6803F580531A
:102610001A467B69C2F80C34FB7B1DE07B681B7893
:10262000002B18D07B6803F58053D3F80C347A69FB
:10263000D31AB3F5967F0ED90A4800F067F8786888
:10264000FFF7DAFC7B6803F580531A467B69C2F812
:102650000C34082300E0062318461837BD4680BD19
:10266000C89E0708D89E070880B582B000AF786082
:102670007B68002B06D07B681B7819460348E0F77F
:10268000E1F800E000BF0837BD4680BD00440040CF
:1026900080B584B000AF78607B68002B02D14FF02A
:1026A000FF3319E00E48E0F73BFAF860DEF70AFA6C
:1026B0000346FB72FB7A052B03D10A48E0F730FA98
:1026C000F860FB68002B05DBFB68DAB27B681A70E8
:1026D000002301E04FF0FF3318461037BD4680BDA0
:1026E000004400400010014080B500AF0248E0F710
:1026F0004FFA0346184680BD0044004080B500AF45
:10270000EFF734FF0346184680BD00000FB480B5D4
:10271000C2B000AF07F58A7207F58473A3F5827320
:102720001A6007F58473A3F5827307F108001B682C
:10273000D7F810214FF480710CF01AF90A490B48B0
:10274000E0F7B6F807F1080319460848E0F7B0F8D3
:1027500007490648E0F7ACF800BF07F58477BD46A7
:10276000BDE8804004B07047F89E070800100140A3
:10277000049F070880B400AF494BD3F88830484A1B
:1027800043F47003C2F88830454B1B69444A43F058
:1027900010031361434B1B6803F00F03062B07D88C
:1027A000404B1B6823F00F033E4A43F007031360BE
:1027B0003D4B1B683C4A43F0010313603A4B002237
:1027C0001A61394B1A683849384B13400B60354B46
:1027D0001B6803F00803002B07D0324B1B6823F063
:1027E0000F03304A43F0070313602F4B00229A6116
:1027F0002D4B0022DA612C4B00221A622A4B2C4A04
:102800009A62294B2B4ADA62274B2B4A1A63264BD2
:1028100000225A63244B284A9A63234B0022DA632E
:10282000214B254A1A64204B00225A641E4B1B6818
:102830001D4A23F4802313601B4B00221A661F4B92
:102840005B6A1E4A43F4804353621D4B1A681D4B5A
:102850001340B3F1005F02D21B4B01221A60124BEE
:10286000D3F8D43003F48053002B13D10E4BD3F89C
:10287000D4300D4A43F48053C2F8D430134B43F2A2
:10288000D2021A60084BD3F8D430074A23F480539D
:10289000C2F8D43000BFBD465DF8047B704700BF6E
:1028A00000ED00E000200052004402587FEDF6EAFF
:1028B000000202020000FF0180020101C000005876
:1028C0000010005C0000FFFF088100510040005232
:1028D00080B400AF0A4BDB6823F00603084A43F0DC
:1028E0000203D36000BF064B5B6803F40053002B68
:1028F000F9D000BF00BFBD465DF8047B704700BF44
:102900000048025880B400AF044BDB681B0A03F098
:1029100007031846BD465DF8047B704700ED00E0F4
:1029200080B483B000AF0346FB80B7F90630002BBC
:102930000BDBFB8803F01F020749B7F906305B0980
:10294000012000FA02F241F8232000BF0C37BD46F7
:102950005DF8047B704700BF00E100E080B483B005
:1029600000AF03463960FB80B7F90630002B0ADB65
:102970003B68DAB20C49B7F906301201D2B20B4407
:1029800083F800230AE03B68DAB20849FB8803F0C9
:102990000F03043B1201D2B20B441A7600BF0C376E
:1029A000BD465DF8047B704700E100E000ED00E00B
:1029B00080B489B000AFF860B9607A60FB6803F05A
:1029C0000703FB61FB69C3F10703042B28BF042342
:1029D000BB61FB690433062B02D9FB69033B00E0B2
:1029E00000237B614FF0FF32BB6902FA03F3DA4345
:1029F000BB681A407B699A404FF0FF317B6901FA4E
:102A000003F3D9437B680B40134318462437BD4674
:102A10005DF8047B704780B483B000AF78607B685A
:102A20001B6823F001027B681A6000BF0C37BD46AB
:102A30005DF8047B704780B483B000AF78607B683A
:102A40001B6823F400327B681A6000BF0C37BD4658
:102A50005DF8047B704780B483B000AF78607B681A
:102A60001B6823F400227B681A6000BF0C37BD4648
:102A70005DF8047B7047000080B485B000AFF8605B
:102A8000B9607A60FB68DA68064B1340B9687A6807
:102A90000A431A43FB68DA6000BF1437BD465DF88D
:102AA000047B704701F8FFFF80B483B000AF78600B
:102AB0007B68DB6823F400427B68DA6000BF0C3778
:102AC000BD465DF8047B704780B483B000AF78608A
:102AD0007B685B6843F000727B685A6000BF0C370C
:102AE000BD465DF8047B704780B483B000AF78606A
:102AF0007B681B6843F001027B681A6000BF0C37DB
:102B0000BD465DF8047B704780B483B000AF786049
:102B10007B681B6843F400727B681A6000BF0C3747
:102B2000BD465DF8047B704780B483B000AF786029
:102B300039607B68DB6823F460123B681A437B686A
:102B4000DA6000BF0C37BD465DF8047B704780B487
:102B500083B000AF786039607B689B6823F4F072C3
:102B60003B681A437B689A6000BF0C37BD465DF82E
:102B7000047B704780B483B000AF78607B68DB680B
:102B800043F080427B68DA6000BF0C37BD465DF8D9
:102B9000047B704780B483B000AF78607B68DB68EB
:102BA00023F080427B68DA6000BF0C37BD465DF8D9
:102BB000047B704780B483B000AF78607B681B688B
:102BC00043F001027B681A6000BF0C37BD465DF818
:102BD000047B704780B483B000AF78607B681B686B
:102BE00023F002027B681A6000BF0C37BD465DF817
:102BF000047B704780B483B000AF78607B681B684B
:102C000023F080027B681A6000BF0C37BD465DF878
:102C1000047B704780B483B000AF786039607B6814
:102C20009A68064B13403A681A437B689A6000BF63
:102C30000C37BD465DF8047B704700BFF8BFFEFF50
:102C400080B483B000AF786039607B685B6823F044
:102C500070023B681A437B685A6000BF0C37BD4660
:102C60005DF8047B704780B483B000AF7860396052
:102C70007B685B6823F470023B681A437B685A6088
:102C800000BF0C37BD465DF8047B704780B483B04D
:102C900000AF78607B689B6823F080027B689A6055
:102CA00000BF0C37BD465DF8047B704780B483B02D
:102CB00000AF78607B68DB6843F001027B68DA6014
:102CC00000BF0C37BD465DF8047B704780B483B00D
:102CD00000AF78607B681B6843F001027B681A6074
:102CE00000BF0C37BD465DF8047B704780B483B0ED
:102CF00000AF78607B681B6823F000527B681A6025
:102D000000BF0C37BD465DF8047B704780B489B0C6
:102D100000AF786039607B680833FB60FB6853E87C
:102D2000003FBB60BB6823F060423B685B07134316
:102D3000FB617B680833FA69BA617B617969BA69BA
:102D400041E800233B613B69002BE4D100BF00BF99
:102D50002437BD465DF8047B704780B489B000AF6E
:102D6000786039607B680833FB60FB6853E8003F9C
:102D7000BB60BB6823F060623B685B061343FB618A
:102D80007B680833FA69BA617B617969BA6941E89D
:102D900000233B613B69002BE4D100BF00BF243717
:102DA000BD465DF8047B704780B483B000AF7860A7
:102DB0007B685B6823F490427B685A607B689B6801
:102DC00023F02A027B689A6000BF0C37BD465DF88D
:102DD000047B704780B483B000AF78607B68DB69A8
:102DE00003F04003402B01D1012300E000231846EB
:102DF0000C37BD465DF8047B704780B483B000AFEC
:102E000078607B68DB6903F08003802B01D10123AC
:102E100000E0002318460C37BD465DF8047B704780
:102E200080B483B000AF78607B68DB6903F4001383
:102E3000B3F5001F01D1012300E0002318460C3731
:102E4000BD465DF8047B704780B483B000AF786006
:102E50007B68DB6903F48003B3F5800F01D10123A4
:102E600000E0002318460C37BD465DF8047B704730
:102E700080B483B000AF78600B46FB70FA787B6853
:102E80009A6200BF0C37BD465DF8047B704780B482
:102E900083B000AF786039607B683A689A6100BFA0
:102EA0000C37BD465DF8047B704780B483B000AF3B
:102EB000786039603B681A047B689A6100BF0C3700
:102EC000BD465DF8047B704780B485B000AF786084
:102ED0000A4BD3F8E02009497B681343C1F8E0307E
:102EE000064BD3F8E0207B681340FB60FB6800BF13
:102EF0001437BD465DF8047B704700BF004402589C
:102F000080B485B000AF78600A4BD3F8E820094957
:102F10007B681343C1F8E830064BD3F8E8207B68A0
:102F20001340FB60FB6800BF1437BD465DF8047BAF
:102F3000704700BF0044025880B485B000AF78608D
:102F40000A4BD3F8F02009497B681343C1F8F030ED
:102F5000064BD3F8F0207B681340FB60FB6800BF92
:102F60001437BD465DF8047B704700BF004402582B
:102F700080B485B000AF78600A4BD3F8F4200949DB
:102F80007B681343C1F8F430064BD3F8F4207B6818
:102F90001340FB60FB6800BF1437BD465DF8047B3F
:102FA000704700BF0044025880B487B000AFF8609B
:102FB000B9607A60FB687B610D4ABB6813441B787B
:102FC0001A467B6913441B6823F0C0020849BB689A
:102FD0000B441B7819467B690B4419467B681343E5
:102FE0000B6000BF1C37BD465DF8047B704700BF17
:102FF00070B1070880B487B000AFF860B9607A603C
:10300000FB687B610D4ABB6813441B781A467B69D9
:1030100013441B6823F490720849BB680B441B7867
:1030200019467B690B4419467B6813430B6000BF4C
:103030001C37BD465DF8047B704700BF70B10708C0
:1030400080B487B000AFF860B9607A60FB687B61DC
:103050000D4ABB6813441B781A467B6913441B68EE
:1030600023F400720849BB680B441B7819467B693E
:103070000B4419467B6813430B6000BF1C37BD46E9
:103080005DF8047B704700BF70B1070880B487B05B
:1030900000AFF860B9607A60FB687B610D4ABB687D
:1030A00013441B781A467B6913441B6823F480621F
:1030B0000849BB680B441B7819467B690B441946C9
:1030C0007B6813430B6000BF1C37BD465DF8047B73
:1030D000704700BF70B1070880B487B000AFF860D8
:1030E000B9607A60FB687B610D4ABB6813441B784A
:1030F0001A467B6913441B6823F4C0520849BB6815
:103100000B441B7819467B690B4419467B681343B3
:103110000B6000BF1C37BD465DF8047B704700BFE5
:1031200070B1070880B487B000AFF860B9607A600A
:10313000FB687B610D4ABB6813441B781A467B69A8
:1031400013441B6823F4C0420849BB680B441B7836
:1031500019467B690B4419467B6813430B6000BF1B
:103160001C37BD465DF8047B704700BF70B107088F
:1031700080B487B000AFF860B9607A60FB687B61AB
:103180000D4ABB6813441B781A467B6913441B68BD
:1031900023F440320849BB680B441B7819467B690D
:1031A0000B4419467B6813430B6000BF1C37BD46B8
:1031B0005DF8047B704700BF70B1070880B485B02C
:1031C00000AFF860B9607A60BA68124B13449B0094
:1031D000FA6811498A4201D1002200E020221344FA
:1031E0001B6823F0FF02B9680A4B0B449B00F96887
:1031F0000948814201D1002100E020210B441946F9
:103200007B6813430B6000BF1437BD465DF8047B39
:10321000704700BF008200100000024080B485B0FB
:1032200000AF786039607B68FB600C4A3B681344F0
:103230001B781A46FB6813445B6908493A680A44DC
:1032400012781146FA680A4423F00403536100BF60
:103250001437BD465DF8047B704700BF70B10708A6
:1032600080B487B000AFF860B9607A60FB687B61BA
:103270000D4ABB6813441B781A467B6913441A68CD
:103280000A4B13400849BA680A44127811467A6911
:103290000A4411467A6813430B6000BF1C37BD46D1
:1032A0005DF8047B704700BF78B10708EFBFFFFFF0
:1032B00080B487B000AFF860B9607A60FB687B616A
:1032C0000D4ABB6813441B781A467B6913441B687C
:1032D00023F020020849BB680B441B7819467B6920
:1032E0000B4419467B6813430B6000BF1C37BD4677
:1032F0005DF8047B704700BF78B1070880B487B0E1
:1033000000AFF860B9607A60FB687B610D4ABB680A
:1033100013441B781A467B6913441B6823F0400250
:103320000849BB680B441B7819467B690B44194656
:103330007B6813430B6000BF1C37BD465DF8047B00
:10334000704700BF78B1070880B487B000AFF8605D
:10335000B9607A60FB687B610D4ABB6813441B78D7
:103360001A467B6913441B6823F080020849BB6836
:103370000B441B7819467B690B4419467B68134341
:103380000B6000BF1C37BD465DF8047B704700BF73
:1033900078B1070880B487B000AFF860B9607A6090
:1033A000FB687B610D4ABB6813441B781A467B6936
:1033B00013441B6823F440720849BB680B441B7814
:1033C00019467B690B4419467B6813430B6000BFA9
:1033D0001C37BD465DF8047B704700BF78B1070815
:1033E00080B487B000AFF860B9607A60FB687B6139
:1033F0000D4ABB6813441B781A467B6913441B684B
:1034000023F440620849BB680B441B7819467B696A
:103410000B4419467B6813430B6000BF1C37BD4645
:103420005DF8047B704700BF78B1070880B487B0AF
:1034300000AFF860B9607A60FB687B610D4ABB68D9
:1034400013441B781A467B6913441B6823F44052CB
:103450000849BB680B441B7819467B690B44194625
:103460007B6813430B6000BF1C37BD465DF8047BCF
:10347000704700BF78B1070880B485B000AFF8602E
:10348000B9607A60BA680A4B13449B001B6823F04A
:10349000FF02B968064B0B449B0019467B68134337
:1034A0000B6000BF1437BD465DF8047B704700BF5A
:1034B0000096001680B582B000AF78607868FFF79C
:1034C000AAFA7B68044A934201D100F0FBFA00BFDC
:1034D0000837BD4680BD00BF0058004080B500AF32
:1034E000034803F0A3FB00F077FB00BF80BD00BFE3
:1034F00030BA052480B500AF024803F097FB00BF47
:1035000080BD00BF30BA052480B500AF00F064FB79
:1035100000BF80BDF0B5ADF5617D00AF01F0EEFA02
:10352000BD4B5B6903F40033002B1BD1BFF34F8FFE
:1035300000BFBFF36F8F00BFB74B0022C3F850220C
:10354000BFF34F8F00BFBFF36F8F00BFB24B5B69FC
:10355000B14A43F400335361BFF34F8F00BFBFF351
:103560006F8F00E000BF02F08FF900F00DFAAB4B57
:10357000D3F8E030A94A43F00073C2F8E030A74B1B
:10358000D3F8E03003F0007207F56073A3F55F73C2
:103590001A6007F56073A3F55F731B68012002F0E2
:1035A0009BFF00BF002002F0B1FF0346002BF9D0C3
:1035B0000021002002F0C0FF00BF984B1B6803F4FD
:1035C0000043002BF9D002F05FF907F56073A3F513
:1035D0004A7318464FF448731A4600210BF000FA5C
:1035E00007F158038E4918460BF02EF907F15803DE
:1035F0001846DCF77FFE03461A4607F158031344CA
:10360000884A14469C4604F1300E654626460FCE85
:1036100028606960AA60EB6010340CF1100C7445EE
:10362000F3D16246234603CB106051601B8813819F
:10363000022002F0EBF907F158031846DCF75AFEB6
:1036400003461A4607F158031344774A1D461446A9
:103650000FCC28606960AA60EB6007CC28616961C3
:10366000AA6123782B7701F061F9704B9B7A002BCC
:1036700028D107F108036E4918460BF0E5F807F169
:10368000080207F15803114618460BF0B1F94FF440
:1036900080716848FFF7FBFB4FF400716548FFF746
:1036A000F6FB07F10803644918460BF0CDF807F163
:1036B000080207F15803114618460BF099F95B4BC5
:1036C00001221A7201F0CAF8584B9B7F002B11D1CE
:1036D00007F10803594918460BF0B6F807F108023C
:1036E00007F15803114618460BF082F94F4B01229F
:1036F0001A7710E007F10803514918460BF0A4F8B7
:1037000007F1080207F15803114618460BF070F94B
:10371000464B02221A7701F033F8444B93F83230CB
:10372000002B11D107F10803464918460BF08CF81D
:1037300007F1080207F15803114618460BF058F933
:103740003A4B012283F8302000F0DCFF374B93F82E
:103750004630002B11D107F108033B4918460BF006
:1037600073F807F1080207F15803114618460BF0E9
:103770003FF92E4B012283F8442000F01BFE2B4B17
:1037800093F85A30002B11D107F108032F4918463E
:103790000BF05AF807F1080207F1580311461846D2
:1037A0000BF026F9214B012283F8582000F0D6FEB9
:1037B0001E4B93F86E30002B11D107F108032449FA
:1037C00018460BF041F807F1080207F158031146BB
:1037D00018460BF00DF9154B012283F86C2000F010
:1037E00071F9124B93F88230002B03D10F4B012259
:1037F00083F8802000F0F0F90C4B93F89630002B02
:103800002AD107F15803134918460BF01DF8074B4E
:10381000012283F8942029E000ED00E000440258E2
:103820006C9F0708A09F0708DC9F07087406002408
:10383000FC9F0708000C025818A007083CA00708C6
:1038400058A0070874A0070890A00708ACA00708B4
:10385000DCA007080CA1070807F1580344491846E3
:103860000AF0F2FF434B022283F8942000F0DEF9C5
:1038700000F078FA00F046FB00F072FC00F0C4FCA7
:1038800000F0FEF8DCF72AFF0346002B39D03A4B54
:1038900007221A70384B02225A7007F15803374931
:1038A00018460AF0D1FF0023C7F87C3317E000BFA9
:1038B0003348FFF7A2FA0346002BF9D007F56073EF
:1038C000A3F54A72D7F87C3313441B7819462C4869
:1038D000FFF7CEFAD7F87C330133C7F87C3307F50E
:1038E0006073A3F54A72D7F87C3313441B78002B1E
:1038F000DDD100BF2248FFF76DFA0346002BF9D057
:1039000032E007F158031F4918460AF09DFF0023D3
:10391000C7F8783317E000BF1948FFF76EFA03467F
:10392000002BF9D007F56073A3F54A72D7F8783306
:1039300013441B7819461248FFF79AFAD7F87833E0
:103940000133C7F8783307F56073A3F54A72D7F8E7
:10395000783313441B78002BDDD100BF0848FFF7F4
:1039600039FA0346002BF9D0DCF700FF00BFFDE772
:1039700038A107087406002408BA052464A10708C2
:1039800000100140C0A1070880B59CB000AF07F14E
:1039900024034C22002118460BF022F83B1D202264
:1039A000002118460BF01CF8022004F047FC00230D
:1039B0003B60314BDB6A304A23F00103D3622E4B6C
:1039C000DB6A03F001033B602C4B9B6923F440430B
:1039D0002A4A43F400439361284B9B6903F4404314
:1039E0003B603B6800BF254B9B6903F40053B3F574
:1039F000005FF8D101237B624FF48033BB62022366
:103A0000BB640223FB6405233B6560237B650223C3
:103A1000BB650823FB6502233B6608237B66002306
:103A2000BB660023FB6607F12403184604F0ACFCD8
:103A30000346002B01D001F09FF83F237B60032356
:103A4000BB600023FB6008233B6140237B61402374
:103A5000BB614FF48063FB6140233B623B1D02214D
:103A6000184605F0EBF80346002B01D001F084F86E
:103A700000BF7037BD4680BD0004005800480258A2
:103A800080B500AF0D4B0E4A1A600C4B00221A7124
:103A90000A4B00225A71094B00225A61074B00223F
:103AA0009A61064B01221A62044802F069F9034642
:103AB000002B01D001F060F800BF80BD0CBA0524D6
:103AC000004C025880B5BEB000AF07F1DC03002205
:103AD0001A605A609A60DA601A615A619A6107F155
:103AE000C40300221A605A609A60DA601A615A614F
:103AF0003B46C022002118460AF072FF4FF0080230
:103B00004FF00003C7E900230023C7F884303B4689
:103B1000184605F04BFC0346002B01D001F02CF8B1
:103B20000220FFF7D1F94FF44063C7F8C4300223F5
:103B3000C7F8C8300023C7F8CC300123C7F8D0300D
:103B40000023C7F8D4300423C7F8D83007F1C403E2
:103B500019461D4808F0CAFC4FF48000FFF7D0F961
:103B60001A48FEF7B1FF002200211848FEF784FF33
:103B70001648FEF799FF1548FEF76DFF1348FEF74C
:103B80005AFF0023C7F8DC30114BC7F8E0300023A0
:103B9000C7F8E4300023C7F8E8300023C7F8EC305A
:103BA0000023C7F8F0300023C7F8F43007F1DC0336
:103BB0001946064808F0ACFD064B002283F8962013
:103BC00000BFF837BD4680BD0004025800580040D1
:103BD0006C1E50007406002480B500AF104B114AD3
:103BE0001A600F4B00225A600D4B00229A600C4B5A
:103BF0004FF48042DA600A4B4FF400321A61084BEE
:103C000004225A61064802F035FF0346002B04D116
:103C1000054B002283F8AA2000E000BF80BD00BF52
:103C200030BA0524007000527406002480B5C0B07C
:103C300000AF07F1D8032822002118460AF0D0FE71
:103C400007F1C00300221A605A609A60DA601A61B4
:103C50005A6107F58073A3F580731846C0231A468E
:103C600000210AF0BDFE07F58073A3F580714FF4C3
:103C700000524FF00003C1E9002307F58073A3F55C
:103C8000807300225A663B46184605F08FFB0346B8
:103C9000002B01D000F070FF4FF40050FFF74CF9FB
:103CA0001020FFF711F96423C7F8C0300223C7F8CA
:103CB000C4300023C7F8C8300023C7F8CC30002335
:103CC000C7F8D0300523C7F8D43007F1C003194630
:103CD000214808F00BFC0023C7F8D8304FF48003CC
:103CE000C7F8DC300723C7F8E0300023C7F8E4301A
:103CF0000023C7F8E8304FF08063C7F8EC304FF08E
:103D00004053C7F8F0300023C7F8F4300023C7F859
:103D1000F8300023C7F8FC3007F1D80319460F48E4
:103D20000AF0C8F800210D48FEF7FEFE00210B48FE
:103D3000FEF70DFF0948FEF71DFF0848FEF7D4FE09
:103D40000648FEF7E1FE064B002283F8D22000BFB2
:103D500007F58077BD4680BD001002580034014051
:103D60007406002480B5C0B000AF07F1D803282244
:103D7000002118460AF034FE07F1C00300221A6041
:103D80005A609A60DA601A615A6107F58073A3F588
:103D900080731846C0231A4600210AF021FE07F559
:103DA0008073A3F580714FF400524FF00003C1E916
:103DB000002307F58073A3F5807300225A663B4603
:103DC000184605F0F3FA0346002B01D000F0D4FEAC
:103DD0004FF48010FFF7B0F82020FFF775F84FF48C
:103DE0007073C7F8C0300223C7F8C4300023C7F887
:103DF000C8300023C7F8CC300023C7F8D0300523E3
:103E0000C7F8D43007F1C00319463A4808F06EFBF2
:103E1000562207213848FFF7D1F9402207213648BA
:103E2000FFF7C2F8002207213348FFF7A1F900226B
:103E300007213148FFF7DEF8002207212E48FFF75F
:103E4000FFF84FF4806207212B48FFF71FF900228B
:103E500007212948FFF740F9002207212648FFF7EC
:103E600061F907212448FFF7D9F9FEF74BFD034616
:103E7000002207211846FEF79BFD034619465520F0
:103E8000FEF76CFD5520FEF74BFD0023C7F8D83038
:103E90000023C7F8DC300723C7F8E0300023C7F859
:103EA000E4300023C7F8E8300023C7F8EC300023E3
:103EB000C7F8F4300023C7F8F8300023C7F8FC3007
:103EC00007F1D80319460D4809F0F4FF00210B480B
:103ED000FEF72AFE00210948FEF739FE0748FEF7E3
:103EE00059FE074B002283F8E62000BF07F58077D4
:103EF000BD4680BD00140258000002400050014041
:103F00007406002480B5C0B000AF07F1D8032822A2
:103F1000002118460AF064FD07F1C00300221A6070
:103F20005A609A60DA601A615A6107F58073A3F5E6
:103F300080731846C0231A4600210AF051FD07F588
:103F40008073A3F580714FF480424FF00003C1E904
:103F5000002307F58073A3F5807305229A6007F5A7
:103F60008073A3F580733022DA6007F58073A3F5C0
:103F7000807302221A6107F58073A3F5807306220D
:103F80005A6107F58073A3F5807304229A6107F5DF
:103F90008073A3F580738022DA6107F58073A3F53F
:103FA000807300221A6207F58073A3F580730022E4
:103FB0005A6207F58073A3F580734FF08052C3F8FF
:103FC000B0203B46184605F0F1F90346002B01D01E
:103FD00000F0D2FD2020FEF7CBFF0120FEF774FF9A
:103FE000E023C7F8C0300223C7F8C4300023C7F865
:103FF000C8300023C7F8CC300023C7F8D0300823DE
:10400000C7F8D43007F1C0031946514808F06EFADA
:104010000B2200214F48FFF72FFA002200214D48C4
:10402000FFF71EF9002200214A48FFF7FFF900229E
:1040300000214848FFF73CF9002200214548FFF7DE
:104040005DF9802200214348FFF77EF9002200211C
:104050004048FFF79FF9002200213E48FFF7C0F9D2
:104060000C2201213B48FFF707FA102201213948B1
:10407000FFF7F6F8002201213648FFF7D7F90022B2
:1040800001213448FFF714F9002201213148FFF7DC
:1040900035F9002201212F48FFF756F900220121AE
:1040A0002C48FFF777F9002201212A48FFF798F9F9
:1040B000FEF728FC0346002207211846FEF778FC8D
:1040C000034619465620FEF749FC5620FEF728FC09
:1040D0000023C7F8D8304FF48003C7F8DC3007233B
:1040E000C7F8E0304FF00073C7F8E4300023C7F89A
:1040F000E8304FF08063C7F8EC304FF08053C7F8DA
:10410000F0300023C7F8F4300023C7F8F83000235C
:10411000C7F8FC3007F1D80319460F4809F0CAFE6A
:1041200000210D48FEF700FD00210B48FEF70FFDB2
:104130000948FEF71FFD0848FEF7D6FC074B002292
:1041400083F8FA2000BF07F58077BD4680BD00BF29
:10415000000002580054025800140058740600244D
:1041600080B586B000AF3B1D00221A605A609A608D
:10417000DA601A610120FEF7DFFEFEF7C3FB03469B
:1041800000220F211846FEF713FC0346194619209A
:10419000FEF7E4FB1920FEF7C3FB7723BB80002367
:1041A000BB6040F2E733FB6000233B6100237B618F
:1041B0003B1D1946124809F035FF1148FEF71AFD5C
:1041C00000210F48FEF726FD20210D48FEF738FD9F
:1041D00000210B48FEF747FD0948FEF757FD084848
:1041E000FEF764FD0648FEF7F5FC0548FEF7E2FC25
:1041F000044B002283F80E2100BF1837BD4680BD56
:10420000000001407406002480B5BEB000AF07F185
:10421000D8032022002118460AF0E2FB07F1C00370
:1042200000221A605A609A60DA601A615A613B464D
:10423000C022002118460AF0D3FB4FF002024FF0D3
:104240000003C7E900230023BB673B46184605F07F
:10425000ADF80346002B01D000F08EFC4FF08040FB
:10426000FEF74EFE1020FEF72FFE4FF4C073C7F886
:10427000C0300223C7F8C4300023C7F8C830002379
:10428000C7F8CC300023C7F8D0300723C7F8D430A4
:1042900007F1C0031946434808F028F94F220121CD
:1042A0004148FEF78BFF002201213F48FEF77CFECC
:1042B000002201213C48FEF75BFF4FF48072012190
:1042C0003948FEF797FE002201213748FEF7B8FE75
:1042D0004FF4806201213448FEF7D8FE002201210C
:1042E0003148FEF7F9FE002201212F48FEF71AFFA0
:1042F00001212D48FEF792FFFEF704FB0346002242
:1043000007211846FEF754FB034619465220FEF7D4
:1043100025FB5220FEF704FB0023C7F8D8304FF4EA
:10432000E133C7F8DC300023C7F8E0300023C7F8DA
:10433000E4300023C7F8E8300C23C7F8EC30002342
:10434000C7F8F0300023C7F8F43007F1D803194656
:10435000164809F099FF1548FEF7C8FC00211348DC
:10436000FEF7D4FC00211148FEF7F7FC0F48FEF7DA
:104370001BFD0E48FEF7AAFC00BF0C48FEF750FDDF
:104380000346002BF9D00948FEF75EFD0346002BDB
:10439000F3D0074B002283F8FA2000BFF837BD4660
:1043A00080BD00BF001002580004024000780040A9
:1043B0007406002480B5BEB000AF07F1D8032022F8
:1043C000002118460AF00CFB07F1C00300221A6016
:1043D0005A609A60DA601A615A613B46C022002135
:1043E00018460AF0FDFA4FF001024FF00003C7E94A
:1043F00000230023FB673B46184604F0D7FF034623
:10440000002B01D000F0B8FB1020FEF795FD012035
:10441000FEF75AFD4FF4C063C7F8C0300223C7F857
:10442000C4300023C7F8C8300023C7F8CC300023BD
:10443000C7F8D0300723C7F8D43007F1C0031946B6
:10444000424808F053F8292200214148FEF7B6FE01
:10445000002200213E48FEF7A7FD002200213C4833
:10446000FEF786FE4FF4807200213948FEF7C2FD48
:10447000002200213648FEF7E3FD4FF48062002160
:104480003348FEF703FE002200213148FEF724FEE8
:10449000002200212E48FEF745FE00212C48FEF7A1
:1044A000BDFEFEF72FFA0346002207211846FEF74D
:1044B0007FFA034619462520FEF750FA2520FEF71D
:1044C0002FFA0023C7F8D8304FF4E133C7F8DC30B7
:1044D0000023C7F8E0300023C7F8E4300023C7F812
:1044E000E8300C23C7F8EC300023C7F8F030002385
:1044F000C7F8F43007F1D8031946164809F0C4FE8E
:1045000000211448FEF702FC00211248FEF725FCAA
:104510001048FEF7EBFB0F48FEF746FC0D48FEF790
:10452000D5FB00BF0B48FEF77BFC0346002BF9D000
:104530000848FEF789FC0346002BF3D0064B002207
:1045400083F85A2000BFF837BD4680BD00000258EE
:1045500000000240001001407406002480B5BEB087
:1045600000AF07F1D8032022002118460AF038FADC
:1045700007F1C00300221A605A609A60DA601A617B
:104580005A613B46C022002118460AF029FA4FF032
:1045900002024FF00003C7E900230023BB673B463C
:1045A000184604F003FF0346002B01D000F0E4FAA4
:1045B0004FF40030FEF7A4FC0120FEF785FC0C232D
:1045C000C7F8C0300223C7F8C4300023C7F8C8308A
:1045D0000023C7F8CC300023C7F8D0300723C7F832
:1045E000D43007F1C0031946424807F07FFF2B2261
:1045F00001214148FEF7E2FD002201213E48FEF77D
:10460000D3FC002201213C48FEF7B2FD4FF480723A
:1046100001213948FEF7EEFC002201213648FEF761
:104620000FFD4FF4806201213348FEF72FFD002279
:1046300001213148FEF750FD002201212E48FEF7EE
:1046400071FD01212C48FEF7E9FDFEF75BF90346F9
:10465000002207211846FEF7ABF90346194626202B
:10466000FEF77CF92620FEF75BF90023C7F8D83067
:104670004FF4E133C7F8DC300023C7F8E030002303
:10468000C7F8E4300023C7F8E8300C23C7F8EC3053
:104690000023C7F8F0300023C7F8F43007F1D8033F
:1046A0001946164809F0F0FD00211448FEF72EFBCC
:1046B00000211248FEF751FB1048FEF717FB0F4888
:1046C000FEF772FB0D48FEF701FB00BF0B48FEF73B
:1046D000A7FB0346002BF9D00848FEF7B5FB0346BD
:1046E000002BF3D0064B002283F86E2000BFF83772
:1046F000BD4680BD0000025800000240004400405A
:104700007406002480B582B000AF1B4BD3F8E030B4
:10471000194A43F40013C2F8E030174BD3F8E030E5
:1047200003F400137B607B68FEF7ECF8034600227D
:1047300007211846FEF73CF9034619468120FEF78B
:104740000DF98120FEF7ECF8FEF7DCF803460022B5
:1047500007211846FEF72CF9034619468220FEF77A
:10476000FDF88220FEF7DCF8044B002283F8462097
:1047700000BF0837BD4680BD0044025874060024BF
:1047800080B582B000AF334BD3F8D830314A43F014
:104790000203C2F8D8302F4BD3F8D83003F002030D
:1047A0007B607B682B4BD3F8D8302A4A43F0010357
:1047B000C2F8D830274BD3F8D83003F001033B6060
:1047C0003B68FEF79FF80346002207211846FEF7D4
:1047D000EFF8034619460B20FEF7C0F80B20FEF752
:1047E0009FF8FEF78FF80346002207211846FEF7D0
:1047F000DFF8034619460C20FEF7B0F80C20FEF750
:104800008FF8FEF77FF80346002207211846FEF7CF
:10481000CFF8034619462F20FEF7A0F82F20FEF709
:104820007FF8FEF76FF80346002207211846FEF7CF
:10483000BFF8034619463920FEF790F83920FEF7F5
:104840006FF8054B002283F8322000BF0837BD46C1
:1048500080BD00BF004402587406002480B582B0B9
:1048600000AF2E4BD3F8D4302C4A43F00103C2F8EA
:10487000D4302A4BD3F8D43003F001037B607B683B
:10488000274B284A1A60264B1D225A60244B0022CF
:104890009A60234B0022DA60214B00221A61204BE0
:1048A00002225A611E4B08229A611D4B0022DA61D6
:1048B0001B4B00221A621A4B4FF000725A62184BBF
:1048C00001229A62164B0022DA62154B00221A630B
:1048D000134B00225A63124B00229A63104801F0D6
:1048E0003FFE0346002B13D1002200210C4801F0AB
:1048F00083FE0346002B0DD1002207217A2001F010
:1049000091F97A2001F0A8F9074B00229A7702E08A
:1049100000BF00E000BF0837BD4680BD004402581C
:10492000A8BC0524400000527406002480B586B05F
:1049300000AF3B4600221A605A609A60DA601A6142
:104940005A611020FEF7C0FA0420FEF7BDFA2020BD
:10495000FEF7BAFA0120FEF7B7FA0220FEF7B4FA22
:104960000820FEF7B1FA4020FEF7AEFA4AF218012D
:104970005A48FEF78CFA10215948FEF788FA4FF48E
:1049800040415848FEF783FA80215748FEF77FFAE6
:1049900008215648FEF77BFA04215548FEF785FAB0
:1049A0004FF464715148FEF780FA4FF4A0714E48FD
:1049B000FEF77BFA4AF218033B6001237B60002379
:1049C000BB600023FB6000233B613B461946434824
:1049D00007F08CFD42F230033B6000237B60002334
:1049E0003B613B461946434807F080FD10233B607E
:1049F00001237B600023BB600023FB6000233B613D
:104A00003B461946364807F071FD04233B600123FD
:104A10007B600023BB600023FB6000233B613B46BF
:104A20001946334807F062FD4FF440433B600123D1
:104A30007B600023BB600023FB6000233B613B469F
:104A40001946284807F052FD4FF498433B60002375
:104A50007B6000233B613B461946204807F046FD3A
:104A60004FF466733B6001237B600023BB6000232F
:104A7000FB6000233B613B4619461C4807F036FDAE
:104A80004FF420533B6000237B6000233B613B4697
:104A90001946164807F02AFD4FF4E0733B600123E6
:104AA0007B600023BB600023FB6000233B613B462F
:104AB00019460D4807F01AFDC0233B6000237B60B8
:104AC00000233B613B461946094807F00FFD0A4B9E
:104AD00000229A7200BF1837BD4680BD00100258F0
:104AE000000002580014025800180258000C025826
:104AF00000040258000802587406002480B584B0EF
:104B000000AF3B4600221A605A609A60DA6001F0FA
:104B1000BFF801233B7000237B7000237B601F23C1
:104B20003B7287237B720023BB720023FB7201233D
:104B30003B7301237B730023BB730023FB733B4652
:104B4000184601F0DDF8042001F0BAF800BF103774
:104B5000BD4680BD80B582B000AF78607B681B68C1
:104B6000044A934201D100F031FF00BF0837BD462F
:104B700080BD00BF0014004080B500AF4FF48071CD
:104B80000748FEF784F9322000F040FF4FF48071AF
:104B90000348FEF78AF9322000F038FF00BFEDE746
:104BA000000C025880B483B000AF0A4BD3F8F43045
:104BB000084A43F00203C2F8F430064BD3F8F4304D
:104BC00003F002037B607B6800BF0C37BD465DF8D5
:104BD000047B70470044025880B485B000AF786011
:104BE0007B681B680B4A93420ED10B4BD3F8E03025
:104BF000094A43F40023C2F8E030074BD3F8E03011
:104C000003F40023FB60FB6800BF1437BD465DF86A
:104C1000047B7047004C02580044025880B5BCB079
:104C200000AF786007F1DC0300221A605A609A60D6
:104C3000DA601A6107F11803C0220021184609F052
:104C4000CFFE7B681B683C4A934271D14FF480329F
:104C50004FF00003C7E906230023BB6607F11803E2
:104C6000184604F0A3FB0346002B01D0FFF784FF96
:104C7000324BD3F8D430314A43F48033C2F8D430C5
:104C80002E4BD3F8D43003F480337B617B692B4BFC
:104C9000D3F8E030294A43F00403C2F8E030274B50
:104CA000D3F8E03003F004033B613B69234BD3F8B6
:104CB000E030224A43F00803C2F8E0301F4BD3F83B
:104CC000E03003F00803FB60FB684FF4F853C7F8CB
:104CD000DC300223C7F8E0300023C7F8E4300323B8
:104CE000C7F8E8300C23C7F8EC3007F1DC031946AD
:104CF000134801F037F90423C7F8DC300223C7F862
:104D0000E0300023C7F8E4300323C7F8E8300C2371
:104D1000C7F8EC3007F1DC0319460A4801F022F924
:104D200000220721312000F07DFF312000F094FFA8
:104D300000BFF037BD4680BD0070005200440258ED
:104D400000080258000C025880B582B000AF7860AD
:104D50007B681B680D4A934213D10D4BD3F8D430B6
:104D60000B4A23F48033C2F8D4304FF4F851094889
:104D700001F0A8FA0421084801F0A4FA312000F05B
:104D800079FF00BF0837BD4680BD00BF00700052EC
:104D90000044025800080258000C025880B590B038
:104DA00000AF78607B680F2B27D800227968372006
:104DB00000F038FF372000F04FFF294A7B6813606E
:104DC000284BD3F8E830274A43F02003C2F8E830F4
:104DD000244BD3F8E83003F02003FB60FB6807F1B5
:104DE000100207F114031146184604F09DFABB6A3D
:104DF000BB63BB6B002B06D101E001232BE004F069
:104E00007DFAF86304E004F079FA03465B00FB6383
:104E1000FB6B154AA2FB03239B0C013B7B63134BEB
:104E2000134A1A60114B40F2E732DA600F4A7B6B8B
:104E300053600E4B00221A610C4B00229A600B4803
:104E400006F0B2FF0346002B04D1084807F00EF825
:104E5000034600E0012318464037BD4680BD00BF31
:104E6000780700240044025883DE1B4314BD052448
:104E70000014004080B483B000AF78607B68DB69C9
:104E800003F01003102B01D1012300E0002318468A
:104E90000C37BD465DF8047B704780B483B000AF2B
:104EA00078607B6810221A6200BF0C37BD465DF83F
:104EB000047B704780B483B000AF78607B681B6868
:104EC00003F01003102B01D1012300E0002318464A
:104ED0000C37BD465DF8047B7047000080B485B098
:104EE00000AF786039607B68FB600C4A3B68134414
:104EF0001B781A46FB6813441B6808493A680A4441
:104F000012781146FA680A4443F00103136000BFA7
:104F10001437BD465DF8047B704700BF80B10708B9
:104F200080B483B000AF78607B681B6803F0100327
:104F3000102B01D1012300E0002318460C37BD4699
:104F40005DF8047B704780B483B000AF78607B6805
:104F50001B6803F48063B3F5806F01D1012300E087
:104F6000002318460C37BD465DF8047B704780B4BB
:104F700083B000AF78607B681B6803F02003202BB0
:104F800001D1012300E0002318460C37BD465DF82F
:104F9000047B704780B483B000AF78607B681B6887
:104FA00003F40063B3F5006F01D1012300E0002397
:104FB00018460C37BD465DF8047B704780B483B05B
:104FC00000AF78607B685B6803F00063B3F1006F4B
:104FD00001D1012300E0002318460C37BD465DF8DF
:104FE000047B704780B483B000AF78607B681B6837
:104FF00003F00803082B01D1012300E00023184629
:105000000C37BD465DF8047B704780B483B000AFB9
:1050100078607B681B6803F40073B3F5007F01D1EF
:10502000012300E0002318460C37BD465DF8047BE1
:10503000704780B483B000AF78607B685B6803F032
:105040000073B3F1007F01D1012300E00023184673
:105050000C37BD465DF8047B704780B483B000AF69
:1050600078607B681B6803F00403042B01D10123E3
:1050700000E0002318460C37BD465DF8047B7047FE
:1050800080B483B000AF78607B681B6803F48073E2
:10509000B3F5807F01D1012300E0002318460C37CF
:1050A000BD465DF8047B704780B483B000AF786084
:1050B0007B681B6803F00103012B01D1012300E091
:1050C000002318460C37BD465DF8047B704780B45A
:1050D00083B000AF78607B681B6803F04003402B0F
:1050E00001D1012300E0002318460C37BD465DF8CE
:1050F000047B704780B483B000AF78607B68102277
:105100009A6000BF0C37BD465DF8047B704780B4E1
:1051100083B000AF78607B684FF480629A6000BF14
:105120000C37BD465DF8047B704780B483B000AF98
:1051300078607B6820229A6000BF0C37BD465DF81E
:10514000047B704780B483B000AF78607B684FF415
:1051500000629A6000BF0C37BD465DF8047B704763
:1051600080B483B000AF78607B684FF00062DA6093
:1051700000BF0C37BD465DF8047B704780B483B038
:1051800000AF78607B6808229A6000BF0C37BD468C
:105190005DF8047B704780B483B000AF78607B68B3
:1051A0004FF400729A6000BF0C37BD465DF8047B77
:1051B000704780B483B000AF78607B684FF00072B6
:1051C000DA6000BF0C37BD465DF8047B704780B4E1
:1051D00083B000AF78607B6804229A6000BF0C3710
:1051E000BD465DF8047B704780B483B000AF786043
:1051F0007B684FF480729A6000BF0C37BD465DF843
:10520000047B704780B483B000AF78607B68012274
:105210009A6000BF0C37BD465DF8047B704780B4D0
:1052200083B000AF78607B6840229A6000BF0C3783
:10523000BD465DF8047B704780B485B000AF7860F0
:1052400039607B68FB600A4A3B6813441B781A4646
:10525000FB6813441B6803F00803082B01D10123EA
:1052600000E0002318461437BD465DF8047B704704
:1052700080B1070880B485B000AF786039607B6882
:10528000FB600A4A3B6813441B781A46FB681344C8
:105290001B6803F00403042B01D1012300E0002369
:1052A00018461437BD465DF8047B704780B1070887
:1052B00080B485B000AF786039607B68FB600A4AD3
:1052C0003B6813441B781A46FB6813441B6803F0C1
:1052D0001003102B01D1012300E0002318461437DE
:1052E000BD465DF8047B704780B1070880B400AF0D
:1052F00000BFFDE780B400AF00BFFDE780B400AFA2
:1053000000BFFDE780B400AF00BFFDE780B400AF91
:1053100000BFFDE780B400AF00BFBD465DF8047B71
:105320007047000080B500AF00212848FFF784FFD8
:105330000346002B0BD02548FFF7F2FD0346002B58
:1053400005D02248FFF7D6FE2148DDF759FB0021A2
:105350001E48FFF7ADFF0346002B0BD01B48FFF79D
:1053600006FE0346002B05D01848FFF7DEFE18485E
:10537000DDF746FB00211548FFF77CFF0346002BB5
:105380000CD01248FFF72EFE0346002B06D00F4824
:10539000FFF7F4FE00210D48FFF7A0FD0B48FFF7D3
:1053A00083FE0346002B06D00848FFF72BFF0021A1
:1053B0000648FFF793FD0548FFF74FFE0346002B15
:1053C00002D00248FFF703FF00BF80BD000002408B
:1053D0000010014080B500AF01212848FFF72CFFE5
:1053E0000346002B0BD02548FFF7ADFD0346002BED
:1053F00005D02248FFF78BFE2148DDF701FB012194
:105400001E48FFF755FF0346002B0BD01B48FFF744
:10541000C1FD0346002B05D01848FFF793FE18483E
:10542000DDF7EEFA01211548FFF724FF0346002BB4
:105430000CD01248FFF7E9FD0346002B06D00F48B9
:10544000FFF7A9FE01210D48FFF748FD0B48FFF7C4
:105450003EFE0346002B06D00848FFF7E0FE012180
:105460000648FFF73BFD0548FFF70AFE0346002B01
:1054700002D00248FFF7B8FE00BF80BD0000024026
:105480000044004080B500AFEDF754F800BF80BD88
:1054900080B500AF0B48FFF70DFD0346002B0BD086
:1054A0000848FFF7E7FC0346002B05D00548FFF747
:1054B000F4FC0448DDF7A4FA0248DDF71BFA00BF4C
:1054C00080BD00BF0010014080B500AF0B48FFF762
:1054D000F1FC0346002B0BD00848FFF7CBFC03463A
:1054E000002B05D00548FFF7D8FC0448DDF788FA03
:1054F0000248DDF7FFF900BF80BD00BF0044004057
:1055000080B500AF0F48FFF759FD0346002B07D0C9
:105510000C48FFF725FE0120ECF72EFCECF702FC0F
:105520000848FFF786FD0346002B08D00548FFF723
:1055300040FE0220ECF720FC0020DBF789FA00BFD8
:1055400080BD00BF0000024080B500AF024801F0FE
:1055500017FD00BF80BD00BF30BA052480B500AF85
:10556000024806F0FBFC00BF80BD00BF14BD05244F
:1055700080B500AF01212848FFF75EFE0346002BEF
:105580000BD02548FFF7DFFC0346002B05D022484F
:10559000FFF7BDFD2148DDF733FA01211E48FFF773
:1055A00087FE0346002B0BD01B48FFF7F3FC034696
:1055B000002B05D01848FFF7C5FD1848DDF720FA85
:1055C00001211548FFF756FE0346002B0CD0124868
:1055D000FFF71BFD0346002B06D00F48FFF7DBFD4E
:1055E00001210D48FFF77AFC0B48FFF770FD0346D9
:1055F000002B06D00848FFF712FE01210648FFF7EE
:105600006DFC0548FFF73CFD0346002B02D0024825
:10561000FFF7EAFD00BF80BD0004024000780040B3
:1056200080B500AF0B48FFF745FC0346002B0BD0BD
:105630000848FFF71FFC0346002B05D00548FFF77D
:105640002CFC0448DDF7DCF90248DDF753F900BF14
:1056500080BD00BF0078004080B400AF00BFBD46F1
:105660005DF8047B704780B400AF00BFBD465DF8B5
:10567000047B704780B500AF024801F00FF800BF0F
:1056800080BD00BFA8BC052480B500AFEBF7FEFFCE
:1056900000BF80BD80B400AF00BFBD465DF8047B95
:1056A000704780B400AF01231846BD465DF8047B07
:1056B000704780B582B000AF7860396009F00EFAAB
:1056C000034616221A604FF0FF3318460837BD46CE
:1056D00080BD80B582B000AF78604FF0FF31786850
:1056E000FFF7E7FF00BFFDE780B586B000AFF860C9
:1056F000B9607A6000237B610AE0AFF30080014665
:10570000BB685A1CBA60CAB21A707B6901337B61EC
:105710007A697B689A42F0DB7B6818461837BD4689
:1057200080BD80B586B000AFF860B9607A600023B4
:105730007B6109E0BB685A1CBA601B781846AFF35E
:1057400000807B6901337B617A697B689A42F1DB77
:105750007B6818461837BD4680BD80B483B000AF63
:1057600078604FF0FF3318460C37BD465DF8047B78
:10577000704780B483B000AF786039603B684FF405
:1057800000525A60002318460C37BD465DF8047B72
:10579000704780B483B000AF7860012318460C379F
:1057A000BD465DF8047B704780B485B000AFF860FB
:1057B000B9607A60002318461437BD465DF8047B53
:1057C0007047000080B586B000AF7860144A154B72
:1057D000D31A7B617B693B61134B1B68002B02D1A1
:1057E000114B124A1A60104B1A687B6813443A69CD
:1057F0009A4207D209F072F903460C221A604FF060
:10580000FF3309E0084B1B68FB60074B1A687B6895
:105810001344054A1360FB6818461837BD4680BD1F
:10582000000008240008000060BD0524B8BE05245F
:10583000DFF838D0FDF74CF8FCF79CFF0C480D4919
:105840000D4A002302E0D458C4500433C4188C42DB
:10585000F9D30A4A0A4C002301E013600432A24241
:10586000FBD309F041F9FDF755FE7047000008240D
:1058700098040024DC070024B8B30708DC070024E0
:10588000B4BE0524FEE7000080B582B000AF03205F
:1058900000F0BDF903F088FB0246154B9B691B0A1B
:1058A00003F00F031349CB5C03F01F0322FA03F349
:1058B0007B600F4B9B6903F00F030E4AD35C03F030
:1058C0001F037A6822FA03F30B4A13600B4A7B68C2
:1058D00013600F20FFF762FA0346002B01D001236B
:1058E00002E0FFF75FF9002318460837BD4680BD88
:1058F0000044025860B10708700600246C060024BA
:1059000080B500AF264B274ADA67254B0022DA67BD
:10591000234B254AC3F88020214B0022C3F8802066
:105920001F4B40F27122C3F884201D4B0022C3F8A4
:1059300084201B4B1D4AC3F88820194B0022C3F852
:105940008820174B1822C3F88C20154B0022C3F86F
:105950008C20134B164AC3F89020114B0022C3F839
:1059600090200F4B4FF49B72C3F894200C4B0022F5
:10597000C3F894200A4B0F4AC3F89820084B002222
:10598000C3F89820064B0C4AC3F89C20044B002215
:10599000C3F89C2000F012F80023184680BD00BF19
:1059A000004402583150010023C0000AFF072803B9
:1059B000FFC3FFE83330D731AADE200080B400AF48
:1059C00000BFBD465DF8047B7047000080B400AFA7
:1059D000064B1B781A46064B1B681344044A136097
:1059E00000BFBD465DF8047B704700BF7C07002404
:1059F00064BD052480B400AF034B1B681846BD4648
:105A00005DF8047B704700BF64BD052480B584B099
:105A100000AF7860FFF7EEFFB8607B68FB60FB6863
:105A2000B3F1FF3F05D00A4B1B781A46FB681344BD
:105A3000FB6000BFFFF7DEFF0246BB68D31AFA68BF
:105A40009A42F7D800BF00BF1037BD4680BD00BFE7
:105A50007C07002480B400AF034B1B681B0C184666
:105A6000BD465DF8047B70470010005C80B485B0D3
:105A700000AF78607B6803F00703FB600B4BDB68CB
:105A8000BB60BA684FF6FF031340BB60FB681A02A5
:105A9000BB681A43064B1343BB60044ABB68D36020
:105AA00000BF1437BD465DF8047B704700ED00E091
:105AB0000000FA0580B400AF044BDB681B0A03F05A
:105AC00007031846BD465DF8047B704700ED00E013
:105AD00080B483B000AF0346FB80B7F90630002BDB
:105AE0000BDBFB8803F01F020749B7F906305B099F
:105AF000012000FA02F241F8232000BF0C37BD4616
:105B00005DF8047B704700BF00E100E080B483B023
:105B100000AF0346FB80B7F90630002B12DBFB8891
:105B200003F01F020A49B7F906305B09012000FAA9
:105B300002F2203341F82320BFF34F8F00BFBFF3A1
:105B40006F8F00BF00BF0C37BD465DF8047B704708
:105B500000E100E080B483B000AF03463960FB8011
:105B6000B7F90630002B0ADB3B68DAB20C49B7F90B
:105B700006301201D2B20B4483F800230AE03B68DE
:105B8000DAB20849FB8803F00F03043B1201D2B2DA
:105B90000B441A7600BF0C37BD465DF8047B704796
:105BA00000E100E000ED00E080B489B000AFF860F3
:105BB000B9607A60FB6803F00703FB61FB69C3F11E
:105BC0000703042B28BF0423BB61FB690433062BA6
:105BD00002D9FB69033B00E000237B614FF0FF32F9
:105BE000BB6902FA03F3DA43BB681A407B699A4047
:105BF0004FF0FF317B6901FA03F3D9437B680B4017
:105C0000134318462437BD465DF8047B704780B5C2
:105C100082B000AF78607868FFF728FF00BF0837D0
:105C2000BD4680BD80B586B000AF0346B9607A60DE
:105C3000FB81FFF73FFF78617A68B9687869FFF701
:105C4000B3FF0246B7F90E3011461846FFF782FF40
:105C500000BF1837BD4680BD80B582B000AF034697
:105C6000FB80B7F906301846FFF732FF00BF083750
:105C7000BD4680BD80B582B000AF0346FB80B7F95A
:105C800006301846FFF742FF00BF0837BD4680BD0B
:105C900080B400AFBFF35F8F00BF074B5B6A064A5B
:105CA00023F480335362054B00225A6000BFBD4687
:105CB0005DF8047B704700BF00ED00E090ED00E070
:105CC00080B483B000AF78600B4A7B6843F0010377
:105CD00053600A4B5B6A094A43F480335362BFF353
:105CE0004F8F00BFBFF36F8F00BF00BF0C37BD46A3
:105CF0005DF8047B704700BF90ED00E000ED00E030
:105D000080B483B000AF78607B685A781B4B9A6090
:105D10001A4B1B69194A23F001031361174A7B6868
:105D20005B68D3607B681B7B1A077B68DB7A1B068A
:105D30001A437B689B7ADB041A437B685B7B9B047A
:105D40001A437B689B7B5B041A437B68DB7B1B04E9
:105D50001A437B685B7A1B021A437B681B7A5B00E1
:105D600013437A6812781146044A0B43136100BF4B
:105D70000C37BD465DF8047B704700BF90ED00E036
:105D800080B582B000AF78607B68002B01D1012321
:105D900054E07B685B7FDBB2002B05D17B6800227F
:105DA0001A777868FEF718FF7B6802225A777B68BB
:105DB0001B79002B0CD17B681B68224A5A617B68D7
:105DC0001B689A687B681B6822F018029A600CE0D6
:105DD0007B6899687B68DB681A46786800F034F85D
:105DE0000346002B01D0012328E07B685B79002B60
:105DF00005D17B681B684FF0FF321A6104E07B68B5
:105E00001B687A6812691A617B681B689B6823F0BB
:105E100060017B685A697B681B680A439A607B68EB
:105E20001B689B6823F080017B689A697B681B680C
:105E30000A439A607B6801225A7700231846083784
:105E4000BD4680BDB71DC10480B487B000AFF86007
:105E5000B9607A600023FB751F233B61BB6803F0C8
:105E60000103002B02D10123FB7563E000BF3B69F6
:105E70005A1E3A61002B09D03B6903F01F03BA6830
:105E800022FA03F303F00103002BF0D07B68182BF8
:105E900046D801A252F823F0275F0608215F0608C2
:105EA000215F0608215F0608215F0608215F0608BA
:105EB000215F0608215F0608155F0608215F0608B6
:105EC000215F0608215F0608215F0608215F06089A
:105ED000215F0608215F0608095F0608215F0608A2
:105EE000215F0608215F0608215F0608215F06087A
:105EF000215F0608215F0608FD5E06083B69062B48
:105F000013D90123FB7510E03B69072B0FD901233F
:105F1000FB750CE03B690F2B0BD90123FB7508E0E7
:105F20000123FB7506E000BF04E000BF02E000BFF4
:105F300000E000BFFB7D002B0DD1FB681B68BA6839
:105F40005A61FB681B689B6823F01801FB681B689B
:105F50007A680A439A60FB7D18461C37BD465DF897
:105F6000047B704780B489B000AF7860396000234B
:105F7000FB61894B7B6194E13B681A680121FB69F5
:105F800001FA03F313403B613B69002B00F086816B
:105F90003B685B6803F00303012B05D03B685B683B
:105FA00003F00303022B30D17B689B68BB61FB6964
:105FB0005B00032202FA03F3DB43BA691340BB61BF
:105FC0003B68DA68FB695B0002FA03F3BA691343C2
:105FD000BB617B68BA699A607B685B68BB610122C0
:105FE000FB6902FA03F3DB43BA691340BB613B6808
:105FF0005B681B0903F00102FB6902FA03F3BA694B
:106000001343BB617B68BA695A603B685B6803F005
:106010000303032B17D07B68DB68BB61FB695B0064
:10602000032202FA03F3DB43BA691340BB613B6806
:106030009A68FB695B0002FA03F3BA691343BB6118
:106040007B68BA69DA603B685B6803F00303022B84
:1060500023D1FB69DA087B68083253F82230BB6130
:10606000FB6903F007039B000F2202FA03F3DB43F3
:10607000BA691340BB613B681A69FB6903F0070307
:106080009B0002FA03F3BA691343BB61FB69DA08A8
:106090007B680832B96943F822107B681B68BB61D2
:1060A000FB695B00032202FA03F3DB43BA69134086
:1060B000BB613B685B6803F00302FB695B0002FAAB
:1060C00003F3BA691343BB617B68BA691A603B6822
:1060D0005B6803F44033002B00F0E0802F4BD3F8D3
:1060E000F4302E4A43F00203C2F8F4302B4BD3F8BD
:1060F000F43003F00203FB60FB68294AFB699B084C
:10610000023352F82330BB61FB6903F003039B00A9
:106110000F2202FA03F3DB43BA691340BB617B68C9
:10612000204A934252D07B681F4A934231D07B6809
:106130001E4A93422BD07B681D4A934225D07B6830
:106140001C4A93421FD07B681B4A934219D07B683C
:106150001A4A934213D07B68194A93420DD07B6848
:10616000184A934207D07B68174A934201D109230A
:106170002DE00A232BE0082329E0072327E006234C
:1061800025E0052323E0042321E003231FE002236D
:106190001DE001231BE000BF8000005800440258AE
:1061A0000004005800000258000402580008025879
:1061B000000C02580010025800140258001802582F
:1061C000001C025800200258002402580023FA69DB
:1061D00002F0030292009340BA691343BB6138494D
:1061E000FB699B080233BA6941F823204FF0B043A2
:1061F0001B68BB613B69DB43BA691340BB613B6809
:106200005B6803F48013002B03D0BA693B69134326
:10621000BB614FF0B042BB6913604FF0B0435B68A5
:10622000BB613B69DB43BA691340BB613B685B6898
:1062300003F40013002B03D0BA693B691343BB611D
:106240004FF0B042BB6953607B695B68BB613B69DF
:10625000DB43BA691340BB613B685B6803F40033FE
:10626000002B03D0BA693B691343BB617B69BA69F0
:106270005A607B691B68BB613B69DB43BA691340A9
:10628000BB613B685B6803F48033002B03D0BA69C1
:106290003B691343BB617B69BA691A60FB690133CF
:1062A000FB613B681A68FB6922FA03F3002B7FF459
:1062B00063AE00BF00BF2437BD465DF8047B704766
:1062C0000004005880B487B000AF786039600023C4
:1062D0007B61754B3B61D9E001227B6902FA03F3D4
:1062E0003A681340FB60FB68002B00F0CC806F4ADB
:1062F0007B699B08023352F82330BB607B6903F053
:1063000003039B000F2202FA03F3BA681340BB6039
:106310007B68674A934237D07B68664A934231D0A4
:106320007B68654A93422BD07B68644A934225D0B0
:106330007B68634A93421FD07B68624A934219D0BC
:106340007B68614A934213D07B68604A93420DD0C8
:106350007B685F4A934207D07B685E4A934201D1D3
:10636000092312E00A2310E008230EE007230CE0C3
:1063700006230AE0052308E0042306E0032304E0E3
:10638000022302E0012300E000237A6902F0030205
:1063900092009340BA689A4236D13B691A68FB680A
:1063A000DB431A403B691A603B695A68FB68DB4370
:1063B0001A403B695A604FF0B0435A68FB68DB43B0
:1063C0004FF0B04113404B604FF0B0431A68FB6888
:1063D000DB434FF0B04113400B607B6903F00303D4
:1063E0009B000F2202FA03F3BB60304A7B699B08D3
:1063F000023352F82310BB68DA432C487B699B08B0
:106400000A40023340F823207B681A687B695B00EE
:10641000032101FA03F31A437B681A607B69DA08E7
:106420007B68083253F822107B6903F007039B0056
:106430000F2202FA03F3DB437A69D20819407B6822
:10644000083243F822107B68DA687B695B0003211D
:1064500001FA03F3DB431A407B68DA607B685A6811
:1064600001217B6901FA03F3DB431A407B685A6020
:106470007B689A687B695B00032101FA03F3DB43C5
:106480001A407B689A607B6901337B613A687B695B
:1064900022FA03F3002B7FF41FAF00BF00BF1C37AD
:1064A000BD465DF8047B704780000058000400582A
:1064B000000002580004025800080258000C02585C
:1064C000001002580014025800180258001C02580C
:1064D000002002580024025880B483B000AF7860D6
:1064E000084A7B68203352F82330074A934201D18F
:1064F000002300E0012318460C37BD465DF8047BFD
:10650000704700BF006402580003008080B483B06D
:1065100000AF7860074A7B6852F82330002B01DA1D
:10652000012300E0002318460C37BD465DF8047BCC
:10653000704700BF0064025880B483B000AF786039
:10654000396006493B6843F440727B6841F8232078
:1065500000BF0C37BD465DF8047B704700640258ED
:1065600080B584B000AF7860FFF744FAF8607B68CC
:10657000002B01D101233BE07B68002283F83C2003
:106580007B68022283F83D207B681B68DA687B68A1
:106590001B6822F00102DA600FE0FFF72BFA0246D7
:1065A000FB68D31A052B08D97B6840229A667B6862
:1065B000032283F83D2001231AE07B681B68DB6817
:1065C00003F00103002BE8D1786800F0BBF97B6889
:1065D0000022DA657B6800221A667B6800225A6610
:1065E0007B6800229A667B68012283F83D200023A5
:1065F00018461037BD4680BD80B487B000AFF86044
:10660000B9607A600023FB75FB68002B01D1012380
:106610003EE0FB6893F83C30012B01D1022337E0C8
:10662000FB68012283F83C20FB6893F83D30DBB225
:10663000012B26D1FB681B681B6903F08043002BEC
:106640001CD1FB681B68BA681A63FB681B687A6810
:106650005A63BB68002B08D1FB681B681A69FB688A
:106660001B6822F000421A610DE0FB681B681A6982
:10667000FB681B6842F000421A6104E00123FB75CD
:1066800001E00123FB75FB68002283F83C20FB7DC1
:1066900018461C37BD465DF8047B704780B586B050
:1066A00000AF78600023BB60914B1B68914AA2FB4E
:1066B00003239B0A7B617B681B681A468E4B13443D
:1066C0009B0903F01F03012202FA03F33B614FF021
:1066D000A4431A683B691340002B00F02D817B68AE
:1066E0001B681B6803F00103002B54D07B681B68F8
:1066F000DB6803F00203002B4DD07B681B68DA686F
:106700007B681B6822F00202DA607B681B689B686A
:10671000FB60FB6803F08003002B06D17B689B6E57
:1067200043F001027B689A6605E07B689B6E43F04C
:1067300002027B689A66FB6803F40073002B05D0A5
:106740007B689B6E43F004027B689A66FB6803F4E7
:106750008073002B05D07B689B6E43F008027B683A
:106760009A66FB6803F48063002B05D07B689B6E00
:1067700043F010027B689A66FB6803F40063002B09
:1067800005D07B689B6E43F020027B689A667B682D
:106790001B6801225A607B681B681B6803F01003AA
:1067A000002B12D07B681B68DB6803F02003002BF2
:1067B0000BD07B681B6810225A607B689B6C002B97
:1067C00003D07B689B6C786898477B681B681B6864
:1067D00003F00803002B12D07B681B68DB6803F012
:1067E0001003002B0BD07B681B6808225A607B6863
:1067F000DB6C002B03D07B68DB6C786898477B6888
:106800001B681B6803F00403002B12D07B681B6815
:10681000DB6803F00803002B0BD07B681B680422A5
:106820005A607B681B6D002B03D07B681B6D7868FA
:1068300098477B681B681B6803F00203002B39D064
:106840007B681B68DB6803F00403002B32D07B6895
:106850001B68DA687B681B6822F03E02DA607B689E
:1068600093F83D30DBB2042B10D17B68002283F813
:106870003C207B68012283F83D207B689B6D002BC8
:106880005CD07B689B6D7868984757E07B681B6895
:1068900002225A607B68002283F83C207B68012238
:1068A00083F83D207B685B6C002B03D07B685B6CBE
:1068B000786898477B689B6E002B40D07B680422E9
:1068C00083F83D207B681B68DA687B681B6822F0D0
:1068D0000102DA60BB680133BB607A699A420DD36A
:1068E0007B681B68DB6803F00103002BF2D106E034
:1068F0006C060024B5814E1BC0FFFFAD00BF7B6856
:10690000002283F83C207B681B68DB6803F00103EE
:10691000002B04D07B68032283F83D2003E07B68D2
:10692000012283F83D207B685B6D002B07D07B68DC
:106930005B6D7868984702E000BF00E000BF183741
:10694000BD4680BD80B485B000AF78607B68D968F3
:106950007B681A697B681B680A43DA607B685A693E
:106960007B689B691A437B68DB691A437B681B6AF7
:106970001A437B685B6A1A437B68DB6A1A437B684D
:106980001B6B1A437B689B6A013B9B0442EA030131
:106990007B689A687B681B680A431A617B685B683E
:1069A000B3F1804F07D17B681B681A697B681B684D
:1069B00042F040421A617B681B6800225A617B6882
:1069C0005B6B002B11DA7B681B685A697B681B685C
:1069D00042F480225A617B685B6B5B42FB607B68A0
:1069E0001B68FA6892B21A6206E07B685B6B1A4613
:1069F0007B681B6892B21A627B689B6B002B15DA6E
:106A00007B681B685A697B681B6842F400225A61E4
:106A10007B689B6B5B42FB607B681B68196AFB6849
:106A20001A047B681B680A431A6209E07B681B68CA
:106A3000196A7B689B6B1A047B681B680A431A629D
:106A40007B685B68B3F1804F06D07B685A687B68CF
:106A50001B68D2B29A6203E07B681B6800229A62CC
:106A60007B681B6800225A6200BF1437BD465DF880
:106A7000047B704780B582B000AF78607B68002BE4
:106A800001D1012331E07B6893F83030DBB2002B79
:106A900005D17B6800221A767868FEF7BFF87B681C
:106AA000032283F83020786800F024F80346012B95
:106AB00001D1012319E07B6800225A637B68002220
:106AC000DA627B68012283F830207B68DB68002B68
:106AD0000AD07B68DB681946786800F0D3FE03466D
:106AE000002B01D0012300E0002318460837BD46E3
:106AF00080BD000090B58DB002AF78600023FB60D0
:106B000000233B6100237B610023BB614FF4803095
:106B10004FF0000103F054FE78627B6A002B09D12C
:106B20007B68012283F830207B684FF000625A6353
:106B3000012370E07B6A1B0A394AA2FB03231B096D
:106B4000FB617B681C686A4607F1180393E8030041
:106B500082E8030007F10C030ECB204606F0B6FCDA
:106B60007B681B68184606F0F9FCFB69002B05D012
:106B7000FB695B007A6AB2FBF3F37B627B6A002BF2
:106B800007D0284A7B6AB2FBF3F301331846FEF7BD
:106B90003DFF786801F060F838623B6A002B0BD04B
:106BA0007B68012283F830207B685A6B3B6A1A436A
:106BB0007B685A6301232EE0786800F04FFF38624B
:106BC0003B6A002B0BD07B68012283F830207B6866
:106BD0005A6B3B6A1A437B685A6301231BE07B684C
:106BE0001B684FF40071184606F05EFD38623B6A80
:106BF000002B0FD07B681B680B4A9A637B685A6B2B
:106C00003B6A1A437B685A637B68012283F8302011
:106C1000012300E0002318462C37BD4690BD00BF7D
:106C2000598B4F0110210100FF0FE01F80B582B08A
:106C300000AF78607B68002B01D1012311E07B68F5
:106C4000032283F83020786801F056F87868FEF760
:106C50007BF87B6800225A637B68002283F830202F
:106C6000002318460837BD4680BD000080B58CB0B3
:106C700000AFF860B9607A603B607B68BB62BB685C
:106C8000002B07D1FB685B6B43F00062FB685A6323
:106C90000123A8E0FB6893F83030DBB2012B40F011
:106CA000A180FB6800225A637A683B681A44FB683B
:106CB0001B6D9A4207D9FB685B6B43F00072FB685F
:106CC0005A6301238FE0FB68D3F8B4301B0ADBB2B0
:106CD000002B19D03B6803F00703002B07D0FB689B
:106CE0005B6B43F08002FB685A6301237BE07B68A7
:106CF00003F00703002B07D0FB685B6B43F04002F7
:106D0000FB685A6301236EE0FB68032283F830209E
:106D1000FB681B680022DA62FB68BA685A623B684B
:106D20005A02FB689A62FB68DB6B012B02D0BB6ADC
:106D30005B02BB624FF0FF333B613B685B027B61F0
:106D40009023BB610223FB6100233B6200237B6233
:106D5000FB681B6807F110021146184606F078FC24
:106D6000FB681B68DA68FB681B6842F04002DA6067
:106D7000FB681B68BA689A65FB681B6801221A6584
:106D80003B68012B0AD9FB688222DA62FB681B6828
:106D9000B96A184606F0CEFCF86209E0FB68812269
:106DA000DA62FB681B68B96A184606F0A0FCF86254
:106DB000FB6A002B0CD0FB681B680D4A9A63FB68CA
:106DC000FA6A5A63FB68012283F8302001230AE043
:106DD000FB681B68DA6BFB681B6842F49572DA6328
:106DE000002300E0022318463037BD4680BD00BFB7
:106DF000FF0FE01F80B58CB000AFF860B9607A601B
:106E00003B607B68BB62BB68002B07D1FB685B6B98
:106E100043F00062FB685A630123ABE0FB6893F820
:106E20003030DBB2012B40F0A480FB6800225A63B3
:106E30007A683B681A44FB681B6D9A4207D9FB6865
:106E40005B6B43F00072FB685A63012392E0FB68BE
:106E5000D3F8B4301B0ADBB2002B19D03B6803F027
:106E60000703002B07D0FB685B6B43F08002FB68D5
:106E70005A6301237EE07B6803F00703002B07D0F1
:106E8000FB685B6B43F04002FB685A63012371E0CF
:106E9000FB68032283F83020FB681B680022DA625B
:106EA000FB68BA68DA613B685A02FB681A62FB68E1
:106EB000DB6B012B02D0BB6A5B02BB624FF0FF337E
:106EC0003B613B685B027B619023BB610023FB61FC
:106ED00000233B6200237B62FB681B6807F1100202
:106EE0001146184606F0B4FBFB681B68DA68FB68BD
:106EF0001B6842F04002DA60FB681B68BA689A655A
:106F0000FB681B6801221A653B68012B0AD9FB68E4
:106F1000A022DA62FB681B68B96A184606F050FCCA
:106F2000F86209E0FB689022DA62FB681B68B96AC4
:106F3000184606F022FCF862FB6A002B0FD0FB68B3
:106F40001B680E4A9A63FB685A6BFB6A1A43FB681C
:106F50005A63FB68012283F8302001230AE0FB68B2
:106F60001B68DA6BFB681B6842F48D72DA630023DE
:106F700000E0022318463037BD4680BDFF0FE01FFA
:106F800080B584B000AF78607B68DB6AFB607B68AB
:106F90001B685B6B03F40043002B08D0FB6803F015
:106FA0000803002B03D0786800F0D0FF94E17B68E1
:106FB0001B685B6B03F48073002B00F0AA807B6876
:106FC0001B684FF480729A637B681B68D96B7B687F
:106FD0001A689A4B0B40D3637B681B68DA6B7B683B
:106FE0001B6822F08052DA637B681B68DA687B6872
:106FF0001B6822F04002DA60FB6803F08003002B7C
:107000004BD07B681B6800229A627B681B68002259
:10701000DA627B681B6800221A65FB6803F00203D2
:10702000002B04D1FB6803F02003002B11D07B68F8
:107030001B68184606F0E8FBB860BB68002B08D058
:107040007B685A6BBB681A437B685A63786800F0A8
:1070500047F97B681B687A4A9A637B68012283F848
:107060003020FB6803F01003002B04D1FB6803F011
:107070002003002B02D07868DAF772FEFB6803F079
:107080000103002B05D1FB6803F00203002B00F085
:1070900023817868DAF76FFE1EE1FB6803F00803CE
:1070A000002B00F01981FB6803F00203002B04D1D0
:1070B000FB6803F02003002B11D07B681B68184687
:1070C00006F0A2FBB860BB68002B08D07B685A6B47
:1070D000BB681A437B685A63786800F001F97B68E3
:1070E0001B68574A9A637B68012283F83020FB684B
:1070F00003F00103002B04D1FB6803F00203002B13
:1071000003D07868DAF737FEE6E07868DAF728FE29
:10711000E2E07B681B685B6B03F48043002B08D0C4
:10712000FB6803F00803002B03D0786800F054FFDD
:10713000D2E07B681B685B6B03F03A03002B00F026
:107140009E807B681B685B6B03F00203002B05D0FD
:107150007B685B6B43F002027B685A637B681B6849
:107160005B6B03F00803002B05D07B685B6B43F07F
:1071700008027B685A637B681B685B6B03F0200323
:10718000002B05D07B685B6B43F020027B685A6361
:107190007B681B685B6B03F01003002B05D07B68DA
:1071A0005B6B43F010027B685A637B681B68244A60
:1071B0009A637B681B68DA6B7B681B6822F49D729C
:1071C000DA637B681B68DA687B681B6822F0400220
:1071D000DA607B681B68DA6A7B681B6842F40052DD
:1071E000DA627B681B68DA687B681B6842F08002A1
:1071F000DA607B681B68184606F006FB02467B686F
:107200005B6B1A437B685A637B681B68DA687B6830
:107210001B6822F08002DA607B681B684FF4006212
:107220009A63FB6803F00803002B0BD07B680122F4
:1072300083F83020786800F053F84DE0C53EFFFF3A
:107240003A0F0018FB6803F08003002B44D07B68E2
:107250005B6B002B40D07B681B68DA6B7B681B681C
:1072600022F08052DA637B681B6800221A657B6813
:10727000012283F83020786800F032F82CE07B6837
:107280001B685B6B03F08053002B25D07B681B6869
:107290004FF080529A637B681B681B6D03F00403F8
:1072A000002B0CD1FB6803F02003002B03D078687F
:1072B00000F09AFF10E0786800F082FF0CE0FB68B5
:1072C00003F02003002B03D0786800F083FF03E075
:1072D000786800F06BFFFFE700BF1037BD4680BD48
:1072E00080B483B000AF786000BF0C37BD465DF856
:1072F000047B704780B584B000AF786039600023AC
:10730000FB607B689B6D9B0FDAB23B681A707B68F1
:107310009B6D9B0EDBB203F00F03DAB23B685A7031
:107320007B689B6D1B0EDBB203F00303DAB23B6894
:107330009A707B689B6D1B0CDAB23B68DA707B68D5
:107340009B6D1B0ADAB23B681A717B689B6DDAB2DF
:107350003B685A717B68DB6D1B0D9AB23B68DA8023
:107360007B68DB6D1B0CDBB203F00F03DAB23B680A
:107370001A727B68DB6DDB0BDBB203F00103DAB260
:107380003B685A727B68DB6D9B0BDBB203F0010339
:10739000DAB23B689A727B68DB6D5B0BDBB203F0A1
:1073A0000103DAB23B68DA727B68DB6D1B0BDBB280
:1073B00003F00103DAB23B681A733B6800225A7388
:1073C00007F10C016FF07043D422786800F0CAFC1A
:1073D0000346002B01D0012329E17B68DB6B002BE6
:1073E00063D17B68DB6D9A0040F6FC7313407A68CA
:1073F000126E920F1A433B681A617B681B6EDB0E9C
:10740000DBB203F00703DAB23B681A757B681B6EC8
:107410001B0EDBB203F00703DAB23B685A757B68D8
:107420001B6E5B0DDBB203F00703DAB23B689A75A3
:107430007B681B6E9B0CDBB203F00703DAB23B6880
:10744000DA757B681B6EDB0BDBB203F00703DAB285
:107450003B681A763B681B695A1C7B689A643B68D8
:107460001B7EDBB203F007030233012202FA03F3AF
:107470007A68926C03FB02F27B689A643B681B7A21
:10748000DBB203F00F0301229A407B68DA647B6869
:107490009B6C7A68D26C520A03FB02F27B681A6515
:1074A0007B684FF400725A6523E07B68DB6B012B2D
:1074B0000FD1FA687B689A647B689A6C7B681A655E
:1074C0007B684FF40072DA647B68DA6C7B685A651B
:1074D0000FE07B681B68584A9A637B685B6B43F0DC
:1074E00080527B685A637B68012283F83020012335
:1074F0009DE07B681B6E9B0BDBB203F00103DAB2ED
:107500003B685A767B681B6EDB09DBB203F07F03B6
:10751000DAB23B689A767B681B6EDBB203F07F03BE
:10752000DAB23B68DA767B685B6EDB0FDAB23B6817
:107530001A777B685B6E5B0FDBB203F00303DAB292
:107540003B685A777B685B6E9B0EDBB203F00703E8
:10755000DAB23B689A777B685B6E9B0DDBB203F017
:107560000F03DAB23B68DA777B685B6E5B0DDBB2E8
:1075700003F00103DAB23B6883F820203B68002265
:1075800083F821207B685B6E1B0CDBB203F00103E8
:10759000DAB23B6883F822207B685B6EDB0BDBB2E0
:1075A00003F00103DAB23B6883F823207B685B6E4B
:1075B0009B0BDBB203F00103DAB23B6883F82420B3
:1075C0007B685B6E5B0BDBB203F00103DAB23B68F6
:1075D00083F825207B685B6E1B0BDBB203F0010395
:1075E000DAB23B6883F826207B685B6E9B0ADBB2CD
:1075F00003F00303DAB23B6883F827207B685B6EF5
:107600001B0ADBB203F00303DAB23B6883F82820DD
:107610007B685B6E5B08DBB203F07F03DAB23B682A
:1076200083F829203B68012283F82A20002318468A
:107630001037BD4680BD00BFFF0FE01F80B483B090
:1076400000AF786039607B68DA6B3B681A607B68F2
:107650001A6C3B685A607B685A6C3B689A607B681E
:107660009A6C3B68DA607B68DA6C3B681A617B680D
:107670001A6D3B685A617B685A6D3B689A610023BA
:1076800018460C37BD465DF8047B704780B58EB058
:1076900000AFF860B9607A60FEF7ACF9F862BB68D9
:1076A000002B07D1FB685B6B43F00062FB685A63F9
:1076B0000123DEE0FB6893F83030DBB2012B40F0B1
:1076C000D780FB6800225A63FB68032283F83020CE
:1076D000FB681B680022DA62BB683B634FF0FF3334
:1076E0003B614FF400737B619023BB610223FB611C
:1076F00000233B6200237B62FB681B6807F11002DA
:107700001146184605F0A4FFFB681B68DA68FB68A1
:107710001B6842F04002DA60FB681B6800211846D3
:1077200006F0B9F9B862BB6A002B45D0FB681B684C
:10773000524A9A63FB685A6BBB6A1A43FB685A63E6
:10774000FB68012283F83020012392E0FB681B686C
:107750005B6B03F40043002B13D000237B630DE02D
:10776000FB681B68184605F0DBFE02463B6B1A609F
:107770003B6B04333B637B6B01337B637B6B072B7E
:10778000EED9FEF737F90246FB6AD31A7A689A42B5
:1077900002D97B68002B0FD1FB681B68374A9A63BC
:1077A000FB685B6B43F00042FB685A63FB68012295
:1077B00083F8302003235CE0FB681B685B6B03F4F9
:1077C0009573002BC2D0FB681B68DA68FB681B68E6
:1077D00022F04002DA60FB681B685B6B03F0080371
:1077E000002B0FD0FB681B68244A9A63FB685B6B15
:1077F00043F00802FB685A63FB68012283F83020DB
:10780000012336E0FB681B685B6B03F00203002B6F
:107810000FD0FB681B68194A9A63FB685B6B43F0E7
:107820000202FB685A63FB68012283F830200123BF
:107830001FE0FB681B685B6B03F02003002B0FD07D
:10784000FB681B680D4A9A63FB685B6B43F0200280
:10785000FB685A63FB68012283F83020012308E0AB
:10786000FB681B68064A9A63FB68012283F8302094
:10787000002318463837BD4680BD00BFFF0FE01F0C
:107880003A0F0018B0B58CB002AF786039600023B1
:10789000FB617B68032283F830207B681B685B6890
:1078A00003F40023002B14D07B681B685B6803F48F
:1078B0008023002B06D004223968786800F0D6FBBC
:1078C00038620CE002223968786800F0CFFB386239
:1078D00005E001223968786800F0C8FB38623B6A2D
:1078E000002B7BD13B68B3F5004F07D17B681B6849
:1078F0004649184606F0ACF8386219E03B68B3F523
:10790000804F07D17B681B684149184606F0A0F8F4
:1079100038620DE03B68002B07D17B681B683D494E
:10792000184606F095F8386202E04FF000633B62BB
:107930003B6A002B52D14FF6FF737B627B681A685B
:107940007B685B6C1B041946104606F03EF83862F3
:107950003B6A002B12D17B681B680021184605F09A
:1079600064FEF8617B6A013B7B62FB6903F4807310
:10797000002B04D17B6A002BE0D100E000BF7B6AC2
:10798000002B25D03B6A002B22D1FB6903F080033A
:10799000002B03D04FF480333B621FE07B6807F17C
:1079A00008041D1D0FCD0FC42B6823603B683B618D
:1079B0007B681C686A4607F1140393E8030082E8B9
:1079C000030007F108030ECB204605F07FFD05E01C
:1079D0007B6A002B02D14FF000433B627B6801229F
:1079E00083F830203B6A002B0BD07B681B680A4A67
:1079F0009A637B685A6B3B6A1A437B685A6301231C
:107A000000E0002318462837BD46B0BD0002B7038A
:107A10000001B7030000B703FF0FE01F80B586B079
:107A200000AF78600023FB6007F10C03194678680B
:107A300000F06FF978617B69002B05D07B685A6B89
:107A40007B691A437B685A63FB685B0A03F00F0388
:107A50003B613B6918461837BD4680BDB0B596B04E
:107A600002AF78600223A7F84E307B681B68184687
:107A700005F096FD0346002B02D14FF08063E6E04F
:107A80007B681B68184605F03CFFB864BB6C002B94
:107A900001D0BB6CDBE07B681B680021184605F059
:107AA000C4FD02467B689A667B681B680421184601
:107AB00005F0BBFD02467B68DA667B681B6808211F
:107AC000184605F0B2FD02467B681A677B681B68A2
:107AD0000C21184605F0A9FD02467B685A677B68B1
:107AE0001B68B7F84E201146184605F049FFB864E8
:107AF000BB6C002B01D0BB6CA9E0B7F84E207B68B3
:107B00005A647B681A687B685B6C1B0419461046D4
:107B100005F016FFB864BB6C002B01D0BB6C96E07F
:107B20007B681B680021184605F07FFD02467B68D4
:107B30009A657B681B680421184605F076FD0246AD
:107B40007B68DA657B681B680821184605F06DFDC7
:107B500002467B681A667B681B680C21184605F094
:107B600064FD02467B685A667B681B6804211846E0
:107B700005F05BFD03461A0D7B681A647B681A6882
:107B80007B685B6C1B041946104605F079FEB864EF
:107B9000BB6C002B01D0BB6C59E007F11C031946EC
:107BA0007868FFF7A7FB0346002B02D07B685B6B6E
:107BB0004DE07B681A687B685B6C1B0419461046B5
:107BC00005F003FFB864BB6C002B05D07B685A6BD3
:107BD000BB6C1A437B685A637B6878334FF0FF3283
:107BE00019467868FFF752FD0346002B02D07B68E8
:107BF0005B6B2CE07B681A687B685B6C1B04194626
:107C0000104605F0E2FEB864BB6C002B05D07B6823
:107C10005A6BBB6C1A437B685A637B6807F1080494
:107C20001D1D0FCD0FC42B68236000233B617B68B3
:107C30001C686A4607F1140393E8030082E8030016
:107C400007F108030ECB204605F040FC0023184640
:107C50005037BD46B0BD000080B586B000AF78603B
:107C60000023BB6000237B6100233B617B681B68B2
:107C7000184605F028FEF860FB68002B27D0FB684B
:107C800034E0BB685A1CBA604FF6FF72934202D1CF
:107C90004FF080732AE07B681B681649184605F090
:107CA000B7FEF860FB68002B02D04FF080531DE058
:107CB0007B681B680021184605F0B7FC78617B697A
:107CC000DB0F012B01D1012300E000233B613B6965
:107CD000002BD6D07B691B0EC02B03D17B68012201
:107CE000DA6302E07B680022DA6300231846183763
:107CF000BD4680BD0080FFC080B582B000AF786017
:107D00007B681B68184605F03AFC00BF0837BD4683
:107D100080BD80B584B000AF786039603B68002BCF
:107D200002D14FF0006318E07B681A687B685B6CD7
:107D30001B041946104605F048FEF860FB68002B4E
:107D400001D0FB6809E07B681B680021184605F03C
:107D50006CFC02463B681A60002318461037BD468B
:107D600080BD000080B590B000AFF860B9603B60A6
:107D70001346FB80FDF73EFE78630023BB63FB6880
:107D800000225A63FB681B680022DA624FF0FF335F
:107D90007B614FF40073BB619023FB6102233B6264
:107DA00000237B620123BB62FB681B6807F114029E
:107DB0001146184605F04CFCFB681B68002118466C
:107DC00005F069FE38633B6B002B4ED0FB681B68E7
:107DD0005C4A9A63FB685A6B3B6B1A43FB685A63B5
:107DE000FB68012283F830200123A6E0FB681B68B2
:107DF0005B6B03F40043002B1CD00023FB6313E0F8
:107E0000FB681B68184605F08BFBF862BA6BFB6BCE
:107E10001344FA88920892B2934202D1BB68FA6A7C
:107E20001A60FB6B0133FB63FB6B072BE8D9BB6B61
:107E30000833BB63FDF7DEFD02467B6BD31A3A685D
:107E40009A4202D93B68002B0FD1FB681B683D4A60
:107E50009A63FB685B6B43F00042FB685A63FB6804
:107E6000012283F83020032367E0FB681B685B6B0B
:107E700003F49573002BB9D0FB681B685B6B03F0B0
:107E80000803002B0FD0FB681B682E4A9A63FB681F
:107E90005B6B43F00802FB685A63FB68012283F8BE
:107EA0003020012349E0FB681B685B6B03F0020391
:107EB000002B0FD0FB681B68224A9A63FB685B6B40
:107EC00043F00202FB685A63FB68012283F830200A
:107ED000012332E0FB681B685B6B03F02003002B7F
:107EE0000FD0FB681B68174A9A63FB685B6B43F013
:107EF0002002FB685A63FB68012283F830200123CB
:107F00001BE0FB681A68FB685B6C1B041946104693
:107F100005F05BFD38633B6B002B05D0FB685A6BAB
:107F20003B6B1A43FB685A63FB681B68064A9A63FB
:107F3000FB68012283F83020002318464037BD46F5
:107F400080BD00BFFF0FE01F3A0F001880B586B05C
:107F500000AF78607B685B6A3B617B689B6A1F2B24
:107F600036D900237B6127E07B681B68184605F043
:107F7000D7FAF860FB68DAB23B691A703B690133E3
:107F80003B61FB681B0ADAB23B691A703B6901333B
:107F90003B61FB681B0CDAB23B691A703B69013329
:107FA0003B61FB681B0EDAB23B691A703B69013317
:107FB0003B617B6901337B617B69072BD4D97B688B
:107FC0003A695A627B689B6AA3F120027B689A62D5
:107FD00000BF1837BD4680BD80B586B000AF786061
:107FE0007B68DB693B617B681B6A1F2B3AD90023E6
:107FF0007B612BE03B691B78FB603B6901333B6194
:108000003B691B781A02FB681343FB603B69013331
:108010003B613B691B781A04FB681343FB603B69B7
:1080200001333B613B691B781A06FB681343FB6015
:108030003B6901333B617B681B6807F10C02114609
:10804000184605F07AFA7B6901337B617B69072B5F
:10805000D0D97B683A69DA617B681B6AA3F1200298
:108060007B681A6200BF1837BD4680BD80B58AB0F4
:1080700000AFF860B9607A6000233B620023FB61C7
:10808000BB68B3F5004F04D0BB68B3F5804F40F038
:10809000858000237B6107F114014FF0FF33BB2281
:1080A000F868FFF75FFE0346002B03D04FF48033E0
:1080B000FB6102E07B691B0E7B617B68042B05D1B1
:1080C000FB68D3F864311B0EBB610EE07B68022BAA
:1080D00006D1FB68D3F840311B0CDBB2BB6104E076
:1080E000FB68D3F840311B0EBB61FB69002B55D1F7
:1080F000BB68B3F5004F02D1BB691B09BB617A694C
:10810000BB69534003F00F03002B47D0FB6818688E
:10811000BB691B0203F47062234B1343194605F03D
:1081200097FCF861FB69002B38D14FF6FF737B6237
:10813000FB681A68FB685B6C1B041946104605F067
:1081400044FCF861FB69002B12D1FB681B6800211D
:10815000184605F06AFA38627B6A013B7B623B6A2B
:1081600003F48073002B04D17B6A002BE0D100E084
:1081700000BF7B6A002B0BD0FB69002B08D13B6A48
:1081800003F08003002B09D04FF08053FB6105E022
:108190007B6A002B02D14FF00043FB61FB6918465C
:1081A0002837BD4680BD00BF0000BB0380B483B04C
:1081B00000AF786000BF0C37BD465DF8047B7047A8
:1081C00080B483B000AF786000BF0C37BD465DF867
:1081D000047B704780B483B000AF786000BF0C3779
:1081E000BD465DF8047B704780B483B000AF786013
:1081F00000BF0C37BD465DF8047B704780B400AF0C
:10820000054B1B68044A43F48073136000BFBD46EE
:108210005DF8047B704700BF0048025880B400AF8F
:10822000054B1B68044A23F48073136000BFBD46EE
:108230005DF8047B704700BF0048025880B584B0E9
:1082400000AF7860294BDB6803F00703062B0AD0E8
:10825000264BDB6803F03F037A689A4201D0012382
:1082600040E000233EE0214BDB6823F03F021F4942
:108270007B681343CB60FDF7BDFBF86009E0FDF7B9
:10828000B9FB0246FB68D31AB3F57A7F01D9012303
:1082900028E0164B5B6803F40053B3F5005FEED1A2
:1082A0007B681E2B08D07B682E2B05D07B681D2B8E
:1082B00002D07B682D2B14D1FDF79CFBF86009E000
:1082C000FDF798FB0246FB68D31AB3F57A7F01D914
:1082D000012307E0054BDB6803F48033B3F5803FEF
:1082E000EED1002318461037BD4680BD0048025825
:1082F00080B582B000AF104B9B680F4A43F001037A
:108300009360FDF777FB786009E0FDF773FB0246A9
:108310007B68D31AB3F57A7F01D9012307E0064BB6
:108320009B6803F48033B3F5803FEED100231846F9
:108330000837BD4680BD00BF0048025880B582B0F6
:1083400000AF104B9B680F4A23F001039360FDF7C9
:1083500051FB786009E0FDF74DFB02467B68D31ABC
:10836000B3F57A7F01D9012307E0064B9B6803F43C
:108370008033B3F5803FEED0002318460837BD4662
:1083800080BD00BF0048025880B58CB000AF786057
:108390007B68002B02D1012300F048BC7B681B687E
:1083A00003F00103002B00F08880994B1B6903F058
:1083B0003803FB62964B9B6ABB62FB6A102B07D0AB
:1083C000FB6A182B11D1BB6A03F00303022B0CD1FB
:1083D0008F4B1B6803F40033002B6DD07B685B6808
:1083E000002B69D1012300F021BC7B685B68B3F5E9
:1083F000803F06D1864B1B68854A43F48033136067
:108400002EE07B685B68002B0CD1814B1B68804A97
:1084100023F4803313607E4B1B687D4A23F4802352
:1084200013601DE07B685B68B3F5A02F0CD1784B1F
:108430001B68774A43F480231360754B1B68744AAA
:1084400043F4803313600BE0714B1B68704A23F4D4
:10845000803313606E4B1B686D4A23F480231360D6
:108460007B685B68002B13D0FDF7C4FA786208E0E4
:10847000FDF7C0FA02467B6AD31A642B01D90323A5
:10848000D4E3634B1B6803F40033002BF0D014E0FB
:10849000FDF7B0FA786208E0FDF7ACFA02467B6AB5
:1084A000D31A642B01D90323C0E3594B1B6803F48F
:1084B0000033002BF0D100E000BF7B681B6803F0A5
:1084C0000203002B00F0CA80514B1B6903F03803F4
:1084D0003B624F4B9B6AFB613B6A002B07D03B6AB8
:1084E000182B56D1FB6903F00303002B51D1484BE5
:1084F0001B6803F00403002B05D07B68DB68002BAE
:1085000001D1012392E3424B1B6823F019027B68DF
:10851000DB683F4913430B60FDF76CFA786208E0B3
:10852000FDF768FA02467B6AD31A022B01D90323AE
:108530007CE3374B1B6803F00403002BF0D0FDF7FE
:1085400089FA034641F20302934217D87B681B69FC
:10855000402B08D12E4B5B6823F47C332C4A43F428
:10856000003353607AE02A4B5B6823F47C327B68EB
:108570001B691B03264913434B606FE0244B5B6868
:1085800023F0FE427B681B691B06214913434B60A5
:1085900064E07B68DB68002B47D01D4B1B6823F031
:1085A00019027B68DB681A4913430B60FDF722FA56
:1085B000786208E0FDF71EFA02467B6AD31A022BA6
:1085C00001D9032332E3124B1B6803F00403002B91
:1085D000F0D0FDF73FFA034641F20302934219D867
:1085E0007B681B69402B08D1094B5B6823F47C3303
:1085F000074A43F40033536030E0054B5B6823F4D3
:108600007C327B681B691B03014913434B6025E0E7
:10861000004402589A4B5B6823F0FE427B681B695A
:108620001B06974913434B6018E0954B1B68944A0F
:1086300023F001031360FDF7DDF9786208E0FDF730
:10864000D9F902467B6AD31A022B01D90323EDE242
:108650008B4B1B6803F00403002BF0D17B681B6875
:1086600003F01003002B00F0A980854B1B6903F079
:108670003803BB61824B9B6A7B61BB69082B07D0C7
:10868000BB69182B3AD17B6903F00303012B35D169
:108690007B4B1B6803F48073002B05D07B68DB6980
:1086A000802B01D00123C1E2FDF7D4F9034641F24A
:1086B0000302934217D87B681B6A202B08D1704BAA
:1086C0005B6823F0F8436E4A43F08043536075E0E3
:1086D0006B4B5B6823F0F8427B681B6A9B0668491A
:1086E00013434B606AE0664BDB6823F07C527B6887
:1086F0001B6A1B0662491343CB605FE07B68DB6942
:10870000002B42D05E4B1B685D4A43F08003136030
:10871000FDF770F9786208E0FDF76CF902467B6AB4
:10872000D31A022B01D9032380E2554B1B6803F4B3
:108730008073002BF0D0FDF78DF9034641F2030260
:10874000934217D87B681B6A202B08D14C4B5B687F
:1087500023F0F8434A4A43F0804353602EE0484BED
:108760005B6823F0F8427B681B6A9B06444913430D
:108770004B6023E0424BDB6823F07C527B681B6A32
:108780001B063F491343CB6018E03D4B1B683C4A36
:1087900023F080031360FDF72DF9786208E0FDF700
:1087A00029F902467B6AD31A022B01D903233DE241
:1087B000334B1B6803F48073002BF0D17B681B687C
:1087C00003F00803002B36D07B685B69002B19D0BF
:1087D0002B4B5B6F2A4A43F001035367FDF70AF9FD
:1087E000786208E0FDF706F902467B6AD31A022B8D
:1087F00001D903231AE2224B5B6F03F00203002B23
:10880000F0D018E01E4B5B6F1D4A23F00103536745
:10881000FDF7F0F8786208E0FDF7ECF802467B6AB5
:10882000D31A022B01D9032300E2154B5B6F03F02F
:108830000203002BF0D17B681B6803F02003002BA0
:1088400039D07B689B69002B1CD00D4B1B680C4AF0
:1088500043F480531360FDF7CDF8786208E0FDF72C
:10886000C9F802467B6AD31A022B01D90323DDE142
:10887000034B1B6803F40053002BF0D01BE000BF38
:10888000004402589B4B1B689A4A23F480531360A0
:10889000FDF7B0F8786208E0FDF7ACF802467B6AB5
:1088A000D31A022B01D90323C0E1924B1B6803F4B6
:1088B0000053002BF0D17B681B6803F00403002BEE
:1088C00000F081808C4B1B688B4A43F480731360EB
:1088D000FDF790F8786208E0FDF78CF802467B6AB5
:1088E000D31A642B01D90323A0E1834B1B6803F443
:1088F0008073002BF0D07B689B68012B06D17D4BE9
:108900001B6F7C4A43F0010313672DE07B689B6873
:10891000002B0CD1774B1B6F764A23F001031367B2
:10892000744B1B6F734A23F0040313671CE07B68CE
:108930009B68052B0CD16F4B1B6F6E4A43F00403F1
:1089400013676C4B1B6F6B4A43F0010313670BE01B
:10895000684B1B6F674A23F001031367654B1B6F5E
:10896000644A23F0040313677B689B68002B15D0CF
:10897000FDF740F878620AE0FDF73CF802467B6AB2
:10898000D31A41F28832934201D903234EE1594B65
:108990001B6F03F00203002BEED014E0FDF72AF862
:1089A00078620AE0FDF726F802467B6AD31A41F2A4
:1089B0008832934201D9032338E14E4B1B6F03F0F9
:1089C0000203002BEED17B685B6A002B00F02D8147
:1089D000484B1B6903F03803182B00F0BD807B68FF
:1089E0005B6A022B40F09E80424B1B68414A23F099
:1089F00080731360FCF7FEFF786208E0FCF7FAFF73
:108A000002467B6AD31A022B01D903230EE1394BAC
:108A10001B6803F00073002BF0D1364B9A6A374B7A
:108A200013407A68916A7A68D26A12010A4331491E
:108A300013438B627B681B6B013BC3F308027B68AB
:108A40005B6B013B5B029BB21A437B689B6B013BF8
:108A50001B0403F4FE031A437B68DB6B013B1B061C
:108A600003F0FE43234913430B63224BDB6A214A85
:108A700023F00103D3621F4B5A6B214B13407A68DA
:108A8000926CD2001B4913434B631A4BDB6A23F0F1
:108A90000C027B681B6C17491343CB62154BDB6AD6
:108AA00023F002027B685B6C12491343CB62114BCB
:108AB000DB6A104A43F48033D3620E4BDB6A0D4A03
:108AC00043F40033D3620B4BDB6A0A4A43F480233E
:108AD000D362084BDB6A074A43F00103D362054BBC
:108AE0001B68044A43F080731360FCF783FF7862CD
:108AF00011E000BF00440258004802580CFCFFFF80
:108B00000700FFFFFCF776FF02467B6AD31A022BB1
:108B100001D903238AE0474B1B6803F00073002B45
:108B2000F0D082E0434B1B68424A23F0807313600D
:108B3000FCF760FF786208E0FCF75CFF02467B6AA6
:108B4000D31A022B01D9032370E03A4B1B6803F0C0
:108B50000073002BF0D168E0364B9B6A3B61354BCC
:108B60001B6BFB607B685B6A012B31D03B6903F0B8
:108B700003027B689B6A9A422AD13B691B0903F076
:108B80003F027B68DB6A9A4222D1FB68C3F308028A
:108B90007B681B6B013B9A421AD1FB685B0A03F0AE
:108BA0007F027B685B6B013B9A4211D1FB681B0C17
:108BB00003F07F027B689B6B013B9A4208D1FB6804
:108BC0001B0E03F07F027B68DB6B013B9A4201D0F6
:108BD00001232BE0174B5B6BDB08C3F30C033B61FA
:108BE0007B689B6C3A699A421FD0124BDB6A114A30
:108BF00023F00103D362FCF7FDFE786200BFFCF7AF
:108C0000F9FE02467B6A9342F9D00A4B5A6B0A4B33
:108C100013407A68926CD200064913434B63054BAC
:108C2000DB6A044A43F00103D3620023184630375D
:108C3000BD4680BD004402580700FFFF80B586B0E6
:108C400000AF786039607B68002B01D101239CE183
:108C50008A4B1B6803F00F033A689A4210D9874B7E
:108C60001B6823F00F0285493B6813430B60834B5D
:108C70001B6803F00F033A689A4201D0012384E194
:108C80007B681B6803F00403002B10D07B681A6913
:108C90007B4B9B6903F070039A4208D9784B9B6920
:108CA00023F070027B681B69754913438B617B68F5
:108CB0001B6803F00803002B10D07B685A69704BC7
:108CC000DB6903F070039A4208D96D4BDB6923F02E
:108CD00070027B685B696A491343CB617B681B68E0
:108CE00003F01003002B10D07B689A69644BDB699A
:108CF00003F4E0639A4208D9614BDB6923F4E06234
:108D00007B689B695E491343CB617B681B6803F0FA
:108D10002003002B10D07B68DA69594B1B6A03F0E3
:108D200070039A4208D9564B1B6A23F070027B6885
:108D3000DB69534913430B627B681B6803F0020332
:108D4000002B10D07B68DA684D4B9B6903F00F0352
:108D50009A4208D94A4B9B6923F00F027B68DB6873
:108D6000474913438B617B681B6803F00103002BA9
:108D700055D0434B9B6923F470627B689B684049E4
:108D800013438B617B685B68022B07D13C4B1B68EC
:108D900003F40033002B21D10123F6E07B685B68EC
:108DA000032B07D1364B1B6803F00073002B15D142
:108DB0000123EAE07B685B68012B07D1304B1B681D
:108DC00003F48073002B09D10123DEE02C4B1B68D8
:108DD00003F00403002B01D10123D6E0284B1B69CB
:108DE00023F007027B685B68254913430B61FCF79E
:108DF00001FE78610AE0FCF7FDFD02467B69D31AAB
:108E000041F28832934201D90323BEE01C4B1B6917
:108E100003F038027B685B68DB009A42EBD17B6829
:108E20001B6803F00203002B10D07B68DA68144B38
:108E30009B6903F00F039A4208D2114B9B6923F000
:108E40000F027B68DB680E4913438B610B4B1B6879
:108E500003F00F033A689A4214D2084B1B6823F0C0
:108E60000F0206493B6813430B60044B1B6803F079
:108E70000F033A689A4205D0012386E00020005291
:108E8000004402587B681B6803F00403002B10D0D9
:108E90007B681A693F4B9B6903F070039A4208D2C2
:108EA0003C4B9B6923F070027B681B693949134373
:108EB0008B617B681B6803F00803002B10D07B6874
:108EC0005A69344BDB6903F070039A4208D2314B84
:108ED000DB6923F070027B685B692E491343CB6129
:108EE0007B681B6803F01003002B10D07B689A6925
:108EF000284BDB6903F4E0639A4208D2254BDB6917
:108F000023F4E0627B689B6922491343CB617B6851
:108F10001B6803F02003002B10D07B68DA691D4B1F
:108F20001B6A03F070039A4208D21A4B1B6A23F0A3
:108F300070027B68DB69174913430B6200F034F859
:108F40000246144B9B691B0A03F00F031249CB5CCA
:108F500003F01F0322FA03F33B610E4B9B6903F0FE
:108F60000F030D4AD35C03F01F033A6922FA03F39F
:108F70000A4A13600A4A3B6913600A4B1B68184689
:108F8000FBF70CFF0346FB73FB7B18461837BD4607
:108F900080BD00BF0044025860B10708700600247D
:108FA0006C0600247807002480B489B000AFB34B6E
:108FB0001B6903F03803182B00F2558101A252F807
:108FC00023F000BF299006086792060867920608FA
:108FD0006792060867920608679206086792060875
:108FE000679206084F90060867920608679206087F
:108FF0006792060867920608679206086792060855
:109000006792060855900608679206086792060858
:109010006792060867920608679206086792060834
:10902000679206085B900608944B1B6803F02003C8
:10903000002B09D0914B1B68DB0803F00303904A17
:1090400022FA03F3BB6111E18D4BBB610EE18D4B45
:10905000BB610BE18C4BBB6108E1884B9B6A03F061
:1090600003037B61854B9B6A1B0903F03F033B6154
:10907000824BDB6A03F00103FB60804B5B6BDB0818
:10908000C3F30C03FA6802FB03F307EE903AF8EE21
:10909000677AC7ED027A3B69002B00F0E1807B69BB
:1090A000022B00F083807B69022B00F2A1807B6998
:1090B000002B03D07B69012B56D099E06F4B1B68C6
:1090C00003F02003002B2DD06C4B1B68DB0803F052
:1090D00003036B4A22FA03F37B607B6807EE903A46
:1090E000F8EE676A3B6907EE903AF8EE677A86EE2B
:1090F000A77A624B1B6BC3F3080307EE903AF8EEB6
:10910000676A97ED026ADFED615AC6EE257A76EE60
:10911000A77AF7EE006A77EEA67A67EE277AC7EDB0
:10912000077A87E03B6907EE903AF8EE677ADFED61
:10913000586A86EEA77A514B1B6BC3F3080307EE00
:10914000903AF8EE676A97ED026ADFED505AC6EE84
:10915000257A76EEA77AF7EE006A77EEA67A67EEC2
:10916000277AC7ED077A65E03B6907EE903AF8EE9B
:10917000677ADFED486A86EEA77A404B1B6BC3F334
:10918000080307EE903AF8EE676A97ED026ADFEDA2
:109190003F5AC6EE257A76EEA77AF7EE006A77EEAA
:1091A000A67A67EE277AC7ED077A43E03B6907EEB8
:1091B000903AF8EE677ADFED386A86EEA77A2F4BA1
:1091C0001B6BC3F3080307EE903AF8EE676A97ED5E
:1091D000026ADFED2E5AC6EE257A76EEA77AF7EE12
:1091E000006A77EEA67A67EE277AC7ED077A21E064
:1091F0003B6907EE903AF8EE677ADFED266A86EE75
:10920000A77A1E4B1B6BC3F3080307EE903AF8EEE8
:10921000676A97ED026ADFED1D5AC6EE257A76EE93
:10922000A77AF7EE006A77EEA67A67EE277AC7ED9F
:10923000077A00BF114B1B6B5B0A03F07F030133FE
:109240003B603B6807EE903AB8EE677AD7ED076A65
:10925000C6EE877AFCEEE77A17EE903ABB6105E03E
:109260000023BB6102E0074BBB6100BFBB6918462E
:109270002437BD465DF8047B704700BF00440258A8
:109280000090D00300093D0040787D0100000046B9
:109290000024744C0024744A20BCBE4B80B582B0BC
:1092A00000AFFFF781FE0246104B9B691B0A03F0DB
:1092B0000F030F49CB5C03F01F0322FA03F37B601B
:1092C0000A4B9B6903F00F03094AD35C03F01F03A9
:1092D0007A6822FA03F3074A1360074A7B6813602F
:1092E000044B1B6818460837BD4680BD0044025831
:1092F00060B10708700600246C06002480B500AF3A
:10930000FFF7CCFF0246064BDB691B0903F007039E
:109310000449CB5C03F01F0322FA03F3184680BD17
:109320000044025860B1070880B483B000AF786091
:1093300039607B683F221A601A4B1B6903F00702F1
:109340007B685A60174B9B6903F470627B689A6074
:10935000144B9B6903F00F027B68DA60114B9B6929
:1093600003F070027B681A610E4BDB6903F0700238
:109370007B685A610B4BDB6903F4E0627B689A619E
:10938000084B1B6A03F070027B68DA61064B1B68AE
:1093900003F00F023B681A6000BF0C37BD465DF852
:1093A000047B704700440258002000522DE9B04F62
:1093B000CAB000AFC7F81401002387F82731002393
:1093C00087F82631D7F81431D3E9002302F000647E
:1093D000002554EA050349D0D7F814319B6EB3F544
:1093E000401F2FD0B3F5401F28D8B3F5001F1AD067
:1093F000B3F5001F22D8002B03D0B3F5801F07D090
:109400001CE0B84BDB6AB74A43F40033D3621AE07E
:10941000D7F8143108330221184602F061FB0346E5
:1094200087F827310FE0D7F8143128330221184686
:1094300002F008FC034687F8273104E0012387F88F
:10944000273100E000BF97F82731002B0AD1A54B48
:109450001B6D23F44011D7F814319B6EA14A0B43C6
:10946000136503E097F8273187F82631D7F81431D0
:10947000D3E9002302F480784FF0000958EA090389
:1094800047D0D7F814319B6D042B2AD801A252F88B
:1094900023F000BFA9940608B7940608CD940608E7
:1094A000EB940608EB9406088E4BDB6A8D4A43F476
:1094B0000033D3621AE0D7F814310833002118467C
:1094C00002F00EFB034687F827310FE0D7F814317E
:1094D00028330021184602F0B5FB034687F82731F0
:1094E00004E0012387F8273100E000BF97F8273117
:1094F000002B0AD17B4B1B6D23F00701D7F81431E9
:109500009B6D784A0B43136503E097F8273187F882
:109510002631D7F81431D3E9002302F4007A4FF052
:10952000000B5AEA0B034CD0D7F81431DB6DB3F5BE
:10953000807F30D0B3F5807F29D8C02B2DD0C02BB1
:1095400025D8802B18D0802B21D8002B02D0402B7F
:1095500007D01CE0634BDB6A624A43F40033D362FA
:109560001CE0D7F8143108330021184602F0B8FA8D
:10957000034687F8273111E0D7F81431283300214A
:10958000184602F05FFB034687F8273106E0012307
:1095900087F8273102E000BF00E000BF97F82731CD
:1095A000002B0AD14F4B1B6D23F4E071D7F8143117
:1095B000DB6D4C4A0B43136503E097F8273187F8BE
:1095C0002631D7F81431D3E9002302F48063C7F8B9
:1095D00008310023C7F80C31D7E942120B46134378
:1095E00053D0D7F81431D3F8A830B3F5000F35D0E5
:1095F000B3F5000F2ED8B3F5C00F31D0B3F5C00FBF
:1096000028D8B3F5800F1AD0B3F5800F22D8002BDD
:1096100003D0B3F5001F07D01CE0324BDB6A314AA0
:1096200043F40033D3621CE0D7F81431083300212F
:10963000184602F055FA034687F8273111E0D7F8AB
:10964000143128330021184602F0FCFA034687F84B
:10965000273106E0012387F8273102E000BF00E050
:1096600000BF97F82731002B0BD11E4B9B6D23F4C5
:109670006001D7F81431D3F8A8301A4A0B43936528
:1096800003E097F8273187F82631D7F81431D3E96A
:10969000002302F40063C7F800310023C7F8043147
:1096A000D7E940120B46134356D0D7F81431D3F8FC
:1096B000AC30B3F1806F38D0B3F1806F31D8B3F1F3
:1096C000407F34D0B3F1407F2BD8B3F1007F1DD061
:1096D000B3F1007F25D8002B06D0B3F1807F0AD0EC
:1096E0001FE000BF00440258A24BDB6AA14A43F4CA
:1096F0000033D3621CE0D7F8143108330021184638
:1097000002F0EEF9034687F8273111E0D7F814315B
:1097100028330021184602F095FA034687F82731CE
:1097200006E0012387F8273102E000BF00E000BF18
:1097300097F82731002B0BD18E4B9B6D23F0E06106
:10974000D7F81431D3F8AC308A4A0B43936503E061
:1097500097F8273187F82631D7F81431D3E9002359
:1097600002F00073C7F8F8300023C7F8FC30D7E9DF
:109770003E120B4613433AD0D7F81431DB6C302B32
:109780001FD0302B19D8202B0CD0202B15D8002B14
:1097900019D0102B11D1774BDB6A764A43F4003392
:1097A000D36211E0D7F8143108330221184602F0D1
:1097B00097F9034687F8273106E0012387F8273118
:1097C00002E000BF00E000BF97F82731002B0AD16C
:1097D000684BDB6C23F03001D7F81431DB6C654A41
:1097E0000B43D36403E097F8273187F82631D7F885
:1097F0001431D3E9002302F48053C7F8F03000237A
:10980000C7F8F430D7E93C120B46134351D0D7F8D0
:1098100014311B6EB3F5804F35D0B3F5804F2ED881
:10982000B3F5405F31D0B3F5405F28D8B3F5005FA2
:109830001AD0B3F5005F22D8002B03D0B3F5805FB8
:1098400007D01CE04B4BDB6A4A4A43F40033D36237
:109850001CE0D7F8143108330021184602F040F913
:10986000034687F8273111E0D7F814312833002157
:10987000184602F0E7F9034687F8273106E001238E
:1098800087F8273102E000BF00E000BF97F82731DA
:10989000002B0AD1374B1B6D23F4E041D7F814316C
:1098A0001B6E344A0B43136503E097F8273187F8A2
:1098B0002631D7F81431D3E9002302F40053C7F856
:1098C000E8300023C7F8EC30D7E93A120B461343CF
:1098D00056D0D7F814315B6EB3F5A02F33D0B3F563
:1098E000A02F2CD8B3F5802F2FD0B3F5802F26D8FA
:1098F000B3F5403F2BD0B3F5403F20D8B3F5003F40
:1099000012D0B3F5003F1AD8002B22D0B3F5803F18
:1099100015D1D7F8143108330121184602F0E0F8C8
:10992000034687F8273115E0D7F814312833012191
:10993000184602F087F9034687F827310AE0012329
:1099400087F8273106E000BF04E000BF02E000BF57
:1099500000E000BF97F82731002B0DD1054B1B6DA0
:1099600023F4E021D7F814315B6E024A0B431365F0
:1099700006E000BF0044025897F8273187F82631E7
:10998000D7F81431D3E9002302F48043C7F8E0305C
:109990000023C7F8E430D7E938120B46134355D0FB
:1099A000D7F81431D3F8B030B3F1A04F33D0B3F1BE
:1099B000A04F2CD8B3F1804F2FD0B3F1804F26D8D1
:1099C000B3F1405F2BD0B3F1405F20D8B3F1005F1B
:1099D00012D0B3F1005F1AD8002B22D0B3F1805F10
:1099E00015D1D7F8143108330121184602F078F860
:1099F000034687F8273115E0D7F8143128330121C1
:109A0000184602F01FF9034687F827310AE00123C0
:109A100087F8273106E000BF04E000BF02E000BF86
:109A200000E000BF97F82731002B0BD1A34B9B6DB3
:109A300023F0E041D7F81431D3F8B0309F4A0B43FC
:109A4000936503E097F8273187F82631D7F814316A
:109A5000D3E9002302F40043C7F8D8300023C7F845
:109A6000DC30D7E936120B46134337D0D7F8143120
:109A70001B6FB3F1005F0ED0B3F1005F16D8002B5F
:109A800018D0B3F1805F11D18C4BDB6A8B4A43F461
:109A90000033D3620FE0D7F81431083301211846A0
:109AA00002F01EF8034687F8273104E0012387F807
:109AB000273100E000BF97F82731002B0AD17F4BF8
:109AC0001B6D23F04051D7F814311B6F7B4A0B43B9
:109AD000136503E097F8273187F82631D7F814315A
:109AE000D3E9002302F08073C7F8D0300023C7F811
:109AF000D430D7E934120B46134339D0D7F8143198
:109B00009B6C032B1CD801A252F823F0499B06083A
:109B10001D9B06082B9B0608499B0608674BDB6AC2
:109B2000664A43F40033D3620FE0D7F814310833A8
:109B30000221184601F0D4FF034687F8273104E0DC
:109B4000012387F8273100E000BF97F82731002B69
:109B50000AD15A4BDB6C23F00301D7F814319B6C0C
:109B6000564A0B43D36403E097F8273187F8263130
:109B7000D7F81431D3E9002302F48003C7F8C830C2
:109B80000023C7F8CC30D7E932120B46134300F05C
:109B90009F804B4B1B684A4A43F480731360FBF76A
:109BA00029FFC7F820010BE0FBF724FF0246D7F896
:109BB0002031D31A642B03D9032387F8273105E01A
:109BC0003F4B1B6803F48073002BEDD097F82731CF
:109BD000002B79D1394B1A6FD7F81431D3F8B43040
:109BE000534003F44073002B15D0344B1B6F23F408
:109BF0004073C7F81C31314B1B6F304A43F480333C
:109C000013672E4B1B6F2D4A23F4803313672B4AA7
:109C1000D7F81C311367D7F81431D3F8B430B3F543
:109C2000807F18D1FBF7E6FEC7F820010DE0FBF7B7
:109C3000E1FE0246D7F82031D21A41F288339A4227
:109C400003D9032387F8273105E01C4B1B6F03F072
:109C50000203002BEBD097F82731002B29D1D7F83E
:109C60001431D3F8B43003F44073B3F5407F0ED110
:109C7000124B1B6923F47C51D7F81431D3F8B4305C
:109C80001A09104B13400D4A0B43136105E00B4BAF
:109C90001B690A4A23F47C531361084B196FD7F8E8
:109CA0001431D3F8B430C3F30B03044A0B431367E6
:109CB0000EE097F8273187F8263109E00044025872
:109CC00000480258CFFFFF0097F8273187F8263168
:109CD000D7F81431D3E9002302F00103C7F8C030EC
:109CE0000023C7F8C430D7E930120B46134300F005
:109CF0008980D7F81431DB6F282B6BD801A252F87A
:109D000023F000BFDD9D0608D59D0608D59D0608F9
:109D1000D59D0608D59D0608D59D0608D59D060843
:109D2000D59D0608A99D0608D59D0608D59D06085F
:109D3000D59D0608D59D0608D59D0608D59D060823
:109D4000D59D0608BF9D0608D59D0608D59D060829
:109D5000D59D0608D59D0608D59D0608D59D060803
:109D6000D59D0608DD9D0608D59D0608D59D0608EB
:109D7000D59D0608D59D0608D59D0608D59D0608E3
:109D8000D59D0608DD9D0608D59D0608D59D0608CB
:109D9000D59D0608D59D0608D59D0608D59D0608C3
:109DA000D59D0608DD9D0608D7F81431083301213A
:109DB000184601F095FE034687F827310FE0D7F8E3
:109DC000143128330121184601F03CFF034687F87F
:109DD000273104E0012387F8273100E000BF97F81E
:109DE0002731002B0AD1BF4B5B6D23F03801D7F828
:109DF0001431DB6FBB4A0B43536503E097F82731FF
:109E000087F82631D7F81431D3E9002302F0020392
:109E1000C7F8B8300023C7F8BC30D7E92E120B467C
:109E2000134341D0D7F814319B6F052B24D801A2DE
:109E300052F823F0819E06084D9E0608639E060890
:109E4000819E0608819E0608819E0608D7F8143177
:109E500008330121184601F043FE034687F82731F5
:109E60000FE0D7F8143128330121184601F0EAFE3B
:109E7000034687F8273104E0012387F8273100E003
:109E800000BF97F82731002B0AD1964B5B6D23F06A
:109E90000701D7F814319B6F924A0B43536503E0D7
:109EA00097F8273187F82631D7F81431D3E9002302
:109EB00002F00403C7F8B0300023C7F8B430D7E984
:109EC0002C120B46134344D0D7F81431D3F89430F6
:109ED000052B25D801A252F823F000BF299F0608C0
:109EE000F59E06080B9F0608299F0608299F06086D
:109EF000299F0608D7F8143108330121184601F0CC
:109F0000EFFD034687F827310FE0D7F814312833E7
:109F10000121184601F096FE034687F8273104E038
:109F2000012387F8273100E000BF97F82731002B85
:109F30000BD16C4B9B6D23F00701D7F81431D3F88C
:109F40009430684A0B43936503E097F8273187F80C
:109F50002631D7F81431D3E9002302F02003C7F8E3
:109F6000A8300023C7F8AC30D7E92A120B461343B8
:109F700055D0D7F81431D3F89030B3F1A04F33D087
:109F8000B3F1A04F2CD8B3F1804F2FD0B3F1804F55
:109F900026D8B3F1405F2BD0B3F1405F20D8B3F1A6
:109FA000005F12D0B3F1005F1AD8002B22D0B3F1BA
:109FB000805F15D1D7F8143108330021184601F01D
:109FC0008FFD034687F8273115E0D7F81431283381
:109FD0000221184601F036FE034687F827310AE0D1
:109FE000012387F8273106E000BF04E000BF02E04C
:109FF00000BF00E000BF97F82731002B0BD1394B91
:10A000005B6D23F0E041D7F81431D3F89030354A36
:10A010000B43536503E097F8273187F82631D7F8CB
:10A020001431D3E9002302F04003C7F8A030002325
:10A03000C7F8A430D7E928120B46134358D0D7F8F5
:10A040001431D3F89C30B3F5A05F33D0B3F5A05FE3
:10A050002CD8B3F5805F2FD0B3F5805F26D8B3F549
:10A06000406F2BD0B3F5406F20D8B3F5006F12D0FE
:10A07000B3F5006F1AD8002B22D0B3F5806F15D13D
:10A08000D7F8143108330021184601F029FD0346A2
:10A0900087F8273115E0D7F8143128330221184604
:10A0A00001F0D0FD034687F827310AE0012387F845
:10A0B000273106E000BF04E000BF02E000BF00E07F
:10A0C00000BF97F82731002B0ED1064B9B6D23F470
:10A0D000E051D7F81431D3F89C30024A0B43936512
:10A0E00006E000BF0044025897F8273187F8263170
:10A0F000D7F81431D3E9002302F08003C7F8983071
:10A100000023C7F89C30D7E926120B46134355D0DD
:10A11000D7F81431D3F8A030B3F5204F33D0B3F5CE
:10A12000204F2CD8B3F5004F2FD0B3F5004F26D8D1
:10A13000B3F5C04F2BD0B3F5C04F20D8B3F5804F47
:10A1400012D0B3F5804F1AD8002B22D0B3F5005FA0
:10A1500015D1D7F8143108330021184601F0C0FC9E
:10A16000034687F8273115E0D7F814312833022148
:10A17000184601F067FD034687F827310AE00123FE
:10A1800087F8273106E000BF04E000BF02E000BF0F
:10A1900000E000BF97F82731002B0BD1A14B9B6D3E
:10A1A00023F46041D7F81431D3F8A0309D4A0B4313
:10A1B000936503E097F8273187F82631D7F81431F3
:10A1C000D3E9002302F00803C7F890300023C7F852
:10A1D0009430D7E924120B4613431ED0D7F814311C
:10A1E000D3F88430B3F5805F0CD1D7F8143128331D
:10A1F0000221184601F026FD0346002B02D0012360
:10A2000087F82631874B5B6D23F44051D7F8143122
:10A21000D3F88430834A0B435365D7F81431D3E91C
:10A22000002302F01003C7F888300023C7F88C30F1
:10A23000D7E922120B4613431ED0D7F81431D3F8B6
:10A240009830B3F5807F0CD1D7F814312833022130
:10A25000184601F0F7FC0346002B02D0012387F8D3
:10A260002631704B9B6D23F44071D7F81431D3F82D
:10A2700098306C4A0B439365D7F81431D3E9002327
:10A2800002F40023C7F880300023C7F88430D7E9F0
:10A2900020120B4613433ED0D7F81431D3F8A43024
:10A2A000B3F5003F22D0B3F5003F1BD8002B03D0FD
:10A2B000B3F5803F0BD015E0D7F8143108330021F7
:10A2C000184601F00DFC034687F827310FE0D7F858
:10A2D000143128330221184601F0B4FC034687F8F4
:10A2E000273104E0012387F8273100E000BF97F809
:10A2F0002731002B0BD14B4B9B6D23F44031D7F80A
:10A300001431D3F8A430474A0B43936503E097F820
:10A31000273187F82631D7F81431D3E9002302F426
:10A320008023BB670023FB67D7E91E120B4613434C
:10A330003BD0D7F81431D3F88830B3F5401F1FD085
:10A34000B3F5401F18D8B3F5801F03D0B3F5001F35
:10A3500007D011E0334BDB6A324A43F40033D36257
:10A360000FE0D7F8143128330121184601F06AFCB8
:10A37000034687F8273104E0012387F8273100E0FE
:10A3800000BF97F82731002B0BD1264B5B6D23F4D0
:10A390004011D7F81431D3F88830224A0B43536563
:10A3A00003E097F8273187F82631D7F81431D3E93D
:10A3B000002302F480333B6700237B67D7E91C123C
:10A3C0000B46134334D0D7F814311B6D002B03D048
:10A3D000B3F5803F07D011E0124BDB6A114A43F41A
:10A3E0000033D3620EE0D7F8143108330221184647
:10A3F00001F076FB034687F8273103E0012387F855
:10A40000273100BF97F82731002B0DD1054BDB6CAE
:10A4100023F48031D7F814311B6D024A0B43D36407
:10A4200006E000BF0044025897F8273187F826312C
:10A43000D7F81431D3E9002302F00053BB660023A0
:10A44000FB66D7E91A120B4613430CD0D7F8143128
:10A4500028330221184601F0F5FB0346002B02D0F9
:10A46000012387F82631D7F81431D3E9002302F409
:10A4700000333B6600237B66D7E918120B46134373
:10A4800038D0D7F81431D3F88030B3F5407F18D0E6
:10A49000B3F5407F11D8B3F5007F14D0B3F5007F3A
:10A4A0000BD8002B11D0B3F5807F06D1C34BDB6AEC
:10A4B000C24A43F40033D36208E0012387F827310E
:10A4C00004E000BF02E000BF00E000BF97F82731C2
:10A4D000002B0BD1B94B5B6D23F44071D7F81431CD
:10A4E000D3F88030B54A0B43536503E097F8273122
:10A4F00087F82631D7F81431D3E9002302F480130A
:10A50000BB650023FB65D7E916120B46134309D040
:10A51000AA4B1B6D23F00041D7F814315B6FA74A9B
:10A520000B431365D7F81431D3E9002302F08053AD
:10A530003B6500237B65D7E914120B4613430AD011
:10A540009E4B1B6923F48041D7F81431D3F8B830FF
:10A550009A4A0B431361D7F81431D3E9002302F46C
:10A560000013BB640023FB64D7E912120B461343AC
:10A5700009D0924B1B6D23F08071D7F81431DB6E3C
:10A580008E4A0B431365D7F81431D3E9002302F048
:10A5900080433B6400237B64D7E910120B461343CE
:10A5A0000ED0864B1B69854A23F400431361834B0D
:10A5B0001969D7F81431D3F8BC30804A0B431361C2
:10A5C000D7F81431D3E9002302F00043BB63002322
:10A5D000FB63D7E90E120B46134309D0774BDB6CB4
:10A5E00023F04051D7F814315B6D744A0B43D364A8
:10A5F000D7F81431D3E9002302F400033B630023AE
:10A600007B63D7E90C120B4613430AD06B4B5B6D8F
:10A6100023F44001D7F81431D3F88C30674A0B4348
:10A620005365D7F81431D3E900230021B96203F050
:10A630000103FB62D7E90A120B46134311D0D7F886
:10A64000143108330021184601F04AFA034687F80E
:10A65000273197F82731002B03D097F8273187F857
:10A660002631D7F81431D3E900230021396203F0F1
:10A6700002037B62D7E908120B46134311D0D7F8C7
:10A68000143108330121184601F02AFA034687F8ED
:10A69000273197F82731002B03D097F8273187F817
:10A6A0002631D7F81431D3E900230021B96103F032
:10A6B0000403FB61D7E906120B46134311D0D7F808
:10A6C000143108330221184601F00AFA034687F8CC
:10A6D000273197F82731002B03D097F8273187F8D7
:10A6E0002631D7F81431D3E900230021396103F072
:10A6F00008037B61D7E904120B46134311D0D7F846
:10A70000143128330021184601F09CFA034687F8DB
:10A71000273197F82731002B03D097F8273187F896
:10A720002631D7F81431D3E900230021B96003F0B2
:10A730001003FB60D7E902120B46134311D0D7F880
:10A74000143128330121184601F07CFA034687F8BA
:10A75000273197F82731002B03D097F8273187F856
:10A760002631D7F81431D3E900230021396003F0F2
:10A7700020037B60D7E900120B46134311D0D7F8B2
:10A78000143128330221184601F05CFA034687F899
:10A79000273197F82731002B03D097F8273187F816
:10A7A000263197F82631002B01D1002300E0012348
:10A7B000184607F59477BD46BDE8B08F00440258AF
:10A7C00080B590B000AFC7E90001D7E90023A2F53A
:10A7D00080710B4340F094809E4B1B6D03F0070388
:10A7E0003B633B6B042B00F2878001A252F823F0FD
:10A7F00005A806082DA8060855A80608F1A8060809
:10A800007DA80608934B1B6803F00073B3F1007F2B
:10A8100008D107F12403184601F010F8BB6AFB6366
:10A8200000F045BD0023FB6300F041BD894B1B6870
:10A8300003F00063B3F1006F08D107F11803184665
:10A8400000F054FDBB69FB6300F031BD0023FB63E6
:10A8500000F02DBD7F4B1B6803F00053B3F1005F88
:10A8600008D107F10C03184600F094FEFB68FB6367
:10A8700000F01DBD0023FB6300F019BD754BDB6CC0
:10A8800003F040537B63734B1B6803F00403042BFA
:10A890000CD17B6B002B09D16E4B1B68DB0803F0DE
:10A8A00003036D4A22FA03F3FB631FE0694B1B6845
:10A8B00003F48073B3F5807F06D17B6BB3F1805FC7
:10A8C00002D1664BFB6311E0624B1B6803F400335B
:10A8D000B3F5003F06D17B6BB3F1005F02D1604B53
:10A8E000FB6303E00023FB6300F0E1BC00F0DFBC8E
:10A8F0005C4BFB6300F0DBBC0023FB6300F0D7BCC8
:10A90000D7E90023A2F500710B4340F0AD80514B15
:10A910001B6D03F4E0733B633B6BB3F5807F56D054
:10A920003B6BB3F5807F00F290803B6BC02B00F057
:10A9300088803B6BC02B00F288803B6B802B32D031
:10A940003B6B802B00F281803B6B002B03D03B6B79
:10A95000402B14D079E03F4B1B6803F00073B3F138
:10A96000007F08D107F12403184600F067FFBB6A97
:10A97000FB6300F09CBC0023FB6300F098BC354BEC
:10A980001B6803F00063B3F1006F08D107F11803EF
:10A99000184600F0ABFCBB69FB6300F088BC0023E9
:10A9A000FB6300F084BC2B4B1B6803F00053B3F136
:10A9B000005F08D107F10C03184600F0EBFDFB68BF
:10A9C000FB6300F074BC0023FB6300F070BC214B00
:10A9D000DB6C03F040537B631E4B1B6803F00403E6
:10A9E000042B0CD17B6B002B09D11A4B1B68DB08A5
:10A9F00003F00303184A22FA03F3FB631FE0154B2D
:10AA00001B6803F48073B3F5807F06D17B6BB3F1D1
:10AA1000805F02D1114BFB6311E00E4B1B6803F406
:10AA20000033B3F5003F06D17B6BB3F1005F02D179
:10AA30000B4BFB6303E00023FB6300F038BC00F02A
:10AA400036BC084BFB6300F032BC0023FB6300F014
:10AA50002EBC00BF004402580090D00300093D0006
:10AA600040787D010080BB00D7E90023A2F580611A
:10AA70000B4340F09C809E4B9B6D03F460033B6353
:10AA80003B6BB3F5000F54D03B6BB3F5000F00F2F6
:10AA90008B803B6BB3F5C00F00F083803B6BB3F54D
:10AAA000C00F00F281803B6BB3F5800F2FD03B6B62
:10AAB000B3F5800F78D83B6B002B04D03B6BB3F51C
:10AAC000001F12D070E08A4B1B6803F00073B3F1D3
:10AAD000007F07D107F12403184600F0AFFEBB6AE0
:10AAE000FB63E4E30023FB63E1E3814B1B6803F0BA
:10AAF0000063B3F1006F07D107F11803184600F0A7
:10AB0000F5FBBB69FB63D2E30023FB63CFE3784B28
:10AB10001B6803F00053B3F1005F07D107F10C038A
:10AB2000184600F037FDFB68FB63C0E30023FB63BE
:10AB3000BDE36F4BDB6C03F040537B636C4B1B68D6
:10AB400003F00403042B0CD17B6B002B09D1684B61
:10AB50001B68DB0803F00303664A22FA03F3FB6376
:10AB60001EE0634B1B6803F48073B3F5807F06D14E
:10AB70007B6BB3F1805F02D15F4BFB6310E05C4BFA
:10AB80001B6803F40033B3F5003F06D17B6BB3F1D0
:10AB9000005F02D1594BFB6302E00023FB6386E3B5
:10ABA00085E3574BFB6382E30023FB637FE3D7E935
:10ABB0000023A2F500610B4340F0A7804C4B9B6D36
:10ABC00003F0E0633B633B6BB3F1806F55D03B6BAD
:10ABD000B3F1806F00F296803B6BB3F1407F00F0E1
:10ABE00084803B6BB3F1407F00F28C803B6BB3F110
:10ABF000007F30D03B6BB3F1007F00F283803B6B72
:10AC0000002B04D03B6BB3F1807F12D07AE0384B3D
:10AC10001B6803F00073B3F1007F07D107F1240331
:10AC2000184600F00BFEBB6AFB6340E30023FB63A6
:10AC30003DE32F4B1B6803F00063B3F1006F07D1B6
:10AC400007F11803184600F051FBBB69FB632EE3C4
:10AC50000023FB632BE3264B1B6803F00053B3F187
:10AC6000005F07D107F10C03184600F093FCFB6866
:10AC7000FB631CE30023FB6319E31D4BDB6C03F058
:10AC800040537B631A4B1B6803F00403042B0CD165
:10AC90007B6B002B09D1164B1B68DB0803F0030309
:10ACA000144A22FA03F3FB631EE0114B1B6803F402
:10ACB0008073B3F5807F06D17B6BB3F1805F02D1E7
:10ACC0000D4BFB6310E00A4B1B6803F40033B3F534
:10ACD000003F06D17B6BB3F1005F02D1074BFB63F2
:10ACE00002E00023FB63E2E2E1E2054BFB63DEE20C
:10ACF000004402580090D00300093D0040787D01D7
:10AD00000080BB000023FB63D1E2D7E90023A2F55A
:10AD100080510B4340F09C80934B1B6D03F4E04348
:10AD2000BB63BB6BB3F5804F54D0BB6BB3F5804FA7
:10AD300000F28B80BB6BB3F5405F00F08380BB6B90
:10AD4000B3F5405F00F28180BB6BB3F5005F2FD09D
:10AD5000BB6BB3F5005F78D8BB6B002B04D0BB6B2B
:10AD6000B3F5805F12D070E07F4B1B6803F0007377
:10AD7000B3F1007F07D107F12403184600F05EFD10
:10AD8000BB6AFB6393E20023FB6390E2764B1B6894
:10AD900003F00063B3F1006F07D107F11803184601
:10ADA00000F0A4FABB69FB6381E20023FB637EE24F
:10ADB0006D4B1B6803F00053B3F1005F07D107F13F
:10ADC0000C03184600F0E6FBFB68FB636FE2002310
:10ADD000FB636CE2644BDB6C03F040537B63624BC0
:10ADE0001B6803F00403042B0CD17B6B002B09D1EF
:10ADF0005D4B1B68DB0803F003035C4A22FA03F394
:10AE0000FB631EE0584B1B6803F48073B3F5807F2F
:10AE100006D17B6BB3F1805F02D1554BFB6310E031
:10AE2000514B1B6803F40033B3F5003F06D17B6B35
:10AE3000B3F1005F02D14F4BFB6302E00023FB63E1
:10AE400035E234E24C4BFB6331E20023FB632EE23C
:10AE5000D7E90023A2F500510B4340F08F80424B0D
:10AE60001B6D03F4E023BB63BB6BB3F5A02F6BD06A
:10AE7000BB6BB3F5A02F74D8BB6BB3F5802F56D046
:10AE8000BB6BB3F5802F6CD8BB6BB3F5403F3BD0A9
:10AE9000BB6BB3F5403F64D8BB6BB3F5003F21D02B
:10AEA000BB6BB3F5003F5CD8BB6B002B04D0BB6B16
:10AEB000B3F5803F04D054E0FEF720FAF863F6E1E2
:10AEC000294B1B6803F00063B3F1006F07D107F152
:10AED0001803184600F00AFAFB69FB63E7E1002358
:10AEE000FB63E4E1204B1B6803F00053B3F1005F08
:10AEF00007D107F10C03184600F04CFB3B69FB63DC
:10AF0000D5E10023FB63D2E1174B1B6803F0040378
:10AF1000042B09D1144B1B68DB0803F00303134A0D
:10AF200022FA03F3FB63C2E10023FB63BFE10E4B94
:10AF30001B6803F48073B3F5807F02D10C4BFB6375
:10AF4000B5E10023FB63B2E1074B1B6803F4003358
:10AF5000B3F5003F02D1074BFB63A8E10023FB637D
:10AF6000A5E10023FB63A2E1004402580090D00356
:10AF700000093D0040787D010080BB00D7E9002337
:10AF8000A2F500210B4373D19C4B9B6D03F440331E
:10AF9000BB63BB6BB3F5003F2FD0BB6BB3F5003F7A
:10AFA00063D8BB6B002B04D0BB6BB3F5803F12D0D2
:10AFB0005BE0924B1B6803F00063B3F1006F07D1B5
:10AFC00007F11803184600F091F9BB69FB636EE1C5
:10AFD0000023FB636BE1894B1B6803F00053B3F163
:10AFE000005F07D107F10C03184600F0D3FA7B6924
:10AFF000FB635CE10023FB6359E1804BDB6C03F0F6
:10B0000040537B637D4B1B6803F00403042B0CD17E
:10B010007B6B002B09D1794B1B68DB0803F0030322
:10B02000774A22FA03F3FB631EE0744B1B6803F4B8
:10B030008073B3F5807F06D17B6BB3F1805F02D163
:10B04000704BFB6310E06D4B1B6803F40033B3F5EA
:10B05000003F06D17B6BB3F1005F02D16A4BFB630B
:10B0600002E00023FB6322E121E10023FB631EE1F8
:10B07000D7E90023A2F580310B4333D15F4BDB6C62
:10B0800003F48033BB63BB6B002B04D0BB6BB3F505
:10B09000803F12D023E0594B1B6803F00073B3F1DB
:10B0A000007F07D107F12403184600F0C7FBBB6AF5
:10B0B000FB63FCE00023FB63F9E0504B1B6803F0EB
:10B0C0000063B3F1006F07D107F11803184600F0D1
:10B0D0000DF93B6AFB63EAE00023FB63E7E0002332
:10B0E000FB63E4E0D7E90023A2F580410B4340F085
:10B0F0008D80424B9B6D03F0E043BB63BB6BB3F1B0
:10B10000A04F6BD0BB6BB3F1A04F74D8BB6BB3F146
:10B11000804F56D0BB6BB3F1804F6CD8BB6BB3F193
:10B12000405F3BD0BB6BB3F1405F64D8BB6BB3F106
:10B13000005F21D0BB6BB3F1005F5CD8BB6B002B11
:10B1400004D0BB6BB3F1805F04D054E000F0B8F8DA
:10B15000F863ACE0294B1B6803F00063B3F1006FA8
:10B1600007D107F11803184600F0C0F8FB69FB632C
:10B170009DE00023FB639AE0204B1B6803F0005323
:10B18000B3F1005F07D107F10C03184600F002FA93
:10B190003B69FB638BE00023FB6388E0174B1B6874
:10B1A00003F00403042B09D1144B1B68DB0803F0E4
:10B1B0000303134A22FA03F3FB6378E00023FB63E3
:10B1C00075E00E4B1B6803F48073B3F5807F02D1EA
:10B1D0000C4BFB636BE00023FB6368E0074B1B68D1
:10B1E00003F40033B3F5003F02D1074BFB635EE08D
:10B1F0000023FB635BE00023FB6358E0004402583C
:10B200000090D00300093D0040787D01D7E900237C
:10B21000A2F500410B4348D1274B1B6D03F040536F
:10B22000BB63BB6BB3F1005F2AD0BB6BB3F1005FB4
:10B2300038D8BB6B002B04D0BB6BB3F1805F0DD053
:10B2400030E01D4B1B6803F40033B3F5003F02D11F
:10B250001A4BFB632BE00023FB6328E0164B1B68B3
:10B2600003F00073B3F1007F07D107F12403184600
:10B2700000F0E4FABB6AFB6319E00023FB6316E00D
:10B280000D4B1B6803F00063B3F1006F07D107F1AA
:10B290001803184600F02AF8FB69FB6307E0002357
:10B2A000FB6304E00023FB6301E00023FB63FB6B13
:10B2B00018464037BD4680BD0044025840787D01A5
:10B2C00080B500AFFDF7EAFF0246064B1B6A1B097B
:10B2D00003F007030449CB5C03F01F0322FA03F3D6
:10B2E000184680BD0044025860B1070880B489B098
:10B2F00000AF7860A14B9B6A03F00303BB619F4BD7
:10B300009B6A1B0B03F03F037B619C4BDB6A1B09B1
:10B3100003F001033B61994BDB6BDB08C3F30C03C8
:10B320003A6902FB03F307EE903AF8EE677AC7ED4D
:10B33000037A7B69002B00F01181BB69022B00F0BE
:10B340008380BB69022B00F2A180BB69002B03D074
:10B35000BB69012B56D099E0884B1B6803F0200392
:10B36000002B2DD0854B1B68DB0803F00303844AB8
:10B3700022FA03F3BB60BB6807EE903AF8EE676A07
:10B380007B6907EE903AF8EE677A86EEA77A7B4BF8
:10B390009B6BC3F3080307EE903AF8EE676A97EDEC
:10B3A000036ADFED785AC6EE257A76EEA77AF7EED5
:10B3B000006A77EEA67A67EE277AC7ED077A87E00C
:10B3C0007B6907EE903AF8EE677ADFED6F6A86EEFA
:10B3D000A77A6A4B9B6BC3F3080307EE903AF8EE2B
:10B3E000676A97ED036ADFED675AC6EE257A76EE57
:10B3F000A77AF7EE006A77EEA67A67EE277AC7EDAE
:10B40000077A65E07B6907EE903AF8EE677ADFED40
:10B410005F6A86EEA77A594B9B6BC3F3080307EE6E
:10B42000903AF8EE676A97ED036ADFED565AC6EE7A
:10B43000257A76EEA77AF7EE006A77EEA67A67EEBF
:10B44000277AC7ED077A43E07B6907EE903AF8EE7A
:10B45000677ADFED4F6A86EEA77A484B9B6BC3F3A2
:10B46000080307EE903AF8EE676A97ED036ADFED9E
:10B47000455AC6EE257A76EEA77AF7EE006A77EEA1
:10B48000A67A67EE277AC7ED077A21E07B6907EE97
:10B49000903AF8EE677ADFED3D6A86EEA77A374B91
:10B4A0009B6BC3F3080307EE903AF8EE676A97EDDB
:10B4B000036ADFED345AC6EE257A76EEA77AF7EE08
:10B4C000006A77EEA67A67EE277AC7ED077A00BFA3
:10B4D0002A4B9B6B5B0A03F07F0307EE903AF8EE72
:10B4E000677AB7EE007A37EE877AD7ED076AC6EE4D
:10B4F000877AFCEEE77A17EE902A7B681A601F4B7A
:10B500009B6B1B0C03F07F0307EE903AF8EE677A13
:10B51000B7EE007A37EE877AD7ED076AC6EE877AFC
:10B52000FCEEE77A17EE902A7B685A60134B9B6B10
:10B530001B0E03F07F0307EE903AF8EE677AB7EE42
:10B54000007A37EE877AD7ED076AC6EE877AFCEE87
:10B55000E77A17EE902A7B689A6008E07B68002201
:10B560001A607B6800225A607B6800229A6000BFE4
:10B570002437BD465DF8047B704700BF0044025885
:10B580000090D003000000460024744C0024744A4C
:10B5900020BCBE4B80B489B000AF7860A14B9B6AE1
:10B5A00003F00303BB619F4B9B6A1B0D03F03F033A
:10B5B0007B619C4BDB6A1B0A03F001033B61994BE7
:10B5C0005B6CDB08C3F30C033A6902FB03F307EE81
:10B5D000903AF8EE677AC7ED037A7B69002B00F0AA
:10B5E0001181BB69022B00F08380BB69022B00F242
:10B5F000A180BB69002B03D0BB69012B56D099E019
:10B60000884B1B6803F02003002B2DD0854B1B6853
:10B61000DB0803F00303844A22FA03F3BB60BB6830
:10B6200007EE903AF8EE676A7B6907EE903AF8EE1B
:10B63000677A86EEA77A7B4B1B6CC3F3080307EE91
:10B64000903AF8EE676A97ED036ADFED785AC6EE36
:10B65000257A76EEA77AF7EE006A77EEA67A67EE9D
:10B66000277AC7ED077A87E07B6907EE903AF8EE14
:10B67000677ADFED6F6A86EEA77A6A4B1B6CC3F3BD
:10B68000080307EE903AF8EE676A97ED036ADFED7C
:10B69000675AC6EE257A76EEA77AF7EE006A77EE5D
:10B6A000A67A67EE277AC7ED077A65E07B6907EE31
:10B6B000903AF8EE677ADFED5F6A86EEA77A594B2B
:10B6C0001B6CC3F3080307EE903AF8EE676A97ED38
:10B6D000036ADFED565AC6EE257A76EEA77AF7EEC4
:10B6E000006A77EEA67A67EE277AC7ED077A43E01D
:10B6F0007B6907EE903AF8EE677ADFED4F6A86EEE7
:10B70000A77A484B1B6CC3F3080307EE903AF8EE98
:10B71000676A97ED036ADFED455AC6EE257A76EE45
:10B72000A77AF7EE006A77EEA67A67EE277AC7ED7A
:10B73000077A21E07B6907EE903AF8EE677ADFED51
:10B740003D6A86EEA77A374B1B6CC3F3080307EEFE
:10B75000903AF8EE676A97ED036ADFED345AC6EE69
:10B76000257A76EEA77AF7EE006A77EEA67A67EE8C
:10B77000277AC7ED077A00BF2A4B1B6C5B0A03F0E0
:10B780007F0307EE903AF8EE677AB7EE007A37EE6D
:10B79000877AD7ED076AC6EE877AFCEEE77A17EE6E
:10B7A000902A7B681A601F4B1B6C1B0C03F07F03F5
:10B7B00007EE903AF8EE677AB7EE007A37EE877ABE
:10B7C000D7ED076AC6EE877AFCEEE77A17EE902A85
:10B7D0007B685A60134B1B6C1B0E03F07F0307EE54
:10B7E000903AF8EE677AB7EE007A37EE877AD7EDBF
:10B7F000076AC6EE877AFCEEE77A17EE902A7B6836
:10B800009A6008E07B6800221A607B6800225A6018
:10B810007B6800229A6000BF2437BD465DF8047B38
:10B82000704700BF004402580090D003000000465B
:10B830000024744C0024744A20BCBE4B80B489B0F0
:10B8400000AF7860A04B9B6A03F00303BB619E4B83
:10B850009B6A1B0903F03F037B619B4BDB6A03F090
:10B8600001033B61984B5B6BDB08C3F30C033A6944
:10B8700002FB03F307EE903AF8EE677AC7ED037A1E
:10B880007B69002B00F01181BB69022B00F08380E3
:10B89000BB69022B00F2A180BB69002B03D0BB69FE
:10B8A000012B56D099E0884B1B6803F02003002B36
:10B8B0002DD0854B1B68DB0803F00303834A22FA73
:10B8C00003F3BB60BB6807EE903AF8EE676A7B69EA
:10B8D00007EE903AF8EE677A86EEA77A7A4B1B6B02
:10B8E000C3F3080307EE903AF8EE676A97ED036A30
:10B8F000DFED775AC6EE257A76EEA77AF7EE006A84
:10B9000077EEA67A67EE277AC7ED077A87E07B693C
:10B9100007EE903AF8EE677ADFED6E6A86EEA77A68
:10B92000694B1B6BC3F3080307EE903AF8EE676AA6
:10B9300097ED036ADFED665AC6EE257A76EEA77AB2
:10B94000F7EE006A77EEA67A67EE277AC7ED077AF8
:10B9500065E07B6907EE903AF8EE677ADFED5E6AA4
:10B9600086EEA77A584B1B6BC3F3080307EE903A99
:10B97000F8EE676A97ED036ADFED555AC6EE257A51
:10B9800076EEA77AF7EE006A77EEA67A67EE277A68
:10B99000C7ED077A43E07B6907EE903AF8EE677AE5
:10B9A000DFED4E6A86EEA77A474B1B6BC3F30803A5
:10B9B00007EE903AF8EE676A97ED036ADFED445AB6
:10B9C000C6EE257A76EEA77AF7EE006A77EEA67ACB
:10B9D00067EE277AC7ED077A21E07B6907EE903A98
:10B9E000F8EE677ADFED3B6A86EEA77A364B1B6B83
:10B9F000C3F3080307EE903AF8EE676A97ED036A1F
:10BA0000DFED335AC6EE257A76EEA77AF7EE006AB6
:10BA100077EEA67A67EE277AC7ED077A00BF2A4B42
:10BA20001B6B5B0A03F07F0307EE903AF8EE677A30
:10BA3000B7EE007A37EE877AD7ED076AC6EE877AD7
:10BA4000FCEEE77A17EE902A7B681A601E4B1B6BA0
:10BA50001B0C03F07F0307EE903AF8EE677AB7EE1F
:10BA6000007A37EE877AD7ED076AC6EE877AFCEE62
:10BA7000E77A17EE902A7B685A60134B1B6B1B0EFC
:10BA800003F07F0307EE903AF8EE677AB7EE007A9C
:10BA900037EE877AD7ED076AC6EE877AFCEEE77A4B
:10BAA00017EE902A7B689A6008E07B6800221A6093
:10BAB0007B6800225A607B6800229A6000BF2437AE
:10BAC000BD465DF8047B7047004402580090D003E7
:10BAD000000000460024744C0024744A20BCBE4B75
:10BAE00080B584B000AF786039600023FB73534B9E
:10BAF0009B6A03F00303032B01D1012399E04F4B11
:10BB00001B684E4A23F080631360F9F773FFB86037
:10BB100008E0F9F76FFF0246BB68D31A022B01D980
:10BB2000032386E0454B1B6803F00063002BF0D134
:10BB3000424B9B6A23F47C327B681B681B033F49A2
:10BB400013438B627B685B68013BC3F308027B682D
:10BB50009B68013B5B029BB21A437B68DB68013B3D
:10BB60001B0403F4FE031A437B681B69013B1B069D
:10BB700003F0FE43314913438B63304BDB6A23F000
:10BB8000C0027B685B692D491343CB622B4BDB6A98
:10BB900023F020027B689B6928491343CB62274B23
:10BBA000DB6A264A23F01003D362244BDA6B244B62
:10BBB00013407A68D269D20020491343CB631F4BEC
:10BBC000DB6A1E4A43F01003D3623B68002B06D1A8
:10BBD0001A4BDB6A194A43F40023D3620FE03B6837
:10BBE000012B06D1154BDB6A144A43F48013D36250
:10BBF00005E0124BDB6A114A43F40013D3620F4B8A
:10BC00001B680E4A43F080631360F9F7F3FEB860D7
:10BC100008E0F9F7EFFE0246BB68D31A022B01D900
:10BC2000032306E0054B1B6803F00063002BF0D0F4
:10BC3000FB7B18461037BD4680BD00BF004402584C
:10BC40000700FFFF80B584B000AF78603960002343
:10BC5000FB73534B9B6A03F00303032B01D10123B6
:10BC600099E04F4B1B684E4A23F080531360F9F75D
:10BC7000C1FEB86008E0F9F7BDFE0246BB68D31A02
:10BC8000022B01D9032386E0454B1B6803F00053C8
:10BC9000002BF0D1424B9B6A23F07C727B681B68BF
:10BCA0001B053F4913438B627B685B68013BC3F311
:10BCB00008027B689B68013B5B029BB21A437B686E
:10BCC000DB68013B1B0403F4FE031A437B681B691A
:10BCD000013B1B0603F0FE43314913430B64304B19
:10BCE000DB6A23F440627B685B692D491343CB62B6
:10BCF0002B4BDB6A23F400727B689B692849134352
:10BD0000CB62274BDB6A264A23F48073D362244B31
:10BD10005A6C244B13407A68D269D20020491343ED
:10BD20004B641F4BDB6A1E4A43F48073D3623B684B
:10BD3000002B06D11A4BDB6A194A43F48003D36205
:10BD40000FE03B68012B06D1154BDB6A144A43F424
:10BD50000003D36205E0124BDB6A114A43F08073A3
:10BD6000D3620F4B1B680E4A43F080531360F9F700
:10BD700041FEB86008E0F9F73DFE0246BB68D31A01
:10BD8000022B01D9032306E0054B1B6803F0005387
:10BD9000002BF0D0FB7B18461037BD4680BD00BF9E
:10BDA000004402580700FFFF80B582B000AF786002
:10BDB0007B68002B01D1012349E07B6893F83D307B
:10BDC000DBB2002B06D17B68002283F83C20786828
:10BDD00000F041F87B68022283F83D207B681A68F6
:10BDE0007B6804331946104600F0E8F97B680122AD
:10BDF00083F848207B68012283F83E207B6801227B
:10BE000083F83F207B68012283F840207B68012271
:10BE100083F841207B68012283F842207B6801225D
:10BE200083F843207B68012283F844207B68012249
:10BE300083F845207B68012283F846207B68012235
:10BE400083F847207B68012283F83D2000231846B1
:10BE50000837BD4680BD80B483B000AF786000BFB6
:10BE60000C37BD465DF8047B7047000080B485B098
:10BE700000AF78607B6893F83D30DBB2012B01D0D6
:10BE8000012354E07B68022283F83D207B681B6815
:10BE9000DA687B681B6842F00102DA607B681B6825
:10BEA000264A934222D07B681B68B3F1804F1DD095
:10BEB0007B681B68224A934218D07B681B68214A22
:10BEC000934213D07B681B681F4A93420ED07B6855
:10BED0001B681E4A934209D07B681B681C4A934228
:10BEE00004D07B681B681B4A934215D17B681B6892
:10BEF0009A68194B1340FB60FB68062B15D0FB6852
:10BF0000B3F5803F11D07B681B681A687B681B689B
:10BF100042F001021A6008E07B681B681A687B68BF
:10BF20001B6842F001021A6000E000BF00231846BF
:10BF30001437BD465DF8047B704700BF0000014028
:10BF40000004004000080040000C004000040140D4
:10BF500000180040004001400700010080B584B097
:10BF600000AF78607B681B68DB68FB607B681B68E0
:10BF70001B69BB60BB6803F00203002B20D0FB6889
:10BF800003F00203002B1BD07B681B686FF00202DA
:10BF90001A617B6801221A777B681B689B6903F032
:10BFA0000303002B03D0786800F0E9F805E0786817
:10BFB00000F0DBF8786800F0ECF87B6800221A7774
:10BFC000BB6803F00403002B20D0FB6803F00403DC
:10BFD000002B1BD07B681B686FF004021A617B6822
:10BFE00002221A777B681B689B6903F44073002B5D
:10BFF00003D0786800F0C3F805E0786800F0B5F881
:10C00000786800F0C6F87B6800221A77BB6803F0F6
:10C010000803002B20D0FB6803F00803002B1BD083
:10C020007B681B686FF008021A617B6804221A772C
:10C030007B681B68DB6903F00303002B03D078687F
:10C0400000F09DF805E0786800F08FF8786800F05F
:10C05000A0F87B6800221A77BB6803F01003002B5E
:10C0600020D0FB6803F01003002B1BD07B681B68FB
:10C070006FF010021A617B6808221A777B681B68D0
:10C08000DB6903F44073002B03D0786800F077F885
:10C0900005E0786800F069F8786800F07AF87B6865
:10C0A00000221A77BB6803F00103002B0CD0FB6859
:10C0B00003F00103002B07D07B681B686FF00102BF
:10C0C0001A617868F8F746FDBB6803F08003002B1F
:10C0D00004D1BB6803F40053002B0CD0FB6803F0C1
:10C0E0008003002B07D07B681B686FF402521A6133
:10C0F000786800F00DF9BB6803F48073002B0CD056
:10C10000FB6803F08003002B07D07B681B686FF48B
:10C1100080721A61786800F005F9BB6803F040038B
:10C12000002B0CD0FB6803F04003002B07D07B688A
:10C130001B686FF040021A61786800F034F8BB6841
:10C1400003F02003002B0CD0FB6803F02003002B2E
:10C1500007D07B681B686FF020021A61786800F0D6
:10C16000CDF800BF1037BD4680BD80B483B000AFAE
:10C17000786000BF0C37BD465DF8047B704780B423
:10C1800083B000AF786000BF0C37BD465DF8047B1C
:10C19000704780B483B000AF786000BF0C37BD46F5
:10C1A0005DF8047B704780B483B000AF786000BF57
:10C1B0000C37BD465DF8047B7047000080B485B045
:10C1C00000AF786039607B681B68FB607B68434A1E
:10C1D000934213D07B68B3F1804F0FD07B68404A05
:10C1E00093420BD07B683F4A934207D07B683E4A1C
:10C1F000934203D07B683D4A934208D1FB6823F009
:10C200007003FB603B685B68FA681343FB607B6804
:10C21000324A93421FD07B68B3F1804F1BD07B68BA
:10C220002F4A934217D07B682E4A934213D07B68E3
:10C230002D4A93420FD07B682C4A93420BD07B68E7
:10C240002B4A934207D07B682A4A934203D07B68EB
:10C25000294A934208D1FB6823F44073FB603B6892
:10C26000DB68FA681343FB60FB6823F080023B68DD
:10C270005B691343FB603B689A687B68DA623B68E2
:10C280001A687B689A627B68144A93420FD07B6875
:10C29000164A93420BD07B68154A934207D07B68BD
:10C2A000144A934203D07B68134A934203D13B68FC
:10C2B0001A697B681A637B681B6843F004027B6819
:10C2C0001A607B6801225A617B68FA681A6000BFB5
:10C2D0001437BD465DF8047B704700BF0000014085
:10C2E0000004004000080040000C00400004014031
:10C2F00000400140004401400048014080B483B048
:10C3000000AF786000BF0C37BD465DF8047B704716
:10C3100080B483B000AF786000BF0C37BD465DF8D5
:10C32000047B704780B483B000AF786000BF0C37E7
:10C33000BD465DF8047B704780B485B000AFF860FF
:10C34000B9607A60FB681968BB6803FB03F21346A7
:10C350005B001344DB4301EA0302BB6803FB03F306
:10C36000796801FB03F31A43FB681A6000BF1437B6
:10C37000BD465DF8047B704780B485B000AFF860BF
:10C38000B9607A60FB685A68BB68DB431A40BB68D7
:10C39000796801FB03F31A43FB685A6000BF143746
:10C3A000BD465DF8047B704780B485B000AFF8608F
:10C3B000B9607A60FB689968BB6803FB03F21346B7
:10C3C0005B001344DB4301EA0302BB6803FB03F396
:10C3D000796801FB03F31A43FB689A6000BF1437C6
:10C3E000BD465DF8047B704780B485B000AFF8604F
:10C3F000B9607A60FB68D968BB6803FB03F2134637
:10C400005B001344DB4301EA0302BB6803FB03F355
:10C41000796801FB03F31A43FB68DA6000BF143745
:10C42000BD465DF8047B704780B485B000AFF8600E
:10C43000B9607A60FB68196ABB6803FB03F3BA68EA
:10C4400002FB03F3BA6803FB02F213461B019B1ABB
:10C45000DB4301EA0302BB6803FB03F3B96801FB9A
:10C4600003F3B96801FB03F3796801FB03F31A4393
:10C47000FB681A6200BF1437BD465DF8047B704745
:10C4800080B485B000AFF860B9607A60FB68596A23
:10C49000BB681B0ABA68120A02FB03F3BA68120AE5
:10C4A00002FB03F3BA68120A03FB02F213461B01F4
:10C4B0009B1ADB4301EA0302BB681B0AB968090A3D
:10C4C00001FB03F3B968090A01FB03F3B968090A20
:10C4D00001FB03F3796801FB03F31A43FB685A621B
:10C4E00000BF1437BD465DF8047B704780B588B047
:10C4F00000AF786039603B681B683B613B6993FA29
:10C50000A3F3FB60FB687B617B69002B01D12023D7
:10C5100003E07B69B3FA83F3DBB2FB6148E03B687D
:10C520001A680121FB6901FA03F31340BB61BB697F
:10C53000002B3AD03B685B68012B03D03B685B68FB
:10C54000022B0ED13B689B681A46B9697868FFF7E1
:10C550002BFF3B6819683B68DB681A467868FFF771
:10C560000BFF3B681B691A46B9697868FFF73CFF07
:10C570003B685B68022B11D1BB69FF2B07D83B6876
:10C580005B691A46B9697868FFF74EFF06E03B68B9
:10C590005B691A46B9697868FFF772FF3B685B68A8
:10C5A0001A46B9697868FFF7C7FEFB690133FB617A
:10C5B0003B681A68FB6922FA03F3002BAFD1002312
:10C5C00018462037BD4680BD80B483B000AF786088
:10C5D0007B681B6843F001027B681A6000BF0C3760
:10C5E000BD465DF8047B704780B483B000AF7860CF
:10C5F0007B681B6823F001027B681A6000BF0C3760
:10C60000BD465DF8047B704780B485B000AFF8602C
:10C61000B9607A60FB681B6823F4F8527B681902E2
:10C62000BB680B431A43FB681A6000BF1437BD4652
:10C630005DF8047B7047000080B485B000AFF860FF
:10C64000B9607A60FB689A68064B1340B9687A68EB
:10C650000A431A43FB689A6000BF1437BD465DF871
:10C66000047B704700F8FFFF80B483B000AF7860B0
:10C670007B689B6843F400427B689A6000BF0C377C
:10C68000BD465DF8047B704780B483B000AF78602E
:10C690007B689B6823F400427B689A6000BF0C377C
:10C6A000BD465DF8047B704780B483B000AF78600E
:10C6B00039607B683A681A6100BF0C37BD465DF887
:10C6C000047B704780B483B000AF786039607B68CA
:10C6D0001B6823F440123B681A437B681A6000BF52
:10C6E0000C37BD465DF8047B704780B483B000AF63
:10C6F000786039607B685B6823F400423B681A43CA
:10C700007B685A6000BF0C37BD465DF8047B7047FC
:10C7100080B582B000AF786039607868FFF764FF59
:10C720003B6899683B68DB681A467868FFF76CFFDE
:10C730003B685B6819467868FFF7B6FF7868FFF7D3
:10C7400043FF7868FFF7A0FF3B6819693B689B6966
:10C750001A467868FFF770FF3B681B69002B02D010
:10C760007868FFF781FF3B681B6819467868FFF718
:10C77000A9FF3B685B6919467868FFF7B6FF00239D
:10C7800018460837BD4680BD80B400AF074B1B6814
:10C7900003F40033B3F5003F01D1012300E000238F
:10C7A0001846BD465DF8047B704700BF0044025840
:10C7B00080B400AF064B1B6803F00403042B01D1C7
:10C7C000012300E000231846BD465DF8047B704756
:10C7D0000044025880B400AF044B1B6803F01803F8
:10C7E0001846BD465DF8047B704700BF0044025800
:10C7F00080B400AF074B1B6803F48073B3F5807FF0
:10C8000001D1012300E000231846BD465DF8047BFA
:10C81000704700BF0044025880B400AF064B1B6F46
:10C8200003F00203022B01D1012300E0002318468C
:10C83000BD465DF8047B70470044025880B400AFE9
:10C84000044B1B6903F038031846BD465DF8047BB2
:10C85000704700BF0044025880B400AF044B9B698E
:10C8600003F470631846BD465DF8047B704700BF53
:10C870000044025880B400AF044B9B6903F00F03DF
:10C880001846BD465DF8047B704700BF004402585F
:10C8900080B400AF044BDB6903F070031846BD465B
:10C8A0005DF8047B704700BF0044025880B400AFBD
:10C8B000044BDB6903F4E0631846BD465DF8047B76
:10C8C000704700BF0044025880B485B000AF786064
:10C8D0007B68DAB20E4B1344FB60FB681A687B6816
:10C8E000190E7B681B0A03F01F0301FA03F31A40B9
:10C8F0007B681B0A03F01F0322FA03F31A047B6808
:10C90000134318461437BD465DF8047B704700BFDB
:10C910004C44025880B582B000AF78607868FFF769
:10C92000D3FF034618460837BD4680BD80B400AF2C
:10C93000044B9B6A03F003031846BD465DF8047B75
:10C94000704700BF0044025880B400AF074BDB6A59
:10C9500003F48033B3F5803F01D1012300E00023CD
:10C960001846BD465DF8047B704700BF004402587E
:10C9700080B400AF074BDB6A03F40033B3F5003F2C
:10C9800001D1012300E000231846BD465DF8047B79
:10C99000704700BF0044025880B400AF074BDB6A09
:10C9A00003F48023B3F5802F01D1012300E000239D
:10C9B0001846BD465DF8047B704700BF004402582E
:10C9C00080B400AF064BDB6A03F00103012B01D1F9
:10C9D000012300E000231846BD465DF8047B704744
:10C9E0000044025880B400AF044B1B6BC3F3080330
:10C9F00001331846BD465DF8047B70470044025879
:10CA000080B400AF044B9B6A1B0903F03F03184638
:10CA1000BD465DF8047B70470044025880B400AF07
:10CA2000054B1B6B5B0A03F07F0301331846BD46C1
:10CA30005DF8047B704700BF0044025880B400AF2B
:10CA4000054B1B6B1B0C03F07F0301331846BD46DF
:10CA50005DF8047B704700BF0044025880B400AF0B
:10CA6000054B1B6B1B0E03F07F0301331846BD46BD
:10CA70005DF8047B704700BF0044025880B400AFEB
:10CA8000044B5B6BDB08C3F30C031846BD465DF833
:10CA9000047B70470044025880B400AF074B1B680A
:10CAA00003F00063B3F1006F01D1012300E0002324
:10CAB0001846BD465DF8047B704700BF004402582D
:10CAC00080B400AF074BDB6A03F40023B3F5002FFB
:10CAD00001D1012300E000231846BD465DF8047B28
:10CAE000704700BF0044025880B400AF074BDB6AB8
:10CAF00003F48013B3F5801F01D1012300E000236C
:10CB00001846BD465DF8047B704700BF00440258DC
:10CB100080B400AF074BDB6A03F40013B3F5001FCA
:10CB200001D1012300E000231846BD465DF8047BD7
:10CB3000704700BF0044025880B400AF064BDB6A68
:10CB400003F01003102B01D1012300E0002318464D
:10CB5000BD465DF8047B70470044025880B400AFC6
:10CB6000044B9B6BC3F3080301331846BD465DF8C5
:10CB7000047B70470044025880B400AF044B9B6AAA
:10CB80001B0B03F03F031846BD465DF8047B70475E
:10CB90000044025880B400AF054B9B6B5B0A03F066
:10CBA0007F0301331846BD465DF8047B704700BF24
:10CBB0000044025880B400AF054B9B6B1B0C03F084
:10CBC0007F0301331846BD465DF8047B704700BF04
:10CBD0000044025880B400AF054B9B6B1B0E03F062
:10CBE0007F0301331846BD465DF8047B704700BFE4
:10CBF0000044025880B400AF044BDB6BDB08C3F386
:10CC00000C031846BD465DF8047B7047004402588B
:10CC100080B400AF074B1B6803F00053B3F1005F13
:10CC200001D1012300E000231846BD465DF8047BD6
:10CC3000704700BF0044025880B400AF074BDB6A66
:10CC400003F48003B3F5800F01D1012300E000233A
:10CC50001846BD465DF8047B704700BF004402588B
:10CC600080B400AF074BDB6A03F40003B3F5000F99
:10CC700001D1012300E000231846BD465DF8047B86
:10CC8000704700BF0044025880B400AF074BDB6A16
:10CC900003F08073B3F1807F01D1012300E0002312
:10CCA0001846BD465DF8047B704700BF004402583B
:10CCB00080B400AF074BDB6A03F48073B3F5807F69
:10CCC00001D1012300E000231846BD465DF8047B36
:10CCD000704700BF0044025880B400AF044B1B6C87
:10CCE000C3F3080301331846BD465DF8047B704763
:10CCF0000044025880B400AF044B9B6A1B0D03F044
:10CD00003F031846BD465DF8047B70470044025857
:10CD100080B400AF054B1B6C5B0A03F07F0301334B
:10CD20001846BD465DF8047B704700BF00440258BA
:10CD300080B400AF054B1B6C1B0C03F07F03013369
:10CD40001846BD465DF8047B704700BF004402589A
:10CD500080B400AF054B1B6C1B0E03F07F03013347
:10CD60001846BD465DF8047B704700BF004402587A
:10CD700080B400AF044B5B6CDB08C3F30C031846B4
:10CD8000BD465DF8047B70470044025880B58AB008
:10CD900002AF78600023FB610023BB61FFF7C6FD93
:10CDA00078617B69022B1FD07B69022B24D87B69B9
:10CDB000002B03D07B69012B0ED01DE0FFF7F8FCA0
:10CDC0000346002B1AD0FFF705FD0346DB08384A5F
:10CDD00022FA03F3FB6111E0FFF70AFD0346002B83
:10CDE0000ED0344BFB610BE0FFF7CEFC0346002B6B
:10CDF00008D0314BFB6105E000BF04E000BF02E05A
:10CE000000BF00E000BF7B6800221A607B68002240
:10CE10005A607B6800229A60FFF7F2FD3861FFF7E5
:10CE2000E1FDF860FFF7CCFD0346002B02D0FFF7D1
:10CE300025FEB8613B69002B35D0FFF785FD034621
:10CE4000002B0CD0FFF7EAFD03460093BB69FA689C
:10CE50003969F86900F064F902467B681A60FFF7E7
:10CE600087FD0346002B0CD0FFF7E8FD0346009337
:10CE7000BB69FA683969F86900F052F902467B68C3
:10CE80005A60FFF789FD0346002B0CD0FFF7E6FD43
:10CE900003460093BB69FA683969F86900F040F904
:10CEA00002467B689A6000BF2037BD4680BD00BF48
:10CEB0000090D00300093D0040787D0180B58AB024
:10CEC00002AF78600023FB610023BB61FFF72EFDFA
:10CED00078617B69022B1FD07B69022B24D87B6988
:10CEE000002B03D07B69012B0ED01DE0FFF760FC07
:10CEF0000346002B1AD0FFF76DFC0346DB08384AC7
:10CF000022FA03F3FB6111E0FFF772FC0346002BEA
:10CF10000ED0344BFB610BE0FFF736FC0346002BD1
:10CF200008D0314BFB6105E000BF04E000BF02E028
:10CF300000BF00E000BF7B6800221A607B6800220F
:10CF40005A607B6800229A60FFF716FE3861FFF78F
:10CF500005FEF860FFF7F0FD0346002B02D0FFF757
:10CF600049FEB8613B69002B35D0FFF7A9FD0346A8
:10CF7000002B0CD0FFF70EFE03460093BB69FA6846
:10CF80003969F86900F0CCF802467B681A60FFF74F
:10CF9000ABFD0346002B0CD0FFF70CFE03460093BD
:10CFA000BB69FA683969F86900F0BAF802467B682B
:10CFB0005A60FFF7ADFD0346002B0CD0FFF70AFEC9
:10CFC00003460093BB69FA683969F86900F0A8F86C
:10CFD00002467B689A6000BF2037BD4680BD00BF17
:10CFE0000090D00300093D0040787D0180B58AB0F3
:10CFF00002AF78600023FB610023BB61FFF796FC62
:10D0000078617B69022B1FD07B69022B24D87B6956
:10D01000002B03D07B69012B0ED01DE0FFF7C8FB6E
:10D020000346002B1AD0FFF7D5FB0346DB08394A2D
:10D0300022FA03F3FB6111E0FFF7DAFB0346002B52
:10D040000ED0354BFB610BE0FFF79EFB0346002B38
:10D0500008D0324BFB6105E000BF04E000BF02E0F6
:10D0600000BF00E000BF7B6800221A607B680022DE
:10D070005A607B6800229A60FFF73CFE3861FFF738
:10D080002BFEF860FFF714FE0346002B02D0FFF7DB
:10D090006FFEB8613B69002B38D0FB69002B35D09F
:10D0A000FFF7CAFD0346002B0CD0FFF731FE034605
:10D0B0000093BB69FA683969F86900F031F80246F3
:10D0C0007B681A60FFF7CCFD0346002B0CD0FFF7FE
:10D0D0002FFE03460093BB69FA683969F86900F0CE
:10D0E0001FF802467B685A60FFF7CEFD0346002B0F
:10D0F0000CD0FFF72DFE03460093BB69FA6839692F
:10D10000F86900F00DF802467B689A6000BF20378E
:10D11000BD4680BD0090D00300093D0040787D01F0
:10D1200080B487B000AFF860B9607A603B60FB689C
:10D1300007EE903AF8EE676ABB6807EE903AF8EEB1
:10D14000677A86EEA77A7B6807EE903AF8EE676A10
:10D150003B6807EE903AB8EE676ADFED105AC6EE0C
:10D16000257A76EEA77A67EE277AC7ED057A3B6ACD
:10D1700007EE903AB8EE677AD7ED056AC6EE877A81
:10D18000C7ED057AD7ED057AFCEEE77A17EE903A0F
:10D1900018461C37BD465DF8047B7047000000460A
:10D1A00090B587B000AF786000237B617868FFF7A7
:10D1B000B1FB0346624A934200F0A980604A934261
:10D1C00000F2AE805F4A934200F0A1805D4A934234
:10D1D00000F2A6805C4A934200F091805A4A934242
:10D1E00000F29E80594A934200F08980574A934248
:10D1F00000F29680564A934273D0554A934200F209
:10D200008F80544A93426CD0524A934200F28880F5
:10D21000514A934258D0504A934200F281804F4A7B
:10D22000934251D04D4A93427AD84D4A93423ED0D0
:10D230004B4A934274D84B4A934238D0494A93425E
:10D240006ED8494A93421AD0484A934268D100F0B6
:10D2500095F80446FFF700FB03461B0A03F00F0393
:10D26000434AD35C03F01F0324FA03F3184600F08B
:10D27000E7F80346184600F011F978615BE000F02A
:10D280007DF80446FFF7E8FA03461B0A03F00F0394
:10D29000374AD35C03F01F0324FA03F3184600F067
:10D2A000CFF80346184600F0E1F8786143E0FFF755
:10D2B000F3FB0346002B35D007F108031846FFF7B0
:10D2C000FDFDFB687B612DE0FFF7A2FC0346002B10
:10D2D0002AD007F108031846FFF788FEFB687B6138
:10D2E00022E0FFF765FA0346002B1FD0FFF772FA22
:10D2F0000346DB081F4A22FA03F37B6116E0FFF7BF
:10D3000077FA0346002B13D01B4B7B6110E0FFF72D
:10D3100083FA0346002B0DD04FF400437B6109E0F4
:10D3200000BF08E000BF06E000BF04E000BF02E06D
:10D3300000BF00E000BF7B6918461C37BD4690BDAA
:10D340000803050708000507080304070800040789
:10D350000803030708000307080302070800020781
:10D360000803010708000107080000070803000779
:10D3700088B107080090D00300093D0080B584B053
:10D3800000AF0023FB60FFF759FA0346182B4BD878
:10D3900001A252F823F000BFFDD3060829D40608E5
:10D3A00029D4060829D4060829D4060829D4060851
:10D3B00029D4060829D406080FD4060829D406085B
:10D3C00029D4060829D4060829D4060829D4060831
:10D3D00029D4060829D4060815D4060829D4060835
:10D3E00029D4060829D4060829D4060829D4060811
:10D3F00029D4060829D406081BD40608FFF7EAF941
:10D400000346DB080B4A22FA03F3FB600DE00A4BEC
:10D41000FB600AE0094BFB6007E03B461846FFF75C
:10D42000B5FC3B68FB6000E000BFFB6818461037A6
:10D43000BD4680BD0090D00300093D0040787D01CD
:10D4400080B582B000AF7860FFF714FA034603F0AE
:10D450000F03054AD35C03F01F037A6822FA03F333
:10D4600018460837BD4680BD88B1070880B582B030
:10D4700000AF7860FFF70CFA03461B0903F00703BF
:10D48000054AD35C03F01F037A6822FA03F31846B7
:10D490000837BD4680BD00BF88B1070880B582B09F
:10D4A00000AF7860FFF702FA03461B0A03F0070398
:10D4B000054AD35C03F01F037A6822FA03F3184687
:10D4C0000837BD4680BD00BF88B1070884B080B46E
:10D4D00085B000AF786007F11C0080E80E000023E3
:10D4E000FB60FA693B6A1A437B6A1A43BB6A1A43B8
:10D4F000FB6A1343FA681343FB607B685A68074B67
:10D500001340FA681A437B685A60002318461437A0
:10D51000BD465DF8047B04B0704700BF002CC0FF1F
:10D5200080B483B000AF78607B68D3F88030184651
:10D530000C37BD465DF8047B704780B483B000AF04
:10D54000786039603B681A687B68C3F880200023E4
:10D5500018460C37BD465DF8047B704780B483B035
:10D5600000AF78607B681B6843F003027B681A6039
:10D57000002318460C37BD465DF8047B704780B425
:10D5800083B000AF78607B681B6823F003027B6880
:10D590001A60002318460C37BD465DF8047B7047BF
:10D5A00080B483B000AF78607B681B6803F003032E
:10D5B00018460C37BD465DF8047B704780B485B0D3
:10D5C00000AF786039600023FB603B681A687B68B5
:10D5D0009A603B685A683B689B681A433B68DB6803
:10D5E0001A433B681B691343FA681343FB607B686B
:10D5F000DA68064B1340FA681A437B68DA60002346
:10D6000018461437BD465DF8047B7047C0E0FEFF46
:10D6100080B483B000AF78607B681B69DBB21846CA
:10D620000C37BD465DF8047B704780B485B000AF11
:10D63000786039607B6814331A463B681344FB609A
:10D64000FB681B6818461437BD465DF8047B7047BD
:10D6500080B485B000AF786039600023FB603B6820
:10D660001A687B685A623B685A687B689A623B68B2
:10D670009A683B68DB681A433B681B691A433B683E
:10D680005B691343FA681343FB607B68DB6A23F032
:10D69000FF02FB681A437B68DA62002318461437DE
:10D6A000BD465DF8047B704780B588B000AF7860F8
:10D6B00039603B68BB601023FB604FF480733B61B3
:10D6C00000237B614FF48053BB6107F108031946C7
:10D6D0007868FFF773FF41F288321021786800F014
:10D6E000FDF9F861FB6918462037BD4680BD80B55D
:10D6F00088B000AF786039603B68BB601123FB6085
:10D700004FF480733B6100237B614FF48053BB6116
:10D7100007F1080319467868FFF750FF41F2883295
:10D720001121786800F0DAF9F861FB6918462037B2
:10D73000BD4680BD80B588B000AF786039603B6879
:10D74000BB601223FB604FF480733B6100237B615D
:10D750004FF48053BB6107F1080319467868FFF75F
:10D760002DFF41F288321221786800F0B7F9F86194
:10D77000FB6918462037BD4680BD80B588B000AF34
:10D78000786039603B68BB601823FB604FF480739E
:10D790003B6100237B614FF48053BB6107F10803B9
:10D7A00019467868FFF70AFF41F288321821786835
:10D7B00000F094F9F861FB6918462037BD4680BD3A
:10D7C00080B588B000AF786039603B68BB601923D2
:10D7D000FB604FF480733B6100237B614FF4805307
:10D7E000BB6107F1080319467868FFF7E7FE41F2CD
:10D7F00088321921786800F071F9F861FB691846E0
:10D800002037BD4680BD000080B588B000AF78608D
:10D810000023BB600C23FB604FF480733B6100234B
:10D820007B614FF48053BB617B68DB6843F080020F
:10D830007B68DA607B68DB6823F040027B68DA6033
:10D8400007F1080319467868FFF7B8FE0B4A0C2168
:10D85000786800F043F9F8617B68DB6823F08002A8
:10D860007B68DA60FB69B3F1007F01D10023FB61C3
:10D87000FB6918462037BD4680BD00BF00E1F505B5
:10D8800080B588B000AF786039603B68BB60072323
:10D89000FB604FF480733B6100237B614FF4805346
:10D8A000BB6107F1080319467868FFF787FE41F26C
:10D8B00088320721786800F011F9F861FB69184691
:10D8C0002037BD4680BD80B588B000AF78600023AA
:10D8D000BB600023FB6000233B6100237B614FF4AE
:10D8E0008053BB6107F1080319467868FFF766FEAD
:10D8F000786800F06FFAF861FB6918462037BD467A
:10D9000080BD80B588B000AF78600023BB60022383
:10D91000FB604FF440733B6100237B614FF4805305
:10D92000BB6107F1080319467868FFF747FE78687E
:10D9300000F0C6F9F861FB6918462037BD4680BD86
:10D9400080B588B000AF786039603B68BB60092360
:10D95000FB604FF440733B6100237B614FF48053C5
:10D96000BB6107F1080319467868FFF727FE78685E
:10D9700000F0A6F9F861FB6918462037BD4680BD66
:10D9800080B588B000AF78600B467B807B881B0435
:10D99000BB600323FB604FF480733B6100237B611A
:10D9A0004FF48053BB6107F1080319467868FFF70D
:10D9B00005FE41F288320321786800F08FF8F861A3
:10D9C000FB6918462037BD4680BD80B588B000AFE2
:10D9D000786039603B68BB600D23FB604FF4807357
:10D9E0003B6100237B614FF48053BB6107F1080367
:10D9F00019467868FFF7E2FD41F288320D21786818
:10DA000000F06CF8F861FB6918462037BD4680BD10
:10DA100080B588B000AF786039603B68BB60012397
:10DA2000FB604FF480733B6100237B614FF48053B4
:10DA3000BB6107F1080319467868FFF7BFFD7868F6
:10DA400000F088F9F861FB6918462037BD4680BDB3
:10DA500080B588B000AF786039603B68BB60062352
:10DA6000FB604FF480733B6100237B614FF4805374
:10DA7000BB6107F1080319467868FFF79FFD41F283
:10DA800088320621786800F029F8F861FB691846A9
:10DA90002037BD4680BD80B588B000AF7860396062
:10DAA0003B68BB600823FB604FF480733B6100233D
:10DAB0007B614FF48053BB6107F108031946786816
:10DAC000FFF77CFD41F288320821786800F006F803
:10DAD000F861FB6918462037BD4680BD80B588B027
:10DAE00000AFF8600B467A60FB72704B1B68704A9F
:10DAF000A2FB03235A0A7B6802FB03F3FB61FB6969
:10DB00005A1EFA61002B02D14FF00043C9E0FB68B6
:10DB10005B6BBB61BA69674B1340002BEFD0BB69ED
:10DB200003F40053002BEAD1FB685B6B03F00403A2
:10DB3000002B04D0FB6804229A630423B1E0FB6845
:10DB40005B6B03F00103002B04D0FB6801229A6396
:10DB50000123A6E0FB68584A9A63F868FFF758FD6E
:10DB600003461A46FB7A934201D0012399E0002133
:10DB7000F868FFF75AFD78617A69504B1340002B23
:10DB800001D100238DE07B69002B02DA4FF0007396
:10DB900087E07B6903F08043002B01D0402380E0C5
:10DBA0007B6903F00053002B01D0802379E07B696F
:10DBB00003F08053002B02D04FF4807371E07B6937
:10DBC00003F00063002B02D04FF4007369E07B691F
:10DBD00003F08063002B02D04FF4806361E07B6927
:10DBE00003F08073002B02D04FF4006359E07B698F
:10DBF00003F40003002B02D04FF4805351E07B6903
:10DC000003F48003002B02D04FF4005349E07B69FA
:10DC100003F40013002B02D04FF4804341E07B69F2
:10DC200003F48013002B02D04FF4004339E07B69EA
:10DC300003F48023002B02D04FF4003331E07B69E2
:10DC400003F40033002B02D04FF4802329E07B69DA
:10DC500003F48033002B02D04FF4002321E07B69D2
:10DC600003F40043002B02D04FF4801319E07B69CA
:10DC700003F48043002B02D04FF4001311E07B69C2
:10DC800003F40053002B02D04FF4800309E07B69BA
:10DC900003F00803002B02D04FF4000301E04FF41F
:10DCA000803318462037BD4680BD00BF6C06002477
:10DCB000D34D621045002000C500200008E0FFFDA4
:10DCC00080B485B000AF78601F4B1B681F4AA2FB71
:10DCD00003235B0A41F2883202FB03F3FB60FB681B
:10DCE0005A1EFA60002B02D14FF0004326E07B68F9
:10DCF0005B6BBB60BB6803F04503002BEFD0BB68D8
:10DD000003F40053002BEAD17B685B6B03F0040340
:10DD1000002B04D07B6804229A6304230EE07B6806
:10DD20005B6B03F00103002B04D07B6801229A6334
:10DD3000012303E07B68064A9A63002318461437E0
:10DD4000BD465DF8047B70476C060024D34D62101D
:10DD5000C500200080B485B000AF78601A4B1B6806
:10DD60001A4AA2FB03235B0A41F2883202FB03F347
:10DD7000FB60FB685A1EFA60002B02D14FF0004393
:10DD80001BE07B685B6BBB60BB6803F04503002B4B
:10DD9000EFD0BB6803F40053002BEAD17B685B6BC8
:10DDA00003F00403002B04D07B6804229A6304234D
:10DDB00003E07B68064A9A63002318461437BD4681
:10DDC0005DF8047B704700BF6C060024D34D6210E1
:10DDD000C500200080B485B000AF7860114B1B688F
:10DDE000114AA2FB03235B0A41F2883202FB03F3D0
:10DDF000FB60FB685A1EFA60002B02D14FF0004313
:10DE000009E07B685B6B03F08003002BF1D07B683B
:10DE1000064A9A63002318461437BD465DF8047B12
:10DE2000704700BF6C060024D34D6210C50020006F
:10DE300080B483B000AF78607B681B6803F0010397
:10DE4000012B01D1012300E0002318460C37BD4609
:10DE50005DF8047B704780B483B000AF78603960B0
:10DE60007B681B6823F480523B681A437B681A6006
:10DE700000BF0C37BD465DF8047B704780B483B0AB
:10DE800000AF78607B68DB6803F0805318460C377E
:10DE9000BD465DF8047B704780B483B000AF786006
:10DEA00039607B683A681A6400BF0C37BD465DF87C
:10DEB000047B704780B586B000AF7860396001237D
:10DEC000FB757868FFF7B4FF0346002B67D17B68CA
:10DED0009A68354B13403A6891693A68126A11435F
:10DEE0003A6892680A431A437B689A603B685B69A8
:10DEF0003B613B685B68FB607868FFF7BFFFB86019
:10DF00003B69B3F1806F12D1BB68002B03D1FB6872
:10DF1000B3F5800F06D0BB68B3F1805F07D1FB6813
:10DF2000002B04D14FF480517868FFF794FF7B6891
:10DF3000DA681E4B13403A6851693A68D268114357
:10DF40003A68126911433A68D26911433A685268D3
:10DF500011433A68126802F4C0220A431A437B68EC
:10DF6000DA607B681B6823F400623B681B6803F47B
:10DF700000631A437B681A603B681B6AB3F5800F25
:10DF800005D13B685B6A19467868FFF785FF7B68B7
:10DF90001B6D23F001027B681A650023FB75FB7D76
:10DFA00018461837BD4680BDE0FFBF8FFFFF39D848
:10DFB00080B483B000AF786039607B683A689A6259
:10DFC00000BF0C37BD465DF8047B704780B483B05A
:10DFD00000AF786039607B683A68DA6200BF0C375E
:10DFE000BD465DF8047B704780B483B000AF7860B5
:10DFF00039607B683A681A6300BF0C37BD465DF82C
:10E00000047B704780B483B000AF78607B685B6945
:10E0100043F001027B685A6100BF0C37BD465DF8D2
:10E02000047B704780B584B000AF786039607B684E
:10E030001B68FB607B683D4A934213D07B68B3F159
:10E04000804F0FD07B683A4A93420BD07B68394AA5
:10E05000934207D07B68384A934203D07B68374AA3
:10E06000934206D1FB6823F070023B685B68134360
:10E07000FB607B682D4A93421FD07B68B3F1804FD1
:10E080001BD07B682A4A934217D07B68294A934267
:10E0900013D07B68284A93420FD07B68274A93426B
:10E0A0000BD07B68264A934207D07B68254A93426F
:10E0B00003D07B68244A934206D1FB6823F4407264
:10E0C0003B68DB681343FB607B68FA681A603B6857
:10E0D0009B6819467868FFF779FF3B681B881946EB
:10E0E0007868FFF765FF7B68104A93420FD07B6822
:10E0F000124A93420BD07B68114A934207D07B6847
:10E10000104A934203D07B680F4A934205D13B6883
:10E110001B6919467868FFF767FF7868FFF772FF99
:10E12000002318461037BD4680BD00BF00000140E7
:10E130000004004000080040000C004000040140C2
:10E1400000400140004401400048014080B483B0D9
:10E1500000AF78607B681B6803F00103012B01D1DD
:10E16000012300E0002318460C37BD465DF8047B10
:10E17000704780B483B000AF786039607B68DB6A39
:10E1800023F00F033A6892B21A437B68DA6200BF49
:10E190000C37BD465DF8047B704780B483B000AF98
:10E1A000786039607B685B6823F440523B681A43AF
:10E1B0007B685A6000BF0C37BD465DF8047B704732
:10E1C00080B483B000AF786039607B689B6823F4CB
:10E1D00040723B681A437B689A6000BF0C37BD46AB
:10E1E0005DF8047B7047000080B487B000AFF86032
:10E1F000B9607A603B607B680B2B3CD83B6A002B94
:10E2000039D03B68B3F5004F22D17B68DBB21A46A8
:10E210001C4B53F82230BA68B2FBF3F35A003B6A46
:10E220005B081A443B6AB2FBF3F39BB27B617A69E9
:10E230004FF6F07313403B617B695B089BB203F0C0
:10E2400007033A6913433B61FB683A69DA6012E0FD
:10E250007B68DBB21A460B4B53F82230BA68B2FB2C
:10E26000F3F23B6A5B081A443B6AB2FBF3F39BB2DE
:10E270001A46FB68DA6000BF1C37BD465DF8047BB8
:10E28000704700BF98B1070880B586B002AF7860CC
:10E2900039600123FB730023BB607868FFF756FFEA
:10E2A0000346002B7FD17B681A68414B13403A68C4
:10E2B00091683A68126911433A68526911433A68A1
:10E2C000D2690A431A437B681A603B68DB681946C7
:10E2D0007868FFF762FF3B689B6919467868FFF72B
:10E2E0006FFF7B68334A934204D13348FEF758FFEF
:10E2F000B8603DE07B68314A934204D13048FEF774
:10E300004FFFB86034E07B682E4A934204D12C481A
:10E31000FEF746FFB8602BE07B682B4A934204D19E
:10E320002748FEF73DFFB86022E07B68274A93420A
:10E3300004D12348FEF734FFB86019E07B68244A13
:10E34000934204D11C48FEF72BFFB86010E07B68B5
:10E35000204A934204D11A48FEF722FFB86007E032
:10E360007B681D4A934203D11548FEF719FFB86038
:10E37000BB68002B11D03B685B68002B0DD00023DD
:10E38000FB733B681A683B68D9693B685B6800931C
:10E390000B46B9687868FFF727FF3B681B6819468A
:10E3A0007868FFF7E6FEFB7B18461037BD4680BD58
:10E3B000F369FFEF0010014008030007004400402C
:10E3C0000800000700480040004C0040005000409A
:10E3D0000014014000780040007C00400A22002127
:10E3E00000F0B8B8164B10B51C68236BB3B91820F1
:10E3F00000F018FC0246206320B9124B124852214B
:10E4000000F0A8FB1149124BC0E90013114B8360C7
:10E410000B23838100210120C2E90401216B0E48F6
:10E420000B694C690D4A584302FB0400A3FB0232FE
:10E43000013340EB0200C1E9043020F0004010BD80
:10E440008C070024C8B10708DFB107080E33CDAB35
:10E4500034126DE6ECDE05002DF451582D7F954CFD
:10E46000242B2DE9F0478646904601D8012B06D192
:10E4700000F034FB162303600020BDE8F087344829
:10E480000D462A4615F8014B065D16F00806F8D130
:10E490002D2C10D12C780126951C33F0100215D1AB
:10E4A000302C0DD12A7802F0DF02582A08D16C787E
:10E4B000023510230AE02B2C04BF2C78951CECE7C6
:10E4C000002BF6D1302C14BF0A23082306F1004C90
:10E4D0000CF1FF3C0022BCFBF3F9104603FB19CA08
:10E4E000A4F13007092F0FD83C46A3421BDD571C6F
:10E4F00007D0814514D301D1A24511DB00FB0340B5
:10E50000012215F8014BEBE7A4F14107192F01D8BF
:10E51000373CEAE7A4F16107192F04D8573CE4E738
:10E520004FF0FF32EDE7531C08D12223CEF8003024
:10E530006046B8F1000FA0D0691E06E006B1404267
:10E54000B8F1000F99D0002AF6D1C8F8001094E76E
:10E55000A7B2070813460A46014602480068FFF7BB
:10E560007FBF00BF8C0700242DE9F043344E864660
:10E570000D46284615F8014B375D17F00807F8D10E
:10E580002D2C10D12C780127851C33F0100015D1CB
:10E59000302C0DD1287800F0DF00582808D16C7895
:10E5A000023510230AE02B2C04BF2C78851CECE7E5
:10E5B000002BF6D1302C14BF0A2308234FF0FF386C
:10E5C0000026B8FBF3F803FB08F96FEA09093046A7
:10E5D000A4F1300CBCF1090F10D86446A3421EDD33
:10E5E000B6F1FF3F07D0804516D301D1A14513DB1B
:10E5F00000FB0340012615F8014BE9E7A4F1410CAB
:10E60000BCF1190F01D8373CE8E7A4F1610CBCF16B
:10E61000190F04D8573CE1E74FF0FF36EBE7731CC6
:10E6200006D12223CEF80030304632B9BDE8F0835F
:10E6300007B14042002AF9D006B1691E1160F5E722
:10E64000A7B2070813460A46014602480068FFF7CA
:10E650008BBF00BF8C070024002310B50446C0E91F
:10E660000033C0E90433836081814366C2818361E2
:10E67000194608225C3000F0B3F90D4B63620D4B74
:10E68000A3620D4BE3620D4B23630D4B24629C424E
:10E6900006D003F16802944202D0D0339C4205D1E7
:10E6A00004F15800BDE8104000F042BA10BD00BFB0
:10E6B0008DE80608AFE80608E7E806080BE9060853
:10E6C00068BD0524024A0349034800F069B800BF49
:10E6D0008007002461F406089007002441680C4B71
:10E6E000994210B5044601D000F0BAFEA168094B6A
:10E6F000994202D0204600F0B3FEE168064B9942F1
:10E7000004D02046BDE8104000F0AABE10BD00BFF6
:10E7100068BD0524D0BD052438BE052410B50B4BBB
:10E720000B4C0C4A1A60204600220421FFF794FF8C
:10E7300004F1680001220921FFF78EFF04F1D000E7
:10E740000222BDE810401221FFF786BFA0BE0524BB
:10E7500068BD0524C5E60608014800F0EAB900BF17
:10E76000A9BE0524014800F0E5B900BFA9BE0524F3
:10E7700010B50446FFF7F0FF236A1BB1BDE8104057
:10E78000FFF7F0BF044B2362044B1B68002BF5D14D
:10E79000FFF7C4FFF2E700BFDDE60608A0BE0524D0
:10E7A0002DE9F8430746884614460026D4E901952A
:10E7B000B9F1010905D52468002CF7D13046BDE830
:10E7C000F883AB89012B07D9B5F90E30013303D09B
:10E7D00029463846C04706436835E9E70CB430B5EA
:10E7E000184B0C1E1D689DB008DA8B232B604FF070
:10E7F000FF301DB0BDE8304002B070474FF40273E7
:10E80000ADF814304FF000031B9314BF04F1FF3335
:10E810002346049307934FF6FF7302900690ADF8DA
:10E820001630209A21AB02A92846019300F00CFB78
:10E83000431CBCBF8B232B60002CDAD0029B002230
:10E840001A70D6E78C0700240EB410B59DB01FAB2C
:10E85000029006906FF000410A48079104910A491E
:10E8600053F8042B0591002402A9006801931B941E
:10E8700000F0EAFA029B1C701DB0BDE8104003B026
:10E88000704700BF8C0700240802FFFF10B50C463C
:10E89000B1F90E1000F0FEF80028ABBF636DA3893C
:10E8A0001B1823F48053ACBF6365A38110BD2DE911
:10E8B000F0411F468B89DB0505460C46164605D5FB
:10E8C000B1F90E100223002200F0D2F8A389B4F9A6
:10E8D0000E1023F48053A38132463B462846BDE800
:10E8E000F04100F0E9B810B50C46B1F90E1000F097
:10E8F000BFF8431CA38915BF606523F4805343F41C
:10E900008053A38118BFA38110BDB1F90E1000F090
:10E910009FB830B51446002C9BB005461A4605DA60
:10E920008B2303604FF0FF301BB030BD4FF40273F8
:10E93000ADF80C304FF00003199314BF04F1FF330E
:10E940002346029305934FF6FF7300910491ADF8AF
:10E950000E3069461E9B00F077FA431CBCBF8B2328
:10E960002B60002CE0D0009B00221A70DCE7000036
:10E9700007B5009313460A46014603480068FFF7AF
:10E98000C8FF03B05DF804FB8C07002410B5013903
:10E990000244904201D1002005E0037811F8014FB4
:10E9A000A34201D0181B10BD0130F2E7884210B518
:10E9B00001EB020402D98442234607D8431EA14238
:10E9C00008D011F8012B03F8012FF8E702440146A3
:10E9D0008A4200D110BD13F8014D02F8014DF7E74E
:10E9E00002440346934200D1704703F8011BF9E744
:10E9F00010B50246147813460132002CFAD1013BBF
:10EA000011F8012B03F8012F002AF9D110BDC9B26A
:10EA10000346184613F8012B12B18A42F9D1704708
:10EA2000002918BF0020704710B50139034632B1E4
:10EA300011F8014F03F8014B013A002CF7D11A44A9
:10EA40000021934200D110BD03F8011BF9E700003B
:10EA500038B5064D0023044608462B60F6F77DFEC8
:10EA6000431C02D12B6803B1236038BDA4BE05242A
:10EA700038B5074D04460846114600222A601A465A
:10EA8000F6F792FE431C02D12B6803B1236038BD18
:10EA9000A4BE052438B5074D044608461146002299
:10EAA0002A601A46F6F720FE431C02D12B6803B1F8
:10EAB000236038BDA4BE052438B5074D044608467A
:10EAC000114600222A601A46F6F72BFE431C02D19B
:10EAD0002B6803B1236038BDA4BE0524014B186820
:10EAE000704700BF8C07002470B50D4D0D4C641BA2
:10EAF000A4100026A64209D10B4D0C4C00F0D4FF07
:10EB0000641BA4100026A64205D170BD55F8043B35
:10EB100098470136EEE755F8043B98470136F2E78F
:10EB2000B0B30708B0B30708B0B30708B4B3070819
:10EB30007047704770470A44914200F1FF3300D19B
:10EB4000704710B511F8014B03F8014F9142F9D10C
:10EB500010BD00001FB514461A46094B1B68054638
:10EB6000D8684CB1074B0091CDE9013406492B46DA
:10EB700000F09EFC00F0BEFC044B1C46F3E700BF17
:10EB80008C07002437B2070844B2070872B207089E
:10EB900038B50546002941D051F8043C0C1F002B24
:10EBA000B8BFE41800F0E8F81D4A136833B9636091
:10EBB00014602846BDE8384000F0E4B8A34208D904
:10EBC000206821188B4201BF19685B680918216011
:10EBD000EDE71A465B680BB1A342FAD911685018E9
:10EBE000A0420BD120680144501883421160E0D14B
:10EBF00018685B68536008441060DAE702D90C2398
:10EC00002B60D6E7206821188B4204BF19685B6827
:10EC1000636004BF091821605460CAE738BD00BFB3
:10EC2000B0BE0524024B0146186800F025B800BFAD
:10EC30008C07002470B50F4E0C463168054611B99B
:10EC400000F048FC30602146284600F043FC431C9D
:10EC500003D14FF0FF34204670BDC41C24F00304E0
:10EC6000A042F8D0211A284600F034FC0130F2D13D
:10EC7000EFE700BFACBE05242DE9F843CD1C25F01D
:10EC8000030508350C2D38BF0C25002D064601DB89
:10EC9000A94204D90C2333600020BDE8F883DFF8D3
:10ECA000D48000F069F8D8F800301C4644BB2946EF
:10ECB0003046FFF7BFFF431C044658D1D8F8004048
:10ECC0002746002F43D1002C4BD0236839463046CD
:10ECD00004EB030900F0FEFB814542D121686D1A67
:10ECE00029463046FFF7A6FF01303AD023682B446F
:10ECF0002360D8F800305A6862BBC8F800700FE093
:10ED00002268521B20D40B2A17D96119A34225600F
:10ED100018BF5960636808BFC8F8001062514B60A3
:10ED2000304600F02FF804F10B00231D20F00700FF
:10ED3000C21A1CBF1B1AA350AFE76268A3420CBFE4
:10ED4000C8F800205A60EBE723466468AEE73C460B
:10ED50007F68B6E71A465B68A342FBD10023536085
:10ED6000DEE70C233360304600F00CF894E70560D2
:10ED7000D6E700BFB0BE05240148FFF7DABE00BFEA
:10ED8000A8BE05240148FFF7D5BE00BFA8BE0524D4
:10ED90002DE9F0478E681F46BE420B6882460C463E
:10EDA00090462DD8B1F90C2012F4906F26D06569E9
:10EDB000096905EB4505A3EB010905EBD5757B1C3E
:10EDC0004B446D109D4238BF1D46530527D529463B
:10EDD000FFF752FF064660B321694A46FFF7ABFED4
:10EDE000A38923F4906343F08003A38126616561C6
:10EDF0004E44A5EB09052660A5603E46BE4200D9FB
:10EE00003E46206832464146FFF7D0FDA3689B1B73
:10EE1000A3602368334423600020BDE8F0872A46BE
:10EE200000F06FFB06460028E0D121695046FFF74D
:10EE3000AFFE0C23CAF80030A38943F04003A3813E
:10EE40004FF0FF30E9E700002DE9F04F98468B893D
:10EE50001B069DB007460D46144610D50B6973B9C5
:10EE60004021FFF709FF2860286130B90C233B607F
:10EE70004FF0FF301DB0BDE8F08F40236B610023E1
:10EE8000099320238DF82930CDF80C803023DFF84A
:10EE90009C818DF82A304FF0010923469A4613F8D9
:10EEA000012B0AB1252AF9D1BAEB040B0BD05B4632
:10EEB000224629463846FFF76BFF013000F0A78055
:10EEC000099A5A4409929AF80030002B00F09F806A
:10EED00000234FF0FF32CDE905230AF1010A049324
:10EEE00007938DF853301A935446052214F8011BEA
:10EEF0004E48D1F70DFA049AD8B9D00644BF202362
:10EF00008DF85330110744BF2B238DF853309AF8F6
:10EF100000302A2B15D0079A544600204FF00A0CD7
:10EF2000214611F8013B303B092B4BD9B0B1079278
:10EF300014E0A0EB080309FA03F313430493A24679
:10EF4000D2E7039B191D1B680391002BBBBF5B42DB
:10EF500042F0020207930793B8BF049223782E2B46
:10EF60000AD163782A2B32D1039B1A1D1B680392A6
:10EF700043EAE37302340593DFF8C0A0217803224B
:10EF80005046D1F7C5F938B1049BA0EB0A004022E6
:10EF9000824013430134049314F8011B24488DF874
:10EFA00028100622D1F7B4F9002836D0214B1BBB1C
:10EFB000039B073323F0070308330393099B334470
:10EFC00009936AE70CFB02320C460120A8E70023F4
:10EFD0000134059319464FF00A0C204610F8012B16
:10EFE000303A092A03D9002BC6D00591C4E70CFB9F
:10EFF000012104460123F0E703AB00932A460E4BA0
:10F0000004A93846AFF30080421C0646D6D1AB892E
:10F010005B063FF52DAF09982CE703AB00932A461A
:10F02000054B04A9384600F079F8EDE773B20708FC
:10F030007DB207080000000091ED060879B20708CC
:10F040002DE9F047164698468A680B69DDF820904E
:10F050009342B8BF1346336091F8432007460C46ED
:10F060000AB1013333602368990642BF3368023323
:10F070003360256815F0060506D104F1190AE36826
:10F0800032689B1AAB4226DC94F843302268003B7E
:10F0900018BF012392062BD404F14302414638469F
:10F0A000C84701301ED02368226903F00603042BF1
:10F0B00002BFE5683368ED1AA3680CBF25EAE57561
:10F0C00000259342C4BF9B1AED1800261A34B5429E
:10F0D0001AD1002008E00123524641463846C8476D
:10F0E000013003D14FF0FF30BDE8F0870135C6E7AE
:10F0F000E1185A1C302081F84300224494F845104E
:10F1000082F843100233C7E70123224641463846BE
:10F11000C8470130E6D00136D9E700002DE9FF47A6
:10F120000F7E0C9E782F914680460C469A4601F140
:10F13000430207D8622F0AD8002F00F0D180582F41
:10F1400000F0B88004F1420684F842703AE0A7F17A
:10F150006303152BF6D801A151F823F0B5F1060889
:10F16000C9F1060845F1060845F1060845F106080B
:10F1700045F10608C9F1060845F1060845F10608FB
:10F1800045F1060845F10608C7F20608F3F106083E
:10F1900081F2060845F1060845F10608E9F206087D
:10F1A00045F10608F3F1060845F1060845F10608A1
:10F1B00089F2060833681A1D1B68326004F14206A2
:10F1C00084F8423001239CE033682068191D3160C7
:10F1D000060601D51D6803E04506FBD5B3F90050CE
:10F1E000002D03DA2D236D4284F8433058480A235A
:10F1F00011E021683368080653F8045B02D449061D
:10F2000048BFADB26F2F5248336014BF0A230823A2
:10F21000002184F843106668A660002E05DB216893
:10F220002E4321F0040121604BD01646B5FBF3F1CB
:10F2300003FB1157C75D06F8017D2F46BB420D4603
:10F24000F4D9082B0BD12368DF0708D5236961683F
:10F250009942DEBF302306F8013C06F1FF36921BCF
:10F260002261CDF800A04B4603AA21464046FFF795
:10F27000E7FE01304AD14FF0FF3004B0BDE8F0871F
:10F28000236843F0200323603248782784F84570D0
:10F29000236831681F0651F8045B02D45F0648BF3B
:10F2A000ADB23160D90744BF43F0200323601DB1E4
:10F2B0001023ADE72648E9E7236823F02003236005
:10F2C000F6E71646BDE7336825686169181D3060AA
:10F2D0002E061B6801D5196002E06806FBD519806F
:10F2E000002323611646BCE733681A1D32601E688E
:10F2F000626800213046D1F70BF808B1801B6060CE
:10F3000063682361002384F84330AAE72369324607
:10F3100049464046D0470130ADD023689B0713D4FF
:10F32000E068039B9842B8BF1846A6E7012332461F
:10F3300049464046D04701309DD00135E3680399E6
:10F340005B1AAB42F2DCEBE7002504F11906F5E7A6
:10F3500084B2070895B20708B1F90C202DE9F041F5
:10F36000160705460C4654D44B68002B02DC0B6C88
:10F37000002B48DDE66A002E45D0002312F48052AF
:10F380002F68216A2B6030D0626DA389590705D59B
:10F390006368D21A636B0BB1236CD21A0023E66A3E
:10F3A000216A2846B047431CA38906D129681D2934
:10F3B0002BD82A4ACA40D60727D500226260D90432
:10F3C0002269226004D5421C01D12B6803B9606513
:10F3D000616B2F60B9B104F14403994202D0284611
:10F3E000FFF7D6FB002363630DE001232846B047F7
:10F3F0000246501CC9D12B68002BC6D01D2B01D052
:10F40000162B1ED12F60002022E043F040031BB2D8
:10F410001BE00F69002FF6D093070E6808BF4B69F9
:10F420000F6018BF0023A6EB07088B60B8F1000F30
:10F43000E9DD216AA66A43463A462846B0470028D5
:10F4400008DCB4F90C3043F04003A3814FF0FF30E7
:10F45000BDE8F0810744A8EB0008E7E70100402081
:10F4600038B50B6905460C4613B90025284638BD4A
:10F4700018B1036A0BB9FFF77BF9B4F90C30002B14
:10F48000F3D0626ED00704D4990502D4A06DFFF7C3
:10F4900050FB28462146FFF75FFF636EDA070546FB
:10F4A000E4D4A3899B05E1D4A06DFFF743FBDDE71E
:10F4B0000EB403B5014603AB054853F8042B0068AE
:10F4C000019300F075F802B05DF804EB03B07047EB
:10F4D0008C07002438B5064D0023044608462B60EF
:10F4E000F6F770F9431C02D12B6803B1236038BDD5
:10F4F000A4BE052408B5062000F02EFA0120F6F778
:10F50000E8F82DE9F041074614460D4621B9BDE85B
:10F51000F0411146FFF7B0BB2AB9FFF739FB25468A
:10F520002846BDE8F08100F033FA8442064602D84E
:10F53000B4EB500FF4D821463846FFF79DFB8046C8
:10F5400008B94546ECE7B4422246294628BF324670
:10F55000FFF7F1FA29463846FFF71AFBF1E79368FF
:10F56000013B002B10B4936008DA9469A34201DBDD
:10F570000A2903D15DF8044B00F032B91368581C16
:10F580001060197008465DF8044B7047F8B50646E0
:10F590000F461446D518AC4201D1002007E014F8FC
:10F5A000011B3A463046FFF7DAFF431CF3D1F8BDA2
:10F5B0002DE9F04F0D469DB014469846064618B109
:10F5C000036A0BB9FFF7D4F86B6ED90705D4AB8982
:10F5D0009A0502D4A86DFFF7ACFAAB891B0701D5D9
:10F5E0002B699BB92946304600F038F970B16B6E33
:10F5F000DC0704D54FF0FF301DB0BDE8F08FAB89BC
:10F600009805F7D4A86DFFF795FAF3E7002309935F
:10F6100020238DF82930CDF80C803023DFF8AC8121
:10F620008DF82A304FF0010923469A4613F8012B32
:10F630000AB1252AF9D1BAEB040B0BD05B4622465E
:10F6400029463046FFF7A2FF013000F0A780099A53
:10F650005A4409929AF80030002B00F09F80002352
:10F660004FF0FF32CDE905230AF1010A0493079315
:10F670008DF853301A935446052214F8011B534851
:10F68000D0F746FE049AD8B9D10644BF20238DF89E
:10F690005330130744BF2B238DF853309AF80030B2
:10F6A0002A2B15D0079A544600204FF00A0C214609
:10F6B00011F8013B303B092B4BD9B0B1079214E054
:10F6C000A0EB080309FA03F313430493A246D2E71D
:10F6D000039B191D1B680391002BBBBF5B4242F0CB
:10F6E000020207930793B8BF049223782E2B0AD106
:10F6F00063782A2B32D1039B1A1D1B68039243EABD
:10F70000E37302340593DFF8D4A021780322504636
:10F71000D0F7FEFD38B1049BA0EB0A0040228240E6
:10F7200013430134049314F8011B29488DF8281061
:10F730000622D0F7EDFD00283FD0264B1BBB039BD4
:10F74000073323F0070308330393099B3B440993D2
:10F750006AE70CFB02320C460120A8E700230134C3
:10F76000059319464FF00A0C204610F8012B303A49
:10F77000092A03D9002BC6D00591C4E70CFB01214F
:10F7800004460123F0E703AB00932A46124B04A979
:10F790003046AFF300800746781CD6D16B6ED90790
:10F7A00005D4AB899A0502D4A86DFFF7C3F9AB89DC
:10F7B0005B063FF51FAF09981EE703AB00932A468F
:10F7C000054B04A93046FFF7A9FCE4E773B207082C
:10F7D0007DB20708000000008DF5060879B2070821
:10F7E000F8B50E461446054618B1036A0BB9FEF784
:10F7F000BFFFA369A360A3891A0701D5236943B991
:10F800002146284600F02AF818B14FF0FF37384655
:10F81000F8BD23682269981A6369F6B283423746B5
:10F8200005DC21462846FFF71BFE0028EDD1A36822
:10F83000013BA36023685A1C22601E706269431C4E
:10F840009A4204D0A389DB07E1D50A2EDFD12146F5
:10F850002846FFF705FE0028D9D0D6E738B5294B52
:10F86000054618680C4618B1036A0BB9FEF780FF0D
:10F87000B4F90C30190722D4DA0607D409222A6019
:10F8800043F04003A3814FF0FF3033E0580712D517
:10F89000616B41B104F14403994202D02846FFF75D
:10F8A00077F900236363A38923F02403A381002352
:10F8B000636023692360A38943F00803A38123695C
:10F8C0004BB9A38903F42073B3F5007F03D021461D
:10F8D000284600F08BF8B4F90C3013F001020AD07E
:10F8E0000022A26062695242A261226942B913F009
:10F8F0008000C5D138BD990758BF6269A260F4E79E
:10F900000020F7E78C0700241F2938B505460C4670
:10F9100004D9162303604FF0FF3038BDC26B12B11B
:10F9200052F821304BB9284600F030F82246014603
:10F930002846BDE8384000F017B8012B0AD0591C02
:10F9400003D1162303600120E7E7002142F82410C9
:10F95000204698470020E0E7024B01461868FFF771
:10F96000D3BF00BF8C07002438B5074D00230446E1
:10F97000084611462B60F5F79CFE431C02D12B680C
:10F9800003B1236038BD00BFA4BE0524F5F789BECE
:10F9900051F8043C181F002BBCBF0B58C01870470F
:10F9A00070B50C46B1F90E10002996B015461E46EA
:10F9B0000DDAA38913F0800F4FF0000114BF40232C
:10F9C0004FF48063002031602B6016B070BD6A4632
:10F9D00000F048F80028ECDB019901F47041A1F532
:10F9E0000053594259414FF48063EBE78B89F7B5D7
:10F9F0009D0706460C4607D504F1470323602361A3
:10FA00000123636103B0F0BD01AB6A46FFF7C8FF95
:10FA1000009F054639463046FFF72EF948B9B4F93C
:10FA20000C309A05EED423F0030343F00203A381C4
:10FA3000E2E7A389206043F08003A381019BC4E92E
:10FA400004075BB1B4F90E10304600F01DF828B180
:10FA5000A38923F0030343F00103A381A3891D437A
:10FA6000A581CFE738B5074D002304460846114667
:10FA70002B60F5F77EFE431C02D12B6803B1236097
:10FA800038BD00BFA4BE052438B5064D002304468A
:10FA900008462B60F5F77DFE431C02D12B6803B1AD
:10FAA000236038BDA4BE0524F8B500BFF8BC08BC6F
:10FAB0009E467047F8B500BFF8BC08BC9E4670472C
:10FAC0004F4243204F5320507265706172696E67D8
:10FAD000210000004F4243204F5320537461727441
:10FAE000696E67210000000053746570205A6572CA
:10FAF0006F3A2050656E64696E672E2E2E000000EE
:10FB00005B53796E632054696D65215D00000000D0
:10FB100053746570204F6E653A2050656E64696E4F
:10FB2000672E2E2E000000005B434C492D496E7459
:10FB300065726661636520496E6974204661696C0F
:10FB40005D0000005B434C492D496E74657266612F
:10FB5000636520496E697420446F6E655D00000026
:10FB60005B4C696E6B204641544653204661696C7C
:10FB70005D0000005B4C696E6B204641544653208B
:10FB8000537563636573735D0000000053746570A3
:10FB90002054776F3A2050656E64696E672E2E2E62
:10FBA000000000005B53504920446576696365207E
:10FBB000496E6974204661696C5D00005B53504971
:10FBC0002044657669636520496E697420446F6ED0
:10FBD000655D00005B535049204D61737465722070
:10FBE000496E6974204661696C5D00005B53504941
:10FBF000204D617374657220496E697420446F6E84
:10FC0000655D0000537465702046696E616C3A2032
:10FC100050656E64696E672E2E2E0000537461630A
:10FC20006B204F766572666C6F77202D3E20546195
:10FC3000736B2025730000004D616C6C6F6320486E
:10FC40006F6F6B204F766572666C6F7700000000F7
:10FC50004D494E004D4F4446535000004C4F470015
:10FC6000526F6F74207461736B207374617274656A
:10FC700064000000212121204170706C696361746F
:10FC8000696F6E20496E697469616C697A61746923
:10FC90006F6E204661696C65640000004F42435FEF
:10FCA000526F6F745461736B0000000043616E6E9D
:10FCB0006F7420537461727420526F6F742D54618D
:10FCC000736B2121210000005B5761746368646FCE
:10FCD000675D205761746368646F672070726F742A
:10FCE000656374696F6E206D7574657820637265E5
:10FCF00061746564207375636365737366756C6C9A
:10FD0000792E000053797374656D20496E697420F3
:10FD100053746570205A65726F204661696C656422
:10FD20002121210053746570205A65726F3A20506A
:10FD3000415353210000000053797374656D2049CD
:10FD40006E69742053746570204F6E65204661693A
:10FD50006C6564212121000053746570204F6E652D
:10FD60003A2050415353210053797374656D2049F3
:10FD70006E697420537465702054776F20466169F2
:10FD80006C65642121210000537465702054776FE5
:10FD90003A2050415353210053797374656D2049C3
:10FDA0006E69742046696E616C204661696C656499
:10FDB00021212100537465702046696E616C3A20E0
:10FDC000504153532100000053797374656D2046F0
:10FDD00061696C6564212121000000005B57454C7E
:10FDE000434F4D455D0000004D494E5F50726F63BB
:10FDF000657373004D4F444653505F50726F636597
:10FE0000737300005379734C6F670000536F66740F
:10FE10005F5254430000000044454255475F52582A
:10FE2000000000004558505F52580000434C495FA5
:10FE300048616E646C650000765461736B3100003C
:10FE4000765461736B3200005363726970744D6154
:10FE50006E61676572000000536372697074444C90
:10FE60005300000053637269707443414D000000F9
:10FE70004C6F674D616E6167657200005541525469
:10FE80005F5553425F5258005761746368646F67EF
:10FE90004D6F6E69746F72005761746368646F6749
:10FEA00050756C7365000000434D345F4B656570A1
:10FEB000416C6976650000004C6F67466574636845
:10FEC000696E67004578704D6F6E69746F720000DF
:10FED0005B53796E632054696D65215D00000000FD
:10FEE00000000000466F7277617264206D6F646578
:10FEF0002064697361626C65642064756520746F49
:10FF000020313020636F6E73656375746976652088
:10FF1000275C272E00000000363073204379636C85
:10FF200065204865617274626561743A20256400D9
:10FF30004D6973736564206865617274626561748C
:10FF4000000000005B5761746368646F675D204D5B
:10FF50006F6E69746F7220636F756C64206E6F745E
:10FF60002061637175697265206D75746578210013
:10FF700055415254315F52580000000055415254CF
:10FF8000315F54580000000055415254325F5258BE
:10FF90000000000055415254325F545800000000E8
:10FFA00055415254375F5258000000005541525499
:10FFB000375F545800000000434D3420756E726561
:10FFC00073706F6E736976652E205472696767650A
:10FFD00072696E672072657365742E00436F756C6D
:10FFE00064206E6F74206C6F616420757365722D70
:10FFF0007077642C20706C65617365207573652063
:020000040807EB
:1000000061646D696E2D70776420696E73746561CB
:1000100064210D0A000000000D0A53657373696FB7
:100020006E2074696D6564206F7574206475652039
:10003000746F20696E61637469766974792E0D0A34
:10004000000000001B5B324A000000001B5B303BDD
:10005000304800004F42433A205B434D34202D3E50
:10006000204F42435D0000001B5B303B31480000E5
:100070000D0A00004C6F67696E206173205B61643C
:100080006D696E2F757365725D3A200061646D69EC
:100090006E00000050617373776F72643A20000045
:1000A0007573657200000000556E737570706F7225
:1000B00074656420746869732075736572206E615D
:1000C0006D652E205B61646D696E2F757365725D61
:1000D0000D0A000048656C6C6F576F726C640D0AF6
:1000E00000000000E280BEE280BEE280BEE280BE90
:1000F000E280BEE280BEE280BEE280BEE280BEE27E
:1001000080BEE280BEE280BEE280BEE280BEE280CF
:10011000BEE280BEE280BEE280BEE280BEE280BE81
:10012000E280BEE280BEE280BEE280BEE280BEE24D
:1001300080BEE280BEE280BEE280BEE280BEE2809F
:10014000BEE280BEE280BEE280BE0D0A000000007A
:100150004C6F6767656420696E2061732061646D10
:10016000696E3A20534C542D4F42432076312E3243
:100170002E300D0A000000004E6F772D5254433A86
:1001800020253032642F253032642F323025303232
:100190006420253032643A253032643A25303264A6
:1001A000000000005F5F5F5F5F5F5F5F5F5F5F5FDB
:1001B0005F5F5F5F5F5F5F5F5F5F5F5F5F5F5F5F4F
:1001C0005F5F5F5F5F5F0D0A000000002020205F1F
:1001D0005F5F205F5F205F5F5F5F5F5F5F205F5FEC
:1001E0005F5F20205F5F5F20205F5F5F5F5F0D0AC2
:1001F0000000000020202F205F5F2F202F2F5F2086
:10020000205F5F285F29205F5F205C2F205F20290F
:100210002F205F5F5F2F0D0A00000000205F5C2031
:100220005C2F202F5F5F2F202F205F202F202F5F3C
:100230002F202F205F20202F202F5F5F20200D0AEE
:10024000000000002F5F5F5F2F5F5F5F5F2F5F2FFA
:1002500020285F295C5F5F5F5F2F5F5F5F5F2F5CC0
:100260005F5F5F2F20200D0A000000004C6F676762
:10027000656420696E20617320757365723A20533E
:100280004C542D4F42432076312E322E300D0A0031
:10029000546F6F206D616E79206661696C656420B2
:1002A000617474656D7074732E20506C6561736534
:1002B0002074727920616761696E2E00496E636FE8
:1002C00072726563742070617373776F72642E202D
:1002D000506C656173652074727920616761696E25
:1002E0002E00000048656C6C6F3132330D0A00003F
:1002F000556C746973000000646576005072696E15
:1003000074206C697374206F6620646576656C6F09
:1003100070657220636F6D6D616E64730000000024
:1003200068656C70000000005072696E74206C6922
:100330007374206F6620636F6D6D616E6473205BF4
:100340004669726D776172653A20315D0000000088
:10035000636C7300436C656172732074686520631D
:100360006F6E736F6C65000054696D65000000006E
:100370007274635F73657400536574205254432034
:1003800074696D653A207274635F736574203C68AC
:100390003E203C6D3E203C733E203C44443E203C8D
:1003A0004D4D3E203C59593E000000007274635F81
:1003B00067657400476574205254432E205573615D
:1003C00067653A207274635F676574203C68617288
:1003D000647C736F66747C776F726B7C65706F631F
:1003E000687C616C6C3E000065706F63685F73656C
:1003F00074000000536574205254432074696D6585
:100400002062792065706F63683A207274635F734D
:10041000657465706F6368203C65706F63683E004B
:100420006D6F64655F6261636B75705F7363726942
:1004300070745F6C696E65002D0000006672616DFE
:100440005F77726974650000577269746520746F14
:10045000204652414D3A206672616D5F7772697431
:1004600065205B616464726573735D205B76616CAB
:1004700075655D006672616D5F72656164000000A4
:10048000526561642066726F6D204652414D3A207C
:100490006672616D5F72656164205B616464726540
:1004A00073735D0046696C6553797374656D000004
:1004B0006C7300004C6973742066696C6573206905
:1004C0006E2066696C6573797374656D0000000059
:1004D000666F726D61745F7364000000466F726DC9
:1004E000617420534420636172642066696C657393
:1004F000797374656D202864656C65746520616C22
:100500006C29000073645F6C6F636B696E000000A0
:100510004C6F636B2053442066696C657379737408
:10052000656D000073645F72656C656173650000E2
:1005300052656C656173652053442066696C657310
:10054000797374656D00000076696D5F6279706122
:10055000737300005772697465206E6F2071756542
:1005600075653A2076696D5F627970617373203CBE
:1005700066696C656E616D653E2022636F6E7465A1
:100580006E74220076696D0057726974652071750A
:100590006575653A2076696D203C66696C656E61AB
:1005A0006D653E2022636F6E74656E7422000000DC
:1005B00063617400526561642066696C6520636FD5
:1005C0006E74656E743A20636174203C66696C6574
:1005D0006E616D653E0000006469736B5F696E66F5
:1005E0006F00000053686F772066696C65737973DC
:1005F00074656D2075736167652028746F74616C14
:100600002F667265652F70657263656E74290000D0
:1006100052502D434D340000636D345F727374008B
:100620005472696767657220434D34207265736543
:10063000742070756C736520286C6F772074686502
:100640006E20686967682900636D345F64697300B0
:1006500044697361626C6520434D3420706F776527
:10066000722028647269766520656E61626C65200F
:100670006C6F772900000000636D345F656E610068
:10068000456E61626C6520434D3420706F776572F2
:100690002028647269766520656E61626C652068E9
:1006A0006967682900000000455850006578705F50
:1006B000666F727761726400456E61626C65206678
:1006C0006F7277617264206D6F64653A206578702F
:1006D0005F666F7277617264203C636D347C757302
:1006E000627C6E6F726D616C3E0000006578705FB9
:1006F00073656E640000000053656E64204D73677F
:1007000020746F204558503A206578705F73656E8D
:100710006420226D65737361676522006578705F80
:100720006C697374656E000043686F6F7365207742
:10073000206C697374656E20746F204558503A20A0
:100740006578705F6C697374656E203C636D347C92
:100750007573627C6F66663E0000000053797374A7
:10076000656D0000616C6976655F636865636B0049
:10077000436865636B20616C697665204F42432056
:100780002D204558503A20616C6976655F63686535
:10079000636B000072746F735F636865636B000066
:1007A000436865636B204672656552544F532074ED
:1007B00061736B733A2072746F735F636865636B08
:1007C000000000006C6F675F6F7574004C6F6720EE
:1007D0004F7574007077645F6368616E67650000D1
:1007E0004368616E6765207573657220706173730D
:1007F000776F72643A207077645F6368616E6765D3
:10080000203C6E65775F70617373776F72643E0032
:10081000646D6573670000005072696E7420646DCA
:10082000657367206C6F67733A20646D657367202A
:100830005B4E5D0072657365740000005265736500
:1008400074204D43553A20726573657400000000B2
:100850004D656D6F7279000072616D5F66696C6CD9
:100860000000000046696C6C203230304B42205250
:10087000414D5F44322077697468207061747465FB
:10088000726E206461746120317C327C3300000020
:1008900072616D5F64756D700000000044756D706D
:1008A00020636F6E74656E7473206F662032303013
:1008B0004B422052414D5F4432000000737461741A
:1008C000655F746F636D3400476574206F722072CA
:1008D0006573657420746F434D342073746174655F
:1008E0003A2073746174655F746F636D34203C6784
:1008F00065747C72657365743E000000636F6C6C98
:100900006563745F6461746100000000436F6C6C28
:1009100065637420646174613A20636F6C6C656315
:10092000745F64617461203C747970653E203C732F
:10093000616D706C653E000070756C6C5F64617415
:100940006100000050756C6C2064617461207374E8
:10095000617475733A2070756C6C5F6461746100CA
:10096000736C6176657370695F7273740000000068
:1009700052657365742053504920536C617665202D
:1009800044657669636520746F20696E6974696176
:100990006C207374617465006D61737465725F724D
:1009A00065616400526561642064617461207669E8
:1009B000612053504936204D61737465723A206D41
:1009C00061737465725F72656164203C73697A65F6
:1009D0003E000000636D345F746573745F636F6E17
:1009E0006E656374696F6E006578705F706C6561C9
:1009F00073655F72657365740000000074657374DD
:100A00005F636F6E6E656374696F6E0053656E64CD
:100A100020544553545F434F4E4E454354494F4E27
:100A20005F434D44207769746820612033322D6222
:100A300069742076616C7565000000006578705FF0
:100A40007365745F727463006578705F7365745F5B
:100A5000727463202D20557365204F4243205254F9
:100A6000430000006E74635F7365745F636F6E7440
:100A7000726F6C006E74635F7365745F636F6E7426
:100A8000726F6C203C636F6E74726F6C206D61735B
:100A90006B3E00007365745F74656D705F70726F9C
:100AA00066696C65000000003C7265665F743E20FC
:100AB0003C6D696E5F743E203C6D61785F743E20D2
:100AC0003C6E74635F7072693E203C6E74635F734A
:100AD00065633E203C6175746F5F7263763E203CB7
:100AE0007465635F6D61736B3E203C68656174651E
:100AF000725F6D61736B3E203C7465635F766F6CF3
:100B00003E203C6865617465725F647574793E006F
:100B100073746172745F74656D705F70726F666913
:100B20006C65000053656E642053544152545F5409
:100B3000454D505F50524F46494C455F434D440030
:100B400073746F705F74656D705F70726F66696CDF
:100B50006500000053656E642053544F505F544548
:100B60004D505F50524F46494C455F434D44000045
:100B70007365745F6F766572726964655F746563CF
:100B80005F70726F66696C65000000007365745F6A
:100B90006F766572726964655F7465635F70726FAA
:100BA00066696C65203C6974763E203C696E6465BC
:100BB000783E203C766F6C3E0000000073746172DA
:100BC000745F6F766572726964655F7465635F7088
:100BD000726F66696C65000053656E642053544102
:100BE00052545F4F564552524944455F5445435F06
:100BF00050524F46494C455F434D440073746F70EB
:100C00005F6F766572726964655F7465635F707249
:100C10006F66696C6500000053656E642053544F25
:100C2000505F4F564552524944455F5445435F50CB
:100C3000524F46494C455F434D4400007365745F15
:100C400073616D706C696E675F70726F66696C65F9
:100C5000000000007365745F73616D706C696E678E
:100C60005F70726F66696C65203C726174653E20CE
:100C70003C7072653E203C696E3E203C706F737420
:100C80003E0000007365745F6C617365725F696E2E
:100C900074656E73697479007365745F6C617365F4
:100CA000725F696E74656E73697479203C696E74E5
:100CB000656E736974793E007365745F706F7369F4
:100CC00074696F6E000000007365745F706F736904
:100CD00074696F6E203C706F736974696F6E3E004B
:100CE00073746172745F73616D706C696E675F635A
:100CF00079636C650000000053656E6420535441B5
:100D000052545F53414D504C494E475F4359434CF9
:100D1000455F434D440000006765745F696E666F10
:100D20005F73616D706C650053656E642047455458
:100D30005F494E464F5F53414D504C455F434D44D4
:100D4000000000006765745F6368756E6B000000EB
:100D50006765745F6368756E6B203C6E756D5F636D
:100D600068756E6B3E0000006765745F6368756E42
:100D70006B5F6372630000006765745F6368756E24
:100D80006B5F637263203C6E756D5F6368756E6B3D
:100D90003E0000007365745F6578745F6C61736515
:100DA000725F70726F66696C650000007365745FD6
:100DB0006578745F6C617365725F70726F66696C81
:100DC00065203C696E74656E736974793E0000003D
:100DD0007475726E5F6F6E5F6578745F6C6173655A
:100DE000720000007475726E5F6F6E5F6578745F7D
:100DF0006C61736572203C706F736974696F6E3ECD
:100E0000000000007475726E5F6F66665F657874CF
:100E10005F6C61736572000053656E6420545552B7
:100E20004E5F4F46465F4558545F4C415345525FB5
:100E3000434D44007365745F6C617365725F696EE6
:100E4000740000007365745F6C617365725F696E36
:100E500074203C706F733E203C70657263656E74E5
:100E60003E0000007365745F6C617365725F657846
:100E7000740000007365745F6C617365725F657800
:100E800074203C706F733E203C70657263656E74B5
:100E90003E0000006765745F63757272656E740072
:100EA000637573746F6D5F636D64000073656E646A
:100EB0005F637573746F6D5F636D64203C737472F0
:100EC000696E673E000000007363726970745F6D45
:100ED000616E61676572000065726173655F73635F
:100EE00072697074000000006C776C5F64656275F5
:100EF000670000006C776C5F6C6F6700616C6976EF
:100F000065636D345F6C6F67000000007465737417
:100F1000636173650000000052756E207374657024
:100F20002D62792D737465702074657374636173B9
:100F3000653A207465737463617365203C6D6F64FA
:100F4000653E00006F62635F7365740053657420D3
:100F50004F424320636F6E6669672028636C695F48
:100F60006D6F64655B307C31646D6573677C326284
:100F700073637269707C33616C6C5D7C74687265DC
:100F800073686F6C647C6461746529006F62635F71
:100F900067657400476574204F424320636F6E6637
:100FA00069672076616C7565730000007265617316
:100FB0006F6E5F72657365740000000053686F7731
:100FC000206C61737420726573657420636175733E
:100FD000650000007363726970745F73746172748A
:100FE000000000005374617274207363726970743E
:100FF00020657865637574696F6E0000736372694C
:1010000070745F73746F700053746F7020736372C9
:1010100069707420657865637574696F6E0000008F
:101020007363726970745F706175736500000000AE
:10103000506175736520736372697074206578659B
:10104000637574696F6E00007363726970745F72A8
:101050006573756D65000000526573756D6520736D
:10106000637269707420657865637574696F6E006A
:1010700055736167653A2072616D5F66696C6C20BB
:101080003C317C327C333E203C73697A653E2028BB
:10109000313A20302D3235352C20323A204153431D
:1010A00049492C20333A2072616E646F6D2C207395
:1010B000697A653A20312D3230304B4229000000E8
:1010C000496E76616C69642073697A652E204D756E
:1010D0007374206265203120746F20256C75206246
:1010E000797465732E000000524541445953454EB2
:1010F000440000004552524F5200000042555359DF
:101100000000000043616E6E6F742066696C6C2095
:1011100052414D2E2043757272656E742073746156
:1011200074653A202573000046696C6C656420255F
:101130006C752062797465732077697468207061BA
:10114000747465726E20302D32353520726570658D
:101150006174696E6700000046696C6C65642025E7
:101160006C752062797465732077697468204153C7
:10117000434949207061747465726E20283078325A
:10118000302D30783746290046696C6C656420251F
:101190006C75206279746573207769746820726158
:1011A0006E646F6D2062797465730000496E7661BC
:1011B0006C6964206F7074696F6E2E205573653A88
:1011C0002072616D5F66696C6C203C317C327C33CF
:1011D0003E203C73697A653E0000000053746172E2
:1011E00074206F662052414D5F44322028307825AC
:1011F00030386C58293A20307825303258000000B9
:10120000456E64206F662052414D5F443220283085
:10121000782530386C58293A2030782530325800FB
:1012200043524331362D584D4F44454D3A20307886
:10123000253034580000000000000000557361673D
:10124000653A2072616D5F64756D70203C73697AD8
:10125000653E202873697A653A20312D3230304B53
:101260004229000044756D70696E6720256C7520F9
:101270006279746573206F662052414D5F4433205C
:10128000636F6E74656E74733A000000426173653B
:1012900020616464726573733A2030782530386C4D
:1012A000582C20646174615B305D20402025700003
:1012B00030782530386C583A2000000025303258FC
:1012C0002000000044756D7020636F6D706C657454
:1012D000652E20436F756E74656420627974657342
:1012E0003A20256C752C2043524331362D584D4FF2
:1012F00044454D3A203078253034580055736167A5
:10130000653A2073746174655F746F636D34203C5B
:101310006765747C72657365743E00006765740070
:10132000746F434D342053746174653A20455252B2
:101330004F520000746F434D342053746174653A0A
:1013400020524541445953454E440000746F434D6B
:10135000342053746174653A20425553590000009B
:10136000746F434D342053746174653A2049444C82
:1013700045000000746F434D342053746174653A26
:1013800020554E4B4E4F574E00000000746F434D9A
:101390003420537461746520726573657420746FB2
:1013A0002049444C45000000496E76616C69642018
:1013B0006F7074696F6E2E2055736167653A207384
:1013C000746174655F746F636D34203C6765747C11
:1013D00072657365743E000053504920536C61760A
:1013E0006520446576696365206E6F7420696E6957
:1013F0007469616C697A656400000000535049208B
:10140000536C617665204465766963652072657307
:10141000657420746F2049444C4520737461746571
:10142000000000004661696C656420746F2072657D
:101430007365742053504920536C61766520446570
:10144000766963650000000055736167653A206343
:101450006F6C6C6563745F64617461203C74797057
:10146000653E203C73616D706C653E00436F6C6C33
:10147000656374656420256C752073616D706C659F
:1014800073202874797065202564292C2073697A6B
:10149000653A20256C752062797465732C2043525F
:1014A000433A203078253034580000005479706574
:1014B000202564206E6F7420696D706C656D656E9B
:1014C000746564207965742E000000004661696CC3
:1014D000656420746F20636F6C6C65637420646155
:1014E00074612E204572726F7220636F64653A20BA
:1014F0002564000053746174653A2049444C4500EA
:1015000053746174653A20425553590053746174A1
:10151000653A20524541445953454E442C2043528C
:10152000433A203078253034582C2053697A653A74
:1015300020256C75206279746573000053746174A2
:10154000653A20524541445953454E442C2062751A
:1015500074206E6F2076616C696420646174612010
:10156000636F6E746578740053746174653A2045D6
:1015700052524F520000000053746174653A205576
:101580004E4B4E4F574E000055736167653A206DC4
:1015900061737465725F72656164203C73697A651A
:1015A0003E202873697A653A20312D3230304B4223
:1015B00029000000535049204D6173746572204426
:1015C0006576696365206E6F7420696E6974696100
:1015D0006C697A65640000005265616420256C7551
:1015E00020627974657320766961205350493620F2
:1015F0004D61737465722C204352433A2030782534
:10160000303458004661696C656420746F207265DF
:10161000616420646174612E204572726F72206370
:101620006F64653A202564001B5B324A00000000AD
:1016300055736167653A207274635F736574203C0B
:10164000686F75723E203C6D696E7574653E203C16
:101650007365636F6E643E203C6461793E203C6D2F
:101660006F6E74683E203C796561723E0000000038
:10167000496E76616C696420686F757220286D759B
:10168000737420626520302D3233292E20506C6512
:1016900061736520656E74657220616761696E2E85
:1016A00000000000496E76616C6964206D696E759A
:1016B000746520286D75737420626520302D35396E
:1016C000292E20506C6561736520656E74657220EB
:1016D000616761696E2E0000496E76616C696420F5
:1016E0007365636F6E6420286D7573742062652066
:1016F000302D3539292E20506C6561736520656E5B
:1017000074657220616761696E2E0000496E7661B2
:101710006C69642064617920286D7573742062653A
:1017200020312D3331292E20506C65617365206581
:101730006E74657220616761696E2E00496E766114
:101740006C6964206D6F6E746820286D75737420E9
:10175000626520312D3132292E20506C6561736510
:1017600020656E74657220616761696E2E000000ED
:10177000496E76616C6964207965617220286D75A7
:1017800073742062652032206469676974732C2049
:10179000652E672E2C20323520666F722032303253
:1017A00035292E20506C6561736520656E746572F5
:1017B00020616761696E2E002D2D3E20525443201A
:1017C00073657420746F20253032643A253032649A
:1017D0003A253032642C20253032642F2530326493
:1017E0002F3230253032640055736167653A2072BC
:1017F00074635F676574203C686172647C736F66B4
:10180000747C776F726B7C65706F63687C616C6CE5
:101810003E00000068617264000000002D2D3E2033
:1018200048617264205254433A2054696D653A20ED
:10183000253032643A253032643A253032642C2027
:10184000446174653A20253032642F253032642F8C
:101850003230253032642C2054656D703A20256476
:10186000000000004661696C656420746F20676544
:10187000742068617264205254430D0A0000000015
:10188000736F6674000000002D2D3E20536F667448
:10189000205254433A2054696D653A202530326411
:1018A0003A253032643A253032642C204461746524
:1018B0003A20253032642F253032642F32302530E3
:1018C00032640000776F726B000000002D2D3E2007
:1018D000576F726B696E6720557074696D653A2039
:1018E00054696D653A20253032643A253032643AC5
:1018F000253032642C20446179733A20256400003D
:1019000065706F63680000002D2D3E2045706F6389
:10191000683A20256C750000616C6C004661696C4A
:10192000656420746F20676574206861726420525A
:1019300054430000556E6B6E6F776E206D6F64655B
:101940002E205573653A207274635F676574203C7E
:10195000686172647C736F66747C776F726B7C6590
:10196000706F63687C616C6C3E000000557361674A
:10197000653A207274635F73657465706F63682085
:101980003C65706F63683E00496E76616C696420E7
:1019900065706F63682E204D757374206265203EFC
:1019A0003D20256C7500000055736167653A20661F
:1019B00072616D5F7772697465205B6164647265E2
:1019C00073735D205B76616C75655D005772697439
:1019D00065204F4B3A2041646472203078253034C2
:1019E00058203D2030782530325800004652414D75
:1019F000205772697465204572726F72206174207D
:101A0000307825303458000055736167653A206698
:101A100072616D5F72656164205B6164647265739D
:101A2000735D000052656164204F4B3A204164644D
:101A30007220307825303458203D203078253032DF
:101A4000580000004652414D2052656164204572A5
:101A5000726F722061742030782530345800000095
:101A600053442066696C6573797374656D206C6F7F
:101A7000636B65642D696E0053442066696C657301
:101A8000797374656D2072656C65617365640000BF
:101A900055736167653A2076696D203C66696C65AF
:101AA0006E616D653E2022636F6E74656E742200F8
:101AB000436F6E74656E74207772697474656E20FE
:101AC000746F202573000000436F6E74656E742080
:101AD0006578636565647320384B42206C696D6975
:101AE000740000004661696C656420746F20777231
:101AF00069746520746F2066696C65005573616751
:101B0000653A20636174203C66696C656E616D6541
:101B10003E0000004469736B20546F74616C3A207E
:101B2000256C75204B4200004469736B204672653A
:101B300065203A20256C75204B4200005573656482
:101B40002020202020203A20257525250000000097
:101B50004661696C656420746F20676574206469F0
:101B6000736B20696E666F2E00000000434D3420B9
:101B700072657365742070756C7365207472696723
:101B800067657265642E0000434D3420706F776581
:101B9000722064697361626C65642028656E61629D
:101BA0006C652064726976656E206C6F77292E00F3
:101BB000434D3420706F77657220656E61626C658D
:101BC000642028656E61626C652064726976656E5A
:101BD0002068696768292E0055736167653A20653A
:101BE00078705F666F7277617264203C636D347CDD
:101BF0007573627C6E6F726D616C3E00636D340054
:101C0000466F7277617264206D6F646520656E61E6
:101C1000626C65643A20434D34203C2D3E2045588B
:101C20005020666F7277617264696E672E000000E3
:101C300075736200466F7277617264206D6F6465C0
:101C400020656E61626C65643A20434443203C2DFC
:101C50003E2045585020666F7277617264696E67E6
:101C60002E0000006E6F726D616C0000466F72771F
:101C7000617264206D6F64652064697361626C6574
:101C8000642E204F7065726174696E6720696E20E2
:101C90004E4F524D414C206D6F64652E0000000088
:101CA000496E76616C696420706172616D657465FE
:101CB000722E2055736167653A206578705F666F94
:101CC0007277617264203C636D347C7573627C6EE4
:101CD0006F726D616C3E000055736167653A2065F7
:101CE00078705F6C697374656E203C636D347C75CD
:101CF00073627C6F66663E004C697374656E206D1E
:101D00006F646520656E61626C65643A2045585069
:101D100020646174612066726F6D205541525437A2
:101D20002077696C6C2062652073656E7420746F17
:101D300020554152545F44454255472E0000000053
:101D40004C697374656E206D6F646520656E6162A9
:101D50006C65643A20455850206461746120667255
:101D60006F6D2055415254372077696C6C20626545
:101D70002073656E7420746F204344432E0000006E
:101D80006F6666004C697374656E206D6F646520C4
:101D900064697361626C65642E204F706572617452
:101DA000696E6720696E204E4F524D414C206D6F19
:101DB00064652E00496E76616C69642070617261A1
:101DC0006D657465722E2055736167653A2065787C
:101DD000705F6C697374656E203C636D347C7573E1
:101DE000627C6F66663E000055736167653A2065E8
:101DF00078705F73656E6420226D657373616765CB
:101E0000220000004D6573736167652073656E7411
:101E100020746F20455850207669612055415254F6
:101E2000372E000043616C6C6261636B2045766500
:101E30007279000043616C6C6261636B204D6F6D61
:101E4000656E740043616C6C6261636B20436F75F7
:101E50006E74646F776E000048656C6C6F206672FC
:101E60006F6D204F42432D53544D33322E20537407
:101E7000617475733A204F4B00000000537061721B
:101E8000726F772063616C6C204561676C652E20F2
:101E9000436F64653A204F4B000000004561676C5A
:101EA0006520636C6561722C20656E642E20436F23
:101EB00064653A204F4B00004E756D626572206F6D
:101EC00066207461736B732072756E6E696E673A0B
:101ED00020256C75000000004E6F207461736B73D9
:101EE00020666F756E64206F72206572726F72204B
:101EF0006F636375727265642E000000546F7461C5
:101F00006C205461736B733A20256C7500000000DF
:101F10005461736B204E616D6520202020202020AD
:101F20002020205374617465202020202050726985
:101F30006F2020537461636B204C65667400000051
:101F40002D2D2D2D2D2D2D2D2D2D2D2D2D2D2D2DC1
:101F50002D2D2D2D2D2D2D2D2D2D2D2D2D2D2D2DB1
:101F60002D2D2D2D2D2D2D2D0000000052756E6E66
:101F7000696E67005265616479000000426C6F63AE
:101F80006B65640053757370656E640044656C65C1
:101F900074656400556E6B6E6F776E00252D313859
:101FA0007320252D31307320252D346C752025317B
:101FB000306C75004C6F6767696E67206F75742EA3
:101FC0002E2E00004C6F676F757454696D6572003A
:101FD00055736167653A207077645F6368616E6707
:101FE00065203C6E65775F70617373776F72643ED6
:101FF0000000000050617373776F726420746F6F1C
:10200000206C6F6E6720286D617820313620636800
:102010006172616374657273292E00004661696C98
:10202000656420746F2077726974652070617373C2
:10203000776F7264206C656E67746820746F2046D9
:1020400052414D2E0D0A00004661696C6564207492
:102050006F2077726974652070617373776F726433
:1020600020746F204652414D2E0D0A005573657243
:102070002070617373776F7264207570646174652A
:1020800064207375636365737366756C6C792E0079
:102090004D757374206265206C6F67676564206995
:1020A0006E2061732061646D696E20746F206368B7
:1020B000616E67652070617373776F72642E0000C4
:1020C000446D657367202D204C6F67676572204DE6
:1020D0006573736167653A002D2D3E204F6C646512
:1020E0007374203E3E0000002D2D3E204C6174652F
:1020F0007374203C3C0000004C61746573742025AF
:102100006C75204C6F67733A000000005B504C45C3
:102110004153455F52455345545F434D445D204C08
:10212000656E677468202575000000005B504C45A3
:102130004153455F52455345545F434D445D2046EE
:1021400061696C656420746F20504C454153455F54
:1021500052455345545F434D440000005573616739
:10216000653A20746573745F636F6E6E656374693E
:102170006F6E203C76616C75652833326269742914
:102180003E00000053656E7420544553545F434F26
:102190004E4E454354494F4E5F434D44207769743A
:1021A000682076616C75653A20256C75000000002A
:1021B00055736167653A20636D345F746573745F4E
:1021C000636F6E6E656374696F6E203C76616C75CB
:1021D00065283332626974293E00000053656E74CD
:1021E00020434D345F544553545F434F4E4E454357
:1021F00054494F4E5F434D4420776974682076619F
:102200006C75653A20256C750000000053656E748E
:10221000205345545F574F524B494E475F525443EA
:102220005F434D4420776974682025752D25753AE4
:1022300025753A257500000055736167653A20736E
:1022400065745F6E74635F636F6E74726F6C203C55
:102250006E7463305B303A6F66662F313A6F6E5D35
:102260003E203C6E7463313E202E2E2E203C6E7438
:1022700063373E00496E76616C69642061726775F0
:102280006D656E7420666F72206E746325642E20F7
:10229000506C6561736520757365203020286F660A
:1022A0006629206F72203120286F6E292E000000D1
:1022B00053656E74205345545F4E54435F434F4EF5
:1022C00054524F4C5F434D442077697468204461F9
:1022D0007461204865783A203078253032582C20B7
:1022E0004E5443303A2025642C204E5443313A203A
:1022F00025642C204E5443323A2025642C204E5421
:1023000043333A2025642C204E5443343A2025642C
:102310002C204E5443353A2025642C204E5443360D
:102320003A2025642C204E5443373A20256400007F
:1023300055736167653A207365745F74656D705F8E
:1023400070726F66696C65203C7265665F743E20D2
:102350003C6D696E5F743E203C6D61785F743E2019
:102360003C6E74635F7072693E203C6E74635F7391
:1023700065633E203C6175746F5F7263763E203CFE
:102380007465635F6D61736B3E203C686561746565
:10239000725F6D61736B3E203C7465635F766F6C3A
:1023A0003E203C6865617465725F647574793E00B7
:1023B00053656E74205345545F54454D505F5052E1
:1023C0004F46494C455F434D4420776974682070FF
:1023D0006172616D733A25752C2025752C20257549
:1023E0002C2025752C2025752C2025752C20257555
:1023F0002C2025752C2025752C202575000000002B
:1024000053656E742053544152545F54454D505F90
:1024100050524F46494C455F434D440053656E74DE
:102420002053544F505F54454D505F50524F4649D2
:102430004C455F434D44000055736167653A207316
:1024400065745F6F766572726964655F7465635FFA
:1024500070726F66696C65203C696E746572766136
:102460006C3E203C7465635F696E6465783E203C19
:102470007465635F766F6C3E0000000053656E7498
:10248000205345545F4F564552524944455F544589
:10249000435F50524F46494C455F434D4420776956
:1024A000746820706172616D733A2025752C202547
:1024B000752C20257500000053656E74205354411F
:1024C00052545F4F564552524944455F5445435F0D
:1024D00050524F46494C455F434D440053656E741E
:1024E0002053544F505F4F564552524944455F5414
:1024F00045435F50524F46494C455F434D440000B1
:1025000055736167653A207365745F73616D706CB4
:10251000696E675F70726F66696C65203C7261748A
:10252000653E203C7072653E203C696E3E203C70EA
:102530006F73743E0000000053656E742053455461
:102540005F53414D504C494E475F50524F46494CA6
:10255000455F434D44207769746820706172616DF6
:10256000733A726174653D256C752C207072653DFF
:1025700025752C20696E3D25752C20706F73743D78
:102580002575000055736167653A207365745F6C4B
:10259000617365725F696E74656E73697479203CEE
:1025A000696E74656E736974793E000053656E746C
:1025B000205345545F4C415345525F494E54454E5C
:1025C000534954595F434D44207769746820696EBC
:1025D00074656E736974793A202575005573616767
:1025E000653A207365745F706F736974696F6E20EC
:1025F0003C706F736974696F6E3E000053656E7452
:10260000205345545F504F534954494F4E5F434DFB
:1026100044207769746820706F736974696F6E3ACB
:102620002025750053656E742053544152545F53F6
:10263000414D504C494E475F4359434C455F434DD4
:102640004400000053656E74204745545F494E4670
:102650004F5F53414D504C455F434D4400000000D7
:1026600055736167653A206765745F6368756E6B63
:10267000203C6E756D5F6368756E6B3E00000000F8
:1026800053656E74204745545F4348554E4B5F4336
:102690004D4420666F72206368756E6B3A20257515
:1026A0000000000055736167653A206765745F63D9
:1026B00068756E6B5F637263203C6E756D5F6368F7
:1026C000756E6B3E0000000055736167653A2073BC
:1026D00065745F6578745F6C617365725F70726F4B
:1026E00066696C65203C696E74656E736974793EC9
:1026F0000000000053656E74205345545F455854E4
:102700005F4C415345525F50524F46494C455F43E1
:102710004D44207769746820696E74656E736974BE
:10272000793A20257500000055736167653A207479
:1027300075726E5F6F6E5F6578745F6C61736572E2
:10274000203C6C645F6964313E205B6C645F69644B
:10275000325D202E2E2E000053656E74205455528B
:102760004E5F4F4E5F4558545F4C415345525F4357
:102770004D4420666F72206269746D61736B3A20FC
:10278000307825303258000053656E74205455520D
:102790004E5F4F46465F4558545F4C415345525F2C
:1027A000434D440055736167653A207365745F6CEF
:1027B000617365725F696E74203C706F733E203C7C
:1027C00070657263656E743E0000000053656E7440
:1027D000205345545F4C415345525F494E545F432B
:1027E0004D44207769746820506F736974696F6E07
:1027F0003A2025752C2050657263656E743A202549
:102800007500000055736167653A207365745F6CED
:10281000617365725F657874203C706F733E203C15
:1028200070657263656E743E0000000053656E74DF
:10283000205345545F4C415345525F4558545F43C4
:102840004D44207769746820506F736974696F6EA6
:102850003A2025752C2050657263656E743A2025E8
:10286000750000005B4D414E55414C5F4745545F3C
:102870004C415345525F43555252454E545F434D70
:10288000445D20696E745F63757272656E74203D7D
:102890002025752C206578745F63757272656E747F
:1028A000203D2025750000005B4D414E55414C5F99
:1028B0004745545F4C415345525F43555252454E34
:1028C000545F434D445D204661696C656420746FBC
:1028D000204D414E55414C5F4745545F4C41534557
:1028E000525F43555252454E540000005573616784
:1028F000653A20637573746F6D5F636D64203C731C
:102900007472696E673E000053656E7420435553C0
:10291000544F4D5F434F4D4D414E4420776974688D
:1029200020737472696E673A2022257322000000BA
:1029300054696D65206C6F676765643A2025303295
:10294000642F253032642F32302530326420253018
:1029500032643A253032643A253032640D0A000080
:10296000434D34204D69737320436F756E743A2064
:102970002575202F2025640D0A000000557361671E
:10298000653A207465737463617365203C6D6F6490
:10299000657C72657365743E000000005465737455
:1029A0006361736520737461746520726573657407
:1029B0002E00000053746172742054657374636157
:1029C0007365204D6F646520256400002D3E205303
:1029D00074657020313A207365745F73616D706C3B
:1029E000696E675F70726F66696C65203130303078
:1029F0003030203130302034303030203130300031
:102A000020313030303030203130302034303030F0
:102A100020313030000000002D3E205374657020BE
:102A2000323A207365745F706F736974696F6E20DA
:102A300031000000203100002D3E205374657020CD
:102A4000333A207365745F6C617365725F696E748D
:102A5000656E7369747920353000000020353000D0
:102A60002D3E205374657020343A20737461727463
:102A70005F73616D706C696E675F6379636C65002D
:102A80002D3E205374657020353A206765745F636E
:102A900068756E6B20300000203000005B765D2092
:102AA0005465737463617365203020636F6D706C5F
:102AB000657465642E00000053656E6420746F2099
:102AC000434D34204661696C2100000053656E64FB
:102AD00020746F20434D34204F4B2100556E737589
:102AE00070706F72746564206D6F64652E204F6E18
:102AF0006C792027302720697320696D706C656DB3
:102B0000656E7465642E000046696C657379737434
:102B1000656D20666F726D61747465642073756392
:102B20006365737366756C6C792E000046696C651D
:102B300073797374656D20627573792E2054727980
:102B400020616761696E206C617465722E000000FF
:102B500046696C6573797374656D20666F726D611B
:102B600074206661696C65642E00000055736167AE
:102B7000653A206F62635F736574203C636C695FC4
:102B80006D6F64657C7468726573686F6C647C6477
:102B90006174653E203C76616C75652873293E0042
:102BA000636C695F6D6F646500000000434C4920F1
:102BB0004D6F64652073657420746F202564000078
:102BC0004661696C656420746F2073657420434CA2
:102BD00049204D6F646500007468726573686F6C9E
:102BE00064000000436C65616E20746872657368F0
:102BF0006F6C642073657420746F20257525250023
:102C00004661696C656420746F2073657420746814
:102C1000726573686F6C6400646174650000000025
:102C200055736167653A206F62635F7365742064F2
:102C3000617465203C64643E203C6D6D3E203C79AF
:102C4000793E0000436C65616E2064617465207399
:102C5000657420746F2025732F25732F2573000052
:102C60004661696C656420746F2073657420636CC1
:102C700065616E206461746500000000556E6B6EC6
:102C80006F776E206669656C643A202573000000DA
:102C9000434C49204D6F64653A20256400000000D4
:102CA0005468726573686F6C643A20257525250039
:102CB0004E65787420436C65616E20446174653A9A
:102CC00020253032752F253032752F253032750092
:102CD000536372697074204D616E616765723A204A
:102CE000535441525420657865637574696F6E0062
:102CF000536372697074204D616E616765723A202A
:102D000053544F5020657865637574696F6E000089
:102D1000536372697074204D616E616765723A2009
:102D20005041555345440000536372697074204DFF
:102D3000616E616765723A20524553554D454400B6
:102D400052657365742063617573653A204E4F5206
:102D50004D414C0052657365742063617573653A2B
:102D600020424F4F544C4F414445520052657365C9
:102D7000742063617573653A20494E56414C49444D
:102D8000202F20464952535420424F4F54000000F8
:102D900052657365742063617573653A20554E4BB7
:102DA0004E4F574E202830782530386C5829000077
:102DB0005553422D4F42434053544D33323A7E20B7
:102DC000242000000D0A00001B5B43001B5B440035
:102DD0001B5B73001B5B75001B5B40001B5B5000A3
:102DE0003E20000020000000000000002D680000D0
:102DF0002D2D68656C7000001B5B25752563000038
:102E000048656C70206973206E6F7420617661690B
:102E10006C61626C650000005B0000005D000000FA
:102E200020202020000000007C200000286E6F2061
:102E300068656C7029000000436F6D6D616E643AC7
:102E40002000000043617465676F72793A200000CA
:102E500048656C703A200000436F6D6D616E6420B0
:102E60002268656C702220726563656976657320DF
:102E70006F6E65206F72207A65726F206172677560
:102E80006D656E74730000004E6F20646576656C2E
:102E90006F706D656E7420636F6D6D616E6473200D
:102EA000617661696C61626C650000004465760062
:102EB0004465706C6F796D656E740000436F6D6D65
:102EC000616E64202264657622207265636569768E
:102ED0006573206F6E65206F72207A65726F206156
:102EE0007267756D656E747300000000556E6B6ED1
:102EF0006F776E20636F6D6D616E643A2022000003
:102F0000222E205772697465202268656C70222019
:102F1000666F722061206C697374206F6620617621
:102F200061696C61626C6520636F6D6D616E647365
:102F3000000000004661696C656420746F20616365
:102F40007175697265204653206D757465782062CD
:102F500065666F7265206C6F636B696E00000000C0
:102F60005B534446535D2046696C657379737465A1
:102F70006D206D6F756E7465642073756363657322
:102F80007366756C6C7900005B534446535D204654
:102F900061696C656420746F206D6F756E74206656
:102FA000696C6573797374656D0000004661696CC6
:102FB000656420746F206163717569726520465382
:102FC000206D75746578206265666F726520726524
:102FD0006C656173650000004661696C656420740E
:102FE0006F206372656174652066696C65737973BF
:102FF00074656D206D757465780000004661696CBC
:10300000656420746F206163717569726520465331
:10301000206D7574657800004661696C6564207484
:103020006F206F70656E2066696C652025733A208D
:1030300025640000000000004661696C656420742E
:103040006F20726561642066696C652025733A2083
:10305000256400004661696C656420746F206F70A0
:10306000656E206F72206372656174652066696C9D
:10307000652025733A202564000000004661696CD4
:10308000656420746F20777269746520746F2066A0
:10309000696C652025733A202564000053756363CD
:1030A00065737366756C6C792077726F74652074C4
:1030B0006F202573000000004C697374696E6720EF
:1030C00066696C657320696E2025732E2E2E0000B4
:1030D00020205B4449525D202025730020205B4660
:1030E000494C455D2025732020256C75206279743C
:1030F000657300004661696C656420746F206F70B1
:10310000656E206469726563746F72792025733A05
:10311000202564005B46535D204661696C65642030
:10312000746F2061637175697265204653206D75F7
:1031300074657820666F722066756C6C20666F729D
:103140006D6174005B46535D2046756C6C20666F44
:10315000726D617420636F6D706C6574656420734B
:1031600075636365737366756C6C792E000000007F
:103170005B46535D204661696C656420746F207204
:10318000656D6F756E742061667465722066756C0E
:103190006C20666F726D61742E0000005B46535D9B
:1031A00020665F6D6B6673206661696C6564206480
:1031B0007572696E672066756C6C20666F726D61E2
:1031C0007420000002010000000000000000000068
:1031D00000000000256C7500646174655F74696DA2
:1031E000652E7478740000004E656564436C6561FB
:1031F0006E75703A204661696C656420746F206753
:103200006574204653207573616765005B4C6F677A
:103210004665746368696E675D2053746172746992
:103220006E672066696C6573797374656D20636C75
:1032300065616E75702E2E2E000000005B4C6F676E
:103240004665746368696E675D204661696C656494
:1032500020746F2061637175697265204653206D1B
:103260007574657820666F7220636C65616E757029
:10327000000000005B4C6F674665746368696E67A9
:103280005D2046696C6573797374656D20636C6548
:10329000616E757020636F6D706C6574656420730A
:1032A00075636365737366756C6C79005B4C6F67EF
:1032B0004665746368696E675D204661696C656424
:1032C00020746F2072656D6F756E74206166746511
:1032D0007220636C65616E75700000005B4C6F67F7
:1032E0004665746368696E675D20665F6D6B6673C3
:1032F000206661696C656420647572696E6720631D
:103300006C65616E75700000436C65617265642068
:1033100070656E64696E6720636F6D6D616E643A8F
:10332000204944203078253032582C20457870656B
:103330006374656420307825303258004D494E2D35
:1033400054696D656F757421000000004D494E2071
:1033500050726F6365737320496E697421000000B9
:10336000526573706F6E7365204F4B202D20504C4B
:10337000454153455F52455345545F434D4400001A
:10338000526573706F6E7365204F4B202D2054452E
:1033900053545F434F4E4E454354494F4E5F434D48
:1033A0004400000054696D656F7574205445535492
:1033B0005F434F4E4E454354494F4E5F434D44008B
:1033C00002030000526573706F6E7365204F4B20CF
:1033D0002D205345545F574F524B494E475F52542F
:1033E000435F434D4400000054696D656F75742060
:1033F0005345545F574F524B494E475F5254435FBA
:10340000434D440004050000526573706F6E736590
:10341000204F4B202D205345545F4E54435F434F64
:103420004E54524F4C5F434D4400000054696D654B
:103430006F7574205345545F4E54435F434F4E5451
:10344000524F4C5F434D44000809000052657370B1
:103450006F6E7365204F4B202D205345545F5445AC
:103460004D505F50524F46494C455F434D4400001C
:1034700054696D656F7574205345545F54454D50C4
:103480005F50524F46494C455F434D440000000099
:103490000A0B0000526573706F6E7365204F4B20EE
:1034A0002D2053544152545F54454D505F50524F5C
:1034B00046494C455F434D440000000054696D652A
:1034C0006F75742053544152545F54454D505F50B2
:1034D000524F46494C455F434D4400000C0D0000DF
:1034E000526573706F6E7365204F4B202D205354BF
:1034F0004F505F54454D505F50524F46494C455FC9
:10350000434D440054696D656F75742053544F509A
:103510005F54454D505F50524F46494C455F434DB7
:10352000440000000E0F0000526573706F6E7365EB
:10353000204F4B202D205345545F4F564552524942
:1035400044455F5445435F50524F46494C455F43A5
:103550004D44000054696D656F7574205345545F88
:103560004F564552524944455F5445435F50524F70
:1035700046494C455F434D440000000010110000D7
:10358000526573706F6E7365204F4B202D2053541E
:103590004152545F4F564552524944455F5445434A
:1035A0005F50524F46494C455F434D440000000078
:1035B00054696D656F75742053544152545F4F5672
:1035C0004552524944455F5445435F50524F464926
:1035D0004C455F434D440000121300005265737068
:1035E0006F6E7365204F4B202D2053544F505F4F0B
:1035F000564552524944455F5445435F50524F46E9
:10360000494C455F434D440054696D656F757420A6
:1036100053544F505F4F564552524944455F5445AD
:10362000435F50524F46494C455F434D44000000B4
:1036300014150000526573706F6E7365204F4B2038
:103640002D205345545F53414D504C494E475F50D8
:10365000524F46494C455F434D44000054696D65E7
:103660006F7574205345545F53414D504C494E473C
:103670005F50524F46494C455F434D4400000000A7
:1036800016170000526573706F6E7365204F4B20E4
:103690002D205345545F4C415345525F494E54458C
:1036A0004E534954595F434D4400000054696D65C1
:1036B0006F7574205345545F4C415345525F494EDA
:1036C00054454E534954595F434D44001819000066
:1036D000526573706F6E7365204F4B202D205345DC
:1036E000545F504F534954494F4E5F434D4400007F
:1036F00054696D656F7574205345545F504F53493D
:1037000054494F4E5F434D44000000001A1B000017
:10371000526573706F6E7365204F4B202D2053548C
:103720004152545F53414D504C494E475F435943BA
:103730004C455F434D44000054696D656F757420BE
:1037400053544152545F53414D504C494E475F438F
:1037500059434C455F434D44000000001C1D0000D0
:10376000526573706F6E7365204F4B202D20474557
:10377000545F494E464F5F53414D504C455F434D5A
:103780004400000054696D656F7574204745545FAF
:10379000494E464F5F53414D504C455F434D4400A9
:1037A0001E1F0000526573706F6E7365204F4B20B3
:1037B0002D204745545F4348554E4B5F434D4400D1
:1037C00054696D656F7574204745545F4348554E85
:1037D0004B5F434D44000000202100005265737090
:1037E0006F6E7365204F4B202D204745545F434833
:1037F000554E4B5F4352435F434D440054696D65E2
:103800006F7574204745545F4348554E4B5F435294
:10381000435F434D44000000222300005265737053
:103820006F6E7365204F4B202D204D414E55414CFE
:103830005F5345545F4C415345525F494E54454E8A
:10384000534954595F434D440000000054696D656D
:103850006F7574204D414E55414C5F5345545F4C3C
:10386000415345525F494E54454E534954595F4365
:103870004D44000028290000526573706F6E736517
:10388000204F4B202D204D414E55414C5F545552F9
:103890004E5F4F4E5F4C415345525F434D440000D5
:1038A00054696D656F7574204D414E55414C5F54A0
:1038B00055524E5F4F4E5F4C415345525F434D440E
:1038C000000000002A2B0000526573706F6E736554
:1038D000204F4B202D204D414E55414C5F545552A9
:1038E0004E5F4F46465F4C415345525F434D440047
:1038F00054696D656F7574204D414E55414C5F5450
:1039000055524E5F4F46465F4C415345525F434DC3
:10391000440000002C2D0000526573706F6E7365BB
:10392000204F4B202D205345545F4C415345525F4F
:10393000494E545F434D440054696D656F75742062
:103940005345545F4C415345525F494E545F434D7C
:10395000440000002E2F0000526573706F6E736577
:10396000204F4B202D205345545F4C415345525F0F
:103970004558545F434D440054696D656F7574201C
:103980005345545F4C415345525F4558545F434D36
:103990004400000030310000526573706F6E736533
:1039A000204F4B202D204745545F4C4F475F434DE0
:1039B0004400000054696D656F7574204745545F7D
:1039C0004C4F475F434D44003435000052657370DF
:1039D0006F6E7365204F4B202D20435553544F4D30
:1039E0005F434F4D4D414E445F434D440000000046
:1039F00054696D656F757420435553544F4D5F4343
:103A00004F4D4D414E445F434D440000363700005A
:103A1000526573706F6E7365204F4B202D20504C94
:103A2000454153455F52455345545F4F4B0000009D
:103A300054696D656F757420504C454153455F5214
:103A4000455345545F4641494C0000005265737030
:103A50006F6E7365204F4B202D20434C45414E5FC8
:103A600050524F46494C455F434D440054696D6583
:103A70006F757420434C45414E5F50524F46494C40
:103A8000455F434D44000000060700005265737017
:103A90006F6E7365204F4B202D205345545F50446B
:103AA000415F50524F46494C455F434D4400000032
:103AB00054696D656F7574205345545F5044415F80
:103AC00050524F46494C455F434D44005265737018
:103AD0006F6E7365204F4B202D2053544152545F1D
:103AE00053414D504C455F4359434C455F434D4412
:103AF0000000000054696D656F7574205354415285
:103B0000545F53414D504C455F4359434C455F43CF
:103B10004D440000526573706F6E7365204F4B20EB
:103B20002D204745545F4C415345525F43555252F7
:103B3000454E545F444154415F434D4400000000F2
:103B400054696D656F7574204745545F4C4153450A
:103B5000525F43555252454E545F444154415F4376
:103B60004D44000024250000526573706F6E73652C
:103B7000204F4B202D204745545F4C415345525F09
:103B800043555252454E545F4352435F434D4400A8
:103B900054696D656F7574204745545F4C415345BA
:103BA000525F43555252454E545F4352435F434D1B
:103BB0004400000026270000526573706F6E736525
:103BC000204F4B202D204D414E55414C5F534554C5
:103BD0005F494E54454E534954595F434D4400008C
:103BE00054696D656F7574204D414E55414C5F535E
:103BF00045545F494E54454E534954595F434D44D3
:103C000000000000526573706F6E7365204F4B208B
:103C10002D204D414E55414C5F4745545F4C41531B
:103C200045525F43555252454E545F434D44000048
:103C300054696D656F7574204D414E55414C5F4719
:103C400045545F4C415345525F43555252454E5483
:103C50005F434D4400000000323300005265737032
:103C60006F6E7365204F4B202D205345545F455890
:103C7000545F4C415345525F494E54454E5349544D
:103C8000595F434D4400000054696D656F757420A1
:103C90005345545F4558545F4C415345525F494E1C
:103CA00054454E534954595F434D44005265737017
:103CB0006F6E7365204F4B202D205455524E5F4F31
:103CC0004E5F4558545F4C415345525F434D44004D
:103CD00054696D656F7574205455524E5F4F4E5F39
:103CE0004558545F4C415345525F434D44000000DA
:103CF000526573706F6E7365204F4B202D205455A5
:103D0000524E5F4F46465F4558545F4C41534552B3
:103D10005F434D440000000054696D656F75742069
:103D20005455524E5F4F46465F4558545F4C415381
:103D300045525F434D4400005B4F42432D436F6E3D
:103D40006669675D204572726F723A204661696CE0
:103D5000656420746F20726561642066726F6D20E7
:103D60004652414D20287374617475733A2025645E
:103D700029000000537563636573730053746F7299
:103D8000616765206E6F7420696E697469616C6922
:103D90007A656400496E76616C6964207061726155
:103DA0006D65746572730000496E76616C6964209C
:103DB0007363726970742073697A6500496E766105
:103DC0006C6964206D6167696320636F64650000DE
:103DD000435243206D69736D617463680000000095
:103DE0004652414D2072656164206572726F7200A7
:103DF0004652414D207772697465206572726F7208
:103E00000000000042756666657220746F6F207353
:103E10006D616C6C00000000536372697074206EF9
:103E20006F7420666F756E6400000000556E6B6ED7
:103E30006F776E206572726F720000005B5344539F
:103E400063686564756C65725D20436F6E66696753
:103E5000757265643A2052656C6561736520402017
:103E6000253032753A253032753A253032752028A2
:103E7000257573292C204C6F636B2D696E204020B3
:103E8000253032753A253032753A25303275202882
:103E900025757329000000005B5363726970744DCF
:103EA000616E616765725D2053746172742074691C
:103EB0006D65203D206E6F77202825752073656322
:103EC0006F6E64732066726F6D2030303A30303A16
:103ED000303029005B5363726970744D616E6167A5
:103EE00065725D20496E76616C69642074696D65E8
:103EF00020666F726D61743A20253032753A253034
:103F000032753A253032752C207573696E67206ED4
:103F10006F7700005B5363726970744D616E616707
:103F200065725D2053746172742074696D652073CD
:103F3000657420746F20253032753A253032753A19
:103F40002530327520282575207365636F6E647384
:103F50002066726F6D2030303A30303A30302900B0
:103F60005B5363726970744D616E616765725D2049
:103F700047656E65726174696E67206E657874203E
:103F80006461792074696D6520706F696E74732047
:103F90007374617274696E67206174206461696C06
:103FA000792074696D653A20257500005B53637252
:103FB0006970744D616E616765725D20496E7661EE
:103FC0006C696420706172616D65746572732066DE
:103FD0006F722074696D6520706F696E74206765FB
:103FE0006E65726174696F6E000000005B536372EE
:103FF0006970744D616E616765725D20496E7661AE
:104000006C69642073746172745F6461696C795F58
:1040100074696D653A20257520286D75737420626A
:104020006520302D38363430302900005B53637200
:104030006970744D616E616765725D2047656E657C
:10404000726174696E672074696D6520706F696E46
:1040500074733A0020202D205374617274206461BF
:10406000696C792074696D653A20257520736563E4
:104070006F6E64730000000020202D20496E74656F
:104080007276616C3A202575207365636F6E647378
:104090000000000020202D2043757272656E742090
:1040A0006461696C792074696D653A2025752073A7
:1040B00065636F6E6473000020202D20506F696E61
:1040C000742025753A20253032753A253032753AFC
:1040D0002530327520286461696C795F74696D657B
:1040E0007374616D703A2025752900005B5363720B
:1040F0006970744D616E616765725D2047656E65BC
:1041000072617465642025752074696D6520706F17
:10411000696E7473000000005B5363726970744DC4
:10412000616E616765725D204E6578742074696D9B
:104130006520706F696E7420696E6465783A202519
:104140007520286461696C795F74696D6573746149
:104150006D703A20257529005B5363726970744D48
:10416000616E616765725D20416C6C2074696D657C
:1041700020706F696E74732061726520696E20749F
:104180006865207061737420666F7220746F64615B
:10419000792C2077696C6C2073746172742066725C
:1041A0006F6D20666972737420706F696E7420740D
:1041B0006F6D6F72726F77005B5363726970744DCD
:1041C000616E616765725D2025733A2054696D6583
:1041D00020706F696E7420726561636865643A204F
:1041E000253032753A253032753A2530327520281F
:1041F0006461696C795F74696D657374616D703A3F
:104200002025752C20696E646578202575290000AD
:104210005B5363726970744D616E616765725D2096
:1042200025733A20416C6C2074696D6520706F694C
:104230006E747320636F6D706C6574656420666F57
:104240007220746F6461792C20726573657474696F
:104250006E6720666F7220746F6D6F72726F770079
:104260005B5363726970744D616E616765725D2046
:1042700025732054696D6520506F696E74733A0020
:10428000594553004E4F000020202D20436F6E668D
:104290006967757265643A202573000020202D201F
:1042A000496E74657276616C3A202575207365637A
:1042B0006F6E647320282575206D696E7574657343
:1042C0002900000020202D20546F74616C20706F35
:1042D000696E74733A2025750000000020202D209F
:1042E00043757272656E7420696E6465783A202534
:1042F0007500000020202D2043757272656E7420B9
:1043000073797374656D2074696D653A2032302558
:104310003032642D253032642D2530326420253032
:1043200032643A253032643A2530326420286461A0
:10433000696C793A20257529000000000000000012
:10434000203C2D2D204E4558540000002028636F3E
:104350006D706C6574656429000000002028706130
:104360007374206475652900202020205B25755D0D
:1043700020253032753A253032753A253032752095
:10438000286461696C795F74696D657374616D70BF
:104390003A2025752925730020202D204E6578743C
:1043A0002072756E20696E3A202575207365636FE3
:1043B0006E647320282575206D696E757465732988
:1043C000202D20746F6461790000000020202D20D2
:1043D0004E6578742072756E20696E3A20257520BE
:1043E0007365636F6E647320282575206D696E7523
:1043F00074657329202D20746F6D6F72726F770052
:1044000020202D20416C6C20706F696E74732063C6
:104410006F6D706C6574656420666F7220746F6474
:1044200061792C2077696C6C2072657365742061EA
:1044300074206D69646E6967687400005B53637211
:104440006970744D616E616765725D2025733A20F5
:1044500052756E206C696D69742073657420746F79
:1044600020494E46494E4954450000005B53637253
:104470006970744D616E616765725D2025733A20C5
:1044800052756E206C696D69742073657420746F49
:104490002025752072756E7300000000494E495446
:1044A00000000000444C530043414D009C44070869
:1044B000A4440708A84407085B5363726970744DED
:1044C000616E616765725D2025733A2052756E20BA
:1044D000636F756E74657220726573657400000099
:1044E0005B5363726970744D616E616765725D20C4
:1044F000494E49542073637269707420636F6D7004
:104500006C657465642C20656E61626C696E6720F1
:10451000726F7574696E6573000000005B5363729F
:104520006970744D616E616765725D205363726975
:1045300070742074797065202564206661696C65EB
:1045400064206166746572206D6178207265747292
:10455000696573005B5363726970744D616E616766
:1045600065725D2053637269707420747970652080
:104570002564207265747279696E67207374657042
:104580002025642028617474656D70742025642F63
:10459000256429005B5363726970744D616E6167B5
:1045A00065725D204572726F723A204661696C6572
:1045B0006420746F206372656174652073796E6323
:1045C00068726F6E697A6174696F6E206F626A6576
:1045D000637473005B5363726970744D616E6167DD
:1045E00065725D204572726F723A204661696C6532
:1045F0006420746F20696E697469616C697A6520E2
:104600007363726970742073746F72616765000000
:104610005B5363726970744D616E616765725D2092
:10462000496E697469616C697A6564207375636346
:1046300065737366756C6C79000000005B53637280
:104640006970744D616E616765725D204661696C69
:10465000656420746F20696E697469616C697A653C
:104660002053696D706C65204461746120547261DF
:104670006E736665720000005B5363726970744DFF
:10468000616E616765725D2053696D706C65204471
:10469000617461205472616E7366657220696E691F
:1046A0007469616C697A656420737563636573739B
:1046B00066756C6C790000005B5363726970744DB1
:1046C000616E616765725D204261636B67726F75D1
:1046D0006E64206C6F67206665746368696E67201E
:1046E000454E41424C4544005B5363726970744DC2
:1046F000616E616765725D204261636B67726F75A1
:104700006E64206C6F67206665746368696E6720ED
:1047100044495341424C4544000000005B536372DE
:104720006970744D616E616765725D204572726F6C
:10473000723A20496E76616C696420706172616DB5
:10474000657465727320666F72207363726970742A
:10475000206C6F6164696E67000000005B536372D8
:104760006970744D616E616765725D204572726F2C
:10477000723A204661696C656420746F20706172C2
:104780007365207363726970742074797065202575
:10479000642C20726573756C743A202564000000E7
:1047A0005B5363726970744D616E616765725D2001
:1047B0005375636365737366756C6C79206C6F6198
:1047C0006465642073637269707420747970652005
:1047D000256420776974682025642073746570737C
:1047E000000000005B5363726970744D616E616715
:1047F00065725D20536372697074207479706520EE
:10480000256420736176656420746F204652414DA3
:10481000207375636365737366756C6C7900000053
:104820005B5363726970744D616E616765725D2080
:104830005761726E696E673A204661696C656420E3
:10484000746F20736176652073637269707420746D
:1048500079706520256420746F204652414D2028D0
:10486000726573756C743A20256429005B5363721A
:104870006970744D616E616765725D204572726F1B
:10488000723A20494E495420736372697074206EE5
:104890006F74206C6F616465640000005B53637229
:1048A0006970744D616E616765725D2053746172E9
:1048B00074656420657865637574696F6E000000C7
:1048C0005B5363726970744D616E616765725D20E0
:1048D00053746F7070656420657865637574696F73
:1048E0006E0000005B5363726970744D616E6167A6
:1048F00065725D20436865636B696E6720666F72E1
:10490000206175746F2D6C6F616420636F6E6469D4
:1049100074696F6E732E2E2E000000005B5363725D
:104920006970744D616E616765725D204E6F2073B2
:1049300063726970747320666F756E6420696E208F
:104940004652414D2C2077616974696E6720666F0D
:1049500072207573657220696E7075742E2E2E002C
:104960005B5363726970744D616E616765725D203F
:104970005363726970747320666F756E6420696E1C
:10498000204652414D2C207374617274696E672009
:104990006175746F2D6C6F61642073657175656EE0
:1049A00063652E2E2E0000005B5363726970744D98
:1049B000616E616765725D20416C6C207363726922
:1049C000707473206175746F2D6C6F616465642001
:1049D0007375636365737366756C6C7900000000B2
:1049E0005B5363726970744D616E616765725D20BF
:1049F0005061727469616C206175746F2D6C6F61A8
:104A00006420636F6D706C65746564202825642F65
:104A10002564207363726970747329005B53637239
:104A20006970744D616E616765725D204175746F68
:104A30002D6C6F6164206661696C65642C20726501
:104A40007175657374696E672073637269707473CE
:104A50002066726F6D206D617374657200000000D6
:104A60005B5363726970744D616E616765725D203E
:104A700052657175657374696E67207363726970CE
:104A800074732066726F6D206D61737465722E2E63
:104A90002E0000005B5363726970744D616E616734
:104AA00065725D2052657175657374696E67202546
:104AB00073207363726970742066726F6D206D610C
:104AC00073746572000000005B5363726970744D0B
:104AD000616E616765725D204D616E75616C204627
:104AE00052414D206C6F61642072657175657374FD
:104AF000656400005B5363726970744D616E616739
:104B000065725D2045726173696E6720616C6C200F
:104B1000736372697074732066726F6D20465241C0
:104B20004D2E2E2E000000005B5363726970744D91
:104B3000616E616765725D204661696C65642074B1
:104B40006F206572617365202573207363726970CD
:104B5000743A2025730000005B5363726970744DD2
:104B6000616E616765725D20416C6C207363726970
:104B7000707473206572617365642066726F6D2056
:104B80004652414D207375636365737366756C6C33
:104B9000790000005B5363726970744D616E6167E8
:104BA00065725D20526573706F6E73652066726FFB
:104BB0006D20434D34204F4B210000005B53637246
:104BC0006970744D616E616765725D205761726EC8
:104BD000696E673A20556E6B6E6F776E20667261F4
:104BE0006D652049443A2030782530325800000065
:104BF0005B5363726970744D616E616765725D20AD
:104C0000526563656976656420494E495420667231
:104C1000616D652C2073697A653A20257500000066
:104C20005B5363726970744D616E616765725D207C
:104C3000494E495420736372697074206C6F6164CB
:104C40006564207375636365737366756C6C790056
:104C50005B5363726970744D616E616765725D204C
:104C6000526563656976656420444C5320667261C1
:104C70006D652C2073697A653A2025750000000067
:104C80005B5363726970744D616E616765725D201C
:104C9000444C5320736372697074206C6F61646557
:104CA00064207375636365737366756C6C7900005B
:104CB0005B5363726970744D616E616765725D20EC
:104CC00052656365697665642043414D2066726173
:104CD0006D652C2073697A653A2025750000000007
:104CE0005B5363726970744D616E616765725D20BC
:104CF00043414D20736372697074206C6F61646509
:104D000064207375636365737366756C6C790000FA
:104D10005B5363726970744D616E616765725D208B
:104D200052656365697665642048414C542066721B
:104D3000616D65005B5363726970744D616E61678C
:104D400065725D20526573756D6521005B536372FA
:104D50006970744D616E616765725D20526563654F
:104D600069766564205041555345206672616D65D2
:104D7000000000005B5363726970744D616E61677F
:104D800065725D2050617573652100005B5363722D
:104D90006970744D616E616765725D20526563650F
:104DA000697665642053454C465F544553542066EC
:104DB00072616D65000000005B536372697074443A
:104DC0004C535D204D414E55414C5F5345545F4916
:104DD0004E54454E534954595F434D4420726563C8
:104DE00065697665643A202575206279746573007B
:104DF0005B536372697074444C535D204661696C07
:104E0000656420746F204D414E55414C5F534554AD
:104E10005F494E54454E534954595F434D44000039
:104E20005B536372697074444C535D204D414E5521
:104E3000414C5F5455524E5F4F4E5F4C415345526B
:104E40005F434D442072656365697665643A202549
:104E500075206279746573005B5363726970744482
:104E60004C535D204661696C656420746F204D4130
:104E70004E55414C5F5455524E5F4F4E5F4C41531F
:104E800045525F434D4400005B5363726970744444
:104E90004C535D204D414E55414C5F4745545F4C4E
:104EA000415345525F43555252454E5420726563FB
:104EB00065697665643A20257520627974657300AA
:104EC0005B536372697074444C535D204661696C36
:104ED000656420746F204D414E55414C5F474554E9
:104EE0005F4C415345525F43555252454E5400006A
:104EF0005B536372697074444C535D20696E745FD8
:104F000063757272656E74203D2025752C2065785E
:104F1000745F63757272656E74203D2025750000A4
:104F20005B536372697074444C535D204D414E5520
:104F3000414C5F5455524E5F4F46465F4C4153457E
:104F4000525F434D442072656365697665643A201B
:104F50002575206279746573000000005B536372ED
:104F6000697074444C535D204661696C65642074BB
:104F70006F204D414E55414C5F5455524E5F4F4648
:104F8000465F4C415345525F434D44005B5363724F
:104F9000697074444C535D20556E6B6E6F776E2054
:104FA000747970653A202575000000005B536372C8
:104FB0006970744D616E616765725D205254432063
:104FC00073657420746F20253032643A2530326462
:104FD0003A253032642C20253032642F253032645B
:104FE0002F323025303264005B5363726970744D28
:104FF000616E616765725D2052656365697665649F
:105000002052554E206672616D6500005B536372DD
:105010006970744D616E616765725D2053656E7471
:10502000205254433A20253032643A253032643AD3
:10503000253032642C20253032642F253032642F05
:1050400032302530326420746F20434D340000002C
:105050005B5363726970744D616E616765725D2048
:105060005265636569766564205550444154455FD7
:105070004F4243206672616D650000005B536372AE
:105080006970744D616E616765725D20526563651C
:1050900069766564205550444154455F4558502019
:1050A0006672616D650000005B5363726970744DD8
:1050B000616E616765725D205472696767657269C8
:1050C0006E6720444C5320726F7574696E650000E2
:1050D0005B5363726970744D616E616765725D20C8
:1050E00054726967676572696E672043414D20722B
:1050F0006F7574696E6500005B5363726970744408
:105100004C535D205374617274696E6720444C5334
:1051100020726F7574696E65206578656375746952
:105120006F6E00005B536372697074444C535D2072
:105130004D61782072657472696573207265616370
:1051400068656420666F7220737465702025642022
:10515000E2809420736B697070696E67207468696F
:10516000732072756E0000005B5363726970744443
:105170004C535D205265747279696E672073746553
:10518000702025642028617474656D707420256416
:105190002F256429000000005B536372697074441A
:1051A0004C535D2052756E206C696D697420726578
:1051B000616368656421204E6F206D6F72652065A4
:1051C0007865637574696F6E732E00005B5363724C
:1051D000697074444C535D2052756E732072656D16
:1051E00061696E696E673A20257500005B536372D2
:1051F000697074444C535D20526F7574696E6520FC
:10520000636F6D706C65746564207375636365733B
:105210007366756C6C792028746F74616C2072757C
:105220006E733A20257529002D2D2D2D2D2D2D2D18
:105230002D2D2D2D2D2D2D2D2D2D2D2D2D2D2D2D9E
:105240002D2D2D2D2D2D2D2D2D2D2D2D2D2D2D2D8E
:105250002D2D2D2D2D2D2D2D2D2D2D2D2D2D2D2D7E
:105260002D2D2D005B53637269707443414D5D2099
:105270005374617274696E672043414D20726F757B
:1052800074696E6520657865637574696F6E00007A
:105290005B53637269707443414D5D204D617820AA
:1052A00072657472696573207265616368656420F4
:1052B000666F72207374657020256420E2809420EC
:1052C000736B697070696E6720746869732072759A
:1052D0006E0000005B53637269707443414D5D2042
:1052E0005265747279696E672073746570202564E5
:1052F0002028617474656D70742025642F256429DD
:10530000000000005B53637269707443414D5D207F
:1053100052756E206C696D69742072656163686591
:105320006421204E6F206D6F72652065786563750E
:1053300074696F6E732E00005B53637269707443FF
:10534000414D5D2052756E732072656D61696E69A5
:105350006E673A20257500005B5363726970744371
:10536000414D5D20526F7574696E6520636F6D707D
:105370006C65746564207375636365737366756CBF
:105380006C792028746F74616C2072756E733A208A
:10539000257529005B4C6F674665746368696E67A5
:1053A0005D20537461626C652045585020747269A9
:1053B000676765722064657465637465642E20494F
:1053C0006E6974696174696E672073706563696181
:1053D0006C207472616E736665722E006578705F02
:1053E0006C6F675F3230253032642530326425308F
:1053F00032645F25303264253032642530326400F7
:105400005B4C6F674665746368696E675D204558DD
:1054100050207472616E7366657220636F6D706C7C
:1054200065746564207375636365737366756C6C0E
:10543000790000005B4C6F674665746368696E674E
:105440005D20455850207472616E736665722066E7
:1054500061696C65643A2025640000005B4C6F67ED
:105460004665746368696E675D204C6F674D616E59
:10547000616765725F50726F6365737320666169FF
:105480006C65643A202564005B4C6F674665746305
:1054900068696E675D204661696C656420746F2081
:1054A0006163717569726520657865637574696F8C
:1054B0006E206D757465782C2077696C6C20726530
:1054C000747279206E657874206379636C6500006E
:1054D0005B4C6F674665746368696E675D205065F5
:1054E00072666F726D696E6720706572696F64694C
:1054F0006320636C65616E75702E2E2E00000000B7
:105500005B4C6F674665746368696E675D20466FC4
:10551000726D6174696E67206661696C2E2E2E0053
:105520005B53445363686564756C65725D205344D6
:105530002052656C65617365000000005B53445345
:1055400063686564756C65725D2053442052656CB8
:1055500065617365204641494C4544005B534453A3
:1055600063686564756C65725D205344204C6F639D
:105570006B2D696E000000005B53445363686564E3
:10558000756C65725D205344204C6F636B2D696EA2
:10559000204641494C4544005B536372697074492D
:1055A0006E69745D20457865637574696E672073F4
:1055B0007465702025753A20616374696F6E5F6948
:1055C00064203D2030782530325800005B536372F0
:1055D000697074496E69745D202D3E434C4541529B
:1055E0005F50524F46494C45000000005B536372C8
:1055F000697074496E69745D202D3E52756E206C21
:10560000696D69743A20494E46494E495459000023
:105610005B536372697074496E69745D202D3E52EC
:10562000756E206C696D69743A2025750000000064
:105630005B536372697074496E69745D202D3E53CB
:1056400045545F53595354454D3A2053797374650B
:105650006D207374617274206461696C792074695F
:105660006D65203D202575207365636F6E64730042
:105670005B536372697074496E69745D202D3E538B
:1056800045545F53595354454D3A2052656C6561FA
:1056900073652054696D65203D20253032753A25AB
:1056A0003032753A253032752028696E666F206F6A
:1056B0006E6C7929000000005B5363726970744955
:1056C0006E69745D202D3E5345545F5359535445C4
:1056D0004D3A204C6F636B2D696E2054696D6520C7
:1056E0003D20253032753A253032753A25303275F5
:1056F0002028696E666F206F6E6C792900000000AB
:105700005B536372697074496E69745D202D3E53FA
:1057100045545F53595354454D3A20444C53204906
:105720006E74657276616C203D202575207365630B
:105730006F6E6473000000005B536372697074499C
:105740006E69745D202D3E5345545F535953544543
:105750004D3A2043414D20496E74657276616C204C
:105760003D202575207365636F6E64730000000033
:105770005B536372697074496E69745D202D3E538A
:1057800045545F53595354454D3A20444C5320746B
:10579000696D6520706F696E74732067656E6572E0
:1057A00061746564207375636365737366756C6C8F
:1057B000790000005B536372697074496E69745DAF
:1057C000202D3E5345545F53595354454D3A20467E
:1057D00061696C656420746F2067656E65726174C1
:1057E0006520444C532074696D6520706F696E7438
:1057F000730000005B536372697074496E69745D75
:10580000202D3E5345545F53595354454D3A204340
:10581000414D2074696D6520706F696E74732067E7
:10582000656E657261746564207375636365737317
:1058300066756C6C790000005B5363726970744923
:105840006E69745D202D3E5345545F535953544542
:105850004D3A204661696C656420746F2067656EFF
:1058600065726174652043414D2074696D652070D7
:105870006F696E74730000005B53637269707449E2
:105880006E69745D202D3E5345545F5254433A2057
:10589000536F7572636520747970653A20257520A1
:1058A0002D204F42432D5254430000005B5363723E
:1058B000697074496E69745D202D3E5345545F5282
:1058C00054433A20536F7572636520747970653A5A
:1058D000202575202D204E616E6F64652D4E54502D
:1058E000000000005B536372697074496E69745DF7
:1058F000202D3E5345545F5254433A20556E6B6EF3
:105900006F776E20736F7572636520747970652090
:105910002D202575000000005B5363726970744987
:105920006E69745D202D3E5345545F5254433A20B6
:1059300053657420525443202D20736F7572636534
:105940003D25752C20696E74657276616C3D2575F8
:10595000000000005B536372697074496E69745D86
:10596000202D3E5345545F4E54435F434F4E545297
:105970004F4C3A204661696C656420746F207061F9
:1059800072736520656E61626C655F696E646578CF
:105990005F2575005B536372697074496E69745D4D
:1059A000202D3E5345545F4E54435F434F4E545257
:1059B0004F4C3A20496E76616C69642076616C7553
:1059C0006520617420656E61626C655F696E6465F7
:1059D000785F25753A20257520286D7573742062CF
:1059E000652030206F72203129000000454E414271
:1059F0004C45440044495341424C4544000000009A
:105A00005B536372697074496E69745D202D3E53F7
:105A100045545F4E54435F434F4E54524F4C3A20CF
:105A20004E54435B25755D20257300005B53637204
:105A3000697074496E69745D205345545F4E5443D8
:105A40005F434F4E54524F4C2072656365697665D3
:105A5000643A202575206279746573005B53637224
:105A6000697074496E69745D204661696C65642073
:105A7000746F205345545F4E54435F434F4E54520E
:105A80004F4C00005B536372697074496E69745DBA
:105A9000202D3E5345545F54454D505F50524F4664
:105AA000494C453A205461726765743D25752C2038
:105AB0004D696E3D25752C204D61783D25750000A2
:105AC0005B536372697074496E69745D20507269CA
:105AD0006D617279204E54433D25752C20536563CA
:105AE0006F6E64617279204E54433D25750000004D
:105AF0005B536372697074496E69745D20544543E9
:105B0000206D61736B3D3078253032582C2048650C
:105B100061746572206D61736B3D30782530325849
:105B2000000000005B536372697074496E69745DB4
:105B30002054454320766F6C746167653D25752060
:105B40006D562C2048656174657220647574793DCA
:105B5000257525252C204175746F2D7265636F7630
:105B600065723D25750000005B536372697074496E
:105B70006E69745D205345545F54454D505F5052DB
:105B80004F46494C452072656365697665643A20E5
:105B90002575206279746573000000005B536372A1
:105BA000697074496E69745D204661696C65642032
:105BB000746F205345545F54454D505F50524F46CB
:105BC000494C45005B536372697074496E69745D3A
:105BD00020526573706F6E7365205345545F544552
:105BE0004D505F50524F46494C45206E6F74204FC8
:105BF0004B2C207265747279210000005B53637234
:105C0000697074496E69745D202D3E53544152543D
:105C10005F54454D505F50524F46494C450000007F
:105C20005B536372697074496E69745D20535441AB
:105C300052545F54454D505F50524F46494C452099
:105C400072656365697665643A20257520627974AA
:105C5000657300005B536372697074496E69745DAB
:105C6000204661696C656420746F2053544152541E
:105C70005F54454D505F50524F46494C450000001F
:105C80005B536372697074496E69745D202D3E5375
:105C900045545F4F564552524944455F5445435F12
:105CA00050524F46494C453A20696E746572766190
:105CB0006C3D2575207365632C20696E6465783DA5
:105CC00025752C20766F6C746167653D2575206D98
:105CD000560000005B536372697074496E69745DAD
:105CE000205345545F4F564552524944455F5445F1
:105CF000435F50524F46494C452072656365697653
:105D000065643A202575206279746573000000008F
:105D10005B536372697074496E69745D2046616992
:105D20006C656420746F205345545F4F5645525242
:105D30004944455F5445435F50524F46494C4500E6
:105D40005B536372697074496E69745D2052657348
:105D5000706F6E7365205345545F4F5645525249DC
:105D600044455F5445435F50524F46494C455F435D
:105D70004D44206E6F74204F4B2C207265747279E5
:105D8000210000005B536372697074496E69745D31
:105D9000202D3E53544152545F4F56455252494470
:105DA000455F5445435F50524F46494C4500000003
:105DB0005B536372697074496E69745D205354411A
:105DC00052545F4F564552524944455F5445435FD4
:105DD00050524F46494C452072656365697665644B
:105DE0003A20257520627974657300005B536372F5
:105DF000697074496E69745D204661696C656420E0
:105E0000746F2053544152545F4F56455252494487
:105E1000455F5445435F50524F46494C4500000092
:105E20005B536372697074496E69745D202D3E53D3
:105E300045545F5044415F50524F46494C453A20CB
:105E4000526174653D257520487A2C205072654C4E
:105E5000617365723D25752075732C20496E536101
:105E60006D706C653D25752075732C20506F7374B3
:105E70004C617365723D2575207573005B536372C9
:105E8000697074496E69745D205345545F50444194
:105E90005F50524F46494C4520726563656976658F
:105EA000643A202575206279746573005B536372D0
:105EB000697074496E69745D204661696C6564201F
:105EC000746F205345545F5044415F50524F4649D0
:105ED0004C4500005B536372697074496E69745D70
:105EE00020526573706F6E7365205345545F504444
:105EF000415F50524F46494C455F434D44206E6FC1
:105F000074204F4B2C2072657472792100000000C0
:105F1000556E6B6E6F776E004C6F770048616C66E4
:105F20000000000046756C6C000000005B5363725B
:105F3000697074496E69745D202D3E5345545F430A
:105F4000414D4552415F50524F46494C453A2052CF
:105F500065733D25732C20436F6D70726573733DBF
:105F600025752C204578706F737572653D25752CED
:105F7000204761696E3D2575000000005B53637228
:105F8000697074496E69745D20556E6B6E6F776EC3
:105F900020616374696F6E3A203078253032580082
:105FA0005B536372697074444C535D20457865633C
:105FB0007574696E6720737465702025753A206169
:105FC0006374696F6E5F6964203D203078253032DC
:105FD000580000005B536372697074444C535D2039
:105FE0002D3E5345545F444C535F494E54455256E1
:105FF000414C3A2052656163686564207374657032
:10600000207769746820696E74657276616C2025EA
:1060100075207365636F6E647320287573696E678E
:106020002074696D6520706F696E747320696E737A
:1060300074656164290000005B5363726970744485
:106040004C535D204E6F772C204F42432073686184
:106050006C6C207365742045585020576F726B69C3
:106060006E672052544300005B536372697074443E
:106070004C535D205345545F574F524B494E475F39
:106080005254432072656365697665643A202575CC
:1060900020627974657300005B53637269707444A5
:1060A0004C535D204661696C656420746F205345D4
:1060B000545F574F524B494E475F525443000000C4
:1060C0005B536372697074444C535D202D3E53459D
:1060D000545F4C415345525F494E54454E534954C9
:1060E000593A20536574206C6173657220696E742F
:1060F000656E736974792025750000005B536372C7
:10610000697074444C535D205345545F4C41534572
:10611000525F494E54454E53495459207265636548
:10612000697665643A20257520627974657300008C
:106130005B536372697074444C535D204661696CB3
:10614000656420746F205345545F4C415345525F42
:10615000494E54454E534954590000005B536372F5
:10616000697074444C535D20526573706F6E736533
:10617000205345545F4C415345525F494E54454E60
:1061800053495459206E6F74204F4B2C2072657404
:10619000727921005B536372697074444C535D20C3
:1061A0002D3E5345545F504F534954494F4E3A206A
:1061B00053657420706F736974696F6E3A2025752A
:1061C000000000005B536372697074444C535D209F
:1061D0005345545F504F534954494F4E20726563A5
:1061E00065697665643A2025752062797465730067
:1061F0005B536372697074444C535D204661696CF3
:10620000656420746F205345545F504F534954497F
:106210004F4E00005B536372697074444C535D20B1
:10622000526573706F6E7365205345545F504F53C2
:106230004954494F4E206E6F74204F4B2C2072658D
:1062400074727921000000005B53637269707444BA
:106250004C535D202D3E53544152545F53414D5099
:106260004C494E475F4359434C453A205374617241
:10627000742073616D706C65206379636C650000D8
:106280005B536372697074444C535D2053544152A4
:10629000545F53414D504C494E475F4359434C4521
:1062A0002072656365697665643A20257520627998
:1062B000746573005B536372697074444C535D2062
:1062C0004661696C656420746F2053544152545F79
:1062D00053414D504C494E475F4359434C45000094
:1062E0005B536372697074444C535D2054696D65EF
:1062F0006F75743A204D494E4255535920697320A9
:106300006E6F74204C4F5720696E2035306D7320AE
:106310006F72204849474820746F206C6F6E672069
:10632000256C75206D7300005B5363726970744453
:106330004C535D204D494E42555359204C4F5720E8
:1063400035306D732C206E65787420737465702EF3
:10635000000000005B536372697074444C535D200D
:106360002D3E4745545F53414D504C453A204765BB
:10637000742073616D706C65000000005B53637284
:10638000697074444C535D204745545F494E464FF5
:106390005F53414D504C4520726563656976656475
:1063A0003A20257520627974657300005B5363722F
:1063B000697074444C535D204661696C6564207457
:1063C0006F204745545F494E464F5F53414D504CF7
:1063D000450000005B536372697074444C535D2048
:1063E00057726F6E6720746F74616C206368756E8E
:1063F0006B3A20257520283E2032353629000000D2
:106400005B536372697074444C535D20476F742012
:10641000746F74616C206368756E6B3A202575200B
:10642000283E203235362900646C730025735F697D
:10643000253032645F3230253032642530326425B5
:106440003032645F25303264253032642530326466
:10645000000000005B536372697074444C535D200C
:106460002D3E4745545F53414D504C453A20536CA7
:106470006F743D25752C204368756E6B733D2575D3
:106480002C20426173653D25730000005B536372ED
:10649000697074444C535D202D3E4745545F534111
:1064A0004D504C453A2044617461206163717569B7
:1064B000736974696F6E206368756E6B3A20257519
:1064C00020636F6D706C65746564207375636365BC
:1064D000737366756C6C79005B5363726970744496
:1064E0004C535D202D3E4745545F53414D504C4524
:1064F0003A204461746120616371756973697469DC
:106500006F6E206661696C65643A20257300000037
:106510005B536372697074444C535D202D3E474554
:10652000545F53414D504C453A2046696E6973683B
:1065300020636F6C6C656374204368756E6B00003C
:106540005B536372697074444C535D202D3E474524
:10655000545F53414D504C453A204E6F772C207775
:1065600065207368616C6C20636F6C6C656374206C
:1065700043757272656E742073616D706C65206412
:106580006174610063757272656E74005B5363724F
:10659000697074444C535D202D3E4745545F534110
:1065A0004D504C453A20426173653D257300000013
:1065B0005B536372697074444C535D202D3E4745B4
:1065C000545F53414D504C453A2044617461206101
:1065D00063717569736974696F6E204355525245D2
:1065E0004E5420636F6D706C6574656420737563C1
:1065F0006365737366756C6C790000005B5363723E
:10660000697074444C535D202D3E4745545F53419F
:106610004D504C453A204461746120616371756945
:10662000736974696F6E2043555252454E5420660B
:1066300061696C65643A2025730000005B536372E6
:10664000697074444C535D202D3E4745545F53415F
:106650004D504C453A205B765D20446F6E6520744A
:106660006869732073746F70000000005B5363727D
:10667000697074444C535D20556E6B6E6F776E205D
:10668000616374696F6E3A203078253032580000AB
:106690005B53637269707443414D5D204578656357
:1066A0007574696E6720737465702025753A206172
:1066B0006374696F6E5F6964203D203078253032E5
:1066C000580000005B53637269707443414D5D2054
:1066D00053656E74205254433A20253032643A2573
:1066E0003032643A253032642C20253032642F2534
:1066F0003032642F32302530326420746F20434DA5
:10670000340000005B53637269707443414D5D2037
:106710002D3E5345545F43414D4552415F494E54D0
:10672000455256414C3A2052656163686564207356
:10673000746570207769746820696E74657276611B
:106740006C202575207365636F6E647320287573E4
:10675000696E672074696D6520706F696E7473204F
:10676000696E737465616429000000005B53637295
:1067700069707443414D5D202D3E5345545F45582B
:10678000545F4C415345525F494E54454E53495412
:10679000593A204578742D6C6173657220696E7466
:1067A000656E736974793A20257500005B536372D6
:1067B000697074444C535D205345545F4558545F91
:1067C0004C415345525F494E54454E53495459200C
:1067D00072656365697665643A202575206279740F
:1067E000657300005B536372697074444C535D20A1
:1067F0004661696C656420746F205345545F455849
:10680000545F4C415345525F494E54454E53495491
:10681000590000005B536372697074444C535D20EF
:10682000526573706F6E7365205345545F455854BD
:106830005F4C415345525F494E54454E534954595C
:10684000206E6F74204F4B2C20726574727921007A
:106850005B53637269707443414D5D202D3E545506
:10686000524E5F4F4E5F4558545F4C415345523A2C
:10687000205475726E206F6E206578742D6C617374
:1068800065722025750000005B5363726970744463
:106890004C535D205455524E5F4F4E5F4558545FE8
:1068A0004C415345525F434D4420726563656976A0
:1068B00065643A20257520627974657300000000D4
:1068C0005B536372697074444C535D204661696C1C
:1068D000656420746F205455524E5F4F4E5F45588B
:1068E000545F4C415345525F434D44005B536372C8
:1068F000697074444C535D20526573706F6E73659C
:10690000205455524E5F4F4E5F4558545F4C415393
:1069100045525F434D44206E6F74204F4B2C2072C4
:1069200065747279210000005B536372697074436F
:10693000414D5D202D3E5345545F43414D455241ED
:106940005F504F534954494F4E3A2053657420438A
:1069500049532D4944202575000000005B536372A4
:1069600069707443414D5D204D617374657220738D
:1069700065742063616D65726120706F73697469FD
:106980006F6E206661696C65640000005B53637222
:1069900069707443414D5D202D3E54414B455F4924
:1069A0004D473A2054616B6520696D6167652077BA
:1069B0006974682074696D656F7574005B536372E8
:1069C00069707443414D5D204D617374657220742C
:1069D000616B6520696D616765206661696C6564DE
:1069E000000000005B53637269707443414D5D2089
:1069F0002D3E44454C41593A2044656C61792066EE
:106A00006F722063616D657261202575206D730062
:106A10005B53637269707443414D5D202D3E444564
:106A20004C41593A2044656C6179207374617274E9
:106A3000210000005B53637269707443414D5D2017
:106A40002D3E44454C41593A2044656C617920659E
:106A50006E6421005B53637269707443414D5D2025
:106A60002D3E5455524E5F4F46465F4558545F4C3D
:106A7000415345523A205475726E20616C6C20650A
:106A800078742D6C61736572206F6666000000007B
:106A90005B536372697074444C535D205455524E7D
:106AA0005F4F46465F4558545F4C415345525F43E4
:106AB0004D442072656365697665643A20257520CA
:106AC00062797465730000005B536372697074448B
:106AD0004C535D204661696C656420746F20545589
:106AE000524E5F4F46465F4558545F4C41534552A6
:106AF0005F434D44000000005B5363726970744350
:106B0000414D5D20556E6B6E6F776E2061637469C9
:106B10006F6E3A2030782530325800005B53637234
:106B20006970744D616E616765725D203D3D3D2009
:106B3000535441545553205245504F5254203D3DDB
:106B40003D0000005B5363726970744D616E616754
:106B500065725D2043757272656E74205254433ABB
:106B6000203230253032642D253032642D253032EC
:106B70006420253032643A253032643A253032645C
:106B8000000000005B5363726970744D616E616751
:106B900065725D204D616E616765722072756E6E03
:106BA000696E673A202573005B5363726970744D98
:106BB000616E616765725D20496E697420636F6DF7
:106BC000706C657465643A20257300005B536372D2
:106BD0006970744D616E616765725D204C6F6720EE
:106BE0004665746368696E673A202573000000008B
:106BF0005B5363726970744D616E616765725D208D
:106C000053797374656D2073746172742064616963
:106C10006C792074696D653A202575207365636F02
:106C20006E6473005B5363726970744D616E61676B
:106C300065725D203D3D3D205344204C4F434B2F1A
:106C400052454C4541534520535441545553203DE2
:106C50003D3D000020202D20436F6E6669677572F0
:106C600065643A205945530020202D2052656C65FB
:106C70006173652074696D653A20253032753A2557
:106C80003032753A25303275202825752073290059
:106C900020202D204C6F636B2D696E2074696D650B
:106CA0003A20253032753A253032753A2530327522
:106CB000202825752073290020202D2052656C6521
:106CC0006173656420746F6461793A2025730000F4
:106CD00020202D204C6F636B65642D696E20746FCE
:106CE0006461793A2025730020202D20436F6E6661
:106CF0006967757265643A204E4F00004F4B000083
:106D00004641494C0000000020202D20654D4D4398
:106D1000207374617475733A2025730020202D2030
:106D20004D6173746572436F6D6D4F4B3A202573DF
:106D3000000000005B5363726970744D616E61679F
:106D400065725D202573205363726970743A000088
:106D500020202D204C6F6164656420696E205241B3
:106D60004D3A20257300000020202D2045786973BE
:106D7000747320696E204652414D3A2025730000FD
:106D800020202D2053746174653A20257300000083
:106D900020202D2043757272656E742073746570A7
:106DA0003A2025640000000020202D2052657472D6
:106DB0007920636F756E743A2025642F2564000076
:106DC00020202D2052756E206C696D69743A202543
:106DD00075202872656D61696E696E673A20257548
:106DE0002900000020202D204C696D6974207265F7
:106DF00061636865643A20257300000020202D201F
:106E000052756E206C696D69743A20494E46494E40
:106E10004954450020202D20546F74616C20636F0D
:106E20006D706C657465643A2025750020202D20F6
:106E300054696D6520706F696E747320636F6E6640
:106E40006967757265643A202573000020202D2043
:106E500043757272656E7420706F696E743A202586
:106E60007500000020202D204E6578742072756E0C
:106E70003A2025752028696E202575207365636F7B
:106E80006E647329000000005B5363726970744D77
:106E9000616E616765725D205374617469737469B2
:106EA00063733A0020202D20444C532072756E737A
:106EB0003A2025750000000020202D2043414D2060
:106EC00072756E733A2025750000000020202D2079
:106ED000546F74616C206572726F72733A202575FD
:106EE000000000005B5363726970744D616E6167EE
:106EF00065725D203D3D3D20444C532054494D4535
:106F000020504F494E5453203D3D3D005B5363722A
:106F10006970744D616E616765725D203D3D3D2015
:106F200043414D2054494D4520504F494E54532024
:106F30003D3D3D005B5363726970744D616E6167E6
:106F400065725D203D3D3D20454E442053544154E3
:106F50005553203D3D3D000049444C450000000094
:106F600052554E4E494E470057414954494E4700ED
:106F7000434F4D504C455445440000004552524F3C
:106F8000520000004641494C45445F4D41585F5214
:106F90004554524945530000586F0708606F070871
:106FA000686F0708706F07087C6F0708846F070811
:106FB0005B53696D706C65446174615472616E738A
:106FC0006665725D20496E697469616C697A656491
:106FD000207375636365737366756C6C790000006C
:106FE0005B53696D706C65446174615472616E735A
:106FF0006665725D205374617274696E67202573D3
:10700000207472616E73666572202D206368756EE0
:107010006B202575000000005B53696D706C654442
:107020006174615472616E736665725D204F76653E
:1070300072616C6C20726573756C7420746869730E
:1070400020737465703A20436F6D706C657465646D
:10705000000000002D2D2D2D2D2D2D2D2D2D2D2D14
:107060002D2D2D2D2D2D2D2D2D2D2D2D2D2D2D2D50
:107070002D2D2D2D2D2D2D2D2D2D2D2D2D2D2D2D40
:107080002D2D2D2D2D2D2D2D2D2D2D2D00000000E4
:107090005B53696D706C65446174615472616E73A9
:1070A0006665725D205472616E73666572206661FA
:1070B000696C65643A202573000000005B53696DBC
:1070C000706C65446174615472616E736665725D63
:1070D000205374657020303A2054727920746F20E8
:1070E00073656E64696E6720636F6D6D616E642099
:1070F0002D206368756E6B2025752E2E2E000000E6
:107100005B53696D706C65446174615472616E7338
:107110006665725D204661696C656420746F2053FA
:10712000656E64206765742D6368756E6B2066728A
:107130006F6D20736C617665202575005B53696DFA
:10714000706C65446174615472616E736665725DE2
:10715000204661696C656420746F2053656E6420FD
:107160006765742D63757272656E742066726F6DDB
:1071700020736C61766500005B53696D706C6544CB
:107180006174615472616E736665725D20466169F7
:107190006C656420746F2053656E64206765742D80
:1071A0006C6F672066726F6D20736C61766500008E
:1071B0005B53696D706C65446174615472616E7388
:1071C0006665725D205374657020313A205761699D
:1071D00074696E6720666F72204461746120726505
:1071E0006164792E2E2E00005B53696D706C6544CE
:1071F0006174615472616E736665725D20444154BE
:107200004152454144592074696D656F75740000A1
:107210005B53696D706C65446174615472616E7327
:107220006665725D20535049204D6173746572200C
:10723000446576696365206E6F7420696E69746950
:10724000616C697A656400005B53696D706C6544BC
:107250006174615472616E736665725D205350494A
:107260002072656164206661696C656400000000DD
:107270005B53696D706C65446174615472616E73C7
:107280006665725D205374657020322E353A205346
:1072900069676E616C696E672052454144444F4E88
:1072A0004520616E642077616974696E6720666F3E
:1072B0007220444154415245414459206C6F772E0D
:1072C0002E2E00005B53696D706C654461746154CF
:1072D00072616E736665725D2054696D656F757459
:1072E0002077616974696E6720666F72204441542B
:1072F00041524541445920746F20676F206C6F776D
:107300002061667465722052454144444F4E4500E9
:107310005B53696D706C65446174615472616E7326
:107320006665725D204661696C656420746F2067D4
:107330006574204352432066726F6D20736C6176D2
:10734000650000005B53696D706C65446174615445
:1073500072616E736665725D20496E76616C6964F8
:107360002043524320726573706F6E7365206C65A5
:107370006E677468000000005B53696D706C654453
:107380006174615472616E736665725D204352432D
:10739000206D69736D61746368202D204578706578
:1073A000637465643A203078253038582C20436166
:1073B0006C63756C617465643A2030782530385898
:1073C000000000005B53696D706C6544617461542A
:1073D00072616E736665725D205265747279696E52
:1073E000672043524320636865636B202825752F0F
:1073F0002575292E2E2E00005B53696D706C654437
:107400006174615472616E736665725D204D61785E
:1074100020435243207265747269657320657863F6
:1074200065656465640000005B53696D706C65445C
:107430006174615472616E736665725D204352437C
:107440002076657269666965643A2030782530383F
:10745000580000005B53696D706C65446174615441
:1074600072616E736665725D2046696C65737973CF
:1074700074656D2074727920746F207772697465F9
:107480002066696C652E2E2E000000005B53696D2E
:10749000706C65446174615472616E736665725D8F
:1074A0002046696C6573797374656D2062757379B4
:1074B0002C207265747279696E672E2E2E00000082
:1074C00046696C6573797374656D206275737900B4
:1074D0005772697465206572726F72005B53696DD3
:1074E000706C65446174615472616E736665725D3F
:1074F0002046696C652073617665206661696C65FC
:10750000643A2025730000005B53696D706C65441C
:107510006174615472616E736665725D2042797048
:107520006173732046696C6573797374656D207738
:10753000726974652066696C65202121212E2E2ECA
:10754000000000005B53696D706C654461746154A8
:1075500072616E736665725D205374657020353A92
:107560002053656E64696E67206461746120746F76
:10757000206D61737465722E2E2E00005B53696D51
:10758000706C65446174615472616E736665725D9E
:107590002053504920736C61766520736574757053
:1075A000206661696C6564005B53696D706C65444D
:1075B0006174615472616E736665725D204D6173B2
:1075C0007465722074726967676572206661696CA0
:1075D000656400005B53696D706C6544617461544F
:1075E00072616E736665725D205374657020373A00
:1075F0002057616974696E6720666F72206D6173D0
:107600007465722061636B6E6F776C6564676D651E
:107610006E742E2E2E0000005B53696D706C6544F5
:107620006174615472616E736665725D204D617341
:107630007465722061636B6E6F776C6564676D65EE
:107640006E742074696D656F757400005B53696DAD
:10765000706C65446174615472616E736665725DCD
:10766000205472616E7366657220636F6D706C6515
:10767000746564207375636365737366756C6C7988
:10768000000000005B53696D706C65446174615467
:1076900072616E736665725D204D617374657220F0
:1076A0004E41434B2072656365697665642C207298
:1076B00065747279696E67202825752F25752900F4
:1076C0005B53696D706C65446174615472616E7373
:1076D0006665725D204D6178206D617374657220FE
:1076E0007265747269657320657863656564656445
:1076F000000000005B536372697074444C535D205A
:107700004D617374657220636F6D6D756E69636131
:1077100074696F6E206572726F722C20427970618D
:1077200073732121212121212121212121210000E7
:107730005B53696D706C65446174615472616E7302
:107740006665725D20536176696E67206C6F672095
:10775000746F2025732E2E2E000000005B53696D80
:10776000706C65446174615472616E736665725DBC
:10777000205374657020363A2054726967676572C9
:10778000696E67206D61737465722E2E2E00000085
:107790005B53696D706C65446174615472616E73A2
:1077A0006665725D205472616E7366657220636FE8
:1077B0006D706C657465642073756363657373665F
:1077C000756C6C7920666F72202573005B53637251
:1077D000697074444C535D204D617374657220630D
:1077E0006F6D6D756E69636174696F6E206572721D
:1077F0006F722C20427970617373212100000000A8
:10780000000000002E6461740000000025732573E1
:10781000000000002E636461740000002E6C6F672E
:107820000000000053554343455353004441544125
:1078300052454144595F54494D454F55540000004D
:107840004D494E425553595F54494D454F5554008B
:107850005350495F524541445F4641494C454400BD
:107860004352435F4D49534D41544348000000008B
:1078700046494C455F534156455F4641494C454456
:10788000000000004D41535445525F545249474750
:1078900045525F4641494C45440000004D41535418
:1078A00045525F41434B5F54494D454F555400008D
:1078B000494E56414C49445F504152414D5300009E
:1078C000554E4B4E4F574E5F4552524F520000009F
:1078D0004348554E4B00000043555252454E54000C
:1078E0004C4F4700554E4B4E4F574E003D3D3D20AF
:1078F00053494D504C452044415441205452414E2F
:1079000053464552205354415449535449435320FC
:107910003D3D3D005375636365737366756C20541C
:1079200072616E73666572733A20257500000000FF
:107930004661696C6564205472616E73666572732A
:107940003A20257500000000435243204572726FB3
:1079500072733A20257500005B53696D706C654445
:107960006174615472616E736665725D2052656305
:107970006569766564206D61737465722041434B5F
:10798000000000005B53696D706C65446174615464
:1079900072616E736665725D2052656365697665B6
:1079A00064206D6173746572204E41434B202D201D
:1079B000435243206572726F720000005B53696D21
:1079C000706C65446174615472616E736665725D5A
:1079D00020556E6B6E6F776E206D617374657220CB
:1079E000726573706F6E73653A2030782530325847
:1079F000000000005B494E464F5D20200000000063
:107A00005B44454255475D20000000005B4E4F54EB
:107A10004943455D000000005B5741524E5D202008
:107A2000000000005B4552524F525D2000000000F4
:107A30005B464154414C5D20000000005B554E4BBD
:107A40005D202020000000005B204552205D2000CA
:107A50005B204F4B205D20002573000025732D3ED9
:107A60005B5553422D53544D33325D2000000000CE
:107A7000222573220D0A00003230253032642D2574
:107A80003032642D2530326420253032643A25307E
:107A900032643A2530326420000000002573200053
:107AA0004F4243005B25735D2000000022257300D8
:107AB0005B494E464F5D2020000000005B4445427C
:107AC00055475D20000000005B4E4F544943455D23
:107AD000000000005B5741524E5D20200000000076
:107AE0005B4552524F525D20000000005B464154FE
:107AF000414C5D20000000005B554E4B5D20202076
:107B0000000000003230253032642D253032642DE3
:107B10002530326420253032643A253032643A25EB
:107B20003032642000000000257320004F424300E3
:107B30005B25735D20000000222573005B25303239
:107B4000753A253032753A253032755D20000000D7
:107B50000D0A00005B5061727365725D20457272A0
:107B60006F723A2046696C6520746F6F20736D6187
:107B70006C6C20666F7220686561646572202B20D2
:107B8000435243005B5061727365725D20457272AF
:107B90006F723A20496E76616C6964206865616431
:107BA0006572206D616769633A20307825303858F6
:107BB000000000005B5061727365725D2045727257
:107BC0006F723A20546F6F206D616E792073746507
:107BD00070733A2025750A005B5061727365725D9F
:107BE0002048656164657220435243206D69736D5E
:107BF000617463683A2065787065637465642030E9
:107C000078253034582C20676F7420307825303434
:107C1000580000005B5061727365725D20546F7490
:107C2000616C20435243206D69736D617463683ADF
:107C30002065787065637465642030782530345829
:107C40002C20676F742030782530345800000000F5
:107C50005B5061727365725D205761726E696E6709
:107C60003A206F666673657420737472756374204E
:107C7000213D2031302C20776520776F756C642092
:107C80006368616E676520746F206F6666736574E4
:107C9000203130005B5061727365725D20457272F5
:107CA0006F723A2053746570202575206865616491
:107CB0006572206F7574206F6620626F756E6473D5
:107CC000000000005B5061727365725D2045727246
:107CD0006F723A205374657020257520696E766145
:107CE0006C6964206D616769633A203078253038AB
:107CF000580000005B5061727365725D20457272BE
:107D00006F723A205374657020257520706172611E
:107D10006D6574657220746F6F206C6F6E673A20AA
:107D2000257500005B5061727365725D204572724B
:107D30006F723A20537465702025752070617261EE
:107D40006D657465722064617461206F7574206F55
:107D50006620626F756E6473000000005B50617294
:107D60007365725D20537465702025753A206163D8
:107D700074696F6E5F69643D25752C207061726156
:107D80006D5F6C656E3D257500000000494E4954DD
:107D900000000000444C530043414D00554E4B4EF3
:107DA0004F574E005B53637269707453746F726106
:107DB00067655D204572726F723A204661696C6535
:107DC0006420746F20676574204652414D206861BD
:107DD0006E646C65000000005B53637269707453DD
:107DE000746F726167655D20496E697469616C6961
:107DF0007A6564207375636365737366756C6C79FB
:107E0000000000005B53637269707453746F726199
:107E100067655D204652414D20736372697074201E
:107E200073746F726167653A0000000020202D2096
:107E30004261736520616464726573733A203078BF
:107E4000253036580000000020202D20494E49548E
:107E500020736C6F743A20307825303658202D20EE
:107E6000307825303658202825642062797465736F
:107E70002900000020202D20444C5320736C6F7487
:107E80003A2020307825303658202D203078253083
:107E90003658202825642062797465732900000013
:107EA00020202D2043414D20736C6F743A202030E8
:107EB0007825303658202D20307825303658202827
:107EC0002564206279746573290000005B53637236
:107ED00069707453746F726167655D204572726F6B
:107EE000723A2053746F72616765206E6F742069F7
:107EF0006E697469616C697A656400005B536372D2
:107F000069707453746F726167655D204572726F3A
:107F1000723A20496E76616C696420706172616D9D
:107F200065746572730000005B536372697074530B
:107F3000746F726167655D204572726F723A204995
:107F40006E76616C69642073637269707420736902
:107F50007A6520257520286D75737420626520254B
:107F6000642D256420627974657329005B53637204
:107F700069707453746F726167655D2053617669CF
:107F80006E672025732073637269707420746F208C
:107F90004652414D202873697A653A202575206242
:107FA00079746573290000005B53637269707453C0
:107FB000746F726167655D202573207363726970E9
:107FC000742064657461696C733A000020202D2070
:107FD0004652414D20616464726573733A20307873
:107FE000253036580000000020202D204D616769A3
:107FF0006320636F64653A20307825303458000080
:1080000020202D20446174612073697A653A20250F
:10801000752062797465730020202D20435243310E
:10802000363A203078253034580000005B536372B4
:1080300069707453746F726167655D204572726F09
:10804000723A204661696C656420746F20777269AA
:1080500074652068656164657220746F20465241C2
:108060004D20287374617475733A202564290000CB
:108070005B53637269707453746F726167655D20DE
:108080004572726F723A204661696C656420746F44
:10809000207772697465206461746120746F204672
:1080A00052414D20287374617475733A20256429F8
:1080B000000000005B53637269707453746F7261E7
:1080C00067655D204572726F723A204661696C6522
:1080D0006420746F20777269746520435243207462
:1080E0006F204652414D20287374617475733A2095
:1080F000256429005B53637269707453746F7261F5
:1081000067655D20257320736372697074207361E5
:10811000766564207375636365737366756C6C79DB
:1081200020746F204652414D000000005B53637283
:1081300069707453746F726167655D204C6F616420
:10814000696E67202573207363726970742066728C
:108150006F6D204652414D202861646472657373CF
:108160003A20307825303658290000005B5363727E
:1081700069707453746F726167655D204572726FC8
:10818000723A204661696C656420746F2072656183
:1081900064206865616465722066726F6D20465266
:1081A000414D20287374617475733A202564290049
:1081B0005B53637269707453746F726167655D209D
:1081C0002573207363726970743A20496E76616C0E
:1081D0006964206D6167696320636F64652030782E
:1081E00025303458202865787065637465642030C4
:1081F00078253034582900005B53637269707453DA
:10820000746F726167655D20257320736372697096
:10821000743A20496E76616C6964206461746120EF
:1082200073697A6520257520286D757374206265E1
:108230002025642D256429005B5363726970745393
:10824000746F726167655D20257320736372697056
:10825000743A20446174612073697A652025752021
:108260006578636565647320627566666572207300
:10827000697A6520257500005B53637269707453D9
:10828000746F726167655D20257320736372697016
:1082900074206865616465722076616C69643A0077
:1082A0005B53637269707453746F726167655D20AC
:1082B0004572726F723A204661696C656420746F12
:1082C00020726561642073637269707420646174E4
:1082D000612066726F6D204652414D202873746193
:1082E0007475733A20256429000000005B536372A3
:1082F00069707453746F726167655D204572726F47
:10830000723A204661696C656420746F2072656101
:1083100064204352432066726F6D204652414D20C7
:10832000287374617475733A202564290000000075
:108330005B53637269707453746F726167655D201B
:108340002573207363726970743A20435243206D21
:1083500069736D61746368212053746F7265643A48
:10836000203078253034582C2043616C63756C6163
:108370007465643A20307825303458005B5363725A
:1083800069707453746F726167655D202573207323
:108390006372697074206C6F6164656420737563C7
:1083A0006365737366756C6C793A000020202D202C
:1083B00043524331363A20307825303458202876DD
:1083C0006572696669656429000000005B53637229
:1083D00069707453746F726167655D204572617373
:1083E000696E6720257320736372697074206672EA
:1083F0006F6D204652414D005B5363726970745338
:10840000746F726167655D204572726F723A2046C3
:1084100061696C656420746F206572617365207397
:108420006372697074206865616465722028737472
:10843000617475733A202564290000005B536372F0
:1084400069707453746F726167655D202573207362
:1084500063726970742065726173656420737563FB
:108460006365737366756C6C790000005B536372AF
:1084700069707453746F726167655D204175746FC4
:108480002D6C6F61642064697361626C6564206F38
:1084900072206E6F7420696E697469616C697A65A7
:1084A000640000005B53637269707453746F72618F
:1084B00067655D205374617274696E6720617574BD
:1084C0006F2D6C6F61642073657175656E63652EC9
:1084D0002E2E00005B53637269707453746F726167
:1084E00067655D2057616974696E67202575207323
:1084F00065636F6E647320666F722075736572209A
:10850000696E7075742E2E2E000000005B5363722E
:1085100069707453746F726167655D20557365721D
:108520002061637469766974792064657465637425
:1085300065642C2063616E63656C696E672061758C
:10854000746F2D6C6F6164005B5363726970745358
:10855000746F726167655D204175746F2D6C6F611A
:10856000642064656C617920636F6D706C657465FF
:10857000642C206C6F6164696E672073637269702C
:1085800074732066726F6D204652414D2E2E2E0060
:108590005B53637269707453746F726167655D20B9
:1085A0004175746F2D6C6F61646564202573207351
:1085B0006372697074207375636365737366756C39
:1085C0006C7900005B53637269707453746F7261ED
:1085D00067655D204661696C656420746F206C6F0F
:1085E00061642025732073637269707420696E74EE
:1085F0006F206D616E616765720000005B5363728E
:1086000069707453746F726167655D204661696C4F
:10861000656420746F206C6F616420257320736320
:10862000726970742066726F6D204652414D202829
:10863000726573756C743A20256429005B5363720C
:1086400069707453746F726167655D204E6F207638
:10865000616C69642025732073637269707420668D
:108660006F756E6420696E204652414D0000000017
:108670005B53637269707453746F726167655D20D8
:10868000416C6C2073637269707473206C6F6164E9
:108690006564207375636365737366756C6C7920AC
:1086A00066726F6D204652414D2C20737461727456
:1086B000696E6720657865637574696F6E2E2E2EFE
:1086C000000000005B53637269707453746F7261D1
:1086D00067655D205061727469616C2073637269B3
:1086E000707473206C6F61646564202825752F2574
:1086F00075292C2077616974696E6720666F722016
:1087000072656D61696E696E6720736372697074FA
:10871000732E2E2E000000005B5363726970745339
:10872000746F726167655D204E6F2073637269704C
:108730007473206C6F616465642066726F6D20468F
:1087400052414D2C2072657175657374696E672096
:10875000616C6C20736372697074732066726F6DE4
:10876000206D61737465722E2E2E00005B53637250
:1087700069707453746F726167655D203D3D3D2083
:1087800053544F5241474520535441545553203D73
:108790003D3D0000594553004E4F00005B5363724E
:1087A00069707453746F726167655D20496E697496
:1087B00069616C697A65643A202573005B53637262
:1087C00069707453746F726167655D204175746F71
:1087D0002D6C6F616420656E61626C65643A202562
:1087E000730000005B53637269707453746F72613D
:1087F00067655D204175746F2D6C6F6164206465E1
:108800006C61793A202575207365636F6E6473001F
:108810005B53637269707453746F726167655D2036
:108820004652414D206261736520616464726573D4
:10883000733A203078253036580000005B5363725D
:1088400069707453746F726167655D2053637269F8
:10885000707420736C6F742073697A653A20257583
:1088600020627974657300005B536372697074539E
:10887000746F726167655D204D6178207363726902
:1088800070742073697A653A202575206279746561
:10889000730000005B53637269707453746F72618C
:1088A00067655D2053637269707420617661696CDD
:1088B0006162696C6974793A000000004558495357
:1088C000545300004E4F5420464F554E4400000074
:1088D00020202D2025733A2025732028307825303C
:1088E000365829005B53637269707453746F7261F8
:1088F00067655D203D3D3D20454E44205354415425
:108900005553203D3D3D0000454E41424C454400FD
:1089100044495341424C4544000000005B5363729C
:1089200069707453746F726167655D204175746F0F
:108930002D6C6F6164202573000000005B5363722F
:1089400069707453746F726167655D204175746FEF
:108950002D6C6F61642064656C617920736574208F
:10896000746F202575207365636F6E64730000005B
:108970002A3A3C3E7C223F7F000000002B2C3B3DEE
:108980005B5D0000EB769045584641542020200066
:10899000464154333220202000000000EBFE904D71
:1089A00053444F53352E30004E4F204E414D4520FD
:1089B0002020204641543332202020004E4F204EAC
:1089C000414D4520202020464154202020202000D9
:1089D00049444C4500000000546D722053766300FA
:1089E000546D7251000000005B4C6F674D616E6109
:1089F0006765725D204F4243204C6F67206368615A
:108A00006E6E656C20696E697469616C697A656403
:108A10002077697468206475616C2062756666658C
:108A20007220737461746520747261636B696E6720
:108A30002E0000005B4C6F674D616E616765725D73
:108A400020416C6C20627566666572732062757376
:108A500079212044726F7070696E6720256C7520D3
:108A60006279746573206F6620646174612E000002
:108A70005B4C6F674D616E616765725D2044617428
:108A80006120746F6F206C6172676520666F722061
:108A900062756666657221204D61726B696E672032
:108AA00062756666657220726561647920616E64C4
:108AB0002064726F7070696E6720646174612E004B
:108AC0004C454654000000005249474854000000FD
:108AD0005B4C6F674D616E616765725D20427566C4
:108AE0006665722025732072656163686564207411
:108AF00068726573686F6C642C206D61726B65645D
:108B000020726561647920666F72207472616E7381
:108B10006665722E000000004C000000520000004C
:108B20006F62635F6C6F675F25735F323025303231
:108B30006425303264253032645F2530326425305C
:108B400032642530326400005B4C6F674D616E61AA
:108B50006765725D20496E6974696174696E67202A
:108B60007472616E7366657220666F722025732061
:108B700028256C75206279746573292E2E2E0000CD
:108B80005B4C6F674D616E616765725D2054726109
:108B90006E7366657220666F72202573207375632D
:108BA0006365656465642E005B4C6F674D616E6143
:108BB0006765725D205472616E7366657220666FC0
:108BC00072202573206661696C65642E205265737E
:108BD000756C743A202573002D2D2D204C6F672065
:108BE0004D616E6167657220446562756720496EEC
:108BF000666F20284F424329202D2D2D00000000B4
:108C0000416374697665204275666665723A20250F
:108C1000730000004C454654204275666665723A02
:108C200000000000202043757272656E7420496E4A
:108C30006465783A20256C7520627974657300004C
:108C4000545255450000000046414C534500000079
:108C500020205472616E736665722052656164797A
:108C60003A202573000000002020497320547261CF
:108C70006E7366657272696E673A20257300000034
:108C80005249474854204275666665723A000000B2
:108C90002D2D2D2D2D2D2D2D2D2D2D2D2D2D2D2D04
:108CA0002D2D2D2D2D2D2D2D2D2D2D2D2D2D2D2DF4
:108CB0002D2D2D2D000000002D2D2D2044756D70C3
:108CC000696E67204F4243202573204275666665B2
:108CD000722028446174613A20256C752F256C75CB
:108CE00020627974657329202D2D2D002530346C78
:108CF000583A20002530325820000000257300002B
:108D00002D2D2D2D2D2D2D2D2D2D2D2D2D2D2D2D93
:108D10002D2D2D2D2D2D2D2D2D2D2D2D2D2D2D2D83
:108D20002D2D2D2D2D2D2D2D2D2D2D2D2D2D2D2D73
:108D30000000000054696D653A20446179202531B6
:108D4000642C202531643A2531643A2531640000D1
:108D500054656D70657261747572653A204E544346
:108D60005B2531645D3A20253264000054656D70E6
:108D7000657261747572653A205365742074656D0F
:108D800070657261747572652070726F66696C656A
:108D90003A205461726765745F74656D703A20257E
:108DA00032642C204D696E5F74656D703A202532F7
:108DB000642C204D61785F74656D703A20253264B3
:108DC0002C204E54435F7072696D6172793A202590
:108DD00031642C204E54435F7365636F6E6461721F
:108DE000793A202531642C200920202020202020C1
:108DF00020094175746F5F7265636F7665723A2002
:108E00002531642C205445435F6D61736B3A2025F6
:108E100031642C204865617465725F6D61736B3AD3
:108E2000202531642C205445435F766F6C3A202511
:108E300032642C204865617465725F647574793A98
:108E4000202531640000000054656D706572617406
:108E50007572653A204D414E55414C206D6F6465E9
:108E60000000000054656D70657261747572653A3A
:108E7000204155544F206D6F6465000054656D703E
:108E8000657261747572653A20434F4F4C494E4785
:108E90000000000054656D70657261747572653A0A
:108EA0002048454154494E470000000054656D700C
:108EB000657261747572653A204552524F522C208A
:108EC0005072696D617279204E5443203D202531E6
:108ED00064205365636F6E64617279204E54432041
:108EE0003D2025316400000054656D706572617429
:108EF0007572653A2053657420544543206F76653A
:108F000072726964652070726F66696C653A204997
:108F10006E74657276616C3A202532642C2054455B
:108F2000435B2531645D3A20253264206D56000094
:108F300054656D70657261747572653A205445436D
:108F4000206F76657272696465204F4E00000000E4
:108F500054656D70657261747572653A205445434D
:108F6000206F76657272696465204F464600000086
:108F70005445433A204D414E55414C206D6F646538
:108F80003A205445435B2531645D204F4E0000007C
:108F90005445433A204D414E55414C206D6F646518
:108FA0003A205445435B2531645D204F464600001E
:108FB0005445433A204155544F206D6F64653A2023
:108FC000544543204F4E2077697468202532646DE4
:108FD000560000005445433A204155544F206D6FD0
:108FE00064653A20544543204F4646004865617405
:108FF00065723A204D414E55414C206D6F64653A83
:10900000204865617465725B2531645D204F4E00B8
:109010004865617465723A204D414E55414C206D52
:109020006F64653A204865617465725B2531645DE3
:10903000204F4646000000004865617465723A2082
:109040004155544F206D6F64653A204865617465E1
:1090500072204F4E207769746820647574792025DA
:10906000316400004865617465723A204155544F7F
:10907000206D6F64653A20486561746572204F46C3
:1090800046000000496E7465726E616C206C6173FD
:1090900065723A204D414E55414C206D6F64653AE2
:1090A00020537769746368204F4E3A20496E646597
:1090B000783A202531642C2043757272656E743ABB
:1090C0002025316400000000496E7465726E616C89
:1090D000206C617365723A204D414E55414C206DB4
:1090E0006F64653A20537769746368204F46460081
:1090F000496E7465726E616C206C617365723A20A2
:1091000053414D504C494E47206D6F64653A205392
:109110007769746368204F4E3A20496E6465783AE7
:10912000202531642C2043757272656E743A2025B7
:1091300031640000496E7465726E616C206C6173FD
:1091400065723A2053414D504C494E47206D6F6433
:10915000653A20537769746368204F4646000000E3
:1091600045787465726E616C206C617365723A202B
:109170004D414E55414C206D6F64653A20537769DF
:10918000746368204F4E3A20496E6465783A202512
:1091900031642C2043757272656E743A20253164F7
:1091A0000000000045787465726E616C206C61731C
:1091B00065723A204D414E55414C206D6F64653AC1
:1091C00020537769746368204F464600457874657C
:1091D000726E616C206C617365723A2053414D5020
:1091E0004C494E47206D6F64653A2053776974632C
:1091F00068204F4E3A20496E6465783A20253164E4
:109200002C2043757272656E743A2025316400001B
:1092100045787465726E616C206C617365723A207A
:1092200053414D504C494E47206D6F64653A205371
:109230007769746368204F464600000050686F7479
:109240006F3A2053414D504C494E47206D6F646535
:109250003A20537769746368204F4E3A20496E6410
:1092600065783A202531640050686F746F3A205356
:10927000414D504C494E47206D6F64653A205377FD
:1092800069746368204F46460000000045787065A9
:1092900072696D656E743A205365742070686F74DE
:1092A0006F2070726F66696C653A2053616D706CE7
:1092B000655F726174653A20253464202873616D9E
:1092C000706C652F73292C205072655F6475726114
:1092D00074696F6E3A2025326420286D53292C2042
:1092E0000920202020090953616D706C655F647549
:1092F000726174696F6E3A2025326420286D53299B
:109300002C20506F73745F6475726174696F6E3A6C
:109310002025326420286D532900000045787065AF
:1093200072696D656E743A20536574206C61736563
:109330007220696E74656E736974793A20253164A0
:10934000000000004578706572696D656E743A20A2
:10935000536574206C617365722670686F746F203A
:10936000696E6465783A202531640000457870653F
:1093700072696D656E743A205374617274000000F6
:109380004578706572696D656E743A2053746F70BC
:109390000000000053797374656D3A20526573655F
:1093A00074204F544100000053797374656D3A2066
:1093B0005365742074696D653A204461793A2025BB
:1093C00031642C20486F75723A202531642C204D71
:1093D000696E7574653A202531642C205365636F7E
:1093E0006E643A20253164005472616E736D697445
:1093F0003A2053656E642070686F746F20636875DF
:109400006E6B5B2531645D20646174610000000057
:109410005472616E736D69743A2053656E64206C8A
:10942000617365722063757272656E742064617415
:10943000610000005472616E736D69743A20536567
:109440006E64206C6F672064617461005B4F4243FF
:109450002D53544D33325D204C6F6720426C6F6347
:109460006B2D2D2D2D2D2D2D2D2D2D2D2D2D2D2DEE
:109470002D2D2D2D2D2D2D2D2D0000005B4F424328
:109480002D53544D33325D2054657374204C6F67F7
:10949000000000005B4F42432D53544D33325D209A
:1094A0005374617274205570000000005B4F42439A
:1094B0002D53544D33325D20426F6F74696E6720B7
:1094C0006174202531642F2531642F2532642025D5
:1094D00031643A2531643A25316400005B4F4243E0
:1094E0002D53544D33325D204C6F67546573742097
:1094F0006174202531642F2531642F2531642025A6
:1095000031643A2531643A25316400005B4F4243AF
:109510002D53544D33325D205B496E69745D205389
:1095200074657020253164202D2072657475726E0B
:1095300020636F6465202531640000005B4F424367
:109540002D53544D33325D205B416C6976655D204F
:109550004D6973732048656172742042656174209F
:109560006174202531642F2531642F323025316418
:10957000202531643A2531643A2531640000000029
:109580005B4F42432D53544D33325D205B46696C33
:109590006553797374656D5D2053442052656C6525
:1095A000617365206174202531642F2531642F3269
:1095B00030253164202531643A2531643A253164FF
:1095C000000000005B4F42432D53544D33325D2069
:1095D0005B46696C6553797374656D5D20534420F7
:1095E0004C6F636B696E206174202531642F2531C7
:1095F000642F3230253164202531643A2531643AB4
:10960000253164005B4F42432D53544D33325D206E
:109610005B46696C6553797374656D5D20534420B6
:10962000436C65616E206174202531642F2531649F
:109630002F3230253164202531643A2531643A25B2
:10964000316400005B4F42432D53544D33325D2053
:109650005B53696D706C655472616E73665D204317
:109660004D34206E6F7420726573706F6E73652059
:109670006174202531642F2531642F323025316407
:10968000202531643A2531643A2531640000000018
:109690005B4F42432D53544D33325D205B53696D14
:1096A000706C655472616E73665D2046696C6520EE
:1096B0005772697465204661696C20617420253198
:1096C000642F2531642F3230253164202531643AEE
:1096D0002531643A253164005B4F42432D53544D8C
:1096E00033325D205B5363726970744D616E6167E4
:1096F00065725D2052544320697320736574207431
:109700006F202531642F2531642F323025316420BC
:109710002531643A2531643A253164005B4F424378
:109720002D53544D33325D205B5363726970744D19
:10973000616E616765725D2054696D6520706F6947
:109740006E74206174202531642F2531642F3230EE
:10975000253164202531643A2531643A2531642C61
:1097600020496E6465783A20253164005B4F42439E
:109770002D53544D33325D205B5363726970744DC9
:10978000616E616765725D204578656375746520FB
:10979000526F7574696E6520494E49543A202531DF
:1097A000642C20537465703A2025326420402025B3
:1097B00031642F2531642F253264202531643A2508
:1097C00031643A25316400005B4F42432D53544DC0
:1097D00033325D205B5363726970744D616E6167F3
:1097E00065725D204578656375746520526F757488
:1097F000696E6520444C533A202531642C20537403
:1098000065703A202532642040202531642F2531AF
:10981000642F253264202531643A2531643A25319C
:10982000640000005B4F42432D53544D33325D20A2
:109830005B5363726970744D616E616765725D2020
:109840004578656375746520526F7574696E65201F
:1098500043414D3A202531642C20537465703A20E1
:109860002532642040202531642F2531642F253294
:1098700064202531643A2531643A253164000000C2
:109880005B4F42432D53544D33325D205B53637223
:109890006970744D616E616765725D2045786563BE
:1098A00075746520526F7574696E652052657475A4
:1098B000726E20436F64653A202531640000000019
:1098C0005B4F42432D53544D33325D205B4D494E27
:1098D0002D4558505D2043616C6C6261636B206F55
:1098E000662049443A202531642C207265747572D3
:1098F0006E2073697A653A20253164005B4F4243DC
:109900002D53544D33325D205B4D4F444653502D03
:10991000434D345D2043616C6C6261636B206F6604
:109920002049443A202531642C2072657475726E8A
:109930002073697A653A2025326400005B4F424308
:109940002D53544D33325D2052657365742063612D
:109950007573653A20253464000000005B4F424374
:109960002D53544D33325D205B434D345D20434DC8
:1099700034204D69737320636F756E743A202532FD
:10998000640000005B4F42432D53544D33325D2041
:109990005B434D345D20434D34204E6F742072651F
:1099A00073706F6E7365202D2054726967676572DE
:1099B000205265736574206174202531642F253130
:1099C000642F253264202531643A2531643A2531EB
:1099D000640000005061796C6F616420504C454117
:1099E00053455F52455345545F41434B20282575ED
:1099F000206279746573293A000000002025303216
:109A0000580000005061796C6F61642054455354D4
:109A10005F434F4E4E454354494F4E5F41434B20A9
:109A2000282575206279746573293A005061796C34
:109A30006F6164205345545F574F524B494E475F07
:109A40005254435F41434B20282575206279746549
:109A500073293A005061796C6F6164205345545FFB
:109A60004E54435F434F4E54524F4C5F41434B2043
:109A7000282575206279746573293A005061796CE4
:109A80006F6164205345545F54454D505F50524FB1
:109A900046494C455F41434B202825752062797427
:109AA0006573293A000000005061796C6F61642091
:109AB00053544152545F54454D505F50524F4649A4
:109AC0004C455F41434B20282575206279746573AE
:109AD000293A0000257300005061796C6F616420A1
:109AE00053544F505F54454D505F50524F46494C70
:109AF000455F41434B2028257520627974657329A1
:109B00003A0000005061796C6F6164205345545FE6
:109B10004F564552524944455F5445435F50524F5A
:109B200046494C455F41434B202825752062797496
:109B30006573293A000000005061796C6F61642000
:109B400053544152545F4F564552524944455F5415
:109B500045435F50524F46494C455F41434B202897
:109B60002575206279746573293A00005061796C1B
:109B70006F61642053544F505F4F564552524944D1
:109B8000455F5445435F50524F46494C455F414302
:109B90004B20282575206279746573293A000000EE
:109BA0005061796C6F6164205345545F53414D504F
:109BB0004C494E475F50524F46494C455F41434BDD
:109BC00020282575206279746573293A0000000009
:109BD0005061796C6F6164205345545F4C4153452B
:109BE000525F494E54454E534954595F41434B20AF
:109BF000282575206279746573293A005061796C63
:109C00006F6164205345545F504F534954494F4E40
:109C10005F41434B20282575206279746573293A8A
:109C2000000000005061796C6F6164205354415210
:109C3000545F53414D504C494E475F4359434C4547
:109C40005F41434B20282575206279746573293A5A
:109C5000000000005061796C6F6164204745545FDB
:109C6000494E464F5F53414D504C455F41434B2059
:109C7000282575206279746573293A005061796CE2
:109C80006F6164204745545F4348554E4B5F4143E5
:109C90004B20282575206279746573293A000000ED
:109CA0005061796C6F6164204745545F4348554E5D
:109CB0004B5F4352435F41434B2028257520627917
:109CC000746573293A0000005061796C6F616420FB
:109CD0004745545F4C415345525F43555252454EA0
:109CE000545F444154415F41434B20282575206215
:109CF00079746573293A00005061796C6F61642052
:109D00004745545F4C415345525F43555252454E6F
:109D1000545F4352435F41434B20282575206279AD
:109D2000746573293A0000005061796C6F6164209A
:109D30004D414E55414C5F5345545F4C4153455244
:109D40005F494E54454E534954595F41434B202877
:109D50002575206279746573293A00005061796C29
:109D60006F6164204D414E55414C5F5455524E5FDA
:109D70004F4E5F4C415345525F41434B2028257560
:109D8000206279746573293A000000005061796C93
:109D90006F6164204D414E55414C5F5455524E5FAA
:109DA0004F46465F4C415345525F41434B20282567
:109DB00075206279746573293A0000005061796CEE
:109DC0006F6164204D414E55414C5F4D414E5541B0
:109DD0004C5F4745545F4C415345525F4355525287
:109DE000454E545F41434B202825752062797465A8
:109DF00073293A005061796C6F6164205345545F58
:109E00004C415345525F494E545F41434B202825F6
:109E100075206279746573293A0000005061796C8D
:109E20006F6164204745545F4C415345525F435531
:109E30005252454E545F41434B202825752062798C
:109E4000746573293A0000005061796C6F61642079
:109E50005345545F4C415345525F4558545F41430D
:109E60004B20282575206279746573293A0000001B
:109E70005061796C6F6164204745545F4C4F475F78
:109E800041434B20282575206279746573293A0077
:109E90005061796C6F616420435553544F4D5F435B
:109EA0004F4D4D414E445F41434B20282575206264
:109EB00079746573293A000049443A203078253096
:109EC000325820282564290043616C6C2048616E5B
:109ED000646C65720000000054696D656F757420D4
:109EE0002D205265736574207374617465206D61F3
:109EF0006368696E650000005B4D4F444653505DDA
:109F00003A2000000D0A00004750494F00000000B1
:109F10004D444D4100000000444D4100424D44413C
:109F20000000000055534152543100005553415236
:109F300054320000493243320000000053444D4D7A
:109F4000433100005350493400000000535049355C
:109F500000000000535049360000000054494D31C4
:109F60000000000055415254370000000D0A2D2D0D
:109F70002D2D2D3E20426F6F74696E672053544D16
:109F800033324837202D20436F72746578204D3767
:109F9000206F6E204F4243202E2E2E0D0A0000000F
:109FA0005B204F4B205D2053797374656D436C6F5C
:109FB000636B3A203234304D487A2C20496E6974F4
:109FC00069616C697A696E6720506572697068654D
:109FD00072616C732E2E2E0D0A0000005B204F4B19
:109FE000205D20535953434C4B204F4B212C20488C
:109FF000414C204F4B210D0A000000005B204F4BCD
:10A00000205D204750494F20496E697469616C6931
:10A010007A65642E0D0A00005B204F4B205D2044C2
:10A0200045425547303A205B2B5D207C2044454219
:10A030005547313A205B2B5D0D0A00005B204F4BEA
:10A04000205D204D444D4120496E697469616C6901
:10A050007A65642E0D0A00005B204552205D204D7C
:10A06000444D4120496E6974204572726F72212EF1
:10A070000D0A00005B204F4B205D20444D412049DC
:10A080006E697469616C697A65642E0D0A0000005E
:10A090005B204F4B205D2042444D4120496E697446
:10A0A00069616C697A65642E0D0A00005B204F4B74
:10A0B000205D2055534152543120496E69746961C5
:10A0C0006C697A65642C2042617564205261746504
:10A0D0003A203131353230302E0D0A005B204F4BA3
:10A0E000205D2055534152543220496E6974696194
:10A0F0006C697A65642C20426175642052617465D4
:10A100003A203131353230302E0D0A005B204F4B72
:10A11000205D2053444D4D4331202D3E204D61693B
:10A120006E53746F7261676520496E697469616C02
:10A13000697A65642E0D0A005B204552205D20532C
:10A14000444D4D4331202D3E204D61696E53746F57
:10A150007261676520496E6974204572726F722161
:10A160002E0D0A005B204552205D205379737465E3
:10A170006D2048617264776172652050726570610C
:10A1800072696E67204661696C212E2E2E0D0A5B66
:10A19000204552205D20536F6D657468696E67209D
:10A1A00077726F6E6720696E2048617264776172A2
:10A1B000652053746172742D75700D0A00000000E3
:10A1C0005B204F4B205D2053797374656D2048618F
:10A1D00072647761726520507265706172696E6732
:10A1E00020446F6E652E2E2E0D0A00001028405858
:10A1F0007088A0B8F0020708F8020708FC020708F8
:10A20000000000000000000049830408F002070875
:10A2100020030708280307080000000000000000D2
:10A22000AD7F0408F002070850030708540307082D
:10A230000000000000000000414004086803070817
:10A240007003070878030708010000000000000001
:10A250008140040868030708AC030708B403070833
:10A260000100000000000000B9420408680307086C
:10A27000E8030708F40307080100000000000000DD
:10A2800039460408000000002004070838040708C5
:10A290000000000000000000054D04080000000060
:10A2A0003C04070848040708010000000000000003
:10A2B00039470408000000007404070880040708F8
:10A2C000010000000000000019480408A404070869
:10A2D000B0040708B40407080000000000000000F4
:10A2E000D9480408A4040708D0040708DC040708B8
:10A2F000000000000000000061660408A4040708D4
:10A300000405070810050708000000000000000011
:10A3100001490408A40407082405070830050708B4
:10A32000000000000000000031490408A4040708F0
:10A330004805070854050708010000000000000058
:10A3400061490408A404070884050708880507086C
:10A350000100000000000000E9490408A404070807
:10A36000B0050708B4050708010000000000000060
:10A37000A54A0408A4040708D8050708E405070847
:10A380000000000000000000E94A04081006070869
:10A39000180607082006070800000000000000005B
:10A3A000894B0408100607084806070850060708E6
:10A3B0000000000000000000D14B04081006070850
:10A3C000780607088006070800000000000000006B
:10A3D0000D4C0408A8060708AC060708B8060708CD
:10A3E0000000000000000000494C0408A80607080F
:10A3F000EC060708F806070801000000000000004E
:10A40000E94D0408A80607081C07070828070708DD
:10A4100001000000000000002D4D04085C07070843
:10A42000640707087007070800000000000000002C
:10A43000714E04085C07070894070708A00707087F
:10A440000000000000000000B54E04085C0707088B
:10A45000C4070708CC070708000000000000000040
:10A46000115104085C070708D4070708E00707082C
:10A4700001000000000000007D5104085C0707088F
:10A480001008070818080708010000000000000075
:10A490006152040800000000340807083C0807085F
:10A4A0000000000000000000F152040850080708F6
:10A4B00058080708640807080100000000000000B1
:10A4C0004536040800000000900807089C080708AB
:10A4D00000000000000000004139040800000000F6
:10A4E000BC080708C80807080100000000000000B9
:10A4F000853B040800000000FC0807080C09070859
:10A500000100000000000000313D040800000000D0
:10A51000380907084409070800000000000000008F
:10A52000513E040800000000600907087009070890
:10A530000000000000000000A13C04080000000032
:10A5400098090708A409070801000000000000009E
:10A55000193F040800000000D40907083804070860
:10A560000000000000000000ED530408000000009F
:10A57000E809070838040708000000000000000090
:10A580000153040800000000FC0907080C0A070832
:10A5900001000000000000006D53040800000000EE
:10A5A0003C0A0708480A07080000000000000000F5
:10A5B0009554040800000000640A0708740A07089C
:10A5C0000100000000000000F15404080000000039
:10A5D000940A0708A80A070801000000000000000C
:10A5E000BD56040800000000100B0708240B0708E4
:10A5F00000000000000000009D5904080000000059
:10A60000400B0708540B0708000000000000000082
:10A61000CD59040800000000700B07088C0B0708D8
:10A620000100000000000000FD59040800000000C7
:10A63000BC0B0708D80B0708000000000000000052
:10A64000E95A040800000000FC0B0708180C070872
:10A650000000000000000000195B0408000000007A
:10A660003C0C0708540C0708010000000000000023
:10A67000495B040800000000840C0708980C0708D8
:10A680000100000000000000655C040800000000FC
:10A69000B80C0708C80C0708010000000000000003
:10A6A000ED5C040800000000E00C0708F80C070847
:10A6B0000000000000000000755D040800000000BC
:10A6C000180D0708280D0708000000000000000012
:10A6D000A55D040800000000440D0708500D0708A0
:10A6E0000100000000000000D55D0408000000002B
:10A6F000680D0708780D0708010000000000000041
:10A700005D5E040800000000940D0708AC0D07080A
:10A710000100000000000000E55E040800000000E9
:10A72000D00D0708E40D070801000000000000003C
:10A73000715F040800000000040E0708180E0708E7
:10A74000000000000000000051600408000000004C
:10A75000340E0708440E0708010000000000000046
:10A760008560040800000000640E0708740E0708E6
:10A7700001000000000000003D610408000000002E
:10A78000940E0708380407080000000000000000CD
:10A79000F561040800000000A00E0708AC0E0708D1
:10A7A00001000000000000009562040800000000A5
:10A7B000C80E070838040708000000000000000069
:10A7C0001163040800000000D80E070838040708C9
:10A7D00000000000000000003963040800000000D1
:10A7E000E80E070838040708000000000000000019
:10A7F0005D63040800000000F40E07083804070831
:10A8000000000000000000008D630408000000004C
:10A81000FC0E0708380407080000000000000000D4
:10A820002D640408000000000C0F0708180F07082B
:10A830000100000000000000796404085C070708BC
:10A84000440F07084C0F070801000000000000003B
:10A85000BD6604085C0707088C0F0708940F0708FB
:10A860000000000000000000A56804085C0707085D
:10A87000AC0F0708BC0F0708000000000000000034
:10A88000016A040800000000D40F0708E40F07085D
:10A89000000000000000000039690408000000000A
:10A8A000FC0F070808100708000000000000000067
:10A8B000696904080000000020100708301007082C
:10A8C000000000000000000099690408000000007A
:10A8D000481007085810070800000000000000009A
:10A8E000CD690408081C3044586C809410284058E6
:10A8F0007088A0B81F1C1F1E1F1E1F1F1E1F1E1F9B
:10A9000001030507090E10121416181C1E00000082
:10A91000809A45418E418F804545454949498E8FF2
:10A920009092924F994F555559999A9B9C9D9E9FF5
:10A9300041494F55A5A5A6A7A8A9AAABACADAEAFF6
:10A94000B0B1B2B3B4B5B6B7B8B9BABBBCBDBEBF8F
:10A95000C0C1C2C3C4C5C6C7C8C9CACBCCCDCECF7F
:10A96000D0D1D2D3D4D5D6D7D8D9DADBDCDDDEDF6F
:10A97000E0E1E2E3E4E5E6E7E8E9EAEBECEDEEEF5F
:10A98000F0F1F2F3F4F5F6F7F8F9FAFBFCFDFEFF4F
:10A9900007000000000000000000000000000000B0
:10A9A0000100020004000800100020000000000068
:10A9B000010004001000400000010002000000003F
:10A9C0004DA4050871A4050891A40508BDA40508B7
:10A9D000E9A40508C700FC00E900E200E400E0008B
:10A9E000E500E700EA00EB00E800EF00EE00EC0015
:10A9F000C400C500C900E600C600F400F600F2007D
:10AA0000FB00F900FF00D600DC00A200A300A500B7
:10AA1000A7209201E100ED00F300FA00F100D1005F
:10AA2000AA00BA00BF001023AC00BD00BC00A1000A
:10AA3000AB00BB0091259225932502252425612595
:10AA40006225562555256325512557255D255C250D
:10AA50005B251025142534252C251C2500253C2597
:10AA60005E255F255A2554256925662560255025D4
:10AA70006C256725682564256525592558255225A7
:10AA800053256B256A2518250C25882584258C25BA
:10AA900090258025B103DF009303C003A303C30304
:10AAA000B500C403A6039803A903B4031E22C6037A
:10AAB000B50329226122B1006522642220232123CB
:10AAC000F7004822B0001922B7001A227F20B200F6
:10AAD000A025A00061001A03E0001703F800070397
:10AAE000FF00010078010001300132010601390147
:10AAF00010014A012E017901060180014D00430237
:10AB0000810182018201840184018601870187011C
:10AB100089018A018B018B018D018E018F019001CA
:10AB20009101910193019401F60196019701980119
:10AB300098013D029B019C019D0120029F01A00103
:10AB4000A001A201A201A401A401A601A701A701DD
:10AB5000A901AA01AB01AC01AC01AE01AF01AF018B
:10AB6000B101B201B301B301B501B501B701B8013B
:10AB7000B801BA01BB01BC01BC01BE01F701C001B3
:10AB8000C101C201C301C401C501C401C701C8019B
:10AB9000C701CA01CB01CA01CD011001DD010100CD
:10ABA0008E01DE011201F3010300F101F401F40151
:10ABB000F8012801220212013A020900652C3B0229
:10ABC0003B023D02662C3F02400241024102460226
:10ABD0000A015302400081018601550289018A0160
:10ABE00058028F015A0290015C025D025E025F0210
:10ABF00093016102620294016402650266026702C7
:10AC0000970196016A02622C6C026D026E029C0131
:10AC1000700271029D01730274029F017602770235
:10AC2000780279027A027B027C02642C7E027F0227
:10AC3000A60181028202A90184028502860287029E
:10AC4000AE014402B101B20145028D028E028F02B3
:10AC500090029102B7017B030300FD03FE03FF0393
:10AC6000AC0304008603880389038A03B10311033C
:10AC7000C2030200A303A303C4030803CC0303001D
:10AC80008C038E038F03D8031801F2030A00F90323
:10AC9000F303F403F503F603F703F703F903FA03E9
:10ACA000FA033004200350041007600422018A04D0
:10ACB0003601C1040E01CF040100C004D0044401D8
:10ACC00061052604000000007D1D0100632C001EAC
:10ACD0009601A01E5A01001F0806101F0606201F1D
:10ACE0000806301F0806401F0606511F0700591F9F
:10ACF000521F5B1F541F5D1F561F5F1F601F0806FA
:10AD0000701F0E00BA1FBB1FC81FC91FCA1FCB1F51
:10AD1000DA1FDB1FF81FF91FEA1FEB1FFA1FFB1FCB
:10AD2000801F0806901F0806A01F0806B01F040019
:10AD3000B81FB91FB21FBC1FCC1F0100C31FD01FFB
:10AD40000206E01F0206E51F0100EC1FF31F0100D1
:10AD5000FC1F4E21010032217021100284210100CC
:10AD60008321D0241A05302C2F04602C0201672C7B
:10AD70000601752C0201802C6401002D260841FF7C
:10AD80001A0300000600000000070E091C1B121524
:10AD9000383F363124232A2D70777E796C6B6265BB
:10ADA000484F464154535A5DE0E7EEE9FCFBF2F5AB
:10ADB000D8DFD6D1C4C3CACD90979E998C8B82859B
:10ADC000A8AFA6A1B4B3BABDC7C0C9CEDBDCD5D28B
:10ADD000FFF8F1F6E3E4EDEAB7B0B9BEABACA5A27B
:10ADE0008F88818693949D9A2720292E3B3C35326B
:10ADF0001F18111603040D0A5750595E4B4C45425B
:10AE00006F68616673747D7A898E878095929B9C4A
:10AE1000B1B6BFB8ADAAA3A4F9FEF7F0E5E2EBEC3A
:10AE2000C1C6CFC8DDDAD3D4696E676075727B7C2A
:10AE300051565F584D4A4344191E171005020B0C1A
:10AE400021262F283D3A33344E49404752555C5B0A
:10AE50007671787F6A6D64633E39303722252C2BFA
:10AE60000601080F1A1D1413AEA9A0A7B2B5BCBBEA
:10AE70009691989F8A8D8483DED9D0D7C2C5CCCBDA
:10AE8000E6E1E8EFFAFDF4F3000000000000000046
:10AE9000348D070804000000508D070803000000EF
:10AEA0006C8D07080E000000488E070800000000A7
:10AEB000648E0708000000007C8E07080000000078
:10AEC000948E070800000000AC8E07080200000006
:10AED000E88E070805000000308F0708000000001A
:10AEE000508F070800000000708F07080100000065
:10AEF000908F070801000000B08F070802000000D3
:10AF0000D48F070800000000EC8F07080100000044
:10AF100010900708010000003890070801000000A9
:10AF200064900708000000008490070802000000F9
:10AF3000C890070800000000F09007080200000019
:10AF4000349107080000000060910708020000002B
:10AF5000A491070800000000CC910708020000003F
:10AF600010920708000000003C9207080100000052
:10AF700068920708000000008C9207080A00000091
:10AF80001C9307080100000044930708010000001B
:10AF90006C93070800000000809307080000000081
:10AFA0009493070800000000A8930708040000001D
:10AFB000E893070801000000109407080000000053
:10AFC00034940708000000004C94070800000000BB
:10AFD0007C9407080000000094940708000000001B
:10AFE000AC94070807000000DC9407080600000086
:10AFF0000C950708020000003C95070806000000B9
:10B000008095070806000000C495070806000000A8
:10B010000496070806000000449607080600000092
:10B020009096070806000000D89607080600000062
:10B030001C970708070000006C9707080A0000002B
:10B04000C89707080A000000249807080A000000B3
:10B050008098070801000000C0980708020000005F
:10B06000FC980708030000003C9907080400000052
:10B070005C99070802000000849907080700000097
:10B0800001000000B5FF050803000000D500060818
:10B0900005000000F5010608090000001503060878
:10B0A0000B000000350406080D00000055050608D9
:10B0B0000F00000079060608110000009D07060831
:10B0C00013000000C108060815000000E509060885
:10B0D00017000000090B0608190000002D0C0608D7
:10B0E0001B000000510D06081D000000750E06082B
:10B0F0001F000000990F060821000000BD1006087F
:10B1000023000000E11106082500000005130608D1
:10B110002700000029140608290000004D15060824
:10B120002B000000711606082D0000009517060878
:10B1300033000000B91806082F000000DD190608CA
:10B1400033000000011B060831000000251C060822
:10B1500035000000491D0608370000006D1E060876
:10B1600000000000010203040102030406070809AD
:10B17000102840587088A0B8081C3044586C80943F
:10B18000102840587088A0B8000000000102030495
:10B190000102030406070809010000000200000084
:10B1A0000400000006000000080000000A00000083
:10B1B0000C00000010000000200000004000000013
:10B1C00080000000000100005245454E54206D6192
:10B1D0006C6C6F6320737563636565646564002FD1
:10B1E0006275696C642F676E752D746F6F6C732D4B
:10B1F000666F722D73746D33325F31332E332E725E
:10B20000656C312E32303234303932362D313731AF
:10B21000352F7372632F6E65776C69622F6E657759
:10B220006C69622F6C6962632F7374646C69622F3E
:10B2300072616E642E63002C2066756E6374696F94
:10B240006E3A2000617373657274696F6E202225F7
:10B250007322206661696C65643A2066696C6520BA
:10B26000222573222C206C696E65202564257325A8
:10B27000730A00232D302B2000686C4C0065666734
:10B28000454647003031323334353637383941425C
:10B29000434445460030313233343536373839612E
:10B2A000626364656600002020202020202020208A
:10B2B0002828282828202020202020202020202066
:10B2C0002020202020202088101010101010101096
:10B2D00010101010101010040404040404040404DA
:10B2E0000410101010101010414141414141010162
:10B2F000010101010101010101010101010101013E
:10B30000010110101010101042424242424202024B
:10B31000020202020202020202020202020202020D
:10B3200002021010101020000000000000000000B9
:10B33000000000000000000000000000000000000D
:10B3400000000000000000000000000000000000FD
:10B3500000000000000000000000000000000000ED
:10B3600000000000000000000000000000000000DD
:10B3700000000000000000000000000000000000CD
:10B3800000000000000000000000000000000000BD
:10B3900000000000000000000000000000000000AD
:08B3A0000000000000000000A5
:08B3A800384FFC7F010000009A
:04B3B000C5020408C6
:04B3B400A1020408E6
:10B3B80050FC06080000000054FC060800000000CD
:10B3C8005CFC06080000000001000000010000000D
:10B3D8000010014000000000000000000000000014
:10B3E8000000000000000000000000000000000055
:10B3F8000000000000000000000000000000000045
:10B408000000000000000000000000000000000034
:10B418000000000000000000000000000000000024
:10B428000000000000000000000000000000000014
:10B4380000000000000000000000024000000000C2
:10B44800D030002400080000000000000044004044
:10B4580000000000000000000000000000000000E4
:10B4680000000000000000000000000000000000D4
:10B4780000000000000000000000000000000000C4
:10B4880000000000000000000000000000000000B4
:10B4980000000000000000000000000000000000A4
:10B4A8000000000000000000000000000000000094
:10B4B800000000000000024001000000D048002405
:10B4C80000100000000000000078004000000000AC
:10B4D8000000000000000000000000000000000064
:10B4E8000000000000000000000000000000000054
:10B4F8000000000000000000000000000000000044
:10B508000000000000000000000000000000000033
:10B518000000000000000000000000000000000023
:10B528000000000000000000000000000000000013
:10B538000004024001000000D0780024000C000044
:10B5480000000000FFFFFFFFC42D0708C82D0708F3
:10B55800CC2D0708D02D0708D42D0708D82D0708AB
:10B56800DC2D070800000020000000205001011910
:10B57800010100000101000000000100AAAAAAAA16
:10B58800010000000090D0030090D00300000000EC
:10B59800089F0708000001002D4906080000000068
:10B5A80001000000109F0708000001005D48060820
:10B5B8000000000002000000189F070800000100BA
:10B5C8008147060800000000030000001C9F0708D0
:10B5D8000000010005470608000000000400000004
:10B5E800249F070800000100B5430608000000007A
:10B5F800050000002C9F0708000001005D450608B3
:10B608000000000006000000349F07080000010049
:10B61800C53A060800000000070000003C9F070824
:10B6280000000100D93B0608DD34060808000000C8
:10B63800449F0708000001002D3C06080000000098
:10B64800090000004C9F070800000100653D06083E
:10B65800000000000A000000549F070800000100D5
:10B66800053F0608000000000B0000005C9F07086B
:10B678000000010061410608000000000C00000005
:10B68800649F070800000100094206080000000046
:10B69800100000000100000000000000030000008E
:10B6A80068BD0524900700240000000068BD05243B
:10B6B800D0BD052438BE05240000000000000000AD
:10B6C8000000000000000000000000000000000072
:10B6D8000000000000000000000000000000000062
:10B6E8000000000000000000000000000000000052
:04B6F800000000004E
:040000050806583160
:00000001FF
